report_section,standard,source_authority,paragraph,source_ref,primary_section,all_report_sections,obligation_type,applicability,applies_to_banks,metric_type,related_paragraphs,requirement_text,covered_in_draft,evidence_sentence,missing_data,qa_comment
general_requirements,S1,core_standard,4,S1 ¶4 p.5-7,general_requirements,general_requirements,shall,not_financial_specific,False,,,An entity shall apply this Standard in preparing and reporting sustainability-related financial disclosures in accordance with IFRS Sustainability Disclosure Standards.,,,,
general_requirements,S1,core_standard,6,S1 ¶6 p.7-8,general_requirements,general_requirements,shall,not_financial_specific,False,,,A complete set of sustainability-related financial disclosures shall present fairly all sustainability-related risks and opportunities that could reasonably be expected to affect an entity’s prospects.,,,,
general_requirements,S1,core_standard,6,S1 ¶6 p.7-8,general_requirements,general_requirements,shall,not_financial_specific,False,,B1,"To identify sustainability-related risks and opportunities that could reasonably be expected to affect an entity’s prospects, an entity shall apply paragraphs B1–B12.",,,,
general_requirements,S1,core_standard,6,S1 ¶6 p.7-8,general_requirements,general_requirements,shall,not_financial_specific,False,,,"To achieve faithful representation, an entity shall provide a complete, neutral and accurate depiction of those sustainability-related risks and opportunities.",,,,
general_requirements,S1,core_standard,6(a),S1 ¶6(a) p.8-8,general_requirements,general_requirements,shall,not_financial_specific,False,,,"to disclose information that is comparable, verifiable, timely and understandable; and",,,,
general_requirements,S1,core_standard,6(b),S1 ¶6(b) p.8-9,general_requirements,general_requirements,shall,not_financial_specific,False,,,"to disclose additional information if compliance with the specifically applicable requirements in IFRS Sustainability Disclosure Standards is insufficient to enable users of general purpose financial reports to understand the effects of sustainability-related risks and opportunities on the entity’s cash flows, its access to finance and cost of capital over the short, medium and long term.",,,,
general_requirements,S1,core_standard,6(b),S1 ¶6(b) p.8-9,general_requirements,general_requirements,shall,not_financial_specific,False,,,An entity shall disclose material information about the sustainability-related risks and opportunities that could reasonably be expected to affect the entity’s prospects.,,,,
general_requirements,S1,core_standard,6(b),S1 ¶6(b) p.8-9,general_requirements,general_requirements,shall,not_financial_specific,False,,B13,"To identify and disclose material information, an entity shall apply paragraphs B13–B37.",,,,
general_requirements,S1,core_standard,6(b),S1 ¶6(b) p.8-9,general_requirements,general_requirements,shall,not_financial_specific,False,,B38,An entity’s sustainability-related financial disclosures shall be for the same reporting entity as the related financial statements (see paragraph B38).,,,,
general_requirements,S1,core_standard,6(b),S1 ¶6(b) p.8-9,general_requirements,general_requirements,shall,not_financial_specific,False,,,An entity shall provide information in a manner that enables users of general purpose financial reports to understand the following types of connections:,,,,
general_requirements,S1,core_standard,6(a),S1 ¶6(a) p.9-9,general_requirements,general_requirements,shall,not_financial_specific,False,,,the connections between the items to which the information relates —such as connections between various sustainability-related risks and opportunities that could reasonably be expected to affect the entity’s prospects; and,,,,
general_requirements,S1,core_standard,6(b),S1 ¶6(b) p.9-9,general_requirements,general_requirements,shall,not_financial_specific,False,,,the connections between disclosures provided by the entity:,,,,
general_requirements,S1,core_standard,6(b)(i),S1 ¶6(b)(i) p.9-9,general_requirements,general_requirements;governance;strategy;risk_management;metrics_targets,shall,not_financial_specific,False,,,"within its sustainability-related financial disclosures —such as connections between disclosures on governance, strategy, risk management and metrics and targets; and",,,,
general_requirements,S1,core_standard,6(b)(ii),S1 ¶6(b)(ii) p.9-9,general_requirements,general_requirements,shall,not_financial_specific,False,,,An entity shall identify the financial statements to which the sustainability- related financial disclosures relate.,,,,
general_requirements,S1,core_standard,8,S1 ¶8 p.9-10,general_requirements,general_requirements,shall,not_financial_specific,False,,B42,Data and assumptions used in preparing the sustainability-related financial disclosures shall be consistent —to the extent possible considering the requirements of IFRS Accounting Standards or other applicable GAAP — with the corresponding data and assumptions used in preparing the related financial statements (see paragraph B42).,,,,
general_requirements,S1,core_standard,8,S1 ¶8 p.9-10,general_requirements,general_requirements,shall,not_financial_specific,False,,,"When currency is specified as the unit of measure in the sustainability- related financial disclosures, the entity shall use the presentation currency of its related financial statements.",,,,
general_requirements,S1,core_standard,14(vi)(b)(i),S1 ¶14(vi)(b)(i) p.16-17,general_requirements,general_requirements;metrics_targets,shall,not_financial_specific,False,,,"An entity shall label and define metrics and targets using meaningful, clear and precise names and descriptions.",,,,
general_requirements,S1,core_standard,14(vi)(b)(i),S1 ¶14(vi)(b)(i) p.16-17,general_requirements,general_requirements,shall,not_financial_specific,False,,,"In identifying sustainability-related risks and opportunities that could reasonably be expected to affect an entity ’s prospects, an entity shall apply IFRS Sustainability Disclosure Standards.",,,,
general_requirements,S1,core_standard,14(vi)(b)(i),S1 ¶14(vi)(b)(i) p.16-17,general_requirements,general_requirements,shall,not_financial_specific,False,,,In addition to IFRS Sustainability Disclosure Standards: (a) an entity shall refer to and consider the applicability of the disclosure topics in the SASB Standards.,,,,
general_requirements,S1,core_standard,16(b)(iii)(a),S1 ¶16(b)(iii)(a) p.18-19,general_requirements,general_requirements;metrics_targets,shall,not_financial_specific,False,,57,In making the judgement described in paragraph 57: (a) an entity shall refer to and consider the applicability of the metrics associated with the disclosure topics included in the SASB Standards.,,,,
general_requirements,S1,core_standard,16(b)(iii)(a),S1 ¶16(b)(iii)(a) p.18-19,general_requirements,general_requirements,shall,not_financial_specific,False,,,"An entity shall identify: (a) the specific standards, pronouncements, industry practice and other sources of guidance that the entity has applied in preparing its sustainability-related financial disclosures, including, if applicable, identifying the disclosure topics in the SASB Standards; and (b) the industry(s) specified in the IFRS Sustainability Disclosure Standards, the SASB Standards or other sources of guidance relating to a particular industry(s) that the entity has applied in preparing its sustainability-related financial disclosures, including in identifying applicable metrics.",,,,
general_requirements,S1,core_standard,16(b)(iii)(a),S1 ¶16(b)(iii)(a) p.18-19,general_requirements,general_requirements,shall,not_financial_specific,False,,B27,The entity shall ensure that the sustainability-related financial disclosures are clearly identifiable and not obscured by that additional information (see paragraph B27).,,,,
general_requirements,S1,core_standard,16(b)(iii)(a),S1 ¶16(b)(iii)(a) p.18-19,general_requirements,general_requirements,shall,not_financial_specific,False,,B45,"If an entity includes information by cross-reference, the entity shall apply the requirements in paragraphs B45–B47.",,,,
general_requirements,S1,core_standard,18,S1 ¶18 p.19-20,general_requirements,general_requirements,shall,not_financial_specific,False,,,An entity shall report its sustainability-related financial disclosures at the same time as its related financial statements.,,,,
general_requirements,S1,core_standard,18,S1 ¶18 p.19-20,general_requirements,general_requirements,shall,not_financial_specific,False,,,The entity’s sustainability-related financial disclosures shall cover the same reporting period as the related financial statements.,,,,
general_requirements,S1,core_standard,12(a),S1 ¶12(a) p.20-20,general_requirements,general_requirements,shall,not_financial_specific,False,,,"When an entity changes the end of its reporting period and provides sustainability-related financial disclosures for a period longer or shorter than months, it shall disclose: the period covered by the sustainability-related financial disclosures;",,,,
general_requirements,S1,core_standard,12(b),S1 ¶12(b) p.20-20,general_requirements,general_requirements,shall,not_financial_specific,False,,,"When an entity changes the end of its reporting period and provides sustainability-related financial disclosures for a period longer or shorter than months, it shall disclose: the reason for using a longer or shorter period; and",,,,
general_requirements,S1,core_standard,12(c),S1 ¶12(c) p.20-21,general_requirements,general_requirements,shall,not_financial_specific,False,,,"When an entity changes the end of its reporting period and provides sustainability-related financial disclosures for a period longer or shorter than months, it shall disclose: the fact that the amounts disclosed in the sustainability-related financial disclosures are not entirely comparable.",,,,
general_requirements,S1,core_standard,12(c),S1 ¶12(c) p.20-21,general_requirements,general_requirements,shall,not_financial_specific,False,,,"If, after the end of the reporting period but before the date on which the sustainability-related financial disclosures are authorised for issue, an entity receives information about conditions that existed at the end of the reporting period, it shall update disclosures that relate to those conditions in the light of the new information.",,,,
general_requirements,S1,core_standard,12(c),S1 ¶12(c) p.20-21,general_requirements,general_requirements,shall,not_financial_specific,False,,,"An entity shall disclose information about transactions, other events and conditions that occur after the end of the reporting period, but before the date on which the sustainability-related financial disclosures are authorised for issue, if non-disclosure of that information could reasonably be expected to influence decisions that primary users of general purpose financial reports make on the basis of those reports.",,,,
general_requirements,S1,core_standard,12(c),S1 ¶12(c) p.20-21,general_requirements,general_requirements,shall,not_financial_specific,False,,B48,"If an entity is required or elects to publish interim sustainability-related financial disclosures in accordance with IFRS Sustainability Disclosure Standards, the entity shall apply paragraph B48.",,,,
general_requirements,S1,core_standard,12(c),S1 ¶12(c) p.20-21,general_requirements,general_requirements,shall,not_financial_specific,False,,,"Unless another IFRS Sustainability Disclosure Standard permits or requires otherwise, an entity shall disclose comparative information in respect of the preceding period for all amounts disclosed in the reporting period.",,,,
general_requirements,S1,core_standard,12(c),S1 ¶12(c) p.20-21,general_requirements,general_requirements,shall,not_financial_specific,False,,B49,"If such information would be useful for an understanding of the sustainability-related financial disclosures for the reporting period, the entity shall also disclose comparative information for narrative and descriptive sustainability-related financial information (see paragraphs B49–B59).",,,,
general_requirements,S1,core_standard,12(c),S1 ¶12(c) p.20-21,general_requirements,general_requirements,shall,not_financial_specific,False,,,An entity whose sustainability-related financial disclosures comply with all the requirements of IFRS Sustainability Disclosure Standards shall make an explicit and unreserved statement of compliance.,,,,
general_requirements,S1,core_standard,12(c),S1 ¶12(c) p.20-21,general_requirements,general_requirements,shall,not_financial_specific,False,,,An entity shall not describe sustainability-related financial disclosures as complying with IFRS Sustainability Disclosure Standards unless they comply with all the requirements of IFRS Sustainability Disclosure Standards.,,,,
general_requirements,S1,core_standard,12(c),S1 ¶12(c) p.20-21,general_requirements,general_requirements,shall,not_financial_specific,False,,77,"An entity shall disclose information to enable users of general purpose financial reports to understand the judgements, apart from those involving estimations of amounts (see paragraph 77), that the entity has made in the process of preparing its sustainability-related financial disclosures and that have the most significant effect on the information included in those disclosures.",,,,
general_requirements,S1,core_standard,20(a),S1 ¶20(a) p.22-22,general_requirements,general_requirements,shall,not_financial_specific,False,,,An entity shall: identify the amounts that it has disclosed that are subject to a high level of measurement uncertainty; and,,,,
general_requirements,S1,core_standard,20(b),S1 ¶20(b) p.22-22,general_requirements,general_requirements,shall,not_financial_specific,False,,78,"An entity shall: in relation to each amount identified in paragraph 78(a), disclose information about:",,,,
general_requirements,S1,core_standard,20(b)(i),S1 ¶20(b)(i) p.22-22,general_requirements,general_requirements,shall,not_financial_specific,False,,,"the sources of measurement uncertainty —for example, the dependence of the amount on the outcome of a future event, on a measurement technique or on the availability and quality of data from the entity’s value chain; and",,,,
general_requirements,S1,core_standard,20(d),S1 ¶20(d) p.22-22,general_requirements,general_requirements;strategy;risk_management,shall,not_financial_specific,False,,,An entity shall disclose information to enable users of general purpose financial reports to understand the most significant uncertainties affecting the amounts reported in its sustainability-related financial disclosures.,,,,
general_requirements,S1,core_standard,20(b)(ii)(a),S1 ¶20(b)(ii)(a) p.23-23,general_requirements,general_requirements,shall,not_financial_specific,False,,,An entity shall correct material prior period errors by restating the comparative amounts for the prior period(s) disclosed unless it is impracticable to do so.,,,,
general_requirements,S1,core_standard,20(b)(ii)(a),S1 ¶20(b)(ii)(a) p.23-23,general_requirements,general_requirements,shall,not_financial_specific,False,,B55,"If an entity identifies a material error in its prior period sustainability-related financial disclosures, it shall apply paragraphs B55–B59.",,,,
general_requirements,S1,core_standard,24,S1 ¶24 p.25-27,general_requirements,general_requirements,shall,not_financial_specific,False,,B8,An entity shall use all reasonable and supportable information that is available to the entity at the reporting date without undue cost or effort (see paragraphs B8–B10):,,,,
general_requirements,S1,core_standard,24(a),S1 ¶24(a) p.27-27,general_requirements,general_requirements;strategy;risk_management,shall,not_financial_specific,False,,,to identify the sustainability-related risks and opportunities that could reasonably be expected to affect the entity’s prospects; and,,,,
general_requirements,S1,core_standard,24(b),S1 ¶24(b) p.27-27,general_requirements,general_requirements;strategy;risk_management,shall,not_financial_specific,False,,,"to determine the scope of its value chain, including its breadth and composition, in relation to each of those sustainability-related risks and opportunities.",,,,
general_requirements,S1,core_standard,24(b),S1 ¶24(b) p.27-27,general_requirements,general_requirements,shall,not_financial_specific,False,,54,"In identifying the sustainability-related risks and opportunities that could reasonably be expected to affect its prospects, an entity shall apply the requirements on sources of guidance in paragraphs 54–55.",,,,
general_requirements,S1,core_standard,26,S1 ¶26 p.27-28,general_requirements,general_requirements;strategy;risk_management,shall,not_financial_specific,False,,,"On the occurrence of a significant event or significant change in circumstances, an entity shall reassess the scope of all affected sustainability- related risks and opportunities throughout its value chain.",,,,
general_requirements,S1,core_standard,26(c),S1 ¶26(c) p.29-29,general_requirements,general_requirements,shall,not_financial_specific,False,,,"To identify material information about a sustainability-related risk or opportunity, an entity shall apply, as the starting point, the requirements of the IFRS Sustainability Disclosure Standard that specifically applies to that sustainability-related risk or opportunity.",,,,
general_requirements,S1,core_standard,26(c),S1 ¶26(c) p.29-29,general_requirements,general_requirements,shall,not_financial_specific,False,,57;58,"In the absence of an IFRS Sustainability Disclosure Standard that specifically applies to a sustainability- related risk or opportunity, the entity shall apply the requirements on sources of guidance specified in paragraphs 57–58.",,,,
general_requirements,S1,core_standard,28,S1 ¶28 p.29-30,general_requirements,general_requirements,shall,not_financial_specific,False,,B20,"An entity shall assess whether the information identified in applying paragraph B20, either individually or in combination with other information, is material in the context of the entity’s sustainability-related financial disclosures taken as a whole.",,,,
general_requirements,S1,core_standard,28,S1 ¶28 p.29-30,general_requirements,general_requirements,shall,not_financial_specific,False,,,"In assessing whether information is material, an entity shall consider both quantitative and qualitative factors.",,,,
general_requirements,S1,core_standard,28,S1 ¶28 p.29-30,general_requirements,general_requirements,shall,not_financial_specific,False,,,"In judging whether information about such possible future events is material, an entity shall consider:",,,,
general_requirements,S1,core_standard,28(a),S1 ¶28(a) p.30-30,general_requirements,general_requirements,shall,not_financial_specific,False,,,"the potential effects of the events on the amount, timing and uncertainty of the entity’s future cash flows over the short, medium and long term (referred to as ‘the possible outcome’); and",,,,
general_requirements,S1,core_standard,28(b),S1 ¶28(b) p.30-31,general_requirements,general_requirements,shall,not_financial_specific,False,,,the range of possible outcomes and the likelihood of the possible outcomes within that range.,,,,
general_requirements,S1,core_standard,28(b),S1 ¶28(b) p.30-31,general_requirements,general_requirements,shall,not_financial_specific,False,,,"When considering possible outcomes, an entity shall consider all pertinent facts and circumstances.",,,,
general_requirements,S1,core_standard,28(b),S1 ¶28(b) p.30-31,general_requirements,general_requirements,shall,not_financial_specific,False,,,"However, an entity shall also consider whether information about low-probability and high-impact outcomes might be material either individually or in combination with information about other low-probability and high-impact outcomes.",,,,
general_requirements,S1,core_standard,28(b),S1 ¶28(b) p.30-31,general_requirements,general_requirements,shall,not_financial_specific,False,,,An entity need not disclose information otherwise required by an IFRS Sustainability Disclosure Standard if the information is not material.,,,,
general_requirements,S1,core_standard,28(b),S1 ¶28(b) p.30-31,general_requirements,general_requirements,shall,not_financial_specific,False,,,"An entity shall disclose additional information when compliance with the specifically applicable requirements in an IFRS Sustainability Disclosure Standard is insufficient to enable users of general purpose financial reports to understand the effects of sustainability-related risks and opportunities on the entity’s cash flows, its access to finance and cost of capital over the short, medium and long term.",,,,
general_requirements,S1,core_standard,28(b),S1 ¶28(b) p.30-31,general_requirements,general_requirements,shall,not_financial_specific,False,,62,An entity shall identify its sustainability-related financial disclosures clearly and distinguish them from other information provided by the entity (see paragraph 62).,,,,
general_requirements,S1,core_standard,28(b),S1 ¶28(b) p.30-31,general_requirements,general_requirements,shall,not_financial_specific,False,,,An entity shall not obscure material information.,,,,
general_requirements,S1,core_standard,28(f),S1 ¶28(f) p.31-31,general_requirements,general_requirements,shall,not_financial_specific,False,,,An entity shall reassess its materiality judgements at each reporting date to take account of changed circumstances and assumptions.,,,,
general_requirements,S1,core_standard,28(f),S1 ¶28(f) p.31-31,general_requirements,general_requirements,shall,not_financial_specific,False,,,"When an entity applies IFRS Sustainability Disclosure Standards, it shall consider all facts and circumstances and decide how to aggregate and disaggregate information in its sustainability-related financial disclosures.",,,,
general_requirements,S1,core_standard,28(f),S1 ¶28(f) p.31-31,general_requirements,general_requirements,shall,not_financial_specific,False,,,The entity shall not reduce the understandability of its sustainability-related financial disclosures by obscuring material information with immaterial information or by aggregating material items of information that are dissimilar to each other.,,,,
general_requirements,S1,core_standard,30,S1 ¶30 p.31-32,general_requirements,general_requirements,shall,not_financial_specific,False,,,An entity shall not aggregate information if doing so would obscure information that is material.,,,,
general_requirements,S1,core_standard,30,S1 ¶30 p.31-32,general_requirements,general_requirements,shall,not_financial_specific,False,,,Information shall be aggregated if items of information have shared characteristics and shall not be aggregated if they do not have shared characteristics.,,,,
general_requirements,S1,core_standard,30,S1 ¶30 p.31-32,general_requirements,general_requirements,shall,not_financial_specific,False,,,"However, such information shall not obscure material information.",,,,
general_requirements,S1,core_standard,30,S1 ¶30 p.31-32,general_requirements,general_requirements,shall,not_financial_specific,False,,,"An entity shall disclose material sustainability-related financial information, even if law or regulation permits the entity not to disclose such information.",,,,
general_requirements,S1,core_standard,30,S1 ¶30 p.31-32,general_requirements,general_requirements,shall,not_financial_specific,False,,,An entity need not disclose information otherwise required by an IFRS Sustainability Disclosure Standard if law or regulation prohibits the entity from disclosing that information.,,,,
general_requirements,S1,core_standard,30,S1 ¶30 p.31-32,general_requirements,general_requirements,shall,not_financial_specific,False,,,"If an entity omits material information for that reason, it shall identify the type of information not disclosed and explain the source of the restriction.",,,,
general_requirements,S1,core_standard,30(a),S1 ¶30(a) p.32-32,general_requirements,general_requirements,shall,not_financial_specific,False,,B34,information about the sustainability-related opportunity is not already publicly available;,,,,
general_requirements,S1,core_standard,30(b),S1 ¶30(b) p.32-32,general_requirements,general_requirements,shall,not_financial_specific,False,,B34,disclosure of that information could reasonably be expected to prejudice seriously the economic benefits the entity would otherwise be able to realise in pursuing the opportunity; and,,,,
general_requirements,S1,core_standard,30(c),S1 ¶30(c) p.32-33,general_requirements,general_requirements,shall,not_financial_specific,False,,B34,"the entity has determined that it is impossible to disclose that information in a manner—for example, at an aggregated level—that would enable the entity to meet the objectives of the disclosure requirements without prejudicing seriously the economic benefits the entity would otherwise be able to realise in pursuing the opportunity.",,,,
general_requirements,S1,core_standard,30(a),S1 ¶30(a) p.33-33,general_requirements,general_requirements,shall,not_financial_specific,False,,B34,"If an entity elects to use the exemption specified in paragraph B34, the entity shall, for each item of information omitted: disclose the fact that it has used the exemption; and",,,,
general_requirements,S1,core_standard,32(ii)(a),S1 ¶32(ii)(a) p.34-34,general_requirements,general_requirements,shall,not_financial_specific,False,,,"In providing connected information, an entity shall: explain connections between disclosures in a clear and concise manner;",,,,
general_requirements,S1,core_standard,32(ii)(b),S1 ¶32(ii)(b) p.34-34,general_requirements,general_requirements;governance;strategy;risk_management;metrics_targets,shall,not_financial_specific,False,,,"For example, if an entity integrates its oversight of sustainability-related risks and opportunities, the entity shall integrate the disclosures on governance instead of providing separate disclosures on governance for each sustainability-related risk and opportunity.",,,,
general_requirements,S1,core_standard,32(ii)(b),S1 ¶32(ii)(b) p.34-34,general_requirements,general_requirements,shall,not_financial_specific,False,,,"In providing connected information, an entity shall: avoid unnecessary duplication if IFRS Sustainability Disclosure Standards require the disclosure of common items of information; and",,,,
general_requirements,S1,core_standard,32(ii)(c),S1 ¶32(ii)(c) p.34-34,general_requirements,general_requirements;metrics_targets,shall,not_financial_specific,False,,,"In providing connected information, an entity shall: disclose information about significant differences between the data and assumptions used in preparing the entity ’s sustainability-related financial disclosures and the data and assumptions used in preparing the related financial statements.",,,,
general_requirements,S1,core_standard,32(ii)(a),S1 ¶32(ii)(a) p.35-35,general_requirements,general_requirements,shall,not_financial_specific,False,,,"Material information can be included in an entity ’s sustainability-related financial disclosures by cross-reference, provided that: the cross-referenced information is available on the same terms and at the same time as the sustainability-related financial disclosures; and",,,,
general_requirements,S1,core_standard,32(ii)(a),S1 ¶32(ii)(a) p.35-35,general_requirements,general_requirements,shall,not_financial_specific,False,,,Information included by cross-reference becomes part of the complete set of sustainability-related financial disclosures and shall comply with the requirements of IFRS Sustainability Disclosure Standards.,,,,
general_requirements,S1,core_standard,32(ii)(a),S1 ¶32(ii)(a) p.35-35,general_requirements,general_requirements,shall,not_financial_specific,False,,,If information required by an IFRS Sustainability Disclosure Standard is included by cross-reference: the sustainability-related financial disclosures shall clearly identify the report within which that information is located and explain how to access that report; and,,,,
general_requirements,S1,core_standard,32(ii)(b),S1 ¶32(ii)(b) p.35-35,general_requirements,general_requirements,shall,not_financial_specific,False,,,"Material information can be included in an entity ’s sustainability-related financial disclosures by cross-reference, provided that: the complete set of sustainability-related financial disclosures is not made less understandable by including information by cross-reference.",,,,
general_requirements,S1,core_standard,32(ii)(b),S1 ¶32(ii)(b) p.35-35,general_requirements,general_requirements,shall,not_financial_specific,False,,,If information required by an IFRS Sustainability Disclosure Standard is included by cross-reference: the cross-reference shall be to a precisely specified part of that report.,,,,
general_requirements,S1,core_standard,34(a),S1 ¶34(a) p.36-36,general_requirements,general_requirements;metrics_targets,shall,not_financial_specific,False,,B51,"Except as specified in paragraph B51, if an entity identifies new information in relation to the estimated amount disclosed in the preceding period and the new information provides evidence of circumstances that existed in that period, the entity shall: disclose a revised comparative amount that reflects that new information;",,,,
general_requirements,S1,core_standard,34(a),S1 ¶34(a) p.36-36,general_requirements,general_requirements;metrics_targets,shall,not_financial_specific,False,,,"If an entity redefines or replaces a metric in the reporting period, the entity shall: disclose a revised comparative amount, unless it is impracticable to do so;",,,,
general_requirements,S1,core_standard,34(b),S1 ¶34(b) p.36-36,general_requirements,general_requirements;metrics_targets,shall,not_financial_specific,False,,B51,"Except as specified in paragraph B51, if an entity identifies new information in relation to the estimated amount disclosed in the preceding period and the new information provides evidence of circumstances that existed in that period, the entity shall: disclose the difference between the amount disclosed in the preceding period and the revised comparative amount; and",,,,
general_requirements,S1,core_standard,34(b),S1 ¶34(b) p.36-36,general_requirements,general_requirements;metrics_targets,shall,not_financial_specific,False,,,"If an entity redefines or replaces a metric in the reporting period, the entity shall: explain the changes; and",,,,
general_requirements,S1,core_standard,34(c),S1 ¶34(c) p.36-36,general_requirements,general_requirements;metrics_targets,shall,not_financial_specific,False,,B51,"Except as specified in paragraph B51, if an entity identifies new information in relation to the estimated amount disclosed in the preceding period and the new information provides evidence of circumstances that existed in that period, the entity shall: explain the reasons for revising the comparative amount.",,,,
general_requirements,S1,core_standard,34(c),S1 ¶34(c) p.36-37,general_requirements,general_requirements;metrics_targets,shall,not_financial_specific,False,,,"If an entity introduces a new metric in the reporting period, it shall disclose a comparative amount for that metric unless it is impracticable to do so.",,,,
general_requirements,S1,core_standard,34(c),S1 ¶34(c) p.36-37,general_requirements,general_requirements;metrics_targets,shall,not_financial_specific,False,,,"If it is impracticable to revise a comparative amount for the preceding period, an entity shall disclose that fact.",,,,
general_requirements,S1,core_standard,34(a),S1 ¶34(a) p.37-37,general_requirements,general_requirements,shall,not_financial_specific,False,,,the nature of the prior period error;,,,,
general_requirements,S1,core_standard,34(b),S1 ¶34(b) p.37-37,general_requirements,general_requirements,shall,not_financial_specific,False,,,"the correction, to the extent practicable, for each prior period disclosed; and",,,,
general_requirements,S1,core_standard,34(c),S1 ¶34(c) p.37-37,general_requirements,general_requirements,shall,not_financial_specific,False,,,"if correction of the error is impracticable, the circumstances that led to the existence of that condition and a description of how and from when the error has been corrected.",,,,
general_requirements,S1,core_standard,34(c),S1 ¶34(c) p.37-37,general_requirements,general_requirements,shall,not_financial_specific,False,,,"When it is impracticable to determine the effect of an error on all prior periods presented, the entity shall restate the comparative information to correct the error from the earliest date practicable.",,,,
general_requirements,S1,core_standard,36,S1 ¶36 p.37-38,general_requirements,general_requirements,shall,not_financial_specific,False,,57,"This Standard requires (see paragraph 57) that in the absence of an IFRS Sustainability Disclosure Standard that specifically applies to a sustainability- related risk or opportunity, an entity shall apply judgement to identify information that:",,,,
general_requirements,S1,core_standard,36(a),S1 ¶36(a) p.38-38,general_requirements,general_requirements,shall,not_financial_specific,False,,,is relevant to the decision-making of users of general purpose financial reports; and,,,,
general_requirements,S1,core_standard,36(b),S1 ¶36(b) p.38-38,general_requirements,general_requirements,shall,not_financial_specific,False,,,faithfully represents that sustainability-related risk or opportunity.,,,,
general_requirements,S1,core_standard,36(b),S1 ¶36(b) p.38-39,general_requirements,general_requirements,shall,not_financial_specific,False,,C2;B27,"In applying the sources of guidance specified in paragraph C2, an entity shall not obscure material information required by IFRS Sustainability Disclosure Standards (see paragraph B27).",,,,
general_requirements,S1,core_standard,36(b),S1 ¶36(b) p.38-39,general_requirements,general_requirements,shall,not_financial_specific,False,,C2,"If an entity applies the sources of guidance specified in paragraph C2 without applying the requirements in IFRS Sustainability Disclosure Standards, the entity shall not make an explicit and unreserved statement of compliance with IFRS Sustainability Disclosure Standards.",,,,
general_requirements,S1,core_standard,38,S1 ¶38 p.39-41,general_requirements,general_requirements,shall,not_financial_specific,False,,,Sustainability-related financial information shall be neutral.,,,,
general_requirements,S1,core_standard,38,S1 ¶38 p.39-41,general_requirements,general_requirements,shall,not_financial_specific,False,,,Sustainability-related financial information shall be accurate.,,,,
general_requirements,S1,core_standard,38(a),S1 ¶38(a) p.41-41,general_requirements,general_requirements,shall,not_financial_specific,False,,,factual information is free from material error;,,,,
general_requirements,S1,core_standard,38(b),S1 ¶38(b) p.41-41,general_requirements,general_requirements,shall,not_financial_specific,False,,,descriptions are precise;,,,,
general_requirements,S1,core_standard,38(c),S1 ¶38(c) p.41-41,general_requirements,general_requirements,shall,not_financial_specific,False,,,"estimates, approximations and forecasts are clearly identified as such;",,,,
general_requirements,S1,core_standard,38(d),S1 ¶38(d) p.41-41,general_requirements,general_requirements,shall,not_financial_specific,False,,,"no material errors are made in selecting and applying an appropriate process for developing an estimate, approximation or forecast;",,,,
general_requirements,S1,core_standard,38(e),S1 ¶38(e) p.41-41,general_requirements,general_requirements,shall,not_financial_specific,False,,,assertions and inputs used in developing estimates are reasonable and based on information of sufficient quality and quantity; and,,,,
general_requirements,S1,core_standard,38(f),S1 ¶38(f) p.41-41,general_requirements,general_requirements,shall,not_financial_specific,False,,,information on judgements about the future faithfully reflects both those judgements and the information on which they are based.,,,,
general_requirements,S1,core_standard,40,S1 ¶40 p.41-42,general_requirements,general_requirements,shall,not_financial_specific,False,,,Sustainability-related financial disclosures shall be provided in a way that enhances comparability.,,,,
general_requirements,S1,core_standard,40,S1 ¶40 p.41-42,general_requirements,general_requirements,shall,not_financial_specific,False,,,Sustainability-related financial information shall be provided in a way that enhances its verifiability.,,,,
general_requirements,S1,core_standard,40,S1 ¶40 p.41-42,general_requirements,general_requirements,shall,not_financial_specific,False,,,Sustainability-related financial information shall be clear and concise.,,,,
general_requirements,S1,core_standard,40,S1 ¶40 p.41-42,general_requirements,general_requirements,shall,not_financial_specific,False,,,Any immaterial information included shall be provided in a way that avoids obscuring material information.,,,,
general_requirements,S1,core_standard,40,S1 ¶40 p.41-42,general_requirements,general_requirements,shall,not_financial_specific,False,,,An entity shall present such information as clearly as possible.,,,,
general_requirements,S1,core_standard,40,S1 ¶40 p.41-42,general_requirements,general_requirements,shall,not_financial_specific,False,,,"However, complex information about these risks and opportunities shall not be excluded from general purpose financial reports to make those reports easier to understand.",,,,
general_requirements,S1,core_standard,40,S1 ¶40 p.41-42,general_requirements,general_requirements,shall,not_financial_specific,False,,,"For sustainability-related financial information to be coherent, it shall be presented in a way that explains the context and the connections between the related items of information.",,,,
general_requirements,S1,core_standard,40(c),S1 ¶40(c) p.42-43,general_requirements,general_requirements,shall,not_financial_specific,False,,,"To help primary users decide whether to use such information, an entity shall describe the underlying assumptions and methods of producing the information, as well as other factors that provide evidence that the information reflects the actual plans or decisions made by the entity.",,,,
general_requirements,S1,core_standard,42,S1 ¶42 p.43-45,general_requirements,general_requirements,shall,not_financial_specific,False,,,"If sustainability-related risks and opportunities located in one part of an entity’s general purpose financial reports have implications for information disclosed in other parts, the entity shall include the information necessary for users to assess those implications.",,,,
general_requirements,S1,core_standard,42,S1 ¶42 p.43-45,general_requirements,general_requirements,shall,not_financial_specific,False,,,Coherence also requires an entity to provide information in a way that allows users to relate information about its sustainability-related risks and opportunities to information in the entity’s financial statements.,,,,
general_requirements,S1,core_standard,42,S1 ¶42 p.43-45,general_requirements,general_requirements,shall,not_financial_specific,False,,,"If an entity applies this Standard earlier, it shall disclose that fact and apply IFRS S2 Climate-related Disclosures at the same time.",,,,
general_requirements,S1,core_standard,42,S1 ¶42 p.43-45,general_requirements,general_requirements;governance;strategy;risk_management;metrics_targets,shall,not_financial_specific,False,,,"If an entity uses this transition relief, it shall disclose that fact.",,,,
general_requirements,S1,core_standard,42(a),S1 ¶42(a) p.45-45,general_requirements,general_requirements,shall,not_financial_specific,False,,,"In applying this transition relief, an entity shall report its sustainability-related financial disclosures: at the same time as its next second-quarter or half-year interim general purpose financial report, if the entity is required to provide such an interim report;",,,,
general_requirements,S1,core_standard,42(b),S1 ¶42(b) p.45-45,general_requirements,general_requirements,shall,not_financial_specific,False,,,"In applying this transition relief, an entity shall report its sustainability-related financial disclosures: at the same time as its next second-quarter or half-year interim general purpose financial report, but within nine months of the end of the annual reporting period in which the entity first applies this Standard, if the entity voluntarily provides such an interim report; or",,,,
general_requirements,S1,core_standard,42(c),S1 ¶42(c) p.45-45,general_requirements,general_requirements,shall,not_financial_specific,False,,,"In applying this transition relief, an entity shall report its sustainability-related financial disclosures: within nine months of the end of the annual reporting period in which the entity first applies this Standard, if the entity is not required to and does not voluntarily provide an interim general purpose financial report.",,,,
general_requirements,S1,core_standard,10(c),S1 ¶10(c) p.12-12,strategy,general_requirements;strategy,shall,not_financial_specific,False,,,"explain how the entity defines ‘short term ’, ‘medium term ’ and ‘long term’ and how these definitions are linked to the planning horizons used by the entity for strategic decision-making.",,,,
general_requirements,S1,core_standard,10(b),S1 ¶10(b) p.13-13,strategy,general_requirements;strategy,shall,not_financial_specific,False,,35(a),the sustainability-related risks and opportunities identified in paragraph 35(a) for which there is a significant risk of a material adjustment within the next annual reporting period to the carrying amounts of assets and liabilities reported in the related financial statements;,,,,
general_requirements,S2,core_standard,4,S2 ¶4 p.4-6,general_requirements,general_requirements,shall,not_financial_specific,False,,,"This Standard requires an entity to disclose information about climate-related risks and opportunities that could reasonably be expected to affect the entity ’s cash flows, its access to finance or cost of capital over the short, medium or long term.",,,,
general_requirements,S2,core_standard,8,S2 ¶8 p.8-9,general_requirements,general_requirements,shall,not_financial_specific,False,,,"In identifying the climate-related risks and opportunities that could reasonably be expected to affect an entity’s prospects, the entity shall use all reasonable and supportable information that is available to the entity at the reporting date without undue cost or effort, including information about past events, current conditions and forecasts of future conditions.",,,,
general_requirements,S2,core_standard,8,S2 ¶8 p.8-9,general_requirements,general_requirements,shall,not_financial_specific,False,,,"In identifying the climate-related risks and opportunities that could reasonably be expected to affect an entity’s prospects, the entity shall refer to and consider the applicability of the industry-based disclosure topics defined in the Industry-based Guidance on Implementing IFRS S2.",,,,
general_requirements,S2,core_standard,12(i)(7)(ii),S2 ¶12(i)(7)(ii) p.13-14,general_requirements,general_requirements;risk_management,shall,not_financial_specific,False,,25;B42,"In preparing disclosures to fulfil the requirements in paragraph 25, an entity shall avoid unnecessary duplication in accordance with IFRS S1 (see paragraph B42(b) of IFRS S1).",,,,
general_requirements,S2,core_standard,16(ii)(g)(i),S2 ¶16(ii)(g)(i) p.17-18,general_requirements,general_requirements;metrics_targets,shall,not_financial_specific,False,,29(b);29(c);29(d),"In preparing disclosures to meet the requirements in paragraph 29(b) –(d), an entity shall use all reasonable and supportable information that is available to the entity at the reporting date without undue cost or effort.",,,,
general_requirements,S2,core_standard,16(ii)(g)(i),S2 ¶16(ii)(g)(i) p.17-18,general_requirements,general_requirements;metrics_targets,shall,not_financial_specific,False,,29(b);29(c);29(d);29(e);29(f);29(g);B64;B65,"In preparing disclosures to meet the requirements in paragraph 29(b) –(g), an entity shall refer to paragraphs B64–B65.",,,,
general_requirements,S2,core_standard,44,S2 ¶44 p.44-45,general_requirements,general_requirements,shall,not_financial_specific,False,,,An entity shall apply this Standard for annual reporting periods beginning on or after 1 January 2024.,,,,
general_requirements,S2,core_standard,44,S2 ¶44 p.44-45,general_requirements,general_requirements,shall,not_financial_specific,False,,,"If an entity applies this Standard earlier, it shall disclose that fact and apply IFRS S1 General Requirements for Disclosure of Sustainability-related Financial Information at the same time.",,,,
general_requirements,S2,core_standard,44(b),S2 ¶44(b) p.45-45,general_requirements,general_requirements,shall,not_financial_specific,False,,C1A,An entity shall apply the amendments listed in paragraph C1A for annual reporting periods beginning on or after 1 January 2027.,,,,
general_requirements,S2,core_standard,44(b),S2 ¶44(b) p.45-45,general_requirements,general_requirements,shall,not_financial_specific,False,,,"If an entity applies these amendments earlier, it shall disclose that fact.",,,,
general_requirements,S2,core_standard,44(b),S2 ¶44(b) p.45-46,general_requirements,general_requirements,shall,not_financial_specific,False,,C3,"For the purposes of applying paragraphs C3 –C5, the date of initial application is the beginning of the annual reporting period in which an entity first applies this Standard.",,,,
general_requirements,S2,core_standard,44(b),S2 ¶44(b) p.45-46,general_requirements,general_requirements,shall,not_financial_specific,False,,,An entity is not required to provide the disclosures specified in this Standard for any period before the date of initial application.,,,,
general_requirements,S2,core_standard,44(b),S2 ¶44(b) p.45-46,general_requirements,general_requirements,shall,not_financial_specific,False,,,"Accordingly, an entity is not required to disclose comparative information in the first annual reporting period in which it applies this Standard.",,,,
general_requirements,S2,core_standard,44(b),S2 ¶44(b) p.45-46,general_requirements,general_requirements;metrics_targets,shall,general_financial_sector,True,,29(a);29(a)(vi)(2);B58,"an entity is not required to disclose its Scope 3 greenhouse gas emissions (see paragraph 29(a)) which includes, if the entity participates in asset management, commercial banking or insurance activities, the additional information about its financed emissions (see paragraph 29(a)(vi)(2) and paragraphs B58–B63A).",,,,
general_requirements,S2,core_standard,44(a),S2 ¶44(a) p.46-46,general_requirements,general_requirements;metrics_targets,shall,not_financial_specific,False,,29(a)(ii);B24;B21,if the entity has changed how it measures greenhouse gas emissions as a result of applying the relief in paragraphs 29(a)(ii) and B24 or paragraphs B21–B22—it shall adjust the comparative information as if it had changed how it measures greenhouse gas emissions in that preceding period;,,,,
general_requirements,S2,core_standard,40(b)(ii)(c),S2 ¶40(b)(ii)(c) p.41-42,metrics_targets,general_requirements;metrics_targets,shall,not_financial_specific,False,,29(b)(g),"In preparing disclosures to fulfil the requirements in paragraph 29(b)–(g), an entity shall: (e) consider the connections between the information disclosed to fulfil the requirements in paragraph 29(b) –(g) with the information disclosed in the related financial statements, in accordance with paragraph 21(b)(ii) of IFRS S1.",,,,
general_requirements,S2,core_standard,42,S2 ¶42 p.42-44,metrics_targets,general_requirements;metrics_targets,shall,not_financial_specific,False,,50,"If the metric has been developed by the entity to measure progress towards a target, the entity shall disclose information about that metric in accordance with paragraph 50 of IFRS S1.",,,,
governance,S1,core_standard,6(b)(i),S1 ¶6(b)(i) p.9-9,general_requirements,general_requirements;governance;strategy;risk_management;metrics_targets,shall,not_financial_specific,False,,,"within its sustainability-related financial disclosures —such as connections between disclosures on governance, strategy, risk management and metrics and targets; and",,,,
governance,S1,core_standard,32(ii)(b),S1 ¶32(ii)(b) p.34-34,general_requirements,general_requirements;governance;strategy;risk_management;metrics_targets,shall,not_financial_specific,False,,,"For example, if an entity integrates its oversight of sustainability-related risks and opportunities, the entity shall integrate the disclosures on governance instead of providing separate disclosures on governance for each sustainability-related risk and opportunity.",,,,
governance,S1,core_standard,42,S1 ¶42 p.43-45,general_requirements,general_requirements;governance;strategy;risk_management;metrics_targets,shall,not_financial_specific,False,,,"If an entity uses this transition relief, it shall disclose that fact.",,,,
governance,S1,core_standard,8(a),S1 ¶8(a) p.10-10,governance,governance,shall,not_financial_specific,False,,26;27,"Unless another IFRS Sustainability Disclosure Standard permits or requires otherwise in specified circumstances, an entity shall provide disclosures about: governance —the governance processes, controls and procedures the entity uses to monitor and manage sustainability-related risks and opportunities (see paragraphs 26–27);",,,,
governance,S1,core_standard,8(a),S1 ¶8(a) p.10-10,governance,governance,shall,not_financial_specific,False,,,"To achieve this objective, an entity shall disclose information about: the governance body(s) (which can include a board, committee or equivalent body charged with governance) or individual(s) responsible for oversight of sustainability-related risks and opportunities. Specifically, the entity shall identify that body(s) or individual(s) and disclose information about:",,,,
governance,S1,core_standard,8(a)(i),S1 ¶8(a)(i) p.10-10,governance,governance,shall,not_financial_specific,False,,,"how responsibilities for sustainability-related risks and opportunities are reflected in the terms of reference, mandates, role descriptions and other related policies applicable to that body(s) or individual(s);",,,,
governance,S1,core_standard,8(a)(ii),S1 ¶8(a)(ii) p.11-11,governance,governance,shall,not_financial_specific,False,,,how the body(s) or individual(s) determines whether appropriate skills and competencies are available or will be developed to oversee strategies designed to respond to sustainability-related risks and opportunities;,,,,
governance,S1,core_standard,8(a)(iii),S1 ¶8(a)(iii) p.11-11,governance,governance,shall,not_financial_specific,False,,,how and how often the body(s) or individual(s) is informed about sustainability-related risks and opportunities;,,,,
governance,S1,core_standard,8(a)(iv),S1 ¶8(a)(iv) p.11-11,governance,governance;strategy;risk_management,shall,not_financial_specific,False,,,"how the body(s) or individual(s) takes into account sustainability-related risks and opportunities when overseeing the entity’s strategy, its decisions on major transactions and its risk management processes and related policies, including whether the body(s) or individual(s) has considered trade-offs associated with those risks and opportunities; and",,,,
governance,S1,core_standard,8(a)(v),S1 ¶8(a)(v) p.11-11,governance,governance;metrics_targets,shall,not_financial_specific,False,,51,"how the body(s) or individual(s) oversees the setting of targets related to sustainability-related risks and opportunities, and monitors progress towards those targets (see paragraph 51 ), including whether and how related performance metrics are included in remuneration policies.",,,,
governance,S1,core_standard,8(a)(v)(b),S1 ¶8(a)(v)(b) p.11-11,governance,governance,shall,not_financial_specific,False,,,"management ’s role in the governance processes, controls and procedures used to monitor, manage and oversee sustainability-related risks and opportunities, including information about: (i) whether the role is delegated to a specific management-level position or management-level committee and how oversight is exercised over that position or committee; and (ii) whether management uses controls and procedures to support the oversight of sustainability-related risks and opportunities and, if so, how these controls and procedures are integrated with other internal functions.",,,,
governance,S2,core_standard,6(i),S2 ¶6(i) p.7-7,governance,governance,shall,not_financial_specific,False,,,"how responsibilities for climate-related risks and opportunities are reflected in the terms of reference, mandates, role descriptions and other related policies applicable to that body(s) or individual(s);",,,,
governance,S2,core_standard,6(ii),S2 ¶6(ii) p.7-7,governance,governance,shall,not_financial_specific,False,,,how the body(s) or individual(s) determines whether appropriate skills and competencies are available or will be developed to oversee strategies designed to respond to climate- related risks and opportunities;,,,,
governance,S2,core_standard,6(iii),S2 ¶6(iii) p.7-7,governance,governance,shall,not_financial_specific,False,,,how and how often the body(s) or individual(s) is informed about climate-related risks and opportunities;,,,,
governance,S2,core_standard,6(iv),S2 ¶6(iv) p.7-7,governance,governance;strategy;risk_management,shall,not_financial_specific,False,,,"how the body(s) or individual(s) takes into account climate- related risks and opportunities when overseeing the entity ’s strategy, its decisions on major transactions and its risk management processes and related policies, including whether the body(s) or individual(s) has considered trade-offs associated with those risks and opportunities; and",,,,
governance,S2,core_standard,6(v),S2 ¶6(v) p.7-7,governance,governance;metrics_targets,shall,not_financial_specific,False,,33;29(g),"how the body(s) or individual(s) oversees the setting of targets related to climate-related risks and opportunities, and monitors progress towards those targets (see paragraphs 33 –36), including whether and how related performance metrics are included in remuneration policies (see paragraph 29(g)).",,,,
governance,S2,core_standard,6(v)(b),S2 ¶6(v)(b) p.7-7,governance,governance,shall,not_financial_specific,False,,,"management ’s role in the governance processes, controls and procedures used to monitor, manage and oversee climate-related risks and opportunities, including information about:",,,,
governance,S2,core_standard,6(v)(b)(i),S2 ¶6(v)(b)(i) p.7-8,governance,governance,shall,not_financial_specific,False,,,"whether the role is delegated to a specific management-level position or management-level committee and how oversight is exercised over that position or committee; and (ii) whether management uses controls and procedures to support the oversight of climate-related risks and opportunities and, if so, how these controls and procedures are integrated with other internal functions.",,,,
governance,S2,core_standard,16(ii)(g)(i),S2 ¶16(ii)(g)(i) p.17-18,governance,governance,shall,not_financial_specific,False,,6(a)(v),a description of whether and how climate-related considerations are factored into executive remuneration (see also paragraph 6(a)(v));,,,,
governance,S2,core_standard,16(ii)(g)(i),S2 ¶16(ii)(g)(i) p.17-18,governance,governance;metrics_targets,shall,not_financial_specific,False,,,(ii) the percentage of executive management remuneration recognised in the current period that is linked to climate- related considerations.,,,,
governance,S2,core_standard,14(c),S2 ¶14(c) p.15-15,metrics_targets,governance;metrics_targets,shall,not_financial_specific,False,,33,"targets set by the entity, and any targets it is required to meet by law or regulation, to mitigate or adapt to climate-related risks or take advantage of climate-related opportunities, including metrics used by the governance body or management to measure progress towards these targets (see paragraphs 33–37).",,,,
governance,S2,core_standard,16(ii)(g),S2 ¶16(ii)(g) p.17-17,metrics_targets,governance;metrics_targets,shall,not_financial_specific,False,,,remuneration —the entity shall disclose:,,,,
governance,S2_IBG_CB,industry_guidance,6,S2_IBG_CB ¶6 p.6-6,governance,governance;risk_management;industry_metrics,shall,commercial_banking,True,FN-CB-410a.2,,The entity shall describe its oversight and accountability approach to the incorporation of ESG factors.,,,,
governance,S2_IBG_CB,industry_guidance,6,S2_IBG_CB ¶6 p.6-6,governance,governance;risk_management;industry_metrics,shall,commercial_banking,True,FN-CB-410a.2,,Formal oversight individuals or bodies involved,,,,
governance,S2_IBG_CB,industry_guidance,6,S2_IBG_CB ¶6 p.6-6,governance,governance;risk_management;industry_metrics,shall,commercial_banking,True,FN-CB-410a.2,,Criteria used in assessing the quality of ESG incorporation,,,,
governance,S2_IBG_CB,industry_guidance,3,S2_IBG_CB ¶3 p.5-5,risk_management,governance;risk_management;industry_metrics,shall,commercial_banking,True,FN-CB-410a.2,,The entity shall describe the policies that determine its approach to the incorporation of ESG factors in its credit analysis.,,,,
governance,S2_IBG_CB,industry_guidance,5,S2_IBG_CB ¶5 p.5-5,risk_management,governance;risk_management;industry_metrics,shall,commercial_banking,True,FN-CB-410a.2,,The entity shall describe its approach to implementation of the aspects of the entity’s ESG incorporation practices.,,,,
governance,S2_IBG_CB,industry_guidance,5,S2_IBG_CB ¶5 p.5-5,risk_management,governance;risk_management;industry_metrics,shall,commercial_banking,True,FN-CB-410a.2,,Parties responsible for the day-to-day incorporation of ESG factors,,,,
governance,S2_IBG_CB,industry_guidance,5,S2_IBG_CB ¶5 p.5-5,risk_management,governance;risk_management;industry_metrics,shall,commercial_banking,True,FN-CB-410a.2,,Roles and responsibilities of employees involved,,,,
strategy,S1,core_standard,6(b)(i),S1 ¶6(b)(i) p.9-9,general_requirements,general_requirements;governance;strategy;risk_management;metrics_targets,shall,not_financial_specific,False,,,"within its sustainability-related financial disclosures —such as connections between disclosures on governance, strategy, risk management and metrics and targets; and",,,,
strategy,S1,core_standard,20(d),S1 ¶20(d) p.22-22,general_requirements,general_requirements;strategy;risk_management,shall,not_financial_specific,False,,,An entity shall disclose information to enable users of general purpose financial reports to understand the most significant uncertainties affecting the amounts reported in its sustainability-related financial disclosures.,,,,
strategy,S1,core_standard,24(a),S1 ¶24(a) p.27-27,general_requirements,general_requirements;strategy;risk_management,shall,not_financial_specific,False,,,to identify the sustainability-related risks and opportunities that could reasonably be expected to affect the entity’s prospects; and,,,,
strategy,S1,core_standard,24(b),S1 ¶24(b) p.27-27,general_requirements,general_requirements;strategy;risk_management,shall,not_financial_specific,False,,,"to determine the scope of its value chain, including its breadth and composition, in relation to each of those sustainability-related risks and opportunities.",,,,
strategy,S1,core_standard,26,S1 ¶26 p.27-28,general_requirements,general_requirements;strategy;risk_management,shall,not_financial_specific,False,,,"On the occurrence of a significant event or significant change in circumstances, an entity shall reassess the scope of all affected sustainability- related risks and opportunities throughout its value chain.",,,,
strategy,S1,core_standard,32(ii)(b),S1 ¶32(ii)(b) p.34-34,general_requirements,general_requirements;governance;strategy;risk_management;metrics_targets,shall,not_financial_specific,False,,,"For example, if an entity integrates its oversight of sustainability-related risks and opportunities, the entity shall integrate the disclosures on governance instead of providing separate disclosures on governance for each sustainability-related risk and opportunity.",,,,
strategy,S1,core_standard,42,S1 ¶42 p.43-45,general_requirements,general_requirements;governance;strategy;risk_management;metrics_targets,shall,not_financial_specific,False,,,"If an entity uses this transition relief, it shall disclose that fact.",,,,
strategy,S1,core_standard,8(a)(iv),S1 ¶8(a)(iv) p.11-11,governance,governance;strategy;risk_management,shall,not_financial_specific,False,,,"how the body(s) or individual(s) takes into account sustainability-related risks and opportunities when overseeing the entity’s strategy, its decisions on major transactions and its risk management processes and related policies, including whether the body(s) or individual(s) has considered trade-offs associated with those risks and opportunities; and",,,,
strategy,S1,core_standard,8(b),S1 ¶8(b) p.10-10,strategy,strategy,shall,not_financial_specific,False,,28;29;30;31;32;33;34;35;36;37;38;39;40;41;42,"Unless another IFRS Sustainability Disclosure Standard permits or requires otherwise in specified circumstances, an entity shall provide disclosures about: strategy —the approach the entity uses to manage sustainability- related risks and opportunities (see paragraphs 28–42);",,,,
strategy,S1,core_standard,10(a),S1 ¶10(a) p.12-12,strategy,strategy,shall,not_financial_specific,False,,,describe sustainability-related risks and opportunities that could reasonably be expected to affect the entity’s prospects;,,,,
strategy,S1,core_standard,10(a),S1 ¶10(a) p.12-12,strategy,strategy,shall,not_financial_specific,False,,,a description of the current and anticipated effects of sustainability- related risks and opportunities on the entity ’s business model and value chain; and,,,,
strategy,S1,core_standard,10(b),S1 ¶10(b) p.12-12,strategy,strategy,shall,not_financial_specific,False,,,"specify the time horizons —short, medium or long term —over which the effects of each of those sustainability-related risks and opportunities could reasonably be expected to occur; and",,,,
strategy,S1,core_standard,10(b),S1 ¶10(b) p.12-13,strategy,strategy,shall,not_financial_specific,False,,,"a description of where in the entity ’s business model and value chain sustainability-related risks and opportunities are concentrated (for example, geographical areas, facilities and types of assets).",,,,
strategy,S1,core_standard,10(c),S1 ¶10(c) p.12-12,strategy,general_requirements;strategy,shall,not_financial_specific,False,,,"explain how the entity defines ‘short term ’, ‘medium term ’ and ‘long term’ and how these definitions are linked to the planning horizons used by the entity for strategic decision-making.",,,,
strategy,S1,core_standard,10(d),S1 ¶10(d) p.12-12,strategy,strategy,shall,not_financial_specific,False,,34;35;36;37;38;39;40,"the effects of those sustainability-related risks and opportunities on the entity ’s financial position, financial performance and cash flows for the reporting period, and their anticipated effects on the entity ’s financial position, financial performance and cash flows over the short, medium and long term, taking into consideration how those sustainability-related risks and opportunities have been factored into the entityʼs financial planning (see paragraphs 34–40); and",,,,
strategy,S1,core_standard,10(e),S1 ¶10(e) p.12-12,strategy,strategy,shall,not_financial_specific,False,,41;42,the resilience of the entity ’s strategy and its business model to those sustainability-related risks (see paragraphs 41–42).,,,,
strategy,S1,core_standard,10(a),S1 ¶10(a) p.13-13,strategy,strategy,shall,not_financial_specific,False,,,"how the entity has responded to, and plans to respond to, sustainability-related risks and opportunities in its strategy and decision-making;",,,,
strategy,S1,core_standard,10(a),S1 ¶10(a) p.13-13,strategy,strategy;metrics_targets,shall,not_financial_specific,False,,,"the effects of sustainability-related risks and opportunities on the entity’s financial position, financial performance and cash flows for the reporting period (current financial effects); and",,,,
strategy,S1,core_standard,10(a),S1 ¶10(a) p.13-13,strategy,strategy;metrics_targets,shall,not_financial_specific,False,,,"how sustainability-related risks and opportunities have affected its financial position, financial performance and cash flows for the reporting period;",,,,
strategy,S1,core_standard,10(b),S1 ¶10(b) p.13-13,strategy,strategy,shall,not_financial_specific,False,,,"the progress against plans the entity has disclosed in previous reporting periods, including quantitative and qualitative information; and",,,,
strategy,S1,core_standard,10(b),S1 ¶10(b) p.13-13,strategy,strategy;metrics_targets,shall,not_financial_specific,False,,,"the anticipated effects of sustainability-related risks and opportunities on the entity’s financial position, financial performance and cash flows over the short, medium and long term, taking into consideration how sustainability-related risks and opportunities are included in the entity’s financial planning (anticipated financial effects). Specifically, an entity shall disclose quantitative and qualitative information about:",,,,
strategy,S1,core_standard,10(b),S1 ¶10(b) p.13-13,strategy,general_requirements;strategy,shall,not_financial_specific,False,,35(a),the sustainability-related risks and opportunities identified in paragraph 35(a) for which there is a significant risk of a material adjustment within the next annual reporting period to the carrying amounts of assets and liabilities reported in the related financial statements;,,,,
strategy,S1,core_standard,10(c),S1 ¶10(c) p.13-13,strategy,strategy,shall,not_financial_specific,False,,,"trade-offs between sustainability-related risks and opportunities that the entity considered (for example, in making a decision on the location of new operations, an entity might have considered the environmental impacts of those operations and the employment opportunities they would create in a community).",,,,
strategy,S1,core_standard,10(c),S1 ¶10(c) p.13-13,strategy,strategy;metrics_targets,shall,not_financial_specific,False,,,"how the entity expects its financial position to change over the short, medium and long term, given its strategy to manage sustainability- related risks and opportunities, taking into consideration:",,,,
strategy,S1,core_standard,12(i),S1 ¶12(i) p.14-14,strategy,strategy;metrics_targets,shall,not_financial_specific,False,,,"its investment and disposal plans (for example, plans for capital expenditure, major acquisitions and divestments, joint ventures, business transformation, innovation, new business areas, and asset retirements), including plans the entity is not contractually committed to; and",,,,
strategy,S1,core_standard,12(ii),S1 ¶12(ii) p.14-14,strategy,strategy;metrics_targets,shall,not_financial_specific,False,,,its planned sources of funding to implement its strategy; and,,,,
strategy,S1,core_standard,12(ii)(a),S1 ¶12(ii)(a) p.14-14,strategy,strategy,shall,not_financial_specific,False,,B8,use all reasonable and supportable information that is available to the entity at the reporting date without undue cost or effort (see paragraphs B8–B10); and,,,,
strategy,S1,core_standard,12(ii)(a),S1 ¶12(ii)(a) p.14-14,strategy,strategy,shall,not_financial_specific,False,,,explain why it has not provided quantitative information;,,,,
strategy,S1,core_standard,12(ii)(b),S1 ¶12(ii)(b) p.14-14,strategy,strategy,shall,not_financial_specific,False,,,"use an approach that is commensurate with the skills, capabilities and resources that are available to the entity for preparing those disclosures.",,,,
strategy,S1,core_standard,12(ii)(b),S1 ¶12(ii)(b) p.14-14,strategy,strategy,shall,not_financial_specific,False,,,"provide qualitative information about those financial effects, including identifying line items, totals and subtotals within the related financial statements that are likely to be affected, or have been affected, by that sustainability-related risk or opportunity; and",,,,
strategy,S1,core_standard,12(ii)(c),S1 ¶12(ii)(c) p.15-15,strategy,strategy,shall,not_financial_specific,False,,,provide quantitative information about the combined financial effects of that sustainability-related risk or opportunity with other sustainability-related risks or opportunities and other factors unless the entity determines that quantitative information about the combined financial effects would not be useful.,,,,
strategy,S1,core_standard,12(ii)(c),S1 ¶12(ii)(c) p.15-15,strategy,strategy,shall,not_financial_specific,False,,,An entity shall disclose information that enables users of general purpose financial reports to understand its capacity to adjust to the uncertainties arising from sustainability-related risks.,,,,
strategy,S1,core_standard,12(ii)(c),S1 ¶12(ii)(c) p.15-15,strategy,strategy,shall,not_financial_specific,False,,,"An entity shall disclose a qualitative and, if applicable, quantitative assessment of the resilience of its strategy and business model in relation to its sustainability-related risks, including information about how the assessment was carried out and its time horizon.",,,,
strategy,S2,core_standard,6(iv),S2 ¶6(iv) p.7-7,governance,governance;strategy;risk_management,shall,not_financial_specific,False,,,"how the body(s) or individual(s) takes into account climate- related risks and opportunities when overseeing the entity ’s strategy, its decisions on major transactions and its risk management processes and related policies, including whether the body(s) or individual(s) has considered trade-offs associated with those risks and opportunities; and",,,,
strategy,S2,core_standard,unknown,S2 ¶unknown p.7-8,strategy,strategy,shall,not_financial_specific,False,,10,"Specifically, an entity shall disclose information to enable users of general purpose financial reports to understand: (a) the climate-related risks and opportunities that could reasonably be expected to affect the entity’s prospects (see paragraphs 10–12);",,,,
strategy,S2,core_standard,unknown,S2 ¶unknown p.7-8,strategy,strategy,shall,not_financial_specific,False,,13,"Specifically, an entity shall disclose information to enable users of general purpose financial reports to understand: (b) the current and anticipated effects of those climate-related risks and opportunities on the entity ’s business model and value chain (see paragraph 13);",,,,
strategy,S2,core_standard,unknown,S2 ¶unknown p.7-8,strategy,strategy,shall,not_financial_specific,False,,14,"Specifically, an entity shall disclose information to enable users of general purpose financial reports to understand: (c) the effects of those climate-related risks and opportunities on the entity’s strategy and decision-making, including information about its climate-related transition plan (see paragraph 14);",,,,
strategy,S2,core_standard,unknown,S2 ¶unknown p.7-8,strategy,strategy;metrics_targets,shall,not_financial_specific,False,,15,"Specifically, an entity shall disclose information to enable users of general purpose financial reports to understand: (d) the effects of those climate-related risks and opportunities on the entity’s financial position, financial performance and cash flows for the reporting period, and their anticipated effects on the entity ’s financial position, financial performance and cash flows over the short, medium and long term, taking into consideration how those climate-related risks and opportunities have been factored into the entity’s financial planning (see paragraphs 15–21); and",,,,
strategy,S2,core_standard,unknown,S2 ¶unknown p.7-8,strategy,strategy,shall,not_financial_specific,False,,22,"Specifically, an entity shall disclose information to enable users of general purpose financial reports to understand: (e) the climate resilience of the entity ’s strategy and its business model to climate-related changes, developments and uncertainties, taking into consideration the entity ’s identified climate-related risks and opportunities (see paragraph 22).",,,,
strategy,S2,core_standard,unknown,S2 ¶unknown p.7-8,strategy,strategy,shall,not_financial_specific,False,,,An entity shall disclose information that enables users of general purpose financial reports to understand the climate-related risks and opportunities that could reasonably be expected to affect the entity ’s prospects.,,,,
strategy,S2,core_standard,unknown,S2 ¶unknown p.7-8,strategy,strategy,shall,not_financial_specific,False,,,"Specifically, the entity shall: (a) describe climate-related risks and opportunities that could reasonably be expected to affect the entity’s prospects;",,,,
strategy,S2,core_standard,unknown,S2 ¶unknown p.7-8,strategy,strategy,shall,not_financial_specific,False,,,"Specifically, the entity shall: (b) explain, for each climate-related risk the entity has identified, whether the entity considers the risk to be a climate-related physical risk or climate-related transition risk;",,,,
strategy,S2,core_standard,unknown,S2 ¶unknown p.7-8,strategy,strategy,shall,not_financial_specific,False,,,"Specifically, the entity shall: (c) specify, for each climate-related risk and opportunity the entity has identified, over which time horizons —short, medium or long term — the effects of each climate-related risk and opportunity could reasonably be expected to occur;",,,,
strategy,S2,core_standard,unknown,S2 ¶unknown p.7-8,strategy,strategy,shall,not_financial_specific,False,,,"Specifically, the entity shall: (d) explain how the entity defines ‘short term ’, ‘medium term ’ and ‘long term’ and how these definitions are linked to the planning horizons used by the entity for strategic decision-making.",,,,
strategy,S2,core_standard,8,S2 ¶8 p.8-9,strategy,strategy,shall,not_financial_specific,False,,,An entity shall disclose information that enables users of general purpose financial reports to understand the current and anticipated effects of climate-related risks and opportunities on the entity’s business model and value chain.,,,,
strategy,S2,core_standard,8(a),S2 ¶8(a) p.9-9,strategy,strategy,shall,not_financial_specific,False,,,a description of the current and anticipated effects of climate-related risks and opportunities on the entity’s business model and value chain; and,,,,
strategy,S2,core_standard,8(a),S2 ¶8(a) p.9-9,strategy,strategy;metrics_targets,shall,not_financial_specific,False,,,"information about how the entity has responded to, and plans to respond to, climate-related risks and opportunities in its strategy and decision-making, including how the entity plans to achieve any climate-related targets it has set and any targets it is required to meet by law or regulation.",,,,
strategy,S2,core_standard,8(a)(i),S2 ¶8(a)(i) p.9-9,strategy,strategy,shall,not_financial_specific,False,,,"current and anticipated changes to the entity’s business model, including its resource allocation, to address climate-related risks and opportunities (for example, these changes could include plans to manage or decommission carbon-, energy- or water-intensive operations; resource allocations resulting from demand or supply-chain changes; resource allocations arising from business development through capital expenditure or additional expenditure on research and development; and acquisitions or divestments);",,,,
strategy,S2,core_standard,8(b),S2 ¶8(b) p.9-9,strategy,strategy,shall,not_financial_specific,False,,,"a description of where in the entity’s business model and value chain climate-related risks and opportunities are concentrated (for example, geographical areas, facilities and types of assets).",,,,
strategy,S2,core_standard,8(b),S2 ¶8(b) p.9-9,strategy,strategy,shall,not_financial_specific,False,,,An entity shall disclose information that enables users of general purpose financial reports to understand the effects of climate-related risks and opportunities on its strategy and decision-making.,,,,
strategy,S2,core_standard,8(a)(ii),S2 ¶8(a)(ii) p.10-10,strategy,strategy,shall,not_financial_specific,False,,,"current and anticipated direct mitigation and adaptation efforts (for example, through changes in production processes or equipment, relocation of facilities, workforce adjustments, and changes in product specifications);",,,,
strategy,S2,core_standard,8(a)(iii),S2 ¶8(a)(iii) p.10-10,strategy,strategy,shall,not_financial_specific,False,,,"current and anticipated indirect mitigation and adaptation efforts (for example, through working with customers and supply chains);",,,,
strategy,S2,core_standard,8(a)(iv),S2 ¶8(a)(iv) p.10-10,strategy,strategy,shall,not_financial_specific,False,,,"any climate-related transition plan the entity has, including information about key assumptions used in developing its transition plan, and dependencies on which the entity’s transition plan relies; and",,,,
strategy,S2,core_standard,8(a)(v)(b),S2 ¶8(a)(v)(b) p.10-10,strategy,strategy,shall,not_financial_specific,False,,14(a),"information about how the entity is resourcing, and plans to resource, the activities disclosed in accordance with paragraph 14(a).",,,,
strategy,S2,core_standard,10(c)(ii)(d),S2 ¶10(c)(ii)(d) p.11-12,strategy,strategy,shall,not_financial_specific,False,,,"An entity shall disclose information that enables users of general purpose financial reports to understand the resilience of the entity’s strategy and business model to climate-related changes, developments and uncertainties, taking into consideration the entity’s identified climate-related risks and opportunities.",,,,
strategy,S2,core_standard,10(c)(ii)(d),S2 ¶10(c)(ii)(d) p.11-12,strategy,strategy;risk_management,shall,not_financial_specific,False,,B1,The entity shall use climate-related scenario analysis to assess its climate resilience using an approach that is commensurate with the entity’s circumstances (see paragraphs B1–B18).,,,,
strategy,S2,core_standard,10(c)(ii)(d),S2 ¶10(c)(ii)(d) p.11-12,strategy,strategy,shall,not_financial_specific,False,,,"Specifically, the entity shall disclose: (a) the entity’s assessment of its climate resilience as at the reporting date, which shall enable users of general purpose financial reports to understand: (i) the implications, if any, of the entity’s assessment for its strategy and business model, including how the entity would need to respond to the effects identified in the climate-related scenario analysis; (ii) the significant areas of uncertainty considered in the entity’s assessment of its climate resilience; (iii) the entity’s capacity to adjust or adapt its strategy and business model to climate change over the short, medium and long term, including; (1) the availability of, and flexibility in, the entity’s existing financial resources to respond to the effects identified in the climate-related scenario analysis, including to address climate-related risks and to take advantage of climate-related opportunities; (2) the entity’s ability to redeploy, repurpose, upgrade or decommission existing assets; and (3) the effect of the entity’s current and planned investments in climate-related mitigation, adaptation and opportunities for climate resilience; and (b) how and when the climate-related scenario analysis was carried out, including:",,,,
strategy,S2,core_standard,12(i),S2 ¶12(i) p.13-13,strategy,strategy;risk_management,shall,not_financial_specific,False,,,"information about the inputs the entity used, including:",,,,
strategy,S2,core_standard,12(i)(1),S2 ¶12(i)(1) p.13-13,strategy,strategy;risk_management,shall,not_financial_specific,False,,,which climate-related scenarios the entity used for the analysis and the sources of those scenarios;,,,,
strategy,S2,core_standard,12(i)(2),S2 ¶12(i)(2) p.13-13,strategy,strategy;risk_management,shall,not_financial_specific,False,,,whether the analysis included a diverse range of climate-related scenarios;,,,,
strategy,S2,core_standard,12(i)(3),S2 ¶12(i)(3) p.13-13,strategy,strategy;risk_management,shall,not_financial_specific,False,,,whether the climate-related scenarios used for the analysis are associated with climate-related transition risks or climate-related physical risks;,,,,
strategy,S2,core_standard,12(i)(4),S2 ¶12(i)(4) p.13-13,strategy,strategy;risk_management,shall,not_financial_specific,False,,,"whether the entity used, among its scenarios, a climate-related scenario aligned with the latest international agreement on climate change;",,,,
strategy,S2,core_standard,12(i)(5),S2 ¶12(i)(5) p.13-13,strategy,strategy;risk_management,shall,not_financial_specific,False,,,"why the entity decided that its chosen climate-related scenarios are relevant to assessing its resilience to climate-related changes, developments or uncertainties;",,,,
strategy,S2,core_standard,12(i)(6),S2 ¶12(i)(6) p.13-13,strategy,strategy;risk_management,shall,not_financial_specific,False,,,the time horizons the entity used in the analysis; and,,,,
strategy,S2,core_standard,12(i)(7),S2 ¶12(i)(7) p.13-13,strategy,strategy;risk_management,shall,not_financial_specific,False,,,"what scope of operations the entity used in the analysis (for example, the operating locations and business units used in the analysis);",,,,
strategy,S2,core_standard,24,S2 ¶24 p.24-25,strategy,strategy;risk_management,shall,not_financial_specific,False,,22,"Paragraph 22 requires an entity to use climate-related scenario analysis to assess its climate resilience, using an approach that is commensurate with its circumstances.",,,,
strategy,S2,core_standard,24,S2 ¶24 p.24-25,strategy,strategy;risk_management,shall,not_financial_specific,False,,,The entity is required to use an approach to climate-related scenario analysis that enables it to consider all reasonable and supportable information that is available to the entity at the reporting date without undue cost or effort.,,,,
strategy,S2,core_standard,2,S2 ¶2 p.25-26,strategy,strategy,shall,not_financial_specific,False,,,An entity shall consider its exposure to climate-related risks and opportunities in its assessment of its circumstances and when determining the approach to use for its climate-related scenario analysis.,,,,
strategy,S2,core_standard,2,S2 ¶2 p.25-26,strategy,strategy,shall,not_financial_specific,False,,,"An entity shall consider the available skills, capabilities and resources when determining an appropriate approach to use for its climate-related scenario analysis.",,,,
strategy,S2,core_standard,24(a),S2 ¶24(a) p.25-25,strategy,strategy;risk_management,shall,not_financial_specific,False,,B2,paragraphs B2–B7 set out the factors the entity shall consider when assessing its circumstances;,,,,
strategy,S2,core_standard,24(a),S2 ¶24(a) p.25-25,strategy,strategy;risk_management,shall,not_financial_specific,False,,B4;B5,To assess its circumstances the entity shall consider: the entity’s exposure to climate-related risks and opportunities (see paragraphs B4–B5);,,,,
strategy,S2,core_standard,24(b),S2 ¶24(b) p.25-25,strategy,strategy;risk_management,shall,not_financial_specific,False,,B8,paragraphs B8–B15 set out the factors the entity shall consider when determining an appropriate approach to climate-related scenario analysis; and,,,,
strategy,S2,core_standard,24(b),S2 ¶24(b) p.25-25,strategy,strategy;risk_management,shall,not_financial_specific,False,,B6;B7,"To assess its circumstances the entity shall consider: the skills, capabilities and resources available to the entity for the climate-related scenario analysis (see paragraphs B6–B7).",,,,
strategy,S2,core_standard,24(b),S2 ¶24(b) p.25-25,strategy,strategy;risk_management,shall,not_financial_specific,False,,,An entity shall assess its circumstances each time it carries out its climate-related scenario analysis.,,,,
strategy,S2,core_standard,24(c),S2 ¶24(c) p.25-25,strategy,strategy;risk_management,shall,not_financial_specific,False,,B16,paragraphs B16–B18 set out additional factors for the entity to consider when determining its approach to climate-related scenario analysis over time.,,,,
strategy,S2,core_standard,24(c),S2 ¶24(c) p.25-25,strategy,strategy;risk_management,shall,not_financial_specific,False,,B3,An entity shall use an approach to climate-related scenario analysis that is commensurate with its circumstances as at the time the entity carries out its climate-related scenario analysis (see paragraph B3).,,,,
strategy,S2,core_standard,26,S2 ¶26 p.26-27,strategy,strategy,shall,not_financial_specific,False,,,An entity shall determine an approach to climate-related scenario analysis that enables it to consider all reasonable and supportable information that is available to the entity at the reporting date without undue cost or effort.,,,,
strategy,S2,core_standard,26,S2 ¶26 p.26-27,strategy,strategy,shall,not_financial_specific,False,,B4;B6,"The determination of the approach shall be informed by the assessments of the entity’s exposure to climate-related risks and opportunities (see paragraphs B4–B5) and its available skills, capabilities and resources (see paragraphs B6–B7).",,,,
strategy,S2,core_standard,26(b),S2 ¶26(b) p.27-28,strategy,strategy,shall,not_financial_specific,False,,,"When an entity selects the inputs to use in its climate-related scenario analysis, the entity shall consider all reasonable and supportable information —including scenarios, variables and other inputs —available to the entity at the reporting date without undue cost or effort.",,,,
strategy,S2,core_standard,26(b),S2 ¶26(b) p.27-28,strategy,strategy,shall,not_financial_specific,False,,,The entity shall have a reasonable and supportable basis for using a particular scenario or set of scenarios.,,,,
strategy,S2,core_standard,26(b),S2 ¶26(b) p.27-28,strategy,strategy,shall,not_financial_specific,False,,22,"In considering whether the selected inputs are reasonable and supportable, an entity shall consider the objective of paragraph 22, which requires the entity to disclose information that enables users of general purpose financial reports to understand the resilience of the entity ’s strategy and business model to climate-related changes, developments and uncertainties, taking into consideration the entity ’s identified climate-related risks and opportunities.",,,,
strategy,S2,core_standard,26(b),S2 ¶26(b) p.27-28,strategy,strategy,shall,not_financial_specific,False,,,"This means that the inputs to the entity ’s climate-related scenario analysis shall be relevant to the entity ’s circumstances, for example, to the particular activities the entity undertakes and the geographical location of those activities.",,,,
strategy,S2,core_standard,26(b),S2 ¶26(b) p.27-28,strategy,strategy,shall,not_financial_specific,False,,,"The entity shall prioritise the analytical choices (for example, whether to use qualitative analysis or quantitative modelling) that will enable it to consider all reasonable and supportable information that is available to the entity at the reporting date without undue cost or effort.",,,,
strategy,S2,core_standard,26(b),S2 ¶26(b) p.27-28,strategy,strategy,shall,not_financial_specific,False,,B2,"As described in paragraphs B2 –B7, the entity shall determine its approach to climate-related scenario analysis based on its particular circumstances, including the entity ’s exposure to climate-related risks and opportunities and the skills, capabilities and resources available for the scenario analysis.",,,,
strategy,S2,core_standard,28,S2 ¶28 p.28-30,strategy,strategy,shall,not_financial_specific,False,,,The entity shall —at a minimum —update its climate-related scenario analysis in line with its strategic planning cycle.,,,,
strategy,S2,core_standard,28,S2 ¶28 p.28-30,strategy,strategy,shall,not_financial_specific,False,,22(a),"As such, an entity ’s disclosure in accordance with paragraph 22(a) — that is, the results of the entity ’s resilience assessment —shall be updated at each reporting period.",,,,
strategy,S2,core_standard,8(a)(v),S2 ¶8(a)(v) p.10-10,metrics_targets,strategy;metrics_targets,shall,not_financial_specific,False,,33,"how the entity plans to achieve any climate-related targets, including any greenhouse gas emissions targets, described in accordance with paragraphs 33–36.",,,,
strategy,S2,core_standard,10(c),S2 ¶10(c) p.11-11,metrics_targets,strategy;metrics_targets,shall,not_financial_specific,False,,,"how the entity expects its financial position to change over the short, medium and long term, given its strategy to manage climate-related risks and opportunities, taking into consideration:",,,,
strategy,S2,core_standard,10(c)(i),S2 ¶10(c)(i) p.11-11,metrics_targets,strategy;metrics_targets,shall,not_financial_specific,False,,,"its investment and disposal plans (for example, plans for capital expenditure, major acquisitions and divestments, joint ventures, business transformation, innovation, new business areas, and asset retirements), including plans the entity is not contractually committed to; and",,,,
strategy,S2,core_standard,10(c)(ii),S2 ¶10(c)(ii) p.11-11,metrics_targets,strategy;metrics_targets,shall,not_financial_specific,False,,,its planned sources of funding to implement its strategy; and,,,,
strategy,S2,core_standard,10(c)(ii)(d),S2 ¶10(c)(ii)(d) p.11-12,metrics_targets,strategy;metrics_targets,shall,not_financial_specific,False,,,"how the entity expects its financial performance and cash flows to change over the short, medium and long term, given its strategy to manage climate-related risks and opportunities (for example, increased revenue from products and services aligned with a lower-carbon economy; costs arising from physical damage to assets from climate events; and expenses associated with climate adaptation or mitigation).",,,,
strategy,S2,core_standard,16(i),S2 ¶16(i) p.17-17,metrics_targets,strategy;metrics_targets,shall,not_financial_specific,False,,,"an explanation of whether and how the entity is applying a carbon price in decision-making (for example, investment decisions, transfer pricing and scenario analysis); and",,,,
strategy,S2,core_standard,16(ii)(g)(i),S2 ¶16(ii)(g)(i) p.17-18,metrics_targets,strategy;metrics_targets,shall,not_financial_specific,False,,,"An entity shall disclose the quantitative and qualitative climate-related targets it has set to monitor progress towards achieving its strategic goals, and any targets it is required to meet by law or regulation, including any greenhouse gas emissions targets.",,,,
strategy,S2,core_standard,16(ii)(g)(i),S2 ¶16(ii)(g)(i) p.17-18,metrics_targets,strategy;metrics_targets,shall,not_financial_specific,False,,,"For each target, the entity shall disclose: (b) the objective of the target (for example, mitigation, adaptation or conformance with science-based initiatives);",,,,
strategy,S2,core_standard,16(ii)(g)(i),S2 ¶16(ii)(g)(i) p.17-18,metrics_targets,strategy;metrics_targets,shall,not_financial_specific,False,,,"For each target, the entity shall disclose: (h) how the latest international agreement on climate change, including jurisdictional commitments that arise from that agreement, has informed the target.",,,,
strategy,S2,core_standard,40(b)(ii)(c),S2 ¶40(b)(ii)(c) p.41-42,metrics_targets,strategy;metrics_targets,shall,not_financial_specific,False,,29(b)(g);13,"In preparing disclosures to fulfil the requirements in paragraph 29(b)–(g), an entity shall: (b) consider where in the entity ’s business model and value chain climate- related risks and opportunities are concentrated (for example, geographical areas, facilities or types of assets) (see paragraph 13).",,,,
strategy,S2,core_standard,40(b)(ii)(c),S2 ¶40(b)(ii)(c) p.41-42,metrics_targets,strategy;metrics_targets,shall,not_financial_specific,False,,29(b)(g);16(a)(b),"In preparing disclosures to fulfil the requirements in paragraph 29(b)–(g), an entity shall: (c) consider the information disclosed in accordance with paragraph 16(a) –(b) in relation to the effects of climate-related risks and opportunities on the entity ’s financial position, financial performance and cash flows for the reporting period.",,,,
strategy,S2_IBG_CB,industry_guidance,1,S2_IBG_CB ¶1 p.5-5,risk_management,strategy;risk_management;industry_metrics,shall,commercial_banking,True,FN-CB-410a.2,,"The entity shall describe its approach to the incorporation of environmental, social and governance (ESG) factors in its credit analysis.",,,,
strategy,S2_IBG_CB,industry_guidance,10,S2_IBG_CB ¶10 p.6-6,risk_management,strategy;risk_management;industry_metrics,shall,commercial_banking,True,FN-CB-410a.2,,The entity shall describe how ESG factors are incorporated in the assessment of and influence the entity’s views on:,,,,
strategy,S2_IBG_CB,industry_guidance,10,S2_IBG_CB ¶10 p.6-6,risk_management,strategy;risk_management;industry_metrics,shall,commercial_banking,True,FN-CB-410a.2,,"Traditional macroeconomic factors such as the economic conditions, central bank monetary policy, industry trends, and geopolitical risks that affect creditworthiness of borrowers",,,,
strategy,S2_IBG_CB,industry_guidance,10,S2_IBG_CB ¶10 p.6-6,risk_management,strategy;risk_management;industry_metrics,shall,commercial_banking,True,FN-CB-410a.2,,Traditional microeconomic factors such as supply and demand for products or services that affect financial conditions and operational results of borrowers as well as their creditworthiness,,,,
strategy,S2_IBG_CB,industry_guidance,7,S2_IBG_CB ¶7 p.6-6,risk_management,strategy;risk_management;industry_metrics,shall,commercial_banking,True,FN-CB-410a.2,,The entity shall discuss whether it conducts scenario analysis or modelling in which the risk profile of future ESG trends is calculated at the portfolio level of commercial and industrial credit exposure.,,,,
strategy,S2_IBG_CB,industry_guidance,8,S2_IBG_CB ¶8 p.6-6,risk_management,strategy;risk_management;industry_metrics,shall,commercial_banking,True,FN-CB-410a.2,,"The entity shall discuss ESG trends it considers apply broadly in terms of their effect on sectors and industries, as well as the trends it deems as sector- or industry-specific.",,,,
strategy,S2_IBG_CB,industry_guidance,8,S2_IBG_CB ¶8 p.6-6,risk_management,strategy;risk_management;industry_metrics,may,commercial_banking,True,FN-CB-410a.2,,The entity may further provide the discussion in the context of geographical exposure of its commercial and industrial credit portfolio.,,,,
strategy,S2_IBG_CB,industry_guidance,2,S2_IBG_CB ¶2 p.3-4,industry_metrics,strategy;risk_management;metrics_targets;industry_metrics,should,commercial_banking,True,FN-CB-410a.2,,"Description of approach to incorporation of environmental, social and governance (ESG) factors in credit analysis",,,,
risk_management,S1,core_standard,6(b)(i),S1 ¶6(b)(i) p.9-9,general_requirements,general_requirements;governance;strategy;risk_management;metrics_targets,shall,not_financial_specific,False,,,"within its sustainability-related financial disclosures —such as connections between disclosures on governance, strategy, risk management and metrics and targets; and",,,,
risk_management,S1,core_standard,20(d),S1 ¶20(d) p.22-22,general_requirements,general_requirements;strategy;risk_management,shall,not_financial_specific,False,,,An entity shall disclose information to enable users of general purpose financial reports to understand the most significant uncertainties affecting the amounts reported in its sustainability-related financial disclosures.,,,,
risk_management,S1,core_standard,24(a),S1 ¶24(a) p.27-27,general_requirements,general_requirements;strategy;risk_management,shall,not_financial_specific,False,,,to identify the sustainability-related risks and opportunities that could reasonably be expected to affect the entity’s prospects; and,,,,
risk_management,S1,core_standard,24(b),S1 ¶24(b) p.27-27,general_requirements,general_requirements;strategy;risk_management,shall,not_financial_specific,False,,,"to determine the scope of its value chain, including its breadth and composition, in relation to each of those sustainability-related risks and opportunities.",,,,
risk_management,S1,core_standard,26,S1 ¶26 p.27-28,general_requirements,general_requirements;strategy;risk_management,shall,not_financial_specific,False,,,"On the occurrence of a significant event or significant change in circumstances, an entity shall reassess the scope of all affected sustainability- related risks and opportunities throughout its value chain.",,,,
risk_management,S1,core_standard,32(ii)(b),S1 ¶32(ii)(b) p.34-34,general_requirements,general_requirements;governance;strategy;risk_management;metrics_targets,shall,not_financial_specific,False,,,"For example, if an entity integrates its oversight of sustainability-related risks and opportunities, the entity shall integrate the disclosures on governance instead of providing separate disclosures on governance for each sustainability-related risk and opportunity.",,,,
risk_management,S1,core_standard,42,S1 ¶42 p.43-45,general_requirements,general_requirements;governance;strategy;risk_management;metrics_targets,shall,not_financial_specific,False,,,"If an entity uses this transition relief, it shall disclose that fact.",,,,
risk_management,S1,core_standard,8(a)(iv),S1 ¶8(a)(iv) p.11-11,governance,governance;strategy;risk_management,shall,not_financial_specific,False,,,"how the body(s) or individual(s) takes into account sustainability-related risks and opportunities when overseeing the entity’s strategy, its decisions on major transactions and its risk management processes and related policies, including whether the body(s) or individual(s) has considered trade-offs associated with those risks and opportunities; and",,,,
risk_management,S1,core_standard,8(c),S1 ¶8(c) p.10-10,risk_management,risk_management,shall,not_financial_specific,False,,43;44,"Unless another IFRS Sustainability Disclosure Standard permits or requires otherwise in specified circumstances, an entity shall provide disclosures about: risk management —the processes the entity uses to identify, assess, prioritise and monitor sustainability-related risks and opportunities (see paragraphs 43–44); and",,,,
risk_management,S1,core_standard,12(ii)(a),S1 ¶12(ii)(a) p.15-15,risk_management,risk_management,shall,not_financial_specific,False,,,"the processes and related policies the entity uses to identify, assess, prioritise and monitor sustainability-related risks, including information about:",,,,
risk_management,S1,core_standard,12(ii)(a)(i),S1 ¶12(ii)(a)(i) p.15-15,risk_management,risk_management,shall,not_financial_specific,False,,,"the inputs and parameters the entity uses (for example, information about data sources and the scope of operations covered in the processes);",,,,
risk_management,S1,core_standard,14(v),S1 ¶14(v) p.16-16,risk_management,risk_management,shall,not_financial_specific,False,,,how the entity monitors sustainability-related risks; and,,,,
risk_management,S1,core_standard,14(vi),S1 ¶14(vi) p.16-16,risk_management,risk_management,shall,not_financial_specific,False,,,whether and how the entity has changed the processes it uses compared with the previous reporting period;,,,,
risk_management,S1,core_standard,14(vi)(b),S1 ¶14(vi)(b) p.16-16,risk_management,risk_management,shall,not_financial_specific,False,,,"the processes the entity uses to identify, assess, prioritise and monitor sustainability-related opportunities; and",,,,
risk_management,S1,core_standard,14(vi)(c),S1 ¶14(vi)(c) p.16-16,risk_management,risk_management,shall,not_financial_specific,False,,,"the extent to which, and how, the processes for identifying, assessing, prioritising and monitoring sustainability-related risks and opportunities are integrated into and inform the entity ’s overall risk management process.",,,,
risk_management,S2,core_standard,12(i)(7)(ii),S2 ¶12(i)(7)(ii) p.13-14,general_requirements,general_requirements;risk_management,shall,not_financial_specific,False,,25;B42,"In preparing disclosures to fulfil the requirements in paragraph 25, an entity shall avoid unnecessary duplication in accordance with IFRS S1 (see paragraph B42(b) of IFRS S1).",,,,
risk_management,S2,core_standard,6(iv),S2 ¶6(iv) p.7-7,governance,governance;strategy;risk_management,shall,not_financial_specific,False,,,"how the body(s) or individual(s) takes into account climate- related risks and opportunities when overseeing the entity ’s strategy, its decisions on major transactions and its risk management processes and related policies, including whether the body(s) or individual(s) has considered trade-offs associated with those risks and opportunities; and",,,,
risk_management,S2,core_standard,10(c)(ii)(d),S2 ¶10(c)(ii)(d) p.11-12,strategy,strategy;risk_management,shall,not_financial_specific,False,,B1,The entity shall use climate-related scenario analysis to assess its climate resilience using an approach that is commensurate with the entity’s circumstances (see paragraphs B1–B18).,,,,
risk_management,S2,core_standard,12(i),S2 ¶12(i) p.13-13,strategy,strategy;risk_management,shall,not_financial_specific,False,,,"information about the inputs the entity used, including:",,,,
risk_management,S2,core_standard,12(i)(1),S2 ¶12(i)(1) p.13-13,strategy,strategy;risk_management,shall,not_financial_specific,False,,,which climate-related scenarios the entity used for the analysis and the sources of those scenarios;,,,,
risk_management,S2,core_standard,12(i)(2),S2 ¶12(i)(2) p.13-13,strategy,strategy;risk_management,shall,not_financial_specific,False,,,whether the analysis included a diverse range of climate-related scenarios;,,,,
risk_management,S2,core_standard,12(i)(3),S2 ¶12(i)(3) p.13-13,strategy,strategy;risk_management,shall,not_financial_specific,False,,,whether the climate-related scenarios used for the analysis are associated with climate-related transition risks or climate-related physical risks;,,,,
risk_management,S2,core_standard,12(i)(4),S2 ¶12(i)(4) p.13-13,strategy,strategy;risk_management,shall,not_financial_specific,False,,,"whether the entity used, among its scenarios, a climate-related scenario aligned with the latest international agreement on climate change;",,,,
risk_management,S2,core_standard,12(i)(5),S2 ¶12(i)(5) p.13-13,strategy,strategy;risk_management,shall,not_financial_specific,False,,,"why the entity decided that its chosen climate-related scenarios are relevant to assessing its resilience to climate-related changes, developments or uncertainties;",,,,
risk_management,S2,core_standard,12(i)(6),S2 ¶12(i)(6) p.13-13,strategy,strategy;risk_management,shall,not_financial_specific,False,,,the time horizons the entity used in the analysis; and,,,,
risk_management,S2,core_standard,12(i)(7),S2 ¶12(i)(7) p.13-13,strategy,strategy;risk_management,shall,not_financial_specific,False,,,"what scope of operations the entity used in the analysis (for example, the operating locations and business units used in the analysis);",,,,
risk_management,S2,core_standard,24,S2 ¶24 p.24-25,strategy,strategy;risk_management,shall,not_financial_specific,False,,22,"Paragraph 22 requires an entity to use climate-related scenario analysis to assess its climate resilience, using an approach that is commensurate with its circumstances.",,,,
risk_management,S2,core_standard,24,S2 ¶24 p.24-25,strategy,strategy;risk_management,shall,not_financial_specific,False,,,The entity is required to use an approach to climate-related scenario analysis that enables it to consider all reasonable and supportable information that is available to the entity at the reporting date without undue cost or effort.,,,,
risk_management,S2,core_standard,24(a),S2 ¶24(a) p.25-25,strategy,strategy;risk_management,shall,not_financial_specific,False,,B2,paragraphs B2–B7 set out the factors the entity shall consider when assessing its circumstances;,,,,
risk_management,S2,core_standard,24(a),S2 ¶24(a) p.25-25,strategy,strategy;risk_management,shall,not_financial_specific,False,,B4;B5,To assess its circumstances the entity shall consider: the entity’s exposure to climate-related risks and opportunities (see paragraphs B4–B5);,,,,
risk_management,S2,core_standard,24(b),S2 ¶24(b) p.25-25,strategy,strategy;risk_management,shall,not_financial_specific,False,,B8,paragraphs B8–B15 set out the factors the entity shall consider when determining an appropriate approach to climate-related scenario analysis; and,,,,
risk_management,S2,core_standard,24(b),S2 ¶24(b) p.25-25,strategy,strategy;risk_management,shall,not_financial_specific,False,,B6;B7,"To assess its circumstances the entity shall consider: the skills, capabilities and resources available to the entity for the climate-related scenario analysis (see paragraphs B6–B7).",,,,
risk_management,S2,core_standard,24(b),S2 ¶24(b) p.25-25,strategy,strategy;risk_management,shall,not_financial_specific,False,,,An entity shall assess its circumstances each time it carries out its climate-related scenario analysis.,,,,
risk_management,S2,core_standard,24(c),S2 ¶24(c) p.25-25,strategy,strategy;risk_management,shall,not_financial_specific,False,,B16,paragraphs B16–B18 set out additional factors for the entity to consider when determining its approach to climate-related scenario analysis over time.,,,,
risk_management,S2,core_standard,24(c),S2 ¶24(c) p.25-25,strategy,strategy;risk_management,shall,not_financial_specific,False,,B3,An entity shall use an approach to climate-related scenario analysis that is commensurate with its circumstances as at the time the entity carries out its climate-related scenario analysis (see paragraph B3).,,,,
risk_management,S2,core_standard,12(i)(7)(ii),S2 ¶12(i)(7)(ii) p.13-14,risk_management,risk_management;metrics_targets,shall,not_financial_specific,False,,13;29;32,"In preparing disclosures to meet the requirements in paragraphs 13 –22, an entity shall refer to and consider the applicability of cross-industry metric categories, as described in paragraph 29, and industry-based metrics associated with disclosure topics defined in the Industry-based Guidance on Implementing IFRS S2 as described in paragraph 32.",,,,
risk_management,S2,core_standard,12(i)(7)(ii),S2 ¶12(i)(7)(ii) p.13-14,risk_management,risk_management,shall,not_financial_specific,False,,,"To achieve this objective, an entity shall disclose information about: (a) the processes and related policies the entity uses to identify, assess, prioritise and monitor climate-related risks, including information about: (i) the inputs and parameters the entity uses (for example, information about data sources and the scope of operations covered in the processes); (ii) whether and how the entity uses climate-related scenario analysis to inform its identification of climate-related risks; (iii) how the entity assesses the nature, likelihood and magnitude of the effects of those risks (for example, whether the entity considers qualitative factors, quantitative thresholds or other criteria); (iv) whether and how the entity prioritises climate-related risks relative to other types of risk; (v) how the entity monitors climate-related risks; and (vi) whether and how the entity has changed the processes it uses compared with the previous reporting period; (b) the processes the entity uses to identify, assess, prioritise and monitor climate-related opportunities, including information about whether and how the entity uses climate-related scenario analysis to inform its identification of climate-related opportunities; and (c) the extent to which, and how, the processes for identifying, assessing, prioritising and monitoring climate-related risks and opportunities are integrated into and inform the entity ’s overall risk management process.",,,,
risk_management,S2,core_standard,36(b),S2 ¶36(b) p.38-38,metrics_targets,risk_management;metrics_targets,shall,not_financial_specific,False,,,"In those rare cases when an entity determines it is impracticable to estimate its Scope 3 greenhouse gas emissions, the entity shall disclose how it is managing its Scope 3 greenhouse gas emissions.",,,,
risk_management,S2,core_standard,40(b)(ii)(c),S2 ¶40(b)(ii)(c) p.41-42,metrics_targets,risk_management;metrics_targets,shall,general_financial_sector,True,,,select an industry-classification system that enables it to classify investees or counterparties in a manner that results in information that enables users of general purpose financial reports to understand the entity ’s exposure to climate-related transition risks.,,,,
risk_management,S2,core_standard,40(b)(ii)(c),S2 ¶40(b)(ii)(c) p.41-42,metrics_targets,risk_management;metrics_targets,shall,general_financial_sector,True,,,disclose: (1) the industry-classification system it used to classify investees or counterparties;,,,,
risk_management,S2,core_standard,40(b)(ii)(c),S2 ¶40(b)(ii)(c) p.41-42,metrics_targets,risk_management;metrics_targets,shall,general_financial_sector,True,,B63A(a)(i),disclose: (2) information that enables users of general purpose financial reports to understand how the entity ’s selection of that system fulfils the requirements in paragraph B63A(a)(i).,,,,
risk_management,S2_IBG_CB,industry_guidance,6,S2_IBG_CB ¶6 p.6-6,governance,governance;risk_management;industry_metrics,shall,commercial_banking,True,FN-CB-410a.2,,The entity shall describe its oversight and accountability approach to the incorporation of ESG factors.,,,,
risk_management,S2_IBG_CB,industry_guidance,6,S2_IBG_CB ¶6 p.6-6,governance,governance;risk_management;industry_metrics,shall,commercial_banking,True,FN-CB-410a.2,,Formal oversight individuals or bodies involved,,,,
risk_management,S2_IBG_CB,industry_guidance,6,S2_IBG_CB ¶6 p.6-6,governance,governance;risk_management;industry_metrics,shall,commercial_banking,True,FN-CB-410a.2,,Criteria used in assessing the quality of ESG incorporation,,,,
risk_management,S2_IBG_CB,industry_guidance,1,S2_IBG_CB ¶1 p.5-5,risk_management,strategy;risk_management;industry_metrics,shall,commercial_banking,True,FN-CB-410a.2,,"The entity shall describe its approach to the incorporation of environmental, social and governance (ESG) factors in its credit analysis.",,,,
risk_management,S2_IBG_CB,industry_guidance,2,S2_IBG_CB ¶2 p.5-5,risk_management,risk_management;industry_metrics,shall,commercial_banking,True,FN-CB-410a.2,,The scope of disclosure shall include commercial and industrial lending as well as project finance.,,,,
risk_management,S2_IBG_CB,industry_guidance,3,S2_IBG_CB ¶3 p.5-5,risk_management,governance;risk_management;industry_metrics,shall,commercial_banking,True,FN-CB-410a.2,,The entity shall describe the policies that determine its approach to the incorporation of ESG factors in its credit analysis.,,,,
risk_management,S2_IBG_CB,industry_guidance,4,S2_IBG_CB ¶4 p.5-5,risk_management,risk_management;metrics_targets;industry_metrics,shall,commercial_banking,True,FN-CB-410a.2,,The entity shall discuss how it incorporates ESG factors when estimating credit losses over the contractual term of the entity’s financial assets.,,,,
risk_management,S2_IBG_CB,industry_guidance,5,S2_IBG_CB ¶5 p.5-5,risk_management,governance;risk_management;industry_metrics,shall,commercial_banking,True,FN-CB-410a.2,,The entity shall describe its approach to implementation of the aspects of the entity’s ESG incorporation practices.,,,,
risk_management,S2_IBG_CB,industry_guidance,5,S2_IBG_CB ¶5 p.5-5,risk_management,governance;risk_management;industry_metrics,shall,commercial_banking,True,FN-CB-410a.2,,Parties responsible for the day-to-day incorporation of ESG factors,,,,
risk_management,S2_IBG_CB,industry_guidance,5,S2_IBG_CB ¶5 p.5-5,risk_management,governance;risk_management;industry_metrics,shall,commercial_banking,True,FN-CB-410a.2,,Roles and responsibilities of employees involved,,,,
risk_management,S2_IBG_CB,industry_guidance,10,S2_IBG_CB ¶10 p.6-6,risk_management,strategy;risk_management;industry_metrics,shall,commercial_banking,True,FN-CB-410a.2,,The entity shall describe how ESG factors are incorporated in the assessment of and influence the entity’s views on:,,,,
risk_management,S2_IBG_CB,industry_guidance,10,S2_IBG_CB ¶10 p.6-6,risk_management,strategy;risk_management;industry_metrics,shall,commercial_banking,True,FN-CB-410a.2,,"Traditional macroeconomic factors such as the economic conditions, central bank monetary policy, industry trends, and geopolitical risks that affect creditworthiness of borrowers",,,,
risk_management,S2_IBG_CB,industry_guidance,10,S2_IBG_CB ¶10 p.6-6,risk_management,strategy;risk_management;industry_metrics,shall,commercial_banking,True,FN-CB-410a.2,,Traditional microeconomic factors such as supply and demand for products or services that affect financial conditions and operational results of borrowers as well as their creditworthiness,,,,
risk_management,S2_IBG_CB,industry_guidance,10,S2_IBG_CB ¶10 p.6-6,risk_management,risk_management;industry_metrics,shall,commercial_banking,True,FN-CB-410a.2,,Overall creditworthiness of a borrower,,,,
risk_management,S2_IBG_CB,industry_guidance,10,S2_IBG_CB ¶10 p.6-6,risk_management,risk_management;industry_metrics,shall,commercial_banking,True,FN-CB-410a.2,,Maturity or tenor of a loan,,,,
risk_management,S2_IBG_CB,industry_guidance,10,S2_IBG_CB ¶10 p.6-6,risk_management,risk_management;metrics_targets;industry_metrics,shall,commercial_banking,True,FN-CB-410a.2,,"Expected loss, including probability of default, exposure at default and loss given default",,,,
risk_management,S2_IBG_CB,industry_guidance,10,S2_IBG_CB ¶10 p.6-6,risk_management,risk_management;industry_metrics,shall,commercial_banking,True,FN-CB-410a.2,,Value of posted collateral,,,,
risk_management,S2_IBG_CB,industry_guidance,5,S2_IBG_CB ¶5 p.6-6,risk_management,risk_management;industry_metrics,shall,commercial_banking,True,FN-CB-410a.2,,Approach to ESG-related research,,,,
risk_management,S2_IBG_CB,industry_guidance,5,S2_IBG_CB ¶5 p.6-6,risk_management,risk_management;industry_metrics,shall,commercial_banking,True,FN-CB-410a.2,,Approach to incorporating ESG factors into assessing creditworthiness of borrowers,,,,
risk_management,S2_IBG_CB,industry_guidance,7,S2_IBG_CB ¶7 p.6-6,risk_management,strategy;risk_management;industry_metrics,shall,commercial_banking,True,FN-CB-410a.2,,The entity shall discuss whether it conducts scenario analysis or modelling in which the risk profile of future ESG trends is calculated at the portfolio level of commercial and industrial credit exposure.,,,,
risk_management,S2_IBG_CB,industry_guidance,8,S2_IBG_CB ¶8 p.6-6,risk_management,strategy;risk_management;industry_metrics,shall,commercial_banking,True,FN-CB-410a.2,,"The entity shall discuss ESG trends it considers apply broadly in terms of their effect on sectors and industries, as well as the trends it deems as sector- or industry-specific.",,,,
risk_management,S2_IBG_CB,industry_guidance,9,S2_IBG_CB ¶9 p.6-6,risk_management,risk_management;metrics_targets;industry_metrics,shall,commercial_banking,True,FN-CB-410a.2,,"The entity shall describe significant concentrations of credit exposure to ESG factors, which may include carbon-related assets, water-stressed regions and cybersecurity risks.",,,,
risk_management,S2_IBG_CB,industry_guidance,11,S2_IBG_CB ¶11 p.7-7,risk_management,risk_management;industry_metrics,should,commercial_banking,True,,,"Number of loans for which a review of environmental or social risks was performed, for example, by the entity ’s Environmental and Social Risk Management (ESRM) group",,,,
risk_management,S2_IBG_CB,industry_guidance,8,S2_IBG_CB ¶8 p.6-6,risk_management,strategy;risk_management;industry_metrics,may,commercial_banking,True,FN-CB-410a.2,,The entity may further provide the discussion in the context of geographical exposure of its commercial and industrial credit portfolio.,,,,
risk_management,S2_IBG_CB,industry_guidance,2,S2_IBG_CB ¶2 p.3-4,industry_metrics,strategy;risk_management;metrics_targets;industry_metrics,should,commercial_banking,True,FN-CB-410a.2,,"Description of approach to incorporation of environmental, social and governance (ESG) factors in credit analysis",,,,
risk_management,S2_IBG_CB,industry_guidance,11,S2_IBG_CB ¶11 p.6-6,industry_metrics,risk_management;metrics_targets;industry_metrics,may,commercial_banking,True,,,"The entity may disclose additional quantitative measures related to its approach to the incorporation of ESG factors in credit analysis, such as:",,,,
risk_management,S2_IBG_CB,industry_guidance,11,S2_IBG_CB ¶11 p.6-6,industry_metrics,risk_management;metrics_targets;industry_metrics,may,commercial_banking,True,,,Number of commercial and industrial loans and project finance screened according to the Equator Principles (EP III) (or equivalent) by EP Category,,,,
metrics_targets,S1,core_standard,6(b)(i),S1 ¶6(b)(i) p.9-9,general_requirements,general_requirements;governance;strategy;risk_management;metrics_targets,shall,not_financial_specific,False,,,"within its sustainability-related financial disclosures —such as connections between disclosures on governance, strategy, risk management and metrics and targets; and",,,,
metrics_targets,S1,core_standard,14(vi)(b)(i),S1 ¶14(vi)(b)(i) p.16-17,general_requirements,general_requirements;metrics_targets,shall,not_financial_specific,False,,,"An entity shall label and define metrics and targets using meaningful, clear and precise names and descriptions.",,,,
metrics_targets,S1,core_standard,16(b)(iii)(a),S1 ¶16(b)(iii)(a) p.18-19,general_requirements,general_requirements;metrics_targets,shall,not_financial_specific,False,,57,In making the judgement described in paragraph 57: (a) an entity shall refer to and consider the applicability of the metrics associated with the disclosure topics included in the SASB Standards.,,,,
metrics_targets,S1,core_standard,32(ii)(b),S1 ¶32(ii)(b) p.34-34,general_requirements,general_requirements;governance;strategy;risk_management;metrics_targets,shall,not_financial_specific,False,,,"For example, if an entity integrates its oversight of sustainability-related risks and opportunities, the entity shall integrate the disclosures on governance instead of providing separate disclosures on governance for each sustainability-related risk and opportunity.",,,,
metrics_targets,S1,core_standard,32(ii)(c),S1 ¶32(ii)(c) p.34-34,general_requirements,general_requirements;metrics_targets,shall,not_financial_specific,False,,,"In providing connected information, an entity shall: disclose information about significant differences between the data and assumptions used in preparing the entity ’s sustainability-related financial disclosures and the data and assumptions used in preparing the related financial statements.",,,,
metrics_targets,S1,core_standard,34(a),S1 ¶34(a) p.36-36,general_requirements,general_requirements;metrics_targets,shall,not_financial_specific,False,,B51,"Except as specified in paragraph B51, if an entity identifies new information in relation to the estimated amount disclosed in the preceding period and the new information provides evidence of circumstances that existed in that period, the entity shall: disclose a revised comparative amount that reflects that new information;",,,,
metrics_targets,S1,core_standard,34(a),S1 ¶34(a) p.36-36,general_requirements,general_requirements;metrics_targets,shall,not_financial_specific,False,,,"If an entity redefines or replaces a metric in the reporting period, the entity shall: disclose a revised comparative amount, unless it is impracticable to do so;",,,,
metrics_targets,S1,core_standard,34(b),S1 ¶34(b) p.36-36,general_requirements,general_requirements;metrics_targets,shall,not_financial_specific,False,,B51,"Except as specified in paragraph B51, if an entity identifies new information in relation to the estimated amount disclosed in the preceding period and the new information provides evidence of circumstances that existed in that period, the entity shall: disclose the difference between the amount disclosed in the preceding period and the revised comparative amount; and",,,,
metrics_targets,S1,core_standard,34(b),S1 ¶34(b) p.36-36,general_requirements,general_requirements;metrics_targets,shall,not_financial_specific,False,,,"If an entity redefines or replaces a metric in the reporting period, the entity shall: explain the changes; and",,,,
metrics_targets,S1,core_standard,34(c),S1 ¶34(c) p.36-36,general_requirements,general_requirements;metrics_targets,shall,not_financial_specific,False,,B51,"Except as specified in paragraph B51, if an entity identifies new information in relation to the estimated amount disclosed in the preceding period and the new information provides evidence of circumstances that existed in that period, the entity shall: explain the reasons for revising the comparative amount.",,,,
metrics_targets,S1,core_standard,34(c),S1 ¶34(c) p.36-37,general_requirements,general_requirements;metrics_targets,shall,not_financial_specific,False,,,"If an entity introduces a new metric in the reporting period, it shall disclose a comparative amount for that metric unless it is impracticable to do so.",,,,
metrics_targets,S1,core_standard,34(c),S1 ¶34(c) p.36-37,general_requirements,general_requirements;metrics_targets,shall,not_financial_specific,False,,,"If it is impracticable to revise a comparative amount for the preceding period, an entity shall disclose that fact.",,,,
metrics_targets,S1,core_standard,42,S1 ¶42 p.43-45,general_requirements,general_requirements;governance;strategy;risk_management;metrics_targets,shall,not_financial_specific,False,,,"If an entity uses this transition relief, it shall disclose that fact.",,,,
metrics_targets,S1,core_standard,8(a)(v),S1 ¶8(a)(v) p.11-11,governance,governance;metrics_targets,shall,not_financial_specific,False,,51,"how the body(s) or individual(s) oversees the setting of targets related to sustainability-related risks and opportunities, and monitors progress towards those targets (see paragraph 51 ), including whether and how related performance metrics are included in remuneration policies.",,,,
metrics_targets,S1,core_standard,10(a),S1 ¶10(a) p.13-13,strategy,strategy;metrics_targets,shall,not_financial_specific,False,,,"the effects of sustainability-related risks and opportunities on the entity’s financial position, financial performance and cash flows for the reporting period (current financial effects); and",,,,
metrics_targets,S1,core_standard,10(a),S1 ¶10(a) p.13-13,strategy,strategy;metrics_targets,shall,not_financial_specific,False,,,"how sustainability-related risks and opportunities have affected its financial position, financial performance and cash flows for the reporting period;",,,,
metrics_targets,S1,core_standard,10(b),S1 ¶10(b) p.13-13,strategy,strategy;metrics_targets,shall,not_financial_specific,False,,,"the anticipated effects of sustainability-related risks and opportunities on the entity’s financial position, financial performance and cash flows over the short, medium and long term, taking into consideration how sustainability-related risks and opportunities are included in the entity’s financial planning (anticipated financial effects). Specifically, an entity shall disclose quantitative and qualitative information about:",,,,
metrics_targets,S1,core_standard,10(c),S1 ¶10(c) p.13-13,strategy,strategy;metrics_targets,shall,not_financial_specific,False,,,"how the entity expects its financial position to change over the short, medium and long term, given its strategy to manage sustainability- related risks and opportunities, taking into consideration:",,,,
metrics_targets,S1,core_standard,12(i),S1 ¶12(i) p.14-14,strategy,strategy;metrics_targets,shall,not_financial_specific,False,,,"its investment and disposal plans (for example, plans for capital expenditure, major acquisitions and divestments, joint ventures, business transformation, innovation, new business areas, and asset retirements), including plans the entity is not contractually committed to; and",,,,
metrics_targets,S1,core_standard,12(ii),S1 ¶12(ii) p.14-14,strategy,strategy;metrics_targets,shall,not_financial_specific,False,,,its planned sources of funding to implement its strategy; and,,,,
metrics_targets,S1,core_standard,8(d),S1 ¶8(d) p.10-10,metrics_targets,metrics_targets,shall,not_financial_specific,False,,45;46;47;48;49;50;51;52;53,"Unless another IFRS Sustainability Disclosure Standard permits or requires otherwise in specified circumstances, an entity shall provide disclosures about: metrics and targets —the entity ’s performance in relation to sustainability-related risks and opportunities, including progress towards any targets the entity has set or is required to meet by law or regulation (see paragraphs 45–53).",,,,
metrics_targets,S1,core_standard,14(vi)(a),S1 ¶14(vi)(a) p.16-16,metrics_targets,metrics_targets,shall,not_financial_specific,False,,,metrics required by an applicable IFRS Sustainability Disclosure Standard; and,,,,
metrics_targets,S1,core_standard,14(vi)(b),S1 ¶14(vi)(b) p.16-16,metrics_targets,metrics_targets,shall,not_financial_specific,False,,,metrics the entity uses to measure and monitor:,,,,
metrics_targets,S1,core_standard,14(vi)(b)(i),S1 ¶14(vi)(b)(i) p.16-17,metrics_targets,metrics_targets,shall,not_financial_specific,False,,,"that sustainability-related risk or opportunity; and (ii) its performance in relation to that sustainability-related risk or opportunity, including progress towards any targets the entity has set, and any targets it is required to meet by law or regulation.",,,,
metrics_targets,S1,core_standard,14(vi)(b)(i),S1 ¶14(vi)(b)(i) p.16-17,metrics_targets,metrics_targets,shall,not_financial_specific,False,,,"If a metric taken from a source other than IFRS Sustainability Disclosure Standards, the entity shall identify the source and the metric taken.",,,,
metrics_targets,S1,core_standard,14(vi)(b)(i),S1 ¶14(vi)(b)(i) p.16-17,metrics_targets,metrics_targets,shall,not_financial_specific,False,,,"If a metric has been developed by an entity, the entity shall disclose information about: (a) how the metric is defined, including whether it is derived by adjusting a metric taken from a source other than IFRS Sustainability Disclosure Standards and, if so, which source and how the metric disclosed by the entity differs from the metric specified in that source;",,,,
metrics_targets,S1,core_standard,14(vi)(b)(i),S1 ¶14(vi)(b)(i) p.16-17,metrics_targets,metrics_targets,shall,not_financial_specific,False,,,"If a metric has been developed by an entity, the entity shall disclose information about: (b) whether the metric is an absolute measure, a measure expressed in relation to another metric or a qualitative measure (such as a red, amber, green—or RAG—status);",,,,
metrics_targets,S1,core_standard,14(vi)(b)(i),S1 ¶14(vi)(b)(i) p.16-17,metrics_targets,metrics_targets,shall,not_financial_specific,False,,,"If a metric has been developed by an entity, the entity shall disclose information about: (c) whether the metric is validated by a third party and, if so, which party; and",,,,
metrics_targets,S1,core_standard,14(vi)(b)(i),S1 ¶14(vi)(b)(i) p.16-17,metrics_targets,metrics_targets,shall,not_financial_specific,False,,,"If a metric has been developed by an entity, the entity shall disclose information about: (d) the method used to calculate the metric and the inputs to the calculation, including the limitations of the method used and the significant assumptions made.",,,,
metrics_targets,S1,core_standard,14(vi)(b)(i),S1 ¶14(vi)(b)(i) p.16-17,metrics_targets,metrics_targets,shall,not_financial_specific,False,,,"An entity shall disclose information about the targets it has set to monitor progress towards achieving its strategic goals, and any targets it is required to meet by law or regulation.",,,,
metrics_targets,S1,core_standard,14(vi)(b)(i),S1 ¶14(vi)(b)(i) p.16-17,metrics_targets,metrics_targets,shall,not_financial_specific,False,,,"For each target, the entity shall disclose: (a) the metric used to set the target and to monitor progress towards reaching the target;",,,,
metrics_targets,S1,core_standard,14(vi)(b)(i),S1 ¶14(vi)(b)(i) p.16-17,metrics_targets,metrics_targets,shall,not_financial_specific,False,,,"For each target, the entity shall disclose: (b) the specific quantitative or qualitative target the entity has set or is required to meet;",,,,
metrics_targets,S1,core_standard,14(vi)(b)(i),S1 ¶14(vi)(b)(i) p.16-17,metrics_targets,metrics_targets,shall,not_financial_specific,False,,,"For each target, the entity shall disclose: (c) the period over which the target applies;",,,,
metrics_targets,S1,core_standard,14(vi)(b)(i),S1 ¶14(vi)(b)(i) p.16-17,metrics_targets,metrics_targets,shall,not_financial_specific,False,,,"For each target, the entity shall disclose: (d) the base period from which progress is measured;",,,,
metrics_targets,S1,core_standard,14(vi)(b)(i),S1 ¶14(vi)(b)(i) p.16-17,metrics_targets,metrics_targets,shall,not_financial_specific,False,,,"For each target, the entity shall disclose: (e) any milestones and interim targets;",,,,
metrics_targets,S1,core_standard,14(vi)(b)(i),S1 ¶14(vi)(b)(i) p.16-17,metrics_targets,metrics_targets,shall,not_financial_specific,False,,,"For each target, the entity shall disclose: (f) performance against each target and an analysis of trends or changes in the entity’s performance; and",,,,
metrics_targets,S1,core_standard,14(vi)(b)(i),S1 ¶14(vi)(b)(i) p.16-17,metrics_targets,metrics_targets,shall,not_financial_specific,False,,,"For each target, the entity shall disclose: (g) any revisions to the target and an explanation for those revisions.",,,,
metrics_targets,S1,core_standard,14(vi)(b)(i),S1 ¶14(vi)(b)(i) p.16-17,metrics_targets,metrics_targets,shall,not_financial_specific,False,,,"The definition and calculation of metrics, including metrics used to set the entity’s targets and monitor progress towards reaching them, shall be consistent over time.",,,,
metrics_targets,S1,core_standard,14(vi)(b)(i),S1 ¶14(vi)(b)(i) p.16-17,metrics_targets,metrics_targets,shall,not_financial_specific,False,,B52,"If a metric is redefined or replaced, an entity shall apply paragraph B52.",,,,
metrics_targets,S2,core_standard,16(ii)(g)(i),S2 ¶16(ii)(g)(i) p.17-18,general_requirements,general_requirements;metrics_targets,shall,not_financial_specific,False,,29(b);29(c);29(d),"In preparing disclosures to meet the requirements in paragraph 29(b) –(d), an entity shall use all reasonable and supportable information that is available to the entity at the reporting date without undue cost or effort.",,,,
metrics_targets,S2,core_standard,16(ii)(g)(i),S2 ¶16(ii)(g)(i) p.17-18,general_requirements,general_requirements;metrics_targets,shall,not_financial_specific,False,,29(b);29(c);29(d);29(e);29(f);29(g);B64;B65,"In preparing disclosures to meet the requirements in paragraph 29(b) –(g), an entity shall refer to paragraphs B64–B65.",,,,
metrics_targets,S2,core_standard,44(b),S2 ¶44(b) p.45-46,general_requirements,general_requirements;metrics_targets,shall,general_financial_sector,True,,29(a);29(a)(vi)(2);B58,"an entity is not required to disclose its Scope 3 greenhouse gas emissions (see paragraph 29(a)) which includes, if the entity participates in asset management, commercial banking or insurance activities, the additional information about its financed emissions (see paragraph 29(a)(vi)(2) and paragraphs B58–B63A).",,,,
metrics_targets,S2,core_standard,44(a),S2 ¶44(a) p.46-46,general_requirements,general_requirements;metrics_targets,shall,not_financial_specific,False,,29(a)(ii);B24;B21,if the entity has changed how it measures greenhouse gas emissions as a result of applying the relief in paragraphs 29(a)(ii) and B24 or paragraphs B21–B22—it shall adjust the comparative information as if it had changed how it measures greenhouse gas emissions in that preceding period;,,,,
metrics_targets,S2,core_standard,6(v),S2 ¶6(v) p.7-7,governance,governance;metrics_targets,shall,not_financial_specific,False,,33;29(g),"how the body(s) or individual(s) oversees the setting of targets related to climate-related risks and opportunities, and monitors progress towards those targets (see paragraphs 33 –36), including whether and how related performance metrics are included in remuneration policies (see paragraph 29(g)).",,,,
metrics_targets,S2,core_standard,16(ii)(g)(i),S2 ¶16(ii)(g)(i) p.17-18,governance,governance;metrics_targets,shall,not_financial_specific,False,,,(ii) the percentage of executive management remuneration recognised in the current period that is linked to climate- related considerations.,,,,
metrics_targets,S2,core_standard,unknown,S2 ¶unknown p.7-8,strategy,strategy;metrics_targets,shall,not_financial_specific,False,,15,"Specifically, an entity shall disclose information to enable users of general purpose financial reports to understand: (d) the effects of those climate-related risks and opportunities on the entity’s financial position, financial performance and cash flows for the reporting period, and their anticipated effects on the entity ’s financial position, financial performance and cash flows over the short, medium and long term, taking into consideration how those climate-related risks and opportunities have been factored into the entity’s financial planning (see paragraphs 15–21); and",,,,
metrics_targets,S2,core_standard,8(a),S2 ¶8(a) p.9-9,strategy,strategy;metrics_targets,shall,not_financial_specific,False,,,"information about how the entity has responded to, and plans to respond to, climate-related risks and opportunities in its strategy and decision-making, including how the entity plans to achieve any climate-related targets it has set and any targets it is required to meet by law or regulation.",,,,
metrics_targets,S2,core_standard,12(i)(7)(ii),S2 ¶12(i)(7)(ii) p.13-14,risk_management,risk_management;metrics_targets,shall,not_financial_specific,False,,13;29;32,"In preparing disclosures to meet the requirements in paragraphs 13 –22, an entity shall refer to and consider the applicability of cross-industry metric categories, as described in paragraph 29, and industry-based metrics associated with disclosure topics defined in the Industry-based Guidance on Implementing IFRS S2 as described in paragraph 32.",,,,
metrics_targets,S2,core_standard,8(a)(v),S2 ¶8(a)(v) p.10-10,metrics_targets,strategy;metrics_targets,shall,not_financial_specific,False,,33,"how the entity plans to achieve any climate-related targets, including any greenhouse gas emissions targets, described in accordance with paragraphs 33–36.",,,,
metrics_targets,S2,core_standard,10(c),S2 ¶10(c) p.11-11,metrics_targets,strategy;metrics_targets,shall,not_financial_specific,False,,,"how the entity expects its financial position to change over the short, medium and long term, given its strategy to manage climate-related risks and opportunities, taking into consideration:",,,,
metrics_targets,S2,core_standard,10(c)(i),S2 ¶10(c)(i) p.11-11,metrics_targets,strategy;metrics_targets,shall,not_financial_specific,False,,,"its investment and disposal plans (for example, plans for capital expenditure, major acquisitions and divestments, joint ventures, business transformation, innovation, new business areas, and asset retirements), including plans the entity is not contractually committed to; and",,,,
metrics_targets,S2,core_standard,10(c)(ii),S2 ¶10(c)(ii) p.11-11,metrics_targets,strategy;metrics_targets,shall,not_financial_specific,False,,,its planned sources of funding to implement its strategy; and,,,,
metrics_targets,S2,core_standard,10(c)(ii)(d),S2 ¶10(c)(ii)(d) p.11-12,metrics_targets,strategy;metrics_targets,shall,not_financial_specific,False,,,"how the entity expects its financial performance and cash flows to change over the short, medium and long term, given its strategy to manage climate-related risks and opportunities (for example, increased revenue from products and services aligned with a lower-carbon economy; costs arising from physical damage to assets from climate events; and expenses associated with climate adaptation or mitigation).",,,,
metrics_targets,S2,core_standard,10(c)(ii)(d),S2 ¶10(c)(ii)(d) p.11-12,metrics_targets,metrics_targets,shall,not_financial_specific,False,,,"In preparing disclosures about the anticipated financial effects of a climate-related risk or opportunity, an entity shall: (a) use all reasonable and supportable information that is available to the entity at the reporting date without undue cost or effort; and (b) use an approach that is commensurate with the skills, capabilities and resources that are available to the entity for preparing those disclosures.",,,,
metrics_targets,S2,core_standard,10(c)(ii)(d),S2 ¶10(c)(ii)(d) p.11-12,metrics_targets,metrics_targets,shall,not_financial_specific,False,,19,"If an entity determines that it need not provide quantitative information about the current or anticipated financial effects of a climate-related risk or opportunity applying the criteria set out in paragraphs 19–20, the entity shall: (a) explain why it has not provided quantitative information; (b) provide qualitative information about those financial effects, including identifying line items, totals and subtotals within the related financial statements that are likely to be affected, or have been affected, by that climate-related risk or opportunity; and (c) provide quantitative information about the combined financial effects of that climate-related risk or opportunity with other climate-related risks or opportunities and other factors unless the entity determines that quantitative information about the combined financial effects would not be useful.",,,,
metrics_targets,S2,core_standard,14,S2 ¶14 p.14-15,metrics_targets,metrics_targets,shall,not_financial_specific,False,,,"To achieve this objective, an entity shall disclose:",,,,
metrics_targets,S2,core_standard,14(a),S2 ¶14(a) p.15-15,metrics_targets,metrics_targets,shall,not_financial_specific,False,,29,information relevant to the cross-industry metric categories (see paragraphs 29–31);,,,,
metrics_targets,S2,core_standard,14(a),S2 ¶14(a) p.15-15,metrics_targets,metrics_targets,shall,not_financial_specific,False,,,greenhouse gases—the entity shall:,,,,
metrics_targets,S2,core_standard,14(a)(i),S2 ¶14(a)(i) p.15-15,metrics_targets,metrics_targets,shall,not_financial_specific,False,,B19,"disclose its absolute gross greenhouse gas emissions generated during the reporting period, expressed as metric tonnes of CO2 equivalent (see paragraphs B19–B22), classified as:",,,,
metrics_targets,S2,core_standard,14(a)(i)(1),S2 ¶14(a)(i)(1) p.15-16,metrics_targets,metrics_targets,shall,not_financial_specific,False,,,Scope 1 greenhouse gas emissions;,,,,
metrics_targets,S2,core_standard,14(a)(i)(1),S2 ¶14(a)(i)(1) p.15-16,metrics_targets,metrics_targets,shall,not_financial_specific,False,,,Scope 2 greenhouse gas emissions; and,,,,
metrics_targets,S2,core_standard,14(a)(i)(1),S2 ¶14(a)(i)(1) p.15-16,metrics_targets,metrics_targets,shall,not_financial_specific,False,,,Scope 3 greenhouse gas emissions;,,,,
metrics_targets,S2,core_standard,14(a)(i)(1),S2 ¶14(a)(i)(1) p.15-16,metrics_targets,metrics_targets,shall,not_financial_specific,False,,B23,"measure its greenhouse gas emissions in accordance with the Greenhouse Gas Protocol: A Corporate Accounting and Reporting Standard (2004) unless the entity is required, in whole or in part, by a jurisdictional authority or an exchange on which it is listed to use a different method for measuring its greenhouse gas emissions (see paragraphs B23–B25);",,,,
metrics_targets,S2,core_standard,14(a)(i)(1),S2 ¶14(a)(i)(1) p.15-16,metrics_targets,metrics_targets,shall,not_financial_specific,False,,B26,"disclose the approach it uses to measure its greenhouse gas emissions (see paragraphs B26–B29) including: (1) the measurement approach, inputs and assumptions the entity uses to measure its greenhouse gas emissions; (2) the reason why the entity has chosen the measurement approach, inputs and assumptions it uses to measure its greenhouse gas emissions; and (3) any changes the entity made to the measurement approach, inputs and assumptions during the reporting period and the reasons for those changes;",,,,
metrics_targets,S2,core_standard,14(a)(i)(1),S2 ¶14(a)(i)(1) p.15-16,metrics_targets,metrics_targets,shall,not_financial_specific,False,,29,"for Scope 1 and Scope 2 greenhouse gas emissions disclosed in accordance with paragraph 29(a)(i)(1) –(2), disaggregate emissions between: (1) the consolidated accounting group (for example, for an entity applying IFRS Accounting Standards, this group would comprise the parent and its consolidated subsidiaries); and (2) other investees excluded from paragraph 29(a)(iv)(1) (for example, for an entity applying IFRS Accounting Standards, these investees would include associates, joint ventures and unconsolidated subsidiaries);",,,,
metrics_targets,S2,core_standard,14(a)(i)(1),S2 ¶14(a)(i)(1) p.15-16,metrics_targets,metrics_targets,shall,not_financial_specific,False,,29;B30,"for Scope 2 greenhouse gas emissions disclosed in accordance with paragraph 29(a)(i)(2), disclose its location-based Scope 2 greenhouse gas emissions, and provide information about any contractual instruments that is necessary to inform users ’ understanding of the entity ’s Scope 2 greenhouse gas emissions (see paragraphs B30–B31);",,,,
metrics_targets,S2,core_standard,14(a)(i)(1),S2 ¶14(a)(i)(1) p.15-16,metrics_targets,metrics_targets,shall,general_financial_sector,True,,29;B32;B58,"for Scope 3 greenhouse gas emissions disclosed in accordance with paragraph 29(a)(i)(3), and with reference to paragraphs B32–B57, disclose: (1) the categories included within the entity ’s measure of Scope 3 greenhouse gas emissions, in accordance with the Scope 3 categories described in the Greenhouse Gas Protocol Corporate Value Chain (Scope 3) Accounting and Reporting Standard (2011); and (2) additional information about the entity ’s financed emissions (which are part of Category 15 greenhouse gas emissions), if its activities include asset management, commercial banking or insurance (see paragraphs B58–B63A);",,,,
metrics_targets,S2,core_standard,14(b),S2 ¶14(b) p.15-15,metrics_targets,metrics_targets;industry_metrics,shall,not_financial_specific,False,,32,"industry-based metrics that are associated with particular business models, activities or other common features that characterise participation in an industry (see paragraph 32); and",,,,
metrics_targets,S2,core_standard,14(c),S2 ¶14(c) p.15-15,metrics_targets,governance;metrics_targets,shall,not_financial_specific,False,,33,"targets set by the entity, and any targets it is required to meet by law or regulation, to mitigate or adapt to climate-related risks or take advantage of climate-related opportunities, including metrics used by the governance body or management to measure progress towards these targets (see paragraphs 33–37).",,,,
metrics_targets,S2,core_standard,16(i),S2 ¶16(i) p.17-17,metrics_targets,strategy;metrics_targets,shall,not_financial_specific,False,,,"an explanation of whether and how the entity is applying a carbon price in decision-making (for example, investment decisions, transfer pricing and scenario analysis); and",,,,
metrics_targets,S2,core_standard,16(ii),S2 ¶16(ii) p.17-17,metrics_targets,metrics_targets,shall,not_financial_specific,False,,,the price for each metric tonne of greenhouse gas emissions the entity uses to assess the costs of its greenhouse gas emissions;,,,,
metrics_targets,S2,core_standard,16(ii)(g),S2 ¶16(ii)(g) p.17-17,metrics_targets,governance;metrics_targets,shall,not_financial_specific,False,,,remuneration —the entity shall disclose:,,,,
metrics_targets,S2,core_standard,16(ii)(g)(i),S2 ¶16(ii)(g)(i) p.17-18,metrics_targets,metrics_targets,shall,not_financial_specific,False,,29A,"If an entity applies the limitation in paragraph 29A, the entity shall: (a) explain what it has treated as a derivative to enable users of general purpose financial reports to understand how it applied the limitation.",,,,
metrics_targets,S2,core_standard,16(ii)(g)(i),S2 ¶16(ii)(g)(i) p.17-18,metrics_targets,metrics_targets,shall,not_financial_specific,False,,29A,"If an entity applies the limitation in paragraph 29A, the entity shall: (b) describe the financial activities it has excluded from its measure of Scope 3 Category 15 greenhouse gas emissions as a result of applying paragraph 29A, including activities associated with derivatives.",,,,
metrics_targets,S2,core_standard,16(ii)(g)(i),S2 ¶16(ii)(g)(i) p.17-18,metrics_targets,metrics_targets,shall,not_financial_specific,False,,29(a)(i)(3),"If an entity has included Category 15 greenhouse gas emissions in its measure of Scope 3 greenhouse gas emissions disclosed in accordance with paragraph 29(a)(i)(3), the entity shall disclose the total Category 15 greenhouse gas emissions and the subtotal of financed emissions included in that total.",,,,
metrics_targets,S2,core_standard,16(ii)(g)(i),S2 ¶16(ii)(g)(i) p.17-18,metrics_targets,strategy;metrics_targets,shall,not_financial_specific,False,,,"An entity shall disclose the quantitative and qualitative climate-related targets it has set to monitor progress towards achieving its strategic goals, and any targets it is required to meet by law or regulation, including any greenhouse gas emissions targets.",,,,
metrics_targets,S2,core_standard,16(ii)(g)(i),S2 ¶16(ii)(g)(i) p.17-18,metrics_targets,metrics_targets,shall,not_financial_specific,False,,B66;B67,"For each target, the entity shall disclose: (a) the metric used to set the target (see paragraphs B66 –B67);",,,,
metrics_targets,S2,core_standard,16(ii)(g)(i),S2 ¶16(ii)(g)(i) p.17-18,metrics_targets,strategy;metrics_targets,shall,not_financial_specific,False,,,"For each target, the entity shall disclose: (b) the objective of the target (for example, mitigation, adaptation or conformance with science-based initiatives);",,,,
metrics_targets,S2,core_standard,16(ii)(g)(i),S2 ¶16(ii)(g)(i) p.17-18,metrics_targets,metrics_targets,shall,not_financial_specific,False,,,"For each target, the entity shall disclose: (c) the part of the entity to which the target applies (for example, whether the target applies to the entity in its entirety or only a part of the entity, such as a specific business unit or specific geographical region);",,,,
metrics_targets,S2,core_standard,16(ii)(g)(i),S2 ¶16(ii)(g)(i) p.17-18,metrics_targets,metrics_targets,shall,not_financial_specific,False,,,"For each target, the entity shall disclose: (d) the period over which the target applies;",,,,
metrics_targets,S2,core_standard,16(ii)(g)(i),S2 ¶16(ii)(g)(i) p.17-18,metrics_targets,metrics_targets,shall,not_financial_specific,False,,,"For each target, the entity shall disclose: (e) the base period from which progress is measured;",,,,
metrics_targets,S2,core_standard,16(ii)(g)(i),S2 ¶16(ii)(g)(i) p.17-18,metrics_targets,metrics_targets,shall,not_financial_specific,False,,,"For each target, the entity shall disclose: (f) any milestones and interim targets;",,,,
metrics_targets,S2,core_standard,16(ii)(g)(i),S2 ¶16(ii)(g)(i) p.17-18,metrics_targets,metrics_targets,shall,not_financial_specific,False,,,"For each target, the entity shall disclose: (g) if the target is quantitative, whether it is an absolute target or an intensity target; and",,,,
metrics_targets,S2,core_standard,16(ii)(g)(i),S2 ¶16(ii)(g)(i) p.17-18,metrics_targets,strategy;metrics_targets,shall,not_financial_specific,False,,,"For each target, the entity shall disclose: (h) how the latest international agreement on climate change, including jurisdictional commitments that arise from that agreement, has informed the target.",,,,
metrics_targets,S2,core_standard,16(ii)(g)(i),S2 ¶16(ii)(g)(i) p.17-18,metrics_targets,metrics_targets,shall,not_financial_specific,False,,,"An entity shall disclose information about its approach to setting and reviewing each target, and how it monitors progress against each target, including: (a) whether the target and the methodology for setting the target has been validated by a third party;",,,,
metrics_targets,S2,core_standard,16(ii)(g)(i),S2 ¶16(ii)(g)(i) p.17-18,metrics_targets,metrics_targets,shall,not_financial_specific,False,,,"An entity shall disclose information about its approach to setting and reviewing each target, and how it monitors progress against each target, including: (b) the entity ’s processes for reviewing the target;",,,,
metrics_targets,S2,core_standard,16(ii)(g)(i),S2 ¶16(ii)(g)(i) p.17-18,metrics_targets,metrics_targets,shall,not_financial_specific,False,,,"An entity shall disclose information about its approach to setting and reviewing each target, and how it monitors progress against each target, including: (c) the metrics used to monitor progress towards reaching the target; and",,,,
metrics_targets,S2,core_standard,16(ii)(g)(i),S2 ¶16(ii)(g)(i) p.17-18,metrics_targets,metrics_targets,shall,not_financial_specific,False,,,"An entity shall disclose information about its approach to setting and reviewing each target, and how it monitors progress against each target, including: (d) any revisions to the target and an explanation for those revisions.",,,,
metrics_targets,S2,core_standard,16(ii)(g)(i),S2 ¶16(ii)(g)(i) p.17-18,metrics_targets,metrics_targets,shall,not_financial_specific,False,,,An entity shall disclose information about its performance against each climate-related target and an analysis of trends or changes in the entity ’s performance.,,,,
metrics_targets,S2,core_standard,16(ii)(g)(i),S2 ¶16(ii)(g)(i) p.17-18,metrics_targets,metrics_targets,shall,not_financial_specific,False,,33;34;35,"For each greenhouse gas emissions target disclosed in accordance with paragraphs 33–35, an entity shall disclose: (a) which greenhouse gases are covered by the target.",,,,
metrics_targets,S2,core_standard,18(b),S2 ¶18(b) p.19-19,metrics_targets,metrics_targets,shall,not_financial_specific,False,,,"whether Scope 1, Scope 2 or Scope 3 greenhouse gas emissions are covered by the target.",,,,
metrics_targets,S2,core_standard,18(c),S2 ¶18(c) p.19-19,metrics_targets,metrics_targets,shall,not_financial_specific,False,,,whether the target is a gross greenhouse gas emissions target or net greenhouse gas emissions target.,,,,
metrics_targets,S2,core_standard,18(c),S2 ¶18(c) p.19-19,metrics_targets,metrics_targets,shall,not_financial_specific,False,,B68;B69,"If the entity discloses a net greenhouse gas emissions target, the entity is also required to separately disclose its associated gross greenhouse gas emissions target (see paragraphs B68–B69).",,,,
metrics_targets,S2,core_standard,18(d),S2 ¶18(d) p.19-19,metrics_targets,metrics_targets,shall,not_financial_specific,False,,,whether the target was derived using a sectoral decarbonisation approach.,,,,
metrics_targets,S2,core_standard,18(e),S2 ¶18(e) p.19-19,metrics_targets,metrics_targets,shall,not_financial_specific,False,,,the entity ’s planned use of carbon credits to offset greenhouse gas emissions to achieve any net greenhouse gas emissions target.,,,,
metrics_targets,S2,core_standard,18(e),S2 ¶18(e) p.19-19,metrics_targets,metrics_targets,shall,not_financial_specific,False,,B70;B71,"In explaining its planned use of carbon credits the entity shall disclose information including, and with reference to paragraphs B70–B71:",,,,
metrics_targets,S2,core_standard,18(e)(i),S2 ¶18(e)(i) p.19-19,metrics_targets,metrics_targets,shall,not_financial_specific,False,,,"the extent to which, and how, achieving any net greenhouse gas emissions target relies on the use of carbon credits;",,,,
metrics_targets,S2,core_standard,18(e)(ii),S2 ¶18(e)(ii) p.19-19,metrics_targets,metrics_targets,shall,not_financial_specific,False,,,which third-party scheme(s) will verify or certify the carbon credits;,,,,
metrics_targets,S2,core_standard,18(e)(iii),S2 ¶18(e)(iii) p.19-19,metrics_targets,metrics_targets,shall,not_financial_specific,False,,,"the type of carbon credit, including whether the underlying offset will be nature-based or based on technological carbon removals, and whether the underlying offset is achieved through carbon reduction or removal; and",,,,
metrics_targets,S2,core_standard,18(e)(iv),S2 ¶18(e)(iv) p.19-20,metrics_targets,metrics_targets,shall,not_financial_specific,False,,,"any other factors necessary for users of general purpose financial reports to understand the credibility and integrity of the carbon credits the entity plans to use (for example, assumptions regarding the permanence of the carbon offset).",,,,
metrics_targets,S2,core_standard,18(e)(iv),S2 ¶18(e)(iv) p.19-20,metrics_targets,metrics_targets;industry_metrics,shall,not_financial_specific,False,,33;34;29;32,"In identifying and disclosing the metrics used to set and monitor progress towards reaching a target described in paragraphs 33 –34, an entity shall refer to and consider the applicability of cross-industry metrics (see paragraph 29) and industry-based metrics (see paragraph 32), including those described in an applicable IFRS Sustainability Disclosure Standard, or metrics that otherwise satisfy the requirements in IFRS S1.",,,,
metrics_targets,S2,core_standard,28(c),S2 ¶28(c) p.30-30,metrics_targets,metrics_targets,shall,not_financial_specific,False,,29(a),"To meet this requirement, the entity shall aggregate the seven constituent greenhouse gases into CO2 equivalent values.",,,,
metrics_targets,S2,core_standard,28(c),S2 ¶28(c) p.30-30,metrics_targets,metrics_targets,shall,not_financial_specific,False,,,"If an entity uses direct measurement to measure its greenhouse gas emissions, the entity is required to convert the seven constituent greenhouse gases into a CO2 equivalent value using global warming potential values based on a 100‑year time horizon, from the latest Intergovernmental Panel on Climate Change assessment available at the reporting date.",,,,
metrics_targets,S2,core_standard,30,S2 ¶30 p.30-31,metrics_targets,metrics_targets,shall,not_financial_specific,False,,B29,"If an entity uses emission factors to estimate its greenhouse gas emissions, the entity shall use —as its basis for measuring its greenhouse gas emissions —the emission factors that best represent the entity ’s activity (see paragraph B29).",,,,
metrics_targets,S2,core_standard,30,S2 ¶30 p.30-31,metrics_targets,metrics_targets,shall,not_financial_specific,False,,,"However, if an entity uses emission factors that are not converted into CO 2 equivalent values, then the entity shall use the global warming potential values based on a 100-year time horizon from the latest Intergovernmental Panel on Climate Change assessment available at the reporting date.",,,,
metrics_targets,S2,core_standard,30,S2 ¶30 p.30-31,metrics_targets,metrics_targets,shall,not_financial_specific,False,,29(a)(ii),"For the avoidance of doubt, an entity shall apply the requirements in the Greenhouse Gas Protocol: A Corporate Accounting and Reporting Standard (2004) only to the extent that they do not conflict with the requirements in this Standard.",,,,
metrics_targets,S2,core_standard,30(2004),S2 ¶30(2004) p.31-32,metrics_targets,metrics_targets,shall,not_financial_specific,False,,,"An entity is required to use the Greenhouse Gas Protocol: A Corporate Accounting and Reporting Standard (2004) unless the entity is required, in whole or in part, by a jurisdictional authority or an exchange on which it is listed to use a different method for measuring its greenhouse gas emissions.",,,,
metrics_targets,S2,core_standard,30(2004),S2 ¶30(2004) p.31-32,metrics_targets,metrics_targets,shall,not_financial_specific,False,,,"In such circumstances, the jurisdictional requirement does not exempt the entity from applying the requirements in this Standard to disclose the entity ’s Scope 1, Scope 2 and Scope 3 greenhouse gas emissions for the entity as a whole.",,,,
metrics_targets,S2,core_standard,30(2004)(a),S2 ¶30(2004)(a) p.32-32,metrics_targets,metrics_targets,shall,not_financial_specific,False,,29(a)(iii);B27,the measurement approach the entity uses in accordance with the Greenhouse Gas Protocol: A Corporate Accounting and Reporting Standard (2004) (see paragraph B27);,,,,
metrics_targets,S2,core_standard,30(2004)(a),S2 ¶30(2004)(a) p.32-32,metrics_targets,metrics_targets,shall,not_financial_specific,False,,29(a)(iii);27,"the approach it uses to determine its greenhouse gas emissions (for example, the equity share or control approach in the Greenhouse Gas Protocol: A Corporate Accounting and Reporting Standard (2004)); and",,,,
metrics_targets,S2,core_standard,30(2004)(a),S2 ¶30(2004)(a) p.32-32,metrics_targets,metrics_targets,shall,not_financial_specific,False,,29(a)(ii);B24;C4(a),the applicable method and measurement approach the entity uses to determine its greenhouse gas emissions; and,,,,
metrics_targets,S2,core_standard,30(2004)(b),S2 ¶30(2004)(b) p.32-32,metrics_targets,metrics_targets,shall,not_financial_specific,False,,29(a)(iii);B28,the applicable method if the entity is not using the Greenhouse Gas Protocol: A Corporate Accounting and Reporting Standard (2004) and the measurement approach the entity uses (see paragraph B28); and,,,,
metrics_targets,S2,core_standard,30(2004)(b),S2 ¶30(2004)(b) p.32-32,metrics_targets,metrics_targets,shall,not_financial_specific,False,,27,"the reason, or reasons, for the entity ’s choice of measurement approach and how that approach relates to the disclosure objective in paragraph 27.",,,,
metrics_targets,S2,core_standard,30(2004)(b),S2 ¶30(2004)(b) p.32-32,metrics_targets,metrics_targets,shall,not_financial_specific,False,,27;29(a)(ii);B24;C4(a),"the reason, or reasons, for the entity ’s choice of method and measurement approach and how that approach relates to the disclosure objective in paragraph 27.",,,,
metrics_targets,S2,core_standard,30(2004)(c),S2 ¶30(2004)(c) p.32-32,metrics_targets,metrics_targets,shall,not_financial_specific,False,,29(a)(iii);B29,the emission factors the entity uses (see paragraph B29).,,,,
metrics_targets,S2,core_standard,32,S2 ¶32 p.32-34,metrics_targets,metrics_targets,shall,not_financial_specific,False,,,"As part of an entity ’s disclosure of the measurement approach, inputs and assumptions, the entity shall disclose information to enable users of general purpose financial reports to understand which emission factors the entity uses in its measurement of its greenhouse gas emissions.",,,,
metrics_targets,S2,core_standard,32,S2 ¶32 p.32-34,metrics_targets,metrics_targets,shall,not_financial_specific,False,,29(a)(vi),"In accordance with paragraph 29(a)(vi), an entity shall disclose information about its Scope 3 greenhouse gas emissions to enable users of general purpose financial reports to understand the source of these emissions.",,,,
metrics_targets,S2,core_standard,32,S2 ¶32 p.32-34,metrics_targets,metrics_targets,shall,not_financial_specific,False,,,"The entity shall consider its entire value chain (upstream and downstream) and shall consider all 15 categories of Scope 3 greenhouse gas emissions, as described in the Greenhouse Gas Protocol Corporate Value Chain (Scope 3) Accounting and Reporting Standard (2011).",,,,
metrics_targets,S2,core_standard,32,S2 ¶32 p.32-34,metrics_targets,metrics_targets,shall,not_financial_specific,False,,29(a)(vi),"In accordance with paragraph 29(a)(vi), the entity shall disclose which of these categories are included in its Scope 3 greenhouse gas emissions disclosures.",,,,
metrics_targets,S2,core_standard,32,S2 ¶32 p.32-34,metrics_targets,metrics_targets,shall,not_financial_specific,False,,B11,"In accordance with paragraph B11 in IFRS S1, on the occurrence of a significant event or a significant change in circumstances, an entity shall reassess the scope of all affected climate-related risks and opportunities throughout its value chain, including reassessing which Scope 3 categories and entities throughout its value chain to include in the measurement of its Scope 3 greenhouse gas emissions.",,,,
metrics_targets,S2,core_standard,32(c),S2 ¶32(c) p.34-34,metrics_targets,metrics_targets,shall,not_financial_specific,False,,B6,"In accordance with paragraph B6(b) in IFRS S1, to determine the scope of the value chain, which includes its breadth and composition, an entity shall use all reasonable and supportable information that is available to the entity at the reporting date without undue cost or effort.",,,,
metrics_targets,S2,core_standard,32(c),S2 ¶32(c) p.34-34,metrics_targets,metrics_targets,shall,general_financial_sector,True,,B58,"An entity that participates in one or more financial activities associated with asset management, commercial banking and insurance shall disclose additional information about the financed emissions associated with those activities as part of the entity ’s disclosure of its Scope 3 greenhouse gas emissions (see paragraphs B58–B63A).",,,,
metrics_targets,S2,core_standard,32(c),S2 ¶32(c) p.34-34,metrics_targets,metrics_targets,shall,not_financial_specific,False,,,"In measuring Scope 3 greenhouse gas emissions an entity shall use a measurement approach, inputs and assumptions that result in a faithful representation of this measurement.",,,,
metrics_targets,S2,core_standard,32(c),S2 ¶32(c) p.34-34,metrics_targets,metrics_targets,shall,not_financial_specific,False,,,"An entity is required to use all reasonable and supportable information that is available to the entity at the reporting date without undue cost or effort when the entity selects the measurement approach, inputs and assumptions it uses in measuring Scope 3 greenhouse gas emissions.",,,,
metrics_targets,S2,core_standard,34,S2 ¶34 p.34-35,metrics_targets,metrics_targets,shall,not_financial_specific,False,,,"This Standard does not specify the inputs the entity is required to use to measure its Scope 3 greenhouse gas emissions, but does require the entity to prioritise inputs and assumptions using these identifying characteristics (which are listed in no particular order):",,,,
metrics_targets,S2,core_standard,34(d),S2 ¶34(d) p.35-35,metrics_targets,metrics_targets,shall,not_financial_specific,False,,B24;C4(a),"An entity is required to apply the Scope 3 measurement framework to prioritise inputs and assumptions even when the entity is required by a jurisdictional authority or an exchange on which the entity is listed to use a method other than the Greenhouse Gas Protocol: A Corporate Accounting and Reporting Standard (2004) for measuring its greenhouse gas emissions (see paragraphs B24–B25), or whether the entity uses the transition relief described in paragraph C4(a).",,,,
metrics_targets,S2,core_standard,34(d),S2 ¶34(d) p.35-35,metrics_targets,metrics_targets,shall,not_financial_specific,False,,,Of these two methods —and with all else being equal—an entity shall prioritise direct measurement.,,,,
metrics_targets,S2,core_standard,34(b),S2 ¶34(b) p.36-36,metrics_targets,metrics_targets,shall,not_financial_specific,False,,,"Therefore, the entity shall prioritise—with all else being equal—the use of primary data.",,,,
metrics_targets,S2,core_standard,34(b),S2 ¶34(b) p.36-36,metrics_targets,metrics_targets,shall,not_financial_specific,False,,,"If an entity uses secondary data to measure its Scope 3 greenhouse gas emissions, it shall consider the extent to which the data faithfully represents the entity’s activities.",,,,
metrics_targets,S2,core_standard,36,S2 ¶36 p.36-38,metrics_targets,metrics_targets,shall,not_financial_specific,False,,,"If an entity uses secondary data, it shall prioritise the use of activity or emissions data that is based on, or represents, the technology used in the value chain activity the data is intended to represent.",,,,
metrics_targets,S2,core_standard,36,S2 ¶36 p.36-38,metrics_targets,metrics_targets,shall,not_financial_specific,False,,,"If an entity uses secondary data, it shall prioritise activity or emissions data that is based on, or represents, the jurisdiction in which the activity happened.",,,,
metrics_targets,S2,core_standard,36,S2 ¶36 p.36-38,metrics_targets,metrics_targets,shall,not_financial_specific,False,,,"If an entity uses secondary data, it shall prioritise activity or emissions data that is timely and representative of the entity ’s value chain activity during the reporting period.",,,,
metrics_targets,S2,core_standard,36,S2 ¶36 p.36-38,metrics_targets,metrics_targets,shall,not_financial_specific,False,,,An entity shall prioritise Scope 3 greenhouse gas emissions data that is verified.,,,,
metrics_targets,S2,core_standard,36,S2 ¶36 p.36-38,metrics_targets,metrics_targets,shall,not_financial_specific,False,,29(a)(iii),"An entity shall disclose information about the measurement approach, inputs and assumptions it uses to measure its Scope 3 greenhouse gas emissions in accordance with paragraph 29(a)(iii).",,,,
metrics_targets,S2,core_standard,36,S2 ¶36 p.36-38,metrics_targets,metrics_targets,shall,not_financial_specific,False,,B40,This disclosure shall include information about the characteristics of the data inputs as described in paragraph B40.,,,,
metrics_targets,S2,core_standard,36(a),S2 ¶36(a) p.38-38,metrics_targets,metrics_targets,shall,not_financial_specific,False,,,the extent to which the entity ’s Scope 3 greenhouse gas emissions are measured using inputs from specific activities within the entity ’s value chain; and,,,,
metrics_targets,S2,core_standard,36(b),S2 ¶36(b) p.38-38,metrics_targets,metrics_targets,shall,not_financial_specific,False,,,the extent to which the entity ’s Scope 3 greenhouse gas emissions are measured using inputs that are verified.,,,,
metrics_targets,S2,core_standard,36(b),S2 ¶36(b) p.38-38,metrics_targets,risk_management;metrics_targets,shall,not_financial_specific,False,,,"In those rare cases when an entity determines it is impracticable to estimate its Scope 3 greenhouse gas emissions, the entity shall disclose how it is managing its Scope 3 greenhouse gas emissions.",,,,
metrics_targets,S2,core_standard,38(a),S2 ¶38(a) p.39-39,metrics_targets,metrics_targets,shall,asset_management,False,,,"its absolute gross financed emissions, disaggregated by Scope 1, Scope 2 and Scope 3 greenhouse gas emissions.",,,,
metrics_targets,S2,core_standard,38(a),S2 ¶38(a) p.39-39,metrics_targets,metrics_targets,shall,commercial_banking,True,,,"its absolute gross financed emissions, disaggregated by Scope 1, Scope 2 and Scope 3 greenhouse gas emissions for each industry by asset class.",,,,
metrics_targets,S2,core_standard,38(b),S2 ¶38(b) p.39-39,metrics_targets,metrics_targets,shall,asset_management,False,,B61(a),"for each of the disaggregated items in paragraph B61(a), the total amount of assets under management (AUM) that is included in the financed emissions disclosure, expressed in the presentation currency of the entity’s financial statements.",,,,
metrics_targets,S2,core_standard,38(b),S2 ¶38(b) p.39-39,metrics_targets,metrics_targets,shall,commercial_banking,True,,,"its gross exposure to each industry by asset class, expressed in the presentation currency of the entity’s financial statements.",,,,
metrics_targets,S2,core_standard,38(b)(i),S2 ¶38(b)(i) p.39-39,metrics_targets,metrics_targets,shall,commercial_banking,True,,,"funded amounts —gross exposure shall be calculated as the funded carrying amounts (before subtracting the loss allowance, when applicable), whether prepared in accordance with IFRS Accounting Standards or other GAAP.",,,,
metrics_targets,S2,core_standard,38(b)(ii),S2 ¶38(b)(ii) p.39-39,metrics_targets,metrics_targets,shall,commercial_banking,True,,,undrawn loan commitments —the entity shall disclose the full amount of the commitment separately from the drawn portion of loan commitments.,,,,
metrics_targets,S2,core_standard,38(b)(ii)(c),S2 ¶38(b)(ii)(c) p.39-40,metrics_targets,metrics_targets,shall,commercial_banking,True,,,the percentage of the entity ’s gross exposure included in the financed emissions calculation.,,,,
metrics_targets,S2,core_standard,38(b)(ii)(c),S2 ¶38(b)(ii)(c) p.39-40,metrics_targets,metrics_targets,shall,commercial_banking,True,,,"(i) if the percentage of the entity ’s gross exposure included in the financed emissions calculation is less than 100%, disclose information that explains the exclusions, including the type of assets excluded.",,,,
metrics_targets,S2,core_standard,38(b)(ii)(c),S2 ¶38(b)(ii)(c) p.39-40,metrics_targets,metrics_targets,shall,commercial_banking,True,,,"(ii) for funded amounts, exclude from gross exposure all impacts of risk mitigants, if applicable.",,,,
metrics_targets,S2,core_standard,38(b)(ii)(c),S2 ¶38(b)(ii)(c) p.39-40,metrics_targets,metrics_targets,shall,commercial_banking,True,,,(iii) disclose separately the percentage of its undrawn loan commitments included in the financed emissions calculation.,,,,
metrics_targets,S2,core_standard,38(b)(ii)(c),S2 ¶38(b)(ii)(c) p.39-40,metrics_targets,metrics_targets,shall,commercial_banking,True,,,"(d) the methodology the entity used to calculate its financed emissions, including the method of allocation the entity used to attribute its share of emissions in relation to the size of its gross exposure.",,,,
metrics_targets,S2,core_standard,38(b)(ii)(c),S2 ¶38(b)(ii)(c) p.39-40,metrics_targets,metrics_targets,shall,commercial_banking,True,,B62(a);B62(b),When disaggregating information disclosed in accordance with paragraph B62(a)–(b) by: (a) industry —an entity shall: (i) select an industry-classification system that enables it to classify investees or counterparties in a manner that results in information that enables users of general purpose financial reports to understand the entity ’s exposure to climate-related transition risks.,,,,
metrics_targets,S2,core_standard,38(b)(ii)(c),S2 ¶38(b)(ii)(c) p.39-40,metrics_targets,metrics_targets,shall,commercial_banking,True,,,If a commonly used system enables the entity to provide useful information about its exposure to climate-related transition risks —with all else being equal—the entity shall prioritise that system.,,,,
metrics_targets,S2,core_standard,38(b)(ii)(c),S2 ¶38(b)(ii)(c) p.39-40,metrics_targets,metrics_targets,shall,commercial_banking,True,,B62A(a)(i),(ii) disclose: (1) the industry-classification system it used to classify investees or counterparties; and (2) information that enables users of general purpose financial reports to understand how the entity ’s selection of that system fulfils the requirements in paragraph B62A(a)(i).,,,,
metrics_targets,S2,core_standard,38(b)(ii)(c),S2 ¶38(b)(ii)(c) p.39-40,metrics_targets,metrics_targets,shall,commercial_banking,True,,,"(b) asset class —the disclosure shall include loans, project finance, bonds, equity investments and undrawn loan commitments.",,,,
metrics_targets,S2,core_standard,38(b)(ii)(c),S2 ¶38(b)(ii)(c) p.39-40,metrics_targets,metrics_targets,shall,commercial_banking,True,,,"If the entity calculates and discloses financed emissions for other asset classes, it shall include an explanation of why the inclusion of those additional asset classes provides relevant information to users of general purpose financial reports.",,,,
metrics_targets,S2,core_standard,38(c),S2 ¶38(c) p.39-39,metrics_targets,metrics_targets,shall,general_financial_sector,True,,29(a),An entity shall apply the requirements for disclosing greenhouse gas emissions in accordance with paragraph 29(a) when disclosing information about its financed emissions.,,,,
metrics_targets,S2,core_standard,38(c),S2 ¶38(c) p.39-39,metrics_targets,metrics_targets,shall,asset_management,False,,,the percentage of the entity ’s total AUM included in the financed emissions calculation.,,,,
metrics_targets,S2,core_standard,38(c),S2 ¶38(c) p.39-39,metrics_targets,metrics_targets,shall,asset_management,False,,,"If the percentage is less than 100%, the entity shall disclose information that explains the exclusions, including types of assets and associated amount of AUM.",,,,
metrics_targets,S2,core_standard,38(d),S2 ¶38(d) p.39-39,metrics_targets,metrics_targets,shall,asset_management,False,,,"the methodology used to calculate the financed emissions, including the method of allocation the entity used to attribute its share of emissions in relation to the size of investments.",,,,
metrics_targets,S2,core_standard,40(b),S2 ¶40(b) p.41-41,metrics_targets,metrics_targets,shall,insurance,False,,,"the gross exposure for each industry by asset class, expressed in the presentation currency of the entity’s financial statements.",,,,
metrics_targets,S2,core_standard,40(b)(ii)(c),S2 ¶40(b)(ii)(c) p.41-42,metrics_targets,metrics_targets,shall,general_financial_sector,True,,,"if the percentage of the entity ’s gross exposure included in the financed emissions calculation is less than 100%, disclose information that explains the exclusions, including type of assets excluded.",,,,
metrics_targets,S2,core_standard,40(b)(ii)(c),S2 ¶40(b)(ii)(c) p.41-42,metrics_targets,metrics_targets,shall,commercial_banking,True,,,disclose separately the percentage of its undrawn loan commitments included in the financed emissions calculation.,,,,
metrics_targets,S2,core_standard,40(b)(ii)(c),S2 ¶40(b)(ii)(c) p.41-42,metrics_targets,metrics_targets,shall,general_financial_sector,True,,,"the methodology the entity used to calculate its financed emissions, including the method of allocation the entity used to attribute its share of emissions in relation to the size of its gross exposure.",,,,
metrics_targets,S2,core_standard,40(b)(ii)(c),S2 ¶40(b)(ii)(c) p.41-42,metrics_targets,risk_management;metrics_targets,shall,general_financial_sector,True,,,select an industry-classification system that enables it to classify investees or counterparties in a manner that results in information that enables users of general purpose financial reports to understand the entity ’s exposure to climate-related transition risks.,,,,
metrics_targets,S2,core_standard,40(b)(ii)(c),S2 ¶40(b)(ii)(c) p.41-42,metrics_targets,risk_management;metrics_targets,shall,general_financial_sector,True,,,disclose: (1) the industry-classification system it used to classify investees or counterparties;,,,,
metrics_targets,S2,core_standard,40(b)(ii)(c),S2 ¶40(b)(ii)(c) p.41-42,metrics_targets,risk_management;metrics_targets,shall,general_financial_sector,True,,B63A(a)(i),disclose: (2) information that enables users of general purpose financial reports to understand how the entity ’s selection of that system fulfils the requirements in paragraph B63A(a)(i).,,,,
metrics_targets,S2,core_standard,40(b)(ii)(c),S2 ¶40(b)(ii)(c) p.41-42,metrics_targets,metrics_targets,shall,general_financial_sector,True,,,"the disclosure shall include loans, bonds, equity investments and undrawn loan commitments.",,,,
metrics_targets,S2,core_standard,40(b)(ii)(c),S2 ¶40(b)(ii)(c) p.41-42,metrics_targets,metrics_targets,shall,not_financial_specific,False,,29(b)(g);10,"In preparing disclosures to fulfil the requirements in paragraph 29(b)–(g), an entity shall: (a) consider the time horizons over which the effects of climate-related risks and opportunities could reasonably be expected to occur, described in accordance with paragraph 10.",,,,
metrics_targets,S2,core_standard,40(b)(ii)(c),S2 ¶40(b)(ii)(c) p.41-42,metrics_targets,strategy;metrics_targets,shall,not_financial_specific,False,,29(b)(g);13,"In preparing disclosures to fulfil the requirements in paragraph 29(b)–(g), an entity shall: (b) consider where in the entity ’s business model and value chain climate- related risks and opportunities are concentrated (for example, geographical areas, facilities or types of assets) (see paragraph 13).",,,,
metrics_targets,S2,core_standard,40(b)(ii)(c),S2 ¶40(b)(ii)(c) p.41-42,metrics_targets,strategy;metrics_targets,shall,not_financial_specific,False,,29(b)(g);16(a)(b),"In preparing disclosures to fulfil the requirements in paragraph 29(b)–(g), an entity shall: (c) consider the information disclosed in accordance with paragraph 16(a) –(b) in relation to the effects of climate-related risks and opportunities on the entity ’s financial position, financial performance and cash flows for the reporting period.",,,,
metrics_targets,S2,core_standard,40(b)(ii)(c),S2 ¶40(b)(ii)(c) p.41-42,metrics_targets,metrics_targets,shall,not_financial_specific,False,,29(b)(g);32,"In preparing disclosures to fulfil the requirements in paragraph 29(b)–(g), an entity shall: (d) consider whether industry-based metrics, as described in paragraph 32 —including those defined in an applicable IFRS Sustainability Disclosure Standard or those that otherwise satisfy the requirements in IFRS S1 —could be used to satisfy the requirements in whole or in part.",,,,
metrics_targets,S2,core_standard,40(b)(ii)(c),S2 ¶40(b)(ii)(c) p.41-42,metrics_targets,general_requirements;metrics_targets,shall,not_financial_specific,False,,29(b)(g),"In preparing disclosures to fulfil the requirements in paragraph 29(b)–(g), an entity shall: (e) consider the connections between the information disclosed to fulfil the requirements in paragraph 29(b) –(g) with the information disclosed in the related financial statements, in accordance with paragraph 21(b)(ii) of IFRS S1.",,,,
metrics_targets,S2,core_standard,42,S2 ¶42 p.42-44,metrics_targets,metrics_targets,shall,not_financial_specific,False,,,"In identifying and disclosing the metric used to set a climate-related target and measure progress, an entity shall consider the cross-industry metrics and industry-based metrics.",,,,
metrics_targets,S2,core_standard,42,S2 ¶42 p.42-44,metrics_targets,general_requirements;metrics_targets,shall,not_financial_specific,False,,50,"If the metric has been developed by the entity to measure progress towards a target, the entity shall disclose information about that metric in accordance with paragraph 50 of IFRS S1.",,,,
metrics_targets,S2,core_standard,44(b),S2 ¶44(b) p.46-46,metrics_targets,metrics_targets,shall,not_financial_specific,False,,29C,if the entity disclosed Scope 3 greenhouse gas emissions in the preceding period and the measurement of these emissions included Category 15 greenhouse gas emissions —it shall adjust the comparative information to provide the total Category 15 greenhouse gas emissions and the subtotal of financed emissions included in that total as if it had applied the requirement in paragraph 29C in that preceding period; and,,,,
metrics_targets,S2,core_standard,44(c),S2 ¶44(c) p.46-46,metrics_targets,metrics_targets,shall,not_financial_specific,False,,B62;B62A,if the entity disclosed disaggregated financed emissions information by industry in the preceding period in accordance with paragraph B62 or B63—it shall adjust the comparative information to reflect the industry-classification system it selected in accordance with paragraph B62A(a) or B63A(a) as if it had used that system in that preceding period.,,,,
metrics_targets,S2,core_standard,16(ii)(g)(i),S2 ¶16(ii)(g)(i) p.17-18,industry_metrics,metrics_targets;industry_metrics,shall,not_financial_specific,False,,,"An entity shall disclose industry-based metrics that are associated with one or more particular business models, activities or other common features that characterise participation in an industry.",,,,
metrics_targets,S2,core_standard,16(ii)(g)(i),S2 ¶16(ii)(g)(i) p.17-18,industry_metrics,metrics_targets;industry_metrics,shall,not_financial_specific,False,,,"In determining the industry-based metrics that the entity discloses, the entity shall refer to and consider the applicability of the industry-based metrics associated with disclosure topics described in the Industry-based Guidance on Implementing IFRS S2.",,,,
metrics_targets,S2_IBG_CB,industry_guidance,4,S2_IBG_CB ¶4 p.5-5,risk_management,risk_management;metrics_targets;industry_metrics,shall,commercial_banking,True,FN-CB-410a.2,,The entity shall discuss how it incorporates ESG factors when estimating credit losses over the contractual term of the entity’s financial assets.,,,,
metrics_targets,S2_IBG_CB,industry_guidance,10,S2_IBG_CB ¶10 p.6-6,risk_management,risk_management;metrics_targets;industry_metrics,shall,commercial_banking,True,FN-CB-410a.2,,"Expected loss, including probability of default, exposure at default and loss given default",,,,
metrics_targets,S2_IBG_CB,industry_guidance,9,S2_IBG_CB ¶9 p.6-6,risk_management,risk_management;metrics_targets;industry_metrics,shall,commercial_banking,True,FN-CB-410a.2,,"The entity shall describe significant concentrations of credit exposure to ESG factors, which may include carbon-related assets, water-stressed regions and cybersecurity risks.",,,,
metrics_targets,S2_IBG_CB,industry_guidance,18,S2_IBG_CB ¶18 p.4-5,industry_metrics,metrics_targets;industry_metrics,shall,commercial_banking,True,FN-CB-000.B,FN-CB-000.B,Note to FN-CB-000.B – Mortgage loans as well as revolving credit loans shall be excluded from the scope of disclosure.,,,,
metrics_targets,S2_IBG_CB,industry_guidance,2,S2_IBG_CB ¶2 p.3-4,industry_metrics,strategy;risk_management;metrics_targets;industry_metrics,should,commercial_banking,True,FN-CB-410a.2,,"Description of approach to incorporation of environmental, social and governance (ESG) factors in credit analysis",,,,
metrics_targets,S2_IBG_CB,industry_guidance,2(1),S2_IBG_CB ¶2(1) p.4-4,industry_metrics,metrics_targets;industry_metrics,should,commercial_banking,True,,,Number and (2) value of checking and savings accounts by segment: (a) personal and (b) small business,,,,
metrics_targets,S2_IBG_CB,industry_guidance,FN-CB-000.A,S2_IBG_CB ¶FN-CB-000.A p.4-4,industry_metrics,metrics_targets;industry_metrics,should,commercial_banking,True,FN-CB-000.A,FN-CB-000.A,"FN-CB-000.A (1) Number and (2) value of loans by segment: (a) personal, (b) small business, and (c) corporate",,,,
metrics_targets,S2_IBG_CB,industry_guidance,11,S2_IBG_CB ¶11 p.6-6,industry_metrics,risk_management;metrics_targets;industry_metrics,may,commercial_banking,True,,,"The entity may disclose additional quantitative measures related to its approach to the incorporation of ESG factors in credit analysis, such as:",,,,
metrics_targets,S2_IBG_CB,industry_guidance,11,S2_IBG_CB ¶11 p.6-6,industry_metrics,risk_management;metrics_targets;industry_metrics,may,commercial_banking,True,,,Number of commercial and industrial loans and project finance screened according to the Equator Principles (EP III) (or equivalent) by EP Category,,,,
industry_metrics,S2,core_standard,14(b),S2 ¶14(b) p.15-15,metrics_targets,metrics_targets;industry_metrics,shall,not_financial_specific,False,,32,"industry-based metrics that are associated with particular business models, activities or other common features that characterise participation in an industry (see paragraph 32); and",,,,
industry_metrics,S2,core_standard,18(e)(iv),S2 ¶18(e)(iv) p.19-20,metrics_targets,metrics_targets;industry_metrics,shall,not_financial_specific,False,,33;34;29;32,"In identifying and disclosing the metrics used to set and monitor progress towards reaching a target described in paragraphs 33 –34, an entity shall refer to and consider the applicability of cross-industry metrics (see paragraph 29) and industry-based metrics (see paragraph 32), including those described in an applicable IFRS Sustainability Disclosure Standard, or metrics that otherwise satisfy the requirements in IFRS S1.",,,,
industry_metrics,S2,core_standard,16(ii)(g)(i),S2 ¶16(ii)(g)(i) p.17-18,industry_metrics,metrics_targets;industry_metrics,shall,not_financial_specific,False,,,"An entity shall disclose industry-based metrics that are associated with one or more particular business models, activities or other common features that characterise participation in an industry.",,,,
industry_metrics,S2,core_standard,16(ii)(g)(i),S2 ¶16(ii)(g)(i) p.17-18,industry_metrics,metrics_targets;industry_metrics,shall,not_financial_specific,False,,,"In determining the industry-based metrics that the entity discloses, the entity shall refer to and consider the applicability of the industry-based metrics associated with disclosure topics described in the Industry-based Guidance on Implementing IFRS S2.",,,,
industry_metrics,S2_IBG_CB,industry_guidance,6,S2_IBG_CB ¶6 p.6-6,governance,governance;risk_management;industry_metrics,shall,commercial_banking,True,FN-CB-410a.2,,The entity shall describe its oversight and accountability approach to the incorporation of ESG factors.,,,,
industry_metrics,S2_IBG_CB,industry_guidance,6,S2_IBG_CB ¶6 p.6-6,governance,governance;risk_management;industry_metrics,shall,commercial_banking,True,FN-CB-410a.2,,Formal oversight individuals or bodies involved,,,,
industry_metrics,S2_IBG_CB,industry_guidance,6,S2_IBG_CB ¶6 p.6-6,governance,governance;risk_management;industry_metrics,shall,commercial_banking,True,FN-CB-410a.2,,Criteria used in assessing the quality of ESG incorporation,,,,
industry_metrics,S2_IBG_CB,industry_guidance,1,S2_IBG_CB ¶1 p.5-5,risk_management,strategy;risk_management;industry_metrics,shall,commercial_banking,True,FN-CB-410a.2,,"The entity shall describe its approach to the incorporation of environmental, social and governance (ESG) factors in its credit analysis.",,,,
industry_metrics,S2_IBG_CB,industry_guidance,2,S2_IBG_CB ¶2 p.5-5,risk_management,risk_management;industry_metrics,shall,commercial_banking,True,FN-CB-410a.2,,The scope of disclosure shall include commercial and industrial lending as well as project finance.,,,,
industry_metrics,S2_IBG_CB,industry_guidance,3,S2_IBG_CB ¶3 p.5-5,risk_management,governance;risk_management;industry_metrics,shall,commercial_banking,True,FN-CB-410a.2,,The entity shall describe the policies that determine its approach to the incorporation of ESG factors in its credit analysis.,,,,
industry_metrics,S2_IBG_CB,industry_guidance,4,S2_IBG_CB ¶4 p.5-5,risk_management,risk_management;metrics_targets;industry_metrics,shall,commercial_banking,True,FN-CB-410a.2,,The entity shall discuss how it incorporates ESG factors when estimating credit losses over the contractual term of the entity’s financial assets.,,,,
industry_metrics,S2_IBG_CB,industry_guidance,5,S2_IBG_CB ¶5 p.5-5,risk_management,governance;risk_management;industry_metrics,shall,commercial_banking,True,FN-CB-410a.2,,The entity shall describe its approach to implementation of the aspects of the entity’s ESG incorporation practices.,,,,
industry_metrics,S2_IBG_CB,industry_guidance,5,S2_IBG_CB ¶5 p.5-5,risk_management,governance;risk_management;industry_metrics,shall,commercial_banking,True,FN-CB-410a.2,,Parties responsible for the day-to-day incorporation of ESG factors,,,,
industry_metrics,S2_IBG_CB,industry_guidance,5,S2_IBG_CB ¶5 p.5-5,risk_management,governance;risk_management;industry_metrics,shall,commercial_banking,True,FN-CB-410a.2,,Roles and responsibilities of employees involved,,,,
industry_metrics,S2_IBG_CB,industry_guidance,10,S2_IBG_CB ¶10 p.6-6,risk_management,strategy;risk_management;industry_metrics,shall,commercial_banking,True,FN-CB-410a.2,,The entity shall describe how ESG factors are incorporated in the assessment of and influence the entity’s views on:,,,,
industry_metrics,S2_IBG_CB,industry_guidance,10,S2_IBG_CB ¶10 p.6-6,risk_management,strategy;risk_management;industry_metrics,shall,commercial_banking,True,FN-CB-410a.2,,"Traditional macroeconomic factors such as the economic conditions, central bank monetary policy, industry trends, and geopolitical risks that affect creditworthiness of borrowers",,,,
industry_metrics,S2_IBG_CB,industry_guidance,10,S2_IBG_CB ¶10 p.6-6,risk_management,strategy;risk_management;industry_metrics,shall,commercial_banking,True,FN-CB-410a.2,,Traditional microeconomic factors such as supply and demand for products or services that affect financial conditions and operational results of borrowers as well as their creditworthiness,,,,
industry_metrics,S2_IBG_CB,industry_guidance,10,S2_IBG_CB ¶10 p.6-6,risk_management,risk_management;industry_metrics,shall,commercial_banking,True,FN-CB-410a.2,,Overall creditworthiness of a borrower,,,,
industry_metrics,S2_IBG_CB,industry_guidance,10,S2_IBG_CB ¶10 p.6-6,risk_management,risk_management;industry_metrics,shall,commercial_banking,True,FN-CB-410a.2,,Maturity or tenor of a loan,,,,
industry_metrics,S2_IBG_CB,industry_guidance,10,S2_IBG_CB ¶10 p.6-6,risk_management,risk_management;metrics_targets;industry_metrics,shall,commercial_banking,True,FN-CB-410a.2,,"Expected loss, including probability of default, exposure at default and loss given default",,,,
industry_metrics,S2_IBG_CB,industry_guidance,10,S2_IBG_CB ¶10 p.6-6,risk_management,risk_management;industry_metrics,shall,commercial_banking,True,FN-CB-410a.2,,Value of posted collateral,,,,
industry_metrics,S2_IBG_CB,industry_guidance,5,S2_IBG_CB ¶5 p.6-6,risk_management,risk_management;industry_metrics,shall,commercial_banking,True,FN-CB-410a.2,,Approach to ESG-related research,,,,
industry_metrics,S2_IBG_CB,industry_guidance,5,S2_IBG_CB ¶5 p.6-6,risk_management,risk_management;industry_metrics,shall,commercial_banking,True,FN-CB-410a.2,,Approach to incorporating ESG factors into assessing creditworthiness of borrowers,,,,
industry_metrics,S2_IBG_CB,industry_guidance,7,S2_IBG_CB ¶7 p.6-6,risk_management,strategy;risk_management;industry_metrics,shall,commercial_banking,True,FN-CB-410a.2,,The entity shall discuss whether it conducts scenario analysis or modelling in which the risk profile of future ESG trends is calculated at the portfolio level of commercial and industrial credit exposure.,,,,
industry_metrics,S2_IBG_CB,industry_guidance,8,S2_IBG_CB ¶8 p.6-6,risk_management,strategy;risk_management;industry_metrics,shall,commercial_banking,True,FN-CB-410a.2,,"The entity shall discuss ESG trends it considers apply broadly in terms of their effect on sectors and industries, as well as the trends it deems as sector- or industry-specific.",,,,
industry_metrics,S2_IBG_CB,industry_guidance,9,S2_IBG_CB ¶9 p.6-6,risk_management,risk_management;metrics_targets;industry_metrics,shall,commercial_banking,True,FN-CB-410a.2,,"The entity shall describe significant concentrations of credit exposure to ESG factors, which may include carbon-related assets, water-stressed regions and cybersecurity risks.",,,,
industry_metrics,S2_IBG_CB,industry_guidance,11,S2_IBG_CB ¶11 p.7-7,risk_management,risk_management;industry_metrics,should,commercial_banking,True,,,"Number of loans for which a review of environmental or social risks was performed, for example, by the entity ’s Environmental and Social Risk Management (ESRM) group",,,,
industry_metrics,S2_IBG_CB,industry_guidance,8,S2_IBG_CB ¶8 p.6-6,risk_management,strategy;risk_management;industry_metrics,may,commercial_banking,True,FN-CB-410a.2,,The entity may further provide the discussion in the context of geographical exposure of its commercial and industrial credit portfolio.,,,,
industry_metrics,S2_IBG_CB,industry_guidance,18,S2_IBG_CB ¶18 p.4-5,industry_metrics,metrics_targets;industry_metrics,shall,commercial_banking,True,FN-CB-000.B,FN-CB-000.B,Note to FN-CB-000.B – Mortgage loans as well as revolving credit loans shall be excluded from the scope of disclosure.,,,,
industry_metrics,S2_IBG_CB,industry_guidance,2,S2_IBG_CB ¶2 p.3-4,industry_metrics,strategy;risk_management;metrics_targets;industry_metrics,should,commercial_banking,True,FN-CB-410a.2,,"Description of approach to incorporation of environmental, social and governance (ESG) factors in credit analysis",,,,
industry_metrics,S2_IBG_CB,industry_guidance,2(1),S2_IBG_CB ¶2(1) p.4-4,industry_metrics,metrics_targets;industry_metrics,should,commercial_banking,True,,,Number and (2) value of checking and savings accounts by segment: (a) personal and (b) small business,,,,
industry_metrics,S2_IBG_CB,industry_guidance,FN-CB-000.A,S2_IBG_CB ¶FN-CB-000.A p.4-4,industry_metrics,metrics_targets;industry_metrics,should,commercial_banking,True,FN-CB-000.A,FN-CB-000.A,"FN-CB-000.A (1) Number and (2) value of loans by segment: (a) personal, (b) small business, and (c) corporate",,,,
industry_metrics,S2_IBG_CB,industry_guidance,11,S2_IBG_CB ¶11 p.6-6,industry_metrics,risk_management;metrics_targets;industry_metrics,may,commercial_banking,True,,,"The entity may disclose additional quantitative measures related to its approach to the incorporation of ESG factors in credit analysis, such as:",,,,
industry_metrics,S2_IBG_CB,industry_guidance,11,S2_IBG_CB ¶11 p.6-6,industry_metrics,risk_management;metrics_targets;industry_metrics,may,commercial_banking,True,,,Number of commercial and industrial loans and project finance screened according to the Equator Principles (EP III) (or equivalent) by EP Category,,,,
