requirement_id,standard,paragraph_id,page,report_section,official_section_heading,nearest_pdf_heading,clean_requirement_text,source_paragraph_text,clause_path,obligation_type,mandatory,evidence_tags,banking_relevance,paragraph_quality_score,requirement_quality_score
IFRS_S1_3_C01,IFRS S1,3,7,General Requirements,OBJECTIVE,Objective,"This Standard requires an entity to disclose information about all sustainability-related risks and opportunities that could reasonably be expected to affect the entity’s cash flows, its access to finance or cost of capital over the short, medium or long term. For the purposes of this Standard, these risks and opportunities are collectively referred to as ‘sustainability-related risks and opportunities that could reasonably be expected to affect the entity’s prospects’.","This Standard requires an entity to disclose information about all sustainability-related risks and opportunities that could reasonably be expected to affect the entity’s cash flows, its access to finance or cost of capital over the short, medium or long term. For the purposes of this Standard, these risks and opportunities are collectively referred to as ‘sustainability-related risks and opportunities that could reasonably be expected to affect the entity’s prospects’.",,mandatory,True,"[""financial_effects""]",medium,1.0,1.0
IFRS_S1_5_C01,IFRS S1,5,7,General Requirements,SCOPE,Scope,An entity shall apply this Standard in preparing and reporting sustainability-related financial disclosures in accordance with IFRS Sustainability Disclosure Standards.,An entity shall apply this Standard in preparing and reporting sustainability-related financial disclosures in accordance with IFRS Sustainability Disclosure Standards.,,mandatory,True,[],general,1.0,1.0
IFRS_S1_7_C01,IFRS S1,7,7,General Requirements,SCOPE,Scope,Other IFRS Sustainability Disclosure Standards specify information an entity is required to disclose about specific sustainability-related risks and opportunities.,Other IFRS Sustainability Disclosure Standards specify information an entity is required to disclose about specific sustainability-related risks and opportunities.,,mandatory,True,[],general,1.0,1.0
IFRS_S1_11_C01,IFRS S1,11,8,General Requirements,Fair presentation,Fair presentation,A complete set of sustainability-related financial disclosures shall present fairly all sustainability-related risks and opportunities that could reasonably be expected to affect an entity’s prospects.,A complete set of sustainability-related financial disclosures shall present fairly all sustainability-related risks and opportunities that could reasonably be expected to affect an entity’s prospects.,,mandatory,True,[],general,1.0,1.0
IFRS_S1_12_C01,IFRS S1,12,8,General Requirements,Fair presentation,Fair presentation,"To identify sustainability-related risks and opportunities that could reasonably be expected to affect an entity’s prospects, an entity shall apply paragraphs B1–B12.","To identify sustainability-related risks and opportunities that could reasonably be expected to affect an entity’s prospects, an entity shall apply paragraphs B1–B12.",,mandatory,True,[],general,1.0,1.0
IFRS_S1_13_C01,IFRS S1,13,8,General Requirements,Fair presentation,Fair presentation,"Fair presentation requires disclosure of relevant information about sustainability-related risks and opportunities that could reasonably be expected to affect the entity’s prospects, and their faithful representation in accordance with the principles set out in this Standard. To achieve faithful representation, an entity shall provide a complete, neutral and accurate depiction of those sustainability-related risks and opportunities.","Fair presentation requires disclosure of relevant information about sustainability-related risks and opportunities that could reasonably be expected to affect the entity’s prospects, and their faithful representation in accordance with the principles set out in this Standard. To achieve faithful representation, an entity shall provide a complete, neutral and accurate depiction of those sustainability-related risks and opportunities.",,mandatory,True,[],general,1.0,1.0
IFRS_S1_15_C01,IFRS S1,15,8,General Requirements,Fair presentation,Fair presentation,"Fair presentation also requires an entity — (a) to disclose information that is comparable, verifiable, timely and understandable","Fair presentation also requires an entity: (a) to disclose information that is comparable, verifiable, timely and understandable; and (b) to disclose additional information if compliance with the specifically applicable requirements in IFRS Sustainability Disclosure Standards is insufficient to enable users of general purpose financial reports to understand the effects of sustainability-related risks and opportunities on the entity’s cash flows, its access to finance and cost of capital over the short, medium and long term.",(a),mandatory,True,[],general,1.0,1.0
IFRS_S1_15_C02,IFRS S1,15,8,General Requirements,Fair presentation,Fair presentation,"Fair presentation also requires an entity — (b) to disclose additional information if compliance with the specifically applicable requirements in IFRS Sustainability Disclosure Standards is insufficient to enable users of general purpose financial reports to understand the effects of sustainability-related risks and opportunities on the entity’s cash flows, its access to finance and cost of capital over the short, medium and long term.","Fair presentation also requires an entity: (a) to disclose information that is comparable, verifiable, timely and understandable; and (b) to disclose additional information if compliance with the specifically applicable requirements in IFRS Sustainability Disclosure Standards is insufficient to enable users of general purpose financial reports to understand the effects of sustainability-related risks and opportunities on the entity’s cash flows, its access to finance and cost of capital over the short, medium and long term.",(b),mandatory,True,"[""financial_effects""]",medium,1.0,1.0
IFRS_S1_17_C01,IFRS S1,17,9,General Requirements,Materiality,Materiality,An entity shall disclose material information about the sustainability-related risks and opportunities that could reasonably be expected to affect the entity’s prospects.,An entity shall disclose material information about the sustainability-related risks and opportunities that could reasonably be expected to affect the entity’s prospects.,,mandatory,True,"[""materiality""]",general,1.0,1.0
IFRS_S1_19_C01,IFRS S1,19,9,General Requirements,Materiality,Materiality,"To identify and disclose material information, an entity shall apply paragraphs B13–B37.","To identify and disclose material information, an entity shall apply paragraphs B13–B37.",,mandatory,True,"[""materiality""]",general,1.0,1.0
IFRS_S1_20_C01,IFRS S1,20,9,General Requirements,Reporting entity,Reporting entity,An entity’s sustainability-related financial disclosures shall be for the same reporting entity as the related financial statements (see paragraph B38).,An entity’s sustainability-related financial disclosures shall be for the same reporting entity as the related financial statements (see paragraph B38).,,mandatory,True,"[""connected_information""]",general,1.0,1.0
IFRS_S1_21_C01,IFRS S1,21,9,General Requirements,Connected information,Connected information,An entity shall provide information in a manner that enables users of general purpose financial reports to understand the following types of connections — (a) the connections between the items to which the information relates —such as connections between various sustainability-related risks and opportunities that could reasonably be expected to affect the entity’s prospects,"An entity shall provide information in a manner that enables users of general purpose financial reports to understand the following types of connections: (a) the connections between the items to which the information relates —such as connections between various sustainability-related risks and opportunities that could reasonably be expected to affect the entity’s prospects; and (b) the connections between disclosures provided by the entity: (i) within its sustainability-related financial disclosures—such as connections between disclosures on governance, strategy, risk management and metrics and targets; and (ii) across its sustainability-related financial disclosures and other general purpose financial reports published by the entity —such as its related financial statements (see paragraphs B39–B44).",(a),mandatory,True,"[""connected_information""]",general,1.0,1.0
IFRS_S1_21_C03,IFRS S1,21,9,General Requirements,Connected information,Connected information,"An entity shall provide information in a manner that enables users of general purpose financial reports to understand the following types of connections — (b) the connections between disclosures provided by the entity: — (i) within its sustainability-related financial disclosures—such as connections between disclosures on governance, strategy, risk management and metrics and targets","An entity shall provide information in a manner that enables users of general purpose financial reports to understand the following types of connections: (a) the connections between the items to which the information relates —such as connections between various sustainability-related risks and opportunities that could reasonably be expected to affect the entity’s prospects; and (b) the connections between disclosures provided by the entity: (i) within its sustainability-related financial disclosures—such as connections between disclosures on governance, strategy, risk management and metrics and targets; and (ii) across its sustainability-related financial disclosures and other general purpose financial reports published by the entity —such as its related financial statements (see paragraphs B39–B44).",(b)>(i),mandatory,True,"[""metrics"", ""targets"", ""connected_information""]",general,1.0,1.0
IFRS_S1_21_C04,IFRS S1,21,9,General Requirements,Connected information,Connected information,An entity shall provide information in a manner that enables users of general purpose financial reports to understand the following types of connections — (b) the connections between disclosures provided by the entity: — (ii) across its sustainability-related financial disclosures and other general purpose financial reports published by the entity —such as its related financial statements (see paragraphs B39–B44).,"An entity shall provide information in a manner that enables users of general purpose financial reports to understand the following types of connections: (a) the connections between the items to which the information relates —such as connections between various sustainability-related risks and opportunities that could reasonably be expected to affect the entity’s prospects; and (b) the connections between disclosures provided by the entity: (i) within its sustainability-related financial disclosures—such as connections between disclosures on governance, strategy, risk management and metrics and targets; and (ii) across its sustainability-related financial disclosures and other general purpose financial reports published by the entity —such as its related financial statements (see paragraphs B39–B44).",(b)>(ii),mandatory,True,"[""connected_information""]",general,1.0,1.0
IFRS_S1_22_C01,IFRS S1,22,9,General Requirements,Connected information,Connected information,An entity shall identify the financial statements to which the sustainability-related financial disclosures relate.,An entity shall identify the financial statements to which the sustainability-related financial disclosures relate.,,mandatory,True,"[""connected_information""]",general,1.0,1.0
IFRS_S1_23_C01,IFRS S1,23,10,General Requirements,Connected information,Connected information,Data and assumptions used in preparing the sustainability-related financial disclosures shall be consistent—to the extent possible considering the requirements of IFRS Accounting Standards or other applicable GAAP— with the corresponding data and assumptions used in preparing the related financial statements (see paragraph B42).,Data and assumptions used in preparing the sustainability-related financial disclosures shall be consistent—to the extent possible considering the requirements of IFRS Accounting Standards or other applicable GAAP— with the corresponding data and assumptions used in preparing the related financial statements (see paragraph B42).,,mandatory,True,"[""connected_information""]",general,1.0,1.0
IFRS_S1_24_C01,IFRS S1,24,10,General Requirements,Connected information,Connected information,"When currency is specified as the unit of measure in the sustainability-related financial disclosures, the entity shall use the presentation currency of its related financial statements.","When currency is specified as the unit of measure in the sustainability-related financial disclosures, the entity shall use the presentation currency of its related financial statements.",,mandatory,True,"[""connected_information""]",general,1.0,1.0
IFRS_S1_25_C01,IFRS S1,25,10,General Requirements,CORE CONTENT,Core content,"Unless another IFRS Sustainability Disclosure Standard permits or requires otherwise in specified circumstances, an entity shall provide disclosures about — (a) governance—the governance processes, controls and procedures the entity uses to monitor and manage sustainability-related risks and opportunities (see paragraphs 26–27)","Unless another IFRS Sustainability Disclosure Standard permits or requires otherwise in specified circumstances, an entity shall provide disclosures about: (a) governance—the governance processes, controls and procedures the entity uses to monitor and manage sustainability-related risks and opportunities (see paragraphs 26–27); (b) strategy—the approach the entity uses to manage sustainability-related risks and opportunities (see paragraphs 28–42); (c) risk management—the processes the entity uses to identify, assess, prioritise and monitor sustainability-related risks and opportunities (see paragraphs 43–44); and (d) metrics and targets—the entity’s performance in relation to sustainability-related risks and opportunities, including progress towards any targets the entity has set or is required to meet by law or regulation (see paragraphs 45–53).",(a),mandatory,True,[],general,1.0,1.0
IFRS_S1_25_C02,IFRS S1,25,10,General Requirements,CORE CONTENT,Core content,"Unless another IFRS Sustainability Disclosure Standard permits or requires otherwise in specified circumstances, an entity shall provide disclosures about — (b) strategy—the approach the entity uses to manage sustainability-related risks and opportunities (see paragraphs 28–42)","Unless another IFRS Sustainability Disclosure Standard permits or requires otherwise in specified circumstances, an entity shall provide disclosures about: (a) governance—the governance processes, controls and procedures the entity uses to monitor and manage sustainability-related risks and opportunities (see paragraphs 26–27); (b) strategy—the approach the entity uses to manage sustainability-related risks and opportunities (see paragraphs 28–42); (c) risk management—the processes the entity uses to identify, assess, prioritise and monitor sustainability-related risks and opportunities (see paragraphs 43–44); and (d) metrics and targets—the entity’s performance in relation to sustainability-related risks and opportunities, including progress towards any targets the entity has set or is required to meet by law or regulation (see paragraphs 45–53).",(b),mandatory,True,[],general,1.0,1.0
IFRS_S1_25_C03,IFRS S1,25,10,General Requirements,CORE CONTENT,Core content,"Unless another IFRS Sustainability Disclosure Standard permits or requires otherwise in specified circumstances, an entity shall provide disclosures about — (c) risk management—the processes the entity uses to identify, assess, prioritise and monitor sustainability-related risks and opportunities (see paragraphs 43–44)","Unless another IFRS Sustainability Disclosure Standard permits or requires otherwise in specified circumstances, an entity shall provide disclosures about: (a) governance—the governance processes, controls and procedures the entity uses to monitor and manage sustainability-related risks and opportunities (see paragraphs 26–27); (b) strategy—the approach the entity uses to manage sustainability-related risks and opportunities (see paragraphs 28–42); (c) risk management—the processes the entity uses to identify, assess, prioritise and monitor sustainability-related risks and opportunities (see paragraphs 43–44); and (d) metrics and targets—the entity’s performance in relation to sustainability-related risks and opportunities, including progress towards any targets the entity has set or is required to meet by law or regulation (see paragraphs 45–53).",(c),mandatory,True,"[""risk_process""]",general,1.0,1.0
IFRS_S1_25_C04,IFRS S1,25,10,General Requirements,CORE CONTENT,Core content,"Unless another IFRS Sustainability Disclosure Standard permits or requires otherwise in specified circumstances, an entity shall provide disclosures about — (d) metrics and targets—the entity’s performance in relation to sustainability-related risks and opportunities, including progress towards any targets the entity has set or is required to meet by law or regulation (see paragraphs 45–53).","Unless another IFRS Sustainability Disclosure Standard permits or requires otherwise in specified circumstances, an entity shall provide disclosures about: (a) governance—the governance processes, controls and procedures the entity uses to monitor and manage sustainability-related risks and opportunities (see paragraphs 26–27); (b) strategy—the approach the entity uses to manage sustainability-related risks and opportunities (see paragraphs 28–42); (c) risk management—the processes the entity uses to identify, assess, prioritise and monitor sustainability-related risks and opportunities (see paragraphs 43–44); and (d) metrics and targets—the entity’s performance in relation to sustainability-related risks and opportunities, including progress towards any targets the entity has set or is required to meet by law or regulation (see paragraphs 45–53).",(d),mandatory,True,"[""metrics"", ""targets""]",general,1.0,1.0
IFRS_S1_27_C02,IFRS S1,27,10,Governance,Governance,Governance,"To achieve this objective, an entity shall disclose information about — (a) the governance body(s) (which can include a board, committee or equivalent body charged with governance) or individual(s) responsible for oversight of sustainability-related risks and opportunities. Specifically, the entity shall identify that body(s) or individual(s) and disclose information about: — (i) how responsibilities for sustainability-related risks and opportunities are reflected in the terms of reference, mandates, role descriptions and other related policies applicable to that body(s) or individual(s)","To achieve this objective, an entity shall disclose information about: (a) the governance body(s) (which can include a board, committee or equivalent body charged with governance) or individual(s) responsible for oversight of sustainability-related risks and opportunities. Specifically, the entity shall identify that body(s) or individual(s) and disclose information about: (i) how responsibilities for sustainability-related risks and opportunities are reflected in the terms of reference, mandates, role descriptions and other related policies applicable to that body(s) or individual(s); (ii) how the body(s) or individual(s) determines whether appropriate skills and competencies are available or will be developed to oversee strategies designed to respond to sustainability-related risks and opportunities; (iii) how and how often the body(s) or individual(s) is informed about sustainability-related risks and opportunities; (iv) how the body(s) or individual(s) takes into account sustainability-related risks and opportunities when overseeing the entity’s strategy, its decisions on major transactions and its risk management processes and related policies, including whether the body(s) or individual(s) has considered trade-offs associated with those risks and opportunities; and (v) how the body(s) or individual(s) oversees the setting of targets related to sustainability-related risks and opportunities, and monitors progress towards those targets (see paragraph 51), including whether and how related performance metrics are included in remuneration policies. (b) management’s role in the governance processes, controls and procedures used to monitor, manage and oversee sustainability-related risks and opportunities, including information about: (i) whether the role is delegated to a specific management-level position or management-level committee and how oversight is exercised over that position or committee; and (ii) whether management uses controls and procedures to support the oversight of sustainability-related risks and opportunities and, if so, how these controls and procedures are integrated with other internal functions.",(a)>(i),mandatory,True,"[""governance_body""]",general,1.0,1.0
IFRS_S1_27_C03,IFRS S1,27,10,Governance,Governance,Governance,"To achieve this objective, an entity shall disclose information about — (a) the governance body(s) (which can include a board, committee or equivalent body charged with governance) or individual(s) responsible for oversight of sustainability-related risks and opportunities. Specifically, the entity shall identify that body(s) or individual(s) and disclose information about: — (ii) how the body(s) or individual(s) determines whether appropriate skills and competencies are available or will be developed to oversee strategies designed to respond to sustainability-related risks and opportunities","To achieve this objective, an entity shall disclose information about: (a) the governance body(s) (which can include a board, committee or equivalent body charged with governance) or individual(s) responsible for oversight of sustainability-related risks and opportunities. Specifically, the entity shall identify that body(s) or individual(s) and disclose information about: (i) how responsibilities for sustainability-related risks and opportunities are reflected in the terms of reference, mandates, role descriptions and other related policies applicable to that body(s) or individual(s); (ii) how the body(s) or individual(s) determines whether appropriate skills and competencies are available or will be developed to oversee strategies designed to respond to sustainability-related risks and opportunities; (iii) how and how often the body(s) or individual(s) is informed about sustainability-related risks and opportunities; (iv) how the body(s) or individual(s) takes into account sustainability-related risks and opportunities when overseeing the entity’s strategy, its decisions on major transactions and its risk management processes and related policies, including whether the body(s) or individual(s) has considered trade-offs associated with those risks and opportunities; and (v) how the body(s) or individual(s) oversees the setting of targets related to sustainability-related risks and opportunities, and monitors progress towards those targets (see paragraph 51), including whether and how related performance metrics are included in remuneration policies. (b) management’s role in the governance processes, controls and procedures used to monitor, manage and oversee sustainability-related risks and opportunities, including information about: (i) whether the role is delegated to a specific management-level position or management-level committee and how oversight is exercised over that position or committee; and (ii) whether management uses controls and procedures to support the oversight of sustainability-related risks and opportunities and, if so, how these controls and procedures are integrated with other internal functions.",(a)>(ii),mandatory,True,"[""governance_body""]",general,1.0,1.0
IFRS_S1_27_C04,IFRS S1,27,10,Governance,Governance,Governance,"To achieve this objective, an entity shall disclose information about — (a) the governance body(s) (which can include a board, committee or equivalent body charged with governance) or individual(s) responsible for oversight of sustainability-related risks and opportunities. Specifically, the entity shall identify that body(s) or individual(s) and disclose information about: — (iii) how and how often the body(s) or individual(s) is informed about sustainability-related risks and opportunities","To achieve this objective, an entity shall disclose information about: (a) the governance body(s) (which can include a board, committee or equivalent body charged with governance) or individual(s) responsible for oversight of sustainability-related risks and opportunities. Specifically, the entity shall identify that body(s) or individual(s) and disclose information about: (i) how responsibilities for sustainability-related risks and opportunities are reflected in the terms of reference, mandates, role descriptions and other related policies applicable to that body(s) or individual(s); (ii) how the body(s) or individual(s) determines whether appropriate skills and competencies are available or will be developed to oversee strategies designed to respond to sustainability-related risks and opportunities; (iii) how and how often the body(s) or individual(s) is informed about sustainability-related risks and opportunities; (iv) how the body(s) or individual(s) takes into account sustainability-related risks and opportunities when overseeing the entity’s strategy, its decisions on major transactions and its risk management processes and related policies, including whether the body(s) or individual(s) has considered trade-offs associated with those risks and opportunities; and (v) how the body(s) or individual(s) oversees the setting of targets related to sustainability-related risks and opportunities, and monitors progress towards those targets (see paragraph 51), including whether and how related performance metrics are included in remuneration policies. (b) management’s role in the governance processes, controls and procedures used to monitor, manage and oversee sustainability-related risks and opportunities, including information about: (i) whether the role is delegated to a specific management-level position or management-level committee and how oversight is exercised over that position or committee; and (ii) whether management uses controls and procedures to support the oversight of sustainability-related risks and opportunities and, if so, how these controls and procedures are integrated with other internal functions.",(a)>(iii),mandatory,True,"[""governance_body""]",general,1.0,1.0
IFRS_S1_27_C05,IFRS S1,27,10,Governance,Governance,Governance,"To achieve this objective, an entity shall disclose information about — (a) the governance body(s) (which can include a board, committee or equivalent body charged with governance) or individual(s) responsible for oversight of sustainability-related risks and opportunities. Specifically, the entity shall identify that body(s) or individual(s) and disclose information about: — (iv) how the body(s) or individual(s) takes into account sustainability-related risks and opportunities when overseeing the entity’s strategy, its decisions on major transactions and its risk management processes and related policies, including whether the body(s) or individual(s) has considered trade-offs associated with those risks and opportunities","To achieve this objective, an entity shall disclose information about: (a) the governance body(s) (which can include a board, committee or equivalent body charged with governance) or individual(s) responsible for oversight of sustainability-related risks and opportunities. Specifically, the entity shall identify that body(s) or individual(s) and disclose information about: (i) how responsibilities for sustainability-related risks and opportunities are reflected in the terms of reference, mandates, role descriptions and other related policies applicable to that body(s) or individual(s); (ii) how the body(s) or individual(s) determines whether appropriate skills and competencies are available or will be developed to oversee strategies designed to respond to sustainability-related risks and opportunities; (iii) how and how often the body(s) or individual(s) is informed about sustainability-related risks and opportunities; (iv) how the body(s) or individual(s) takes into account sustainability-related risks and opportunities when overseeing the entity’s strategy, its decisions on major transactions and its risk management processes and related policies, including whether the body(s) or individual(s) has considered trade-offs associated with those risks and opportunities; and (v) how the body(s) or individual(s) oversees the setting of targets related to sustainability-related risks and opportunities, and monitors progress towards those targets (see paragraph 51), including whether and how related performance metrics are included in remuneration policies. (b) management’s role in the governance processes, controls and procedures used to monitor, manage and oversee sustainability-related risks and opportunities, including information about: (i) whether the role is delegated to a specific management-level position or management-level committee and how oversight is exercised over that position or committee; and (ii) whether management uses controls and procedures to support the oversight of sustainability-related risks and opportunities and, if so, how these controls and procedures are integrated with other internal functions.",(a)>(iv),mandatory,True,"[""governance_body"", ""risk_process""]",general,1.0,1.0
IFRS_S1_27_C06,IFRS S1,27,10,Governance,Governance,Governance,"To achieve this objective, an entity shall disclose information about — (a) the governance body(s) (which can include a board, committee or equivalent body charged with governance) or individual(s) responsible for oversight of sustainability-related risks and opportunities. Specifically, the entity shall identify that body(s) or individual(s) and disclose information about: — (v) how the body(s) or individual(s) oversees the setting of targets related to sustainability-related risks and opportunities, and monitors progress towards those targets (see paragraph 51), including whether and how related performance metrics are included in remuneration policies.","To achieve this objective, an entity shall disclose information about: (a) the governance body(s) (which can include a board, committee or equivalent body charged with governance) or individual(s) responsible for oversight of sustainability-related risks and opportunities. Specifically, the entity shall identify that body(s) or individual(s) and disclose information about: (i) how responsibilities for sustainability-related risks and opportunities are reflected in the terms of reference, mandates, role descriptions and other related policies applicable to that body(s) or individual(s); (ii) how the body(s) or individual(s) determines whether appropriate skills and competencies are available or will be developed to oversee strategies designed to respond to sustainability-related risks and opportunities; (iii) how and how often the body(s) or individual(s) is informed about sustainability-related risks and opportunities; (iv) how the body(s) or individual(s) takes into account sustainability-related risks and opportunities when overseeing the entity’s strategy, its decisions on major transactions and its risk management processes and related policies, including whether the body(s) or individual(s) has considered trade-offs associated with those risks and opportunities; and (v) how the body(s) or individual(s) oversees the setting of targets related to sustainability-related risks and opportunities, and monitors progress towards those targets (see paragraph 51), including whether and how related performance metrics are included in remuneration policies. (b) management’s role in the governance processes, controls and procedures used to monitor, manage and oversee sustainability-related risks and opportunities, including information about: (i) whether the role is delegated to a specific management-level position or management-level committee and how oversight is exercised over that position or committee; and (ii) whether management uses controls and procedures to support the oversight of sustainability-related risks and opportunities and, if so, how these controls and procedures are integrated with other internal functions.",(a)>(v),mandatory,True,"[""governance_body"", ""metrics"", ""targets"", ""remuneration""]",general,1.0,1.0
IFRS_S1_27_C08,IFRS S1,27,10,Governance,Governance,Governance,"To achieve this objective, an entity shall disclose information about — (b) management’s role in the governance processes, controls and procedures used to monitor, manage and oversee sustainability-related risks and opportunities, including information about: — (i) whether the role is delegated to a specific management-level position or management-level committee and how oversight is exercised over that position or committee","To achieve this objective, an entity shall disclose information about: (a) the governance body(s) (which can include a board, committee or equivalent body charged with governance) or individual(s) responsible for oversight of sustainability-related risks and opportunities. Specifically, the entity shall identify that body(s) or individual(s) and disclose information about: (i) how responsibilities for sustainability-related risks and opportunities are reflected in the terms of reference, mandates, role descriptions and other related policies applicable to that body(s) or individual(s); (ii) how the body(s) or individual(s) determines whether appropriate skills and competencies are available or will be developed to oversee strategies designed to respond to sustainability-related risks and opportunities; (iii) how and how often the body(s) or individual(s) is informed about sustainability-related risks and opportunities; (iv) how the body(s) or individual(s) takes into account sustainability-related risks and opportunities when overseeing the entity’s strategy, its decisions on major transactions and its risk management processes and related policies, including whether the body(s) or individual(s) has considered trade-offs associated with those risks and opportunities; and (v) how the body(s) or individual(s) oversees the setting of targets related to sustainability-related risks and opportunities, and monitors progress towards those targets (see paragraph 51), including whether and how related performance metrics are included in remuneration policies. (b) management’s role in the governance processes, controls and procedures used to monitor, manage and oversee sustainability-related risks and opportunities, including information about: (i) whether the role is delegated to a specific management-level position or management-level committee and how oversight is exercised over that position or committee; and (ii) whether management uses controls and procedures to support the oversight of sustainability-related risks and opportunities and, if so, how these controls and procedures are integrated with other internal functions.",(b)>(i),mandatory,True,"[""governance_body"", ""management_role""]",general,1.0,1.0
IFRS_S1_27_C09,IFRS S1,27,10,Governance,Governance,Governance,"To achieve this objective, an entity shall disclose information about — (b) management’s role in the governance processes, controls and procedures used to monitor, manage and oversee sustainability-related risks and opportunities, including information about: — (ii) whether management uses controls and procedures to support the oversight of sustainability-related risks and opportunities and, if so, how these controls and procedures are integrated with other internal functions.","To achieve this objective, an entity shall disclose information about: (a) the governance body(s) (which can include a board, committee or equivalent body charged with governance) or individual(s) responsible for oversight of sustainability-related risks and opportunities. Specifically, the entity shall identify that body(s) or individual(s) and disclose information about: (i) how responsibilities for sustainability-related risks and opportunities are reflected in the terms of reference, mandates, role descriptions and other related policies applicable to that body(s) or individual(s); (ii) how the body(s) or individual(s) determines whether appropriate skills and competencies are available or will be developed to oversee strategies designed to respond to sustainability-related risks and opportunities; (iii) how and how often the body(s) or individual(s) is informed about sustainability-related risks and opportunities; (iv) how the body(s) or individual(s) takes into account sustainability-related risks and opportunities when overseeing the entity’s strategy, its decisions on major transactions and its risk management processes and related policies, including whether the body(s) or individual(s) has considered trade-offs associated with those risks and opportunities; and (v) how the body(s) or individual(s) oversees the setting of targets related to sustainability-related risks and opportunities, and monitors progress towards those targets (see paragraph 51), including whether and how related performance metrics are included in remuneration policies. (b) management’s role in the governance processes, controls and procedures used to monitor, manage and oversee sustainability-related risks and opportunities, including information about: (i) whether the role is delegated to a specific management-level position or management-level committee and how oversight is exercised over that position or committee; and (ii) whether management uses controls and procedures to support the oversight of sustainability-related risks and opportunities and, if so, how these controls and procedures are integrated with other internal functions.",(b)>(ii),mandatory,True,"[""management_role""]",general,1.0,1.0
IFRS_S1_29_C01,IFRS S1,29,11,Strategy,Strategy,Strategy,"Specifically, an entity shall disclose information to enable users of general purpose financial reports to understand — (a) the sustainability-related risks and opportunities that could reasonably be expected to affect the entity’s prospects (see paragraphs 30–31)","Specifically, an entity shall disclose information to enable users of general purpose financial reports to understand: (a) the sustainability-related risks and opportunities that could reasonably be expected to affect the entity’s prospects (see paragraphs 30–31); (b) the current and anticipated effects of those sustainability-related risks and opportunities on the entity’s business model and value chain (see paragraph 32); (c) the effects of those sustainability-related risks and opportunities on the entity’s strategy and decision-making (see paragraph 33); (d) the effects of those sustainability-related risks and opportunities on the entity’s financial position, financial performance and cash flows for the reporting period, and their anticipated effects on the entity’s financial position, financial performance and cash flows over the short, medium and long term, taking into consideration how those sustainability-related risks and opportunities have been factored into the entityʼs financial planning (see paragraphs 34–40); and (e) the resilience of the entity’s strategy and its business model to those sustainability-related risks (see paragraphs 41–42).",(a),mandatory,True,[],general,1.0,1.0
IFRS_S1_29_C02,IFRS S1,29,11,Strategy,Strategy,Strategy,"Specifically, an entity shall disclose information to enable users of general purpose financial reports to understand — (b) the current and anticipated effects of those sustainability-related risks and opportunities on the entity’s business model and value chain (see paragraph 32)","Specifically, an entity shall disclose information to enable users of general purpose financial reports to understand: (a) the sustainability-related risks and opportunities that could reasonably be expected to affect the entity’s prospects (see paragraphs 30–31); (b) the current and anticipated effects of those sustainability-related risks and opportunities on the entity’s business model and value chain (see paragraph 32); (c) the effects of those sustainability-related risks and opportunities on the entity’s strategy and decision-making (see paragraph 33); (d) the effects of those sustainability-related risks and opportunities on the entity’s financial position, financial performance and cash flows for the reporting period, and their anticipated effects on the entity’s financial position, financial performance and cash flows over the short, medium and long term, taking into consideration how those sustainability-related risks and opportunities have been factored into the entityʼs financial planning (see paragraphs 34–40); and (e) the resilience of the entity’s strategy and its business model to those sustainability-related risks (see paragraphs 41–42).",(b),mandatory,True,"[""business_model_value_chain""]",general,1.0,1.0
IFRS_S1_29_C03,IFRS S1,29,11,Strategy,Strategy,Strategy,"Specifically, an entity shall disclose information to enable users of general purpose financial reports to understand — (c) the effects of those sustainability-related risks and opportunities on the entity’s strategy and decision-making (see paragraph 33)","Specifically, an entity shall disclose information to enable users of general purpose financial reports to understand: (a) the sustainability-related risks and opportunities that could reasonably be expected to affect the entity’s prospects (see paragraphs 30–31); (b) the current and anticipated effects of those sustainability-related risks and opportunities on the entity’s business model and value chain (see paragraph 32); (c) the effects of those sustainability-related risks and opportunities on the entity’s strategy and decision-making (see paragraph 33); (d) the effects of those sustainability-related risks and opportunities on the entity’s financial position, financial performance and cash flows for the reporting period, and their anticipated effects on the entity’s financial position, financial performance and cash flows over the short, medium and long term, taking into consideration how those sustainability-related risks and opportunities have been factored into the entityʼs financial planning (see paragraphs 34–40); and (e) the resilience of the entity’s strategy and its business model to those sustainability-related risks (see paragraphs 41–42).",(c),mandatory,True,"[""strategy_decision_making""]",general,1.0,1.0
IFRS_S1_29_C04,IFRS S1,29,11,Strategy,Strategy,Strategy,"Specifically, an entity shall disclose information to enable users of general purpose financial reports to understand — (d) the effects of those sustainability-related risks and opportunities on the entity’s financial position, financial performance and cash flows for the reporting period, and their anticipated effects on the entity’s financial position, financial performance and cash flows over the short, medium and long term, taking into consideration how those sustainability-related risks and opportunities have been factored into the entityʼs financial planning (see paragraphs 34–40)","Specifically, an entity shall disclose information to enable users of general purpose financial reports to understand: (a) the sustainability-related risks and opportunities that could reasonably be expected to affect the entity’s prospects (see paragraphs 30–31); (b) the current and anticipated effects of those sustainability-related risks and opportunities on the entity’s business model and value chain (see paragraph 32); (c) the effects of those sustainability-related risks and opportunities on the entity’s strategy and decision-making (see paragraph 33); (d) the effects of those sustainability-related risks and opportunities on the entity’s financial position, financial performance and cash flows for the reporting period, and their anticipated effects on the entity’s financial position, financial performance and cash flows over the short, medium and long term, taking into consideration how those sustainability-related risks and opportunities have been factored into the entityʼs financial planning (see paragraphs 34–40); and (e) the resilience of the entity’s strategy and its business model to those sustainability-related risks (see paragraphs 41–42).",(d),mandatory,True,"[""financial_effects""]",medium,1.0,1.0
IFRS_S1_29_C05,IFRS S1,29,11,Strategy,Strategy,Strategy,"Specifically, an entity shall disclose information to enable users of general purpose financial reports to understand — (e) the resilience of the entity’s strategy and its business model to those sustainability-related risks (see paragraphs 41–42).","Specifically, an entity shall disclose information to enable users of general purpose financial reports to understand: (a) the sustainability-related risks and opportunities that could reasonably be expected to affect the entity’s prospects (see paragraphs 30–31); (b) the current and anticipated effects of those sustainability-related risks and opportunities on the entity’s business model and value chain (see paragraph 32); (c) the effects of those sustainability-related risks and opportunities on the entity’s strategy and decision-making (see paragraph 33); (d) the effects of those sustainability-related risks and opportunities on the entity’s financial position, financial performance and cash flows for the reporting period, and their anticipated effects on the entity’s financial position, financial performance and cash flows over the short, medium and long term, taking into consideration how those sustainability-related risks and opportunities have been factored into the entityʼs financial planning (see paragraphs 34–40); and (e) the resilience of the entity’s strategy and its business model to those sustainability-related risks (see paragraphs 41–42).",(e),mandatory,True,"[""business_model_value_chain""]",general,1.0,1.0
IFRS_S1_30_C01,IFRS S1,30,12,Strategy,Strategy,Sustainability-related risks and opportunities,"An entity shall disclose information that enables users of general purpose financial reports to understand the sustainability-related risks and opportunities that could reasonably be expected to affect the entity’s prospects. Specifically, the entity shall — (a) describe sustainability-related risks and opportunities that could reasonably be expected to affect the entity’s prospects","An entity shall disclose information that enables users of general purpose financial reports to understand the sustainability-related risks and opportunities that could reasonably be expected to affect the entity’s prospects. Specifically, the entity shall: (a) describe sustainability-related risks and opportunities that could reasonably be expected to affect the entity’s prospects; (b) specify the time horizons—short, medium or long term—over which the effects of each of those sustainability-related risks and opportunities could reasonably be expected to occur; and (c) explain how the entity defines ‘short term’, ‘medium term’ and ‘long term’ and how these definitions are linked to the planning horizons used by the entity for strategic decision-making.",(a),mandatory,True,[],general,1.0,1.0
IFRS_S1_30_C02,IFRS S1,30,12,Strategy,Strategy,Sustainability-related risks and opportunities,"An entity shall disclose information that enables users of general purpose financial reports to understand the sustainability-related risks and opportunities that could reasonably be expected to affect the entity’s prospects. Specifically, the entity shall — (b) specify the time horizons—short, medium or long term—over which the effects of each of those sustainability-related risks and opportunities could reasonably be expected to occur","An entity shall disclose information that enables users of general purpose financial reports to understand the sustainability-related risks and opportunities that could reasonably be expected to affect the entity’s prospects. Specifically, the entity shall: (a) describe sustainability-related risks and opportunities that could reasonably be expected to affect the entity’s prospects; (b) specify the time horizons—short, medium or long term—over which the effects of each of those sustainability-related risks and opportunities could reasonably be expected to occur; and (c) explain how the entity defines ‘short term’, ‘medium term’ and ‘long term’ and how these definitions are linked to the planning horizons used by the entity for strategic decision-making.",(b),mandatory,True,[],general,1.0,1.0
IFRS_S1_30_C03,IFRS S1,30,12,Strategy,Strategy,Sustainability-related risks and opportunities,"An entity shall disclose information that enables users of general purpose financial reports to understand the sustainability-related risks and opportunities that could reasonably be expected to affect the entity’s prospects. Specifically, the entity shall — (c) explain how the entity defines ‘short term’, ‘medium term’ and ‘long term’ and how these definitions are linked to the planning horizons used by the entity for strategic decision-making.","An entity shall disclose information that enables users of general purpose financial reports to understand the sustainability-related risks and opportunities that could reasonably be expected to affect the entity’s prospects. Specifically, the entity shall: (a) describe sustainability-related risks and opportunities that could reasonably be expected to affect the entity’s prospects; (b) specify the time horizons—short, medium or long term—over which the effects of each of those sustainability-related risks and opportunities could reasonably be expected to occur; and (c) explain how the entity defines ‘short term’, ‘medium term’ and ‘long term’ and how these definitions are linked to the planning horizons used by the entity for strategic decision-making.",(c),mandatory,True,[],general,1.0,1.0
IFRS_S1_32_C01,IFRS S1,32,12,Strategy,Strategy,Business model and value chain,"An entity shall disclose information that enables users of general purpose financial reports to understand the current and anticipated effects of sustainability-related risks and opportunities on the entity’s business model and value chain. Specifically, the entity shall disclose — (a) a description of the current and anticipated effects of sustainability-related risks and opportunities on the entity’s business model and value chain","An entity shall disclose information that enables users of general purpose financial reports to understand the current and anticipated effects of sustainability-related risks and opportunities on the entity’s business model and value chain. Specifically, the entity shall disclose: (a) a description of the current and anticipated effects of sustainability-related risks and opportunities on the entity’s business model and value chain; and (b) a description of where in the entity’s business model and value chain sustainability-related risks and opportunities are concentrated (for example, geographical areas, facilities and types of assets).",(a),mandatory,True,"[""business_model_value_chain""]",general,1.0,1.0
IFRS_S1_32_C02,IFRS S1,32,12,Strategy,Strategy,Business model and value chain,"An entity shall disclose information that enables users of general purpose financial reports to understand the current and anticipated effects of sustainability-related risks and opportunities on the entity’s business model and value chain. Specifically, the entity shall disclose — (b) a description of where in the entity’s business model and value chain sustainability-related risks and opportunities are concentrated (for example, geographical areas, facilities and types of assets).","An entity shall disclose information that enables users of general purpose financial reports to understand the current and anticipated effects of sustainability-related risks and opportunities on the entity’s business model and value chain. Specifically, the entity shall disclose: (a) a description of the current and anticipated effects of sustainability-related risks and opportunities on the entity’s business model and value chain; and (b) a description of where in the entity’s business model and value chain sustainability-related risks and opportunities are concentrated (for example, geographical areas, facilities and types of assets).",(b),mandatory,True,"[""business_model_value_chain""]",general,1.0,1.0
IFRS_S1_33_C01,IFRS S1,33,13,Strategy,Strategy,Strategy and decision-making,"An entity shall disclose information that enables users of general purpose financial reports to understand the effects of sustainability-related risks and opportunities on its strategy and decision-making. Specifically, the entity shall disclose information about — (a) how the entity has responded to, and plans to respond to, sustainability-related risks and opportunities in its strategy and decision-making","An entity shall disclose information that enables users of general purpose financial reports to understand the effects of sustainability-related risks and opportunities on its strategy and decision-making. Specifically, the entity shall disclose information about: (a) how the entity has responded to, and plans to respond to, sustainability-related risks and opportunities in its strategy and decision-making; (b) the progress against plans the entity has disclosed in previous reporting periods, including quantitative and qualitative information; and (c) trade-offs between sustainability-related risks and opportunities that the entity considered (for example, in making a decision on the location of new operations, an entity might have considered the environmental impacts of those operations and the employment opportunities they would create in a community).",(a),mandatory,True,"[""strategy_decision_making""]",general,1.0,1.0
IFRS_S1_33_C02,IFRS S1,33,13,Strategy,Strategy,Strategy and decision-making,"An entity shall disclose information that enables users of general purpose financial reports to understand the effects of sustainability-related risks and opportunities on its strategy and decision-making. Specifically, the entity shall disclose information about — (b) the progress against plans the entity has disclosed in previous reporting periods, including quantitative and qualitative information","An entity shall disclose information that enables users of general purpose financial reports to understand the effects of sustainability-related risks and opportunities on its strategy and decision-making. Specifically, the entity shall disclose information about: (a) how the entity has responded to, and plans to respond to, sustainability-related risks and opportunities in its strategy and decision-making; (b) the progress against plans the entity has disclosed in previous reporting periods, including quantitative and qualitative information; and (c) trade-offs between sustainability-related risks and opportunities that the entity considered (for example, in making a decision on the location of new operations, an entity might have considered the environmental impacts of those operations and the employment opportunities they would create in a community).",(b),mandatory,True,"[""strategy_decision_making""]",general,1.0,1.0
IFRS_S1_33_C03,IFRS S1,33,13,Strategy,Strategy,Strategy and decision-making,"An entity shall disclose information that enables users of general purpose financial reports to understand the effects of sustainability-related risks and opportunities on its strategy and decision-making. Specifically, the entity shall disclose information about — (c) trade-offs between sustainability-related risks and opportunities that the entity considered (for example, in making a decision on the location of new operations, an entity might have considered the environmental impacts of those operations and the employment opportunities they would create in a community).","An entity shall disclose information that enables users of general purpose financial reports to understand the effects of sustainability-related risks and opportunities on its strategy and decision-making. Specifically, the entity shall disclose information about: (a) how the entity has responded to, and plans to respond to, sustainability-related risks and opportunities in its strategy and decision-making; (b) the progress against plans the entity has disclosed in previous reporting periods, including quantitative and qualitative information; and (c) trade-offs between sustainability-related risks and opportunities that the entity considered (for example, in making a decision on the location of new operations, an entity might have considered the environmental impacts of those operations and the employment opportunities they would create in a community).",(c),mandatory,True,"[""strategy_decision_making""]",general,1.0,1.0
IFRS_S1_34_C01,IFRS S1,34,13,Strategy,Strategy,"Financial position, financial performance and cash flows","An entity shall disclose information that enables users of general purpose financial reports to understand — (a) the effects of sustainability-related risks and opportunities on the entity’s financial position, financial performance and cash flows for the reporting period (current financial effects)","An entity shall disclose information that enables users of general purpose financial reports to understand: (a) the effects of sustainability-related risks and opportunities on the entity’s financial position, financial performance and cash flows for the reporting period (current financial effects); and (b) the anticipated effects of sustainability-related risks and opportunities on the entity’s financial position, financial performance and cash flows over the short, medium and long term, taking into consideration how sustainability-related risks and opportunities are included in the entity’s financial planning (anticipated financial effects).",(a),mandatory,True,"[""financial_effects""]",medium,1.0,1.0
IFRS_S1_34_C02,IFRS S1,34,13,Strategy,Strategy,"Financial position, financial performance and cash flows","An entity shall disclose information that enables users of general purpose financial reports to understand — (b) the anticipated effects of sustainability-related risks and opportunities on the entity’s financial position, financial performance and cash flows over the short, medium and long term, taking into consideration how sustainability-related risks and opportunities are included in the entity’s financial planning (anticipated financial effects).","An entity shall disclose information that enables users of general purpose financial reports to understand: (a) the effects of sustainability-related risks and opportunities on the entity’s financial position, financial performance and cash flows for the reporting period (current financial effects); and (b) the anticipated effects of sustainability-related risks and opportunities on the entity’s financial position, financial performance and cash flows over the short, medium and long term, taking into consideration how sustainability-related risks and opportunities are included in the entity’s financial planning (anticipated financial effects).",(b),mandatory,True,"[""financial_effects""]",medium,1.0,1.0
IFRS_S1_35_C01,IFRS S1,35,13,Strategy,Strategy,"Financial position, financial performance and cash flows","Specifically, an entity shall disclose quantitative and qualitative information about — (a) how sustainability-related risks and opportunities have affected its financial position, financial performance and cash flows for the reporting period","Specifically, an entity shall disclose quantitative and qualitative information about: (a) how sustainability-related risks and opportunities have affected its financial position, financial performance and cash flows for the reporting period; (b) the sustainability-related risks and opportunities identified in paragraph 35(a) for which there is a significant risk of a material adjustment within the next annual reporting period to the carrying amounts of assets and liabilities reported in the related financial statements; (c) how the entity expects its financial position to change over the short, medium and long term, given its strategy to manage sustainability-related risks and opportunities, taking into consideration: (i) its investment and disposal plans (for example, plans for capital expenditure, major acquisitions and divestments, joint ventures, business transformation, innovation, new business areas, and asset retirements), including plans the entity is not contractually committed to; and (ii) its planned sources of funding to implement its strategy; and (d) how the entity expects its financial performance and cash flows to change over the short, medium and long term, given its strategy to manage sustainability-related risks and opportunities.",(a),mandatory,True,"[""financial_effects""]",medium,1.0,1.0
IFRS_S1_35_C02,IFRS S1,35,13,Strategy,Strategy,"Financial position, financial performance and cash flows","Specifically, an entity shall disclose quantitative and qualitative information about — (b) the sustainability-related risks and opportunities identified in paragraph 35(a) for which there is a significant risk of a material adjustment within the next annual reporting period to the carrying amounts of assets and liabilities reported in the related financial statements","Specifically, an entity shall disclose quantitative and qualitative information about: (a) how sustainability-related risks and opportunities have affected its financial position, financial performance and cash flows for the reporting period; (b) the sustainability-related risks and opportunities identified in paragraph 35(a) for which there is a significant risk of a material adjustment within the next annual reporting period to the carrying amounts of assets and liabilities reported in the related financial statements; (c) how the entity expects its financial position to change over the short, medium and long term, given its strategy to manage sustainability-related risks and opportunities, taking into consideration: (i) its investment and disposal plans (for example, plans for capital expenditure, major acquisitions and divestments, joint ventures, business transformation, innovation, new business areas, and asset retirements), including plans the entity is not contractually committed to; and (ii) its planned sources of funding to implement its strategy; and (d) how the entity expects its financial performance and cash flows to change over the short, medium and long term, given its strategy to manage sustainability-related risks and opportunities.",(b),mandatory,True,"[""financial_effects"", ""materiality"", ""connected_information""]",medium,1.0,1.0
IFRS_S1_35_C04,IFRS S1,35,13,Strategy,Strategy,"Financial position, financial performance and cash flows","Specifically, an entity shall disclose quantitative and qualitative information about — (c) how the entity expects its financial position to change over the short, medium and long term, given its strategy to manage sustainability-related risks and opportunities, taking into consideration: — (i) its investment and disposal plans (for example, plans for capital expenditure, major acquisitions and divestments, joint ventures, business transformation, innovation, new business areas, and asset retirements), including plans the entity is not contractually committed to","Specifically, an entity shall disclose quantitative and qualitative information about: (a) how sustainability-related risks and opportunities have affected its financial position, financial performance and cash flows for the reporting period; (b) the sustainability-related risks and opportunities identified in paragraph 35(a) for which there is a significant risk of a material adjustment within the next annual reporting period to the carrying amounts of assets and liabilities reported in the related financial statements; (c) how the entity expects its financial position to change over the short, medium and long term, given its strategy to manage sustainability-related risks and opportunities, taking into consideration: (i) its investment and disposal plans (for example, plans for capital expenditure, major acquisitions and divestments, joint ventures, business transformation, innovation, new business areas, and asset retirements), including plans the entity is not contractually committed to; and (ii) its planned sources of funding to implement its strategy; and (d) how the entity expects its financial performance and cash flows to change over the short, medium and long term, given its strategy to manage sustainability-related risks and opportunities.",(c)>(i),mandatory,True,"[""financial_effects""]",medium,1.0,1.0
IFRS_S1_35_C05,IFRS S1,35,13,Strategy,Strategy,"Financial position, financial performance and cash flows","Specifically, an entity shall disclose quantitative and qualitative information about — (c) how the entity expects its financial position to change over the short, medium and long term, given its strategy to manage sustainability-related risks and opportunities, taking into consideration: — (ii) its planned sources of funding to implement its strategy","Specifically, an entity shall disclose quantitative and qualitative information about: (a) how sustainability-related risks and opportunities have affected its financial position, financial performance and cash flows for the reporting period; (b) the sustainability-related risks and opportunities identified in paragraph 35(a) for which there is a significant risk of a material adjustment within the next annual reporting period to the carrying amounts of assets and liabilities reported in the related financial statements; (c) how the entity expects its financial position to change over the short, medium and long term, given its strategy to manage sustainability-related risks and opportunities, taking into consideration: (i) its investment and disposal plans (for example, plans for capital expenditure, major acquisitions and divestments, joint ventures, business transformation, innovation, new business areas, and asset retirements), including plans the entity is not contractually committed to; and (ii) its planned sources of funding to implement its strategy; and (d) how the entity expects its financial performance and cash flows to change over the short, medium and long term, given its strategy to manage sustainability-related risks and opportunities.",(c)>(ii),mandatory,True,"[""financial_effects""]",medium,1.0,1.0
IFRS_S1_35_C06,IFRS S1,35,13,Strategy,Strategy,"Financial position, financial performance and cash flows","Specifically, an entity shall disclose quantitative and qualitative information about — (d) how the entity expects its financial performance and cash flows to change over the short, medium and long term, given its strategy to manage sustainability-related risks and opportunities.","Specifically, an entity shall disclose quantitative and qualitative information about: (a) how sustainability-related risks and opportunities have affected its financial position, financial performance and cash flows for the reporting period; (b) the sustainability-related risks and opportunities identified in paragraph 35(a) for which there is a significant risk of a material adjustment within the next annual reporting period to the carrying amounts of assets and liabilities reported in the related financial statements; (c) how the entity expects its financial position to change over the short, medium and long term, given its strategy to manage sustainability-related risks and opportunities, taking into consideration: (i) its investment and disposal plans (for example, plans for capital expenditure, major acquisitions and divestments, joint ventures, business transformation, innovation, new business areas, and asset retirements), including plans the entity is not contractually committed to; and (ii) its planned sources of funding to implement its strategy; and (d) how the entity expects its financial performance and cash flows to change over the short, medium and long term, given its strategy to manage sustainability-related risks and opportunities.",(d),mandatory,True,"[""financial_effects""]",medium,1.0,1.0
IFRS_S1_37_C01,IFRS S1,37,14,Strategy,Strategy,"Financial position, financial performance and cash flows","In preparing disclosures about the anticipated financial effects of a sustainability-related risk or opportunity, an entity shall — (a) use all reasonable and supportable information that is available to the entity at the reporting date without undue cost or effort (see paragraphs B8–B10)","In preparing disclosures about the anticipated financial effects of a sustainability-related risk or opportunity, an entity shall: (a) use all reasonable and supportable information that is available to the entity at the reporting date without undue cost or effort (see paragraphs B8–B10); and (b) use an approach that is commensurate with the skills, capabilities and resources that are available to the entity for preparing those disclosures.",(a),mandatory,True,"[""financial_effects""]",medium,1.0,1.0
IFRS_S1_37_C02,IFRS S1,37,14,Strategy,Strategy,"Financial position, financial performance and cash flows","In preparing disclosures about the anticipated financial effects of a sustainability-related risk or opportunity, an entity shall — (b) use an approach that is commensurate with the skills, capabilities and resources that are available to the entity for preparing those disclosures.","In preparing disclosures about the anticipated financial effects of a sustainability-related risk or opportunity, an entity shall: (a) use all reasonable and supportable information that is available to the entity at the reporting date without undue cost or effort (see paragraphs B8–B10); and (b) use an approach that is commensurate with the skills, capabilities and resources that are available to the entity for preparing those disclosures.",(b),mandatory,True,"[""financial_effects""]",medium,1.0,1.0
IFRS_S1_42_C01,IFRS S1,42,15,Strategy,Strategy,Resilience,"Other IFRS Sustainability Disclosure Standards may specify the type of information an entity is required to disclose about its resilience to specific sustainability-related risks and how to prepare those disclosures, including whether a scenario analysis is required.","Other IFRS Sustainability Disclosure Standards may specify the type of information an entity is required to disclose about its resilience to specific sustainability-related risks and how to prepare those disclosures, including whether a scenario analysis is required.",,mandatory,True,"[""scenario_analysis""]",general,1.0,1.0
IFRS_S1_44_C02,IFRS S1,44,15,Risk Management,Risk management,Risk management,"To achieve this objective, an entity shall disclose information about — (a) the processes and related policies the entity uses to identify, assess, prioritise and monitor sustainability-related risks, including information about: — (i) the inputs and parameters the entity uses (for example, information about data sources and the scope of operations covered in the processes)","To achieve this objective, an entity shall disclose information about: (a) the processes and related policies the entity uses to identify, assess, prioritise and monitor sustainability-related risks, including information about: (i) the inputs and parameters the entity uses (for example, information about data sources and the scope of operations covered in the processes); (ii) whether and how the entity uses scenario analysis to inform its identification of sustainability-related risks; (iii) how the entity assesses the nature, likelihood and magnitude of the effects of those risks (for example, whether the entity considers qualitative factors, quantitative thresholds or other criteria); (iv) whether and how the entity prioritises sustainability-related risks relative to other types of risk; (v) how the entity monitors sustainability-related risks; and (vi) whether and how the entity has changed the processes it uses compared with the previous reporting period; (b) the processes the entity uses to identify, assess, prioritise and monitor sustainability-related opportunities; and (c) the extent to which, and how, the processes for identifying, assessing, prioritising and monitoring sustainability-related risks and opportunities are integrated into and inform the entity’s overall risk management process.",(a)>(i),mandatory,True,"[""risk_process""]",general,1.0,1.0
IFRS_S1_44_C03,IFRS S1,44,15,Risk Management,Risk management,Risk management,"To achieve this objective, an entity shall disclose information about — (a) the processes and related policies the entity uses to identify, assess, prioritise and monitor sustainability-related risks, including information about: — (ii) whether and how the entity uses scenario analysis to inform its identification of sustainability-related risks","To achieve this objective, an entity shall disclose information about: (a) the processes and related policies the entity uses to identify, assess, prioritise and monitor sustainability-related risks, including information about: (i) the inputs and parameters the entity uses (for example, information about data sources and the scope of operations covered in the processes); (ii) whether and how the entity uses scenario analysis to inform its identification of sustainability-related risks; (iii) how the entity assesses the nature, likelihood and magnitude of the effects of those risks (for example, whether the entity considers qualitative factors, quantitative thresholds or other criteria); (iv) whether and how the entity prioritises sustainability-related risks relative to other types of risk; (v) how the entity monitors sustainability-related risks; and (vi) whether and how the entity has changed the processes it uses compared with the previous reporting period; (b) the processes the entity uses to identify, assess, prioritise and monitor sustainability-related opportunities; and (c) the extent to which, and how, the processes for identifying, assessing, prioritising and monitoring sustainability-related risks and opportunities are integrated into and inform the entity’s overall risk management process.",(a)>(ii),mandatory,True,"[""scenario_analysis"", ""risk_process""]",general,1.0,1.0
IFRS_S1_44_C04,IFRS S1,44,15,Risk Management,Risk management,Risk management,"To achieve this objective, an entity shall disclose information about — (a) the processes and related policies the entity uses to identify, assess, prioritise and monitor sustainability-related risks, including information about: — (iii) how the entity assesses the nature, likelihood and magnitude of the effects of those risks (for example, whether the entity considers qualitative factors, quantitative thresholds or other criteria)","To achieve this objective, an entity shall disclose information about: (a) the processes and related policies the entity uses to identify, assess, prioritise and monitor sustainability-related risks, including information about: (i) the inputs and parameters the entity uses (for example, information about data sources and the scope of operations covered in the processes); (ii) whether and how the entity uses scenario analysis to inform its identification of sustainability-related risks; (iii) how the entity assesses the nature, likelihood and magnitude of the effects of those risks (for example, whether the entity considers qualitative factors, quantitative thresholds or other criteria); (iv) whether and how the entity prioritises sustainability-related risks relative to other types of risk; (v) how the entity monitors sustainability-related risks; and (vi) whether and how the entity has changed the processes it uses compared with the previous reporting period; (b) the processes the entity uses to identify, assess, prioritise and monitor sustainability-related opportunities; and (c) the extent to which, and how, the processes for identifying, assessing, prioritising and monitoring sustainability-related risks and opportunities are integrated into and inform the entity’s overall risk management process.",(a)>(iii),mandatory,True,"[""risk_process""]",general,1.0,1.0
IFRS_S1_44_C05,IFRS S1,44,15,Risk Management,Risk management,Risk management,"To achieve this objective, an entity shall disclose information about — (a) the processes and related policies the entity uses to identify, assess, prioritise and monitor sustainability-related risks, including information about: — (iv) whether and how the entity prioritises sustainability-related risks relative to other types of risk","To achieve this objective, an entity shall disclose information about: (a) the processes and related policies the entity uses to identify, assess, prioritise and monitor sustainability-related risks, including information about: (i) the inputs and parameters the entity uses (for example, information about data sources and the scope of operations covered in the processes); (ii) whether and how the entity uses scenario analysis to inform its identification of sustainability-related risks; (iii) how the entity assesses the nature, likelihood and magnitude of the effects of those risks (for example, whether the entity considers qualitative factors, quantitative thresholds or other criteria); (iv) whether and how the entity prioritises sustainability-related risks relative to other types of risk; (v) how the entity monitors sustainability-related risks; and (vi) whether and how the entity has changed the processes it uses compared with the previous reporting period; (b) the processes the entity uses to identify, assess, prioritise and monitor sustainability-related opportunities; and (c) the extent to which, and how, the processes for identifying, assessing, prioritising and monitoring sustainability-related risks and opportunities are integrated into and inform the entity’s overall risk management process.",(a)>(iv),mandatory,True,"[""risk_process""]",general,1.0,1.0
IFRS_S1_44_C06,IFRS S1,44,15,Risk Management,Risk management,Risk management,"To achieve this objective, an entity shall disclose information about — (a) the processes and related policies the entity uses to identify, assess, prioritise and monitor sustainability-related risks, including information about: — (v) how the entity monitors sustainability-related risks","To achieve this objective, an entity shall disclose information about: (a) the processes and related policies the entity uses to identify, assess, prioritise and monitor sustainability-related risks, including information about: (i) the inputs and parameters the entity uses (for example, information about data sources and the scope of operations covered in the processes); (ii) whether and how the entity uses scenario analysis to inform its identification of sustainability-related risks; (iii) how the entity assesses the nature, likelihood and magnitude of the effects of those risks (for example, whether the entity considers qualitative factors, quantitative thresholds or other criteria); (iv) whether and how the entity prioritises sustainability-related risks relative to other types of risk; (v) how the entity monitors sustainability-related risks; and (vi) whether and how the entity has changed the processes it uses compared with the previous reporting period; (b) the processes the entity uses to identify, assess, prioritise and monitor sustainability-related opportunities; and (c) the extent to which, and how, the processes for identifying, assessing, prioritising and monitoring sustainability-related risks and opportunities are integrated into and inform the entity’s overall risk management process.",(a)>(v),mandatory,True,"[""risk_process""]",general,1.0,1.0
IFRS_S1_44_C07,IFRS S1,44,15,Risk Management,Risk management,Risk management,"To achieve this objective, an entity shall disclose information about — (a) the processes and related policies the entity uses to identify, assess, prioritise and monitor sustainability-related risks, including information about: — (vi) whether and how the entity has changed the processes it uses compared with the previous reporting period","To achieve this objective, an entity shall disclose information about: (a) the processes and related policies the entity uses to identify, assess, prioritise and monitor sustainability-related risks, including information about: (i) the inputs and parameters the entity uses (for example, information about data sources and the scope of operations covered in the processes); (ii) whether and how the entity uses scenario analysis to inform its identification of sustainability-related risks; (iii) how the entity assesses the nature, likelihood and magnitude of the effects of those risks (for example, whether the entity considers qualitative factors, quantitative thresholds or other criteria); (iv) whether and how the entity prioritises sustainability-related risks relative to other types of risk; (v) how the entity monitors sustainability-related risks; and (vi) whether and how the entity has changed the processes it uses compared with the previous reporting period; (b) the processes the entity uses to identify, assess, prioritise and monitor sustainability-related opportunities; and (c) the extent to which, and how, the processes for identifying, assessing, prioritising and monitoring sustainability-related risks and opportunities are integrated into and inform the entity’s overall risk management process.",(a)>(vi),mandatory,True,"[""risk_process""]",general,1.0,1.0
IFRS_S1_44_C08,IFRS S1,44,15,Risk Management,Risk management,Risk management,"To achieve this objective, an entity shall disclose information about — (b) the processes the entity uses to identify, assess, prioritise and monitor sustainability-related opportunities","To achieve this objective, an entity shall disclose information about: (a) the processes and related policies the entity uses to identify, assess, prioritise and monitor sustainability-related risks, including information about: (i) the inputs and parameters the entity uses (for example, information about data sources and the scope of operations covered in the processes); (ii) whether and how the entity uses scenario analysis to inform its identification of sustainability-related risks; (iii) how the entity assesses the nature, likelihood and magnitude of the effects of those risks (for example, whether the entity considers qualitative factors, quantitative thresholds or other criteria); (iv) whether and how the entity prioritises sustainability-related risks relative to other types of risk; (v) how the entity monitors sustainability-related risks; and (vi) whether and how the entity has changed the processes it uses compared with the previous reporting period; (b) the processes the entity uses to identify, assess, prioritise and monitor sustainability-related opportunities; and (c) the extent to which, and how, the processes for identifying, assessing, prioritising and monitoring sustainability-related risks and opportunities are integrated into and inform the entity’s overall risk management process.",(b),mandatory,True,"[""risk_process""]",general,1.0,1.0
IFRS_S1_44_C09,IFRS S1,44,15,Risk Management,Risk management,Risk management,"To achieve this objective, an entity shall disclose information about — (c) the extent to which, and how, the processes for identifying, assessing, prioritising and monitoring sustainability-related risks and opportunities are integrated into and inform the entity’s overall risk management process.","To achieve this objective, an entity shall disclose information about: (a) the processes and related policies the entity uses to identify, assess, prioritise and monitor sustainability-related risks, including information about: (i) the inputs and parameters the entity uses (for example, information about data sources and the scope of operations covered in the processes); (ii) whether and how the entity uses scenario analysis to inform its identification of sustainability-related risks; (iii) how the entity assesses the nature, likelihood and magnitude of the effects of those risks (for example, whether the entity considers qualitative factors, quantitative thresholds or other criteria); (iv) whether and how the entity prioritises sustainability-related risks relative to other types of risk; (v) how the entity monitors sustainability-related risks; and (vi) whether and how the entity has changed the processes it uses compared with the previous reporting period; (b) the processes the entity uses to identify, assess, prioritise and monitor sustainability-related opportunities; and (c) the extent to which, and how, the processes for identifying, assessing, prioritising and monitoring sustainability-related risks and opportunities are integrated into and inform the entity’s overall risk management process.",(c),mandatory,True,"[""risk_process""]",general,1.0,1.0
IFRS_S1_46_C01,IFRS S1,46,16,Metrics and Targets,Metrics and targets,Metrics and targets,"An entity shall disclose, for each sustainability-related risk and opportunity that could reasonably be expected to affect the entity’s prospects — (a) metrics required by an applicable IFRS Sustainability Disclosure Standard","An entity shall disclose, for each sustainability-related risk and opportunity that could reasonably be expected to affect the entity’s prospects: (a) metrics required by an applicable IFRS Sustainability Disclosure Standard; and (b) metrics the entity uses to measure and monitor: (i) that sustainability-related risk or opportunity; and (ii) its performance in relation to that sustainability-related risk or opportunity, including progress towards any targets the entity has set, and any targets it is required to meet by law or regulation.",(a),mandatory,True,"[""metrics"", ""targets""]",general,1.0,1.0
IFRS_S1_46_C03,IFRS S1,46,16,Metrics and Targets,Metrics and targets,Metrics and targets,"An entity shall disclose, for each sustainability-related risk and opportunity that could reasonably be expected to affect the entity’s prospects — (b) metrics the entity uses to measure and monitor: — (i) that sustainability-related risk or opportunity","An entity shall disclose, for each sustainability-related risk and opportunity that could reasonably be expected to affect the entity’s prospects: (a) metrics required by an applicable IFRS Sustainability Disclosure Standard; and (b) metrics the entity uses to measure and monitor: (i) that sustainability-related risk or opportunity; and (ii) its performance in relation to that sustainability-related risk or opportunity, including progress towards any targets the entity has set, and any targets it is required to meet by law or regulation.",(b)>(i),mandatory,True,"[""metrics"", ""targets""]",general,1.0,1.0
IFRS_S1_46_C04,IFRS S1,46,16,Metrics and Targets,Metrics and targets,Metrics and targets,"An entity shall disclose, for each sustainability-related risk and opportunity that could reasonably be expected to affect the entity’s prospects — (b) metrics the entity uses to measure and monitor: — (ii) its performance in relation to that sustainability-related risk or opportunity, including progress towards any targets the entity has set, and any targets it is required to meet by law or regulation.","An entity shall disclose, for each sustainability-related risk and opportunity that could reasonably be expected to affect the entity’s prospects: (a) metrics required by an applicable IFRS Sustainability Disclosure Standard; and (b) metrics the entity uses to measure and monitor: (i) that sustainability-related risk or opportunity; and (ii) its performance in relation to that sustainability-related risk or opportunity, including progress towards any targets the entity has set, and any targets it is required to meet by law or regulation.",(b)>(ii),mandatory,True,"[""metrics"", ""targets""]",general,1.0,1.0
IFRS_S1_47_C01,IFRS S1,47,16,Metrics and Targets,Metrics and targets,Metrics and targets,"In the absence of an IFRS Sustainability Disclosure Standard that specifically applies to a sustainability-related risk or opportunity, an entity shall apply paragraphs 57–58 to identify applicable metrics.","In the absence of an IFRS Sustainability Disclosure Standard that specifically applies to a sustainability-related risk or opportunity, an entity shall apply paragraphs 57–58 to identify applicable metrics.",,mandatory,True,"[""metrics"", ""targets""]",general,1.0,1.0
IFRS_S1_48_C01,IFRS S1,48,16,Metrics and Targets,Metrics and targets,Metrics and targets,"Metrics disclosed by an entity applying paragraphs 45–46 shall include metrics associated with particular business models, activities or other common features that characterise participation in an industry.","Metrics disclosed by an entity applying paragraphs 45–46 shall include metrics associated with particular business models, activities or other common features that characterise participation in an industry.",,mandatory,True,"[""business_model_value_chain"", ""metrics"", ""targets""]",general,1.0,1.0
IFRS_S1_49_C01,IFRS S1,49,16,Metrics and Targets,Metrics and targets,Metrics and targets,"If an entity discloses a metric taken from a source other than IFRS Sustainability Disclosure Standards, the entity shall identify the source and the metric taken.","If an entity discloses a metric taken from a source other than IFRS Sustainability Disclosure Standards, the entity shall identify the source and the metric taken.",,mandatory,True,"[""metrics"", ""targets""]",general,1.0,1.0
IFRS_S1_50_C01,IFRS S1,50,16,Metrics and Targets,Metrics and targets,Metrics and targets,"If a metric has been developed by an entity, the entity shall disclose information about — (a) how the metric is defined, including whether it is derived by adjusting a metric taken from a source other than IFRS Sustainability Disclosure Standards and, if so, which source and how the metric disclosed by the entity differs from the metric specified in that source","If a metric has been developed by an entity, the entity shall disclose information about: (a) how the metric is defined, including whether it is derived by adjusting a metric taken from a source other than IFRS Sustainability Disclosure Standards and, if so, which source and how the metric disclosed by the entity differs from the metric specified in that source; (b) whether the metric is an absolute measure, a measure expressed in relation to another metric or a qualitative measure (such as a red, amber, green—or RAG—status); (c) whether the metric is validated by a third party and, if so, which party; and (d) the method used to calculate the metric and the inputs to the calculation, including the limitations of the method used and the significant assumptions made.",(a),mandatory,True,"[""metrics"", ""targets""]",general,1.0,1.0
IFRS_S1_50_C02,IFRS S1,50,16,Metrics and Targets,Metrics and targets,Metrics and targets,"If a metric has been developed by an entity, the entity shall disclose information about — (b) whether the metric is an absolute measure, a measure expressed in relation to another metric or a qualitative measure (such as a red, amber, green—or RAG—status)","If a metric has been developed by an entity, the entity shall disclose information about: (a) how the metric is defined, including whether it is derived by adjusting a metric taken from a source other than IFRS Sustainability Disclosure Standards and, if so, which source and how the metric disclosed by the entity differs from the metric specified in that source; (b) whether the metric is an absolute measure, a measure expressed in relation to another metric or a qualitative measure (such as a red, amber, green—or RAG—status); (c) whether the metric is validated by a third party and, if so, which party; and (d) the method used to calculate the metric and the inputs to the calculation, including the limitations of the method used and the significant assumptions made.",(b),mandatory,True,"[""metrics"", ""targets""]",general,1.0,1.0
IFRS_S1_50_C03,IFRS S1,50,16,Metrics and Targets,Metrics and targets,Metrics and targets,"If a metric has been developed by an entity, the entity shall disclose information about — (c) whether the metric is validated by a third party and, if so, which party","If a metric has been developed by an entity, the entity shall disclose information about: (a) how the metric is defined, including whether it is derived by adjusting a metric taken from a source other than IFRS Sustainability Disclosure Standards and, if so, which source and how the metric disclosed by the entity differs from the metric specified in that source; (b) whether the metric is an absolute measure, a measure expressed in relation to another metric or a qualitative measure (such as a red, amber, green—or RAG—status); (c) whether the metric is validated by a third party and, if so, which party; and (d) the method used to calculate the metric and the inputs to the calculation, including the limitations of the method used and the significant assumptions made.",(c),mandatory,True,"[""metrics"", ""targets""]",general,1.0,1.0
IFRS_S1_50_C04,IFRS S1,50,16,Metrics and Targets,Metrics and targets,Metrics and targets,"If a metric has been developed by an entity, the entity shall disclose information about — (d) the method used to calculate the metric and the inputs to the calculation, including the limitations of the method used and the significant assumptions made.","If a metric has been developed by an entity, the entity shall disclose information about: (a) how the metric is defined, including whether it is derived by adjusting a metric taken from a source other than IFRS Sustainability Disclosure Standards and, if so, which source and how the metric disclosed by the entity differs from the metric specified in that source; (b) whether the metric is an absolute measure, a measure expressed in relation to another metric or a qualitative measure (such as a red, amber, green—or RAG—status); (c) whether the metric is validated by a third party and, if so, which party; and (d) the method used to calculate the metric and the inputs to the calculation, including the limitations of the method used and the significant assumptions made.",(d),mandatory,True,"[""metrics"", ""targets""]",general,1.0,1.0
IFRS_S1_51_C01,IFRS S1,51,17,Metrics and Targets,Metrics and targets,Metrics and targets,"An entity shall disclose information about the targets it has set to monitor progress towards achieving its strategic goals, and any targets it is required to meet by law or regulation. For each target, the entity shall disclose — (a) the metric used to set the target and to monitor progress towards reaching the target","An entity shall disclose information about the targets it has set to monitor progress towards achieving its strategic goals, and any targets it is required to meet by law or regulation. For each target, the entity shall disclose: (a) the metric used to set the target and to monitor progress towards reaching the target; (b) the specific quantitative or qualitative target the entity has set or is required to meet; (c) the period over which the target applies; (d) the base period from which progress is measured; (e) any milestones and interim targets; (f) performance against each target and an analysis of trends or changes in the entity’s performance; and (g) any revisions to the target and an explanation for those revisions.",(a),mandatory,True,"[""metrics"", ""targets""]",general,1.0,1.0
IFRS_S1_51_C02,IFRS S1,51,17,Metrics and Targets,Metrics and targets,Metrics and targets,"An entity shall disclose information about the targets it has set to monitor progress towards achieving its strategic goals, and any targets it is required to meet by law or regulation. For each target, the entity shall disclose — (b) the specific quantitative or qualitative target the entity has set or is required to meet","An entity shall disclose information about the targets it has set to monitor progress towards achieving its strategic goals, and any targets it is required to meet by law or regulation. For each target, the entity shall disclose: (a) the metric used to set the target and to monitor progress towards reaching the target; (b) the specific quantitative or qualitative target the entity has set or is required to meet; (c) the period over which the target applies; (d) the base period from which progress is measured; (e) any milestones and interim targets; (f) performance against each target and an analysis of trends or changes in the entity’s performance; and (g) any revisions to the target and an explanation for those revisions.",(b),mandatory,True,"[""metrics"", ""targets""]",general,1.0,1.0
IFRS_S1_51_C03,IFRS S1,51,17,Metrics and Targets,Metrics and targets,Metrics and targets,"An entity shall disclose information about the targets it has set to monitor progress towards achieving its strategic goals, and any targets it is required to meet by law or regulation. For each target, the entity shall disclose — (c) the period over which the target applies","An entity shall disclose information about the targets it has set to monitor progress towards achieving its strategic goals, and any targets it is required to meet by law or regulation. For each target, the entity shall disclose: (a) the metric used to set the target and to monitor progress towards reaching the target; (b) the specific quantitative or qualitative target the entity has set or is required to meet; (c) the period over which the target applies; (d) the base period from which progress is measured; (e) any milestones and interim targets; (f) performance against each target and an analysis of trends or changes in the entity’s performance; and (g) any revisions to the target and an explanation for those revisions.",(c),mandatory,True,"[""metrics"", ""targets""]",general,1.0,1.0
IFRS_S1_51_C04,IFRS S1,51,17,Metrics and Targets,Metrics and targets,Metrics and targets,"An entity shall disclose information about the targets it has set to monitor progress towards achieving its strategic goals, and any targets it is required to meet by law or regulation. For each target, the entity shall disclose — (d) the base period from which progress is measured","An entity shall disclose information about the targets it has set to monitor progress towards achieving its strategic goals, and any targets it is required to meet by law or regulation. For each target, the entity shall disclose: (a) the metric used to set the target and to monitor progress towards reaching the target; (b) the specific quantitative or qualitative target the entity has set or is required to meet; (c) the period over which the target applies; (d) the base period from which progress is measured; (e) any milestones and interim targets; (f) performance against each target and an analysis of trends or changes in the entity’s performance; and (g) any revisions to the target and an explanation for those revisions.",(d),mandatory,True,"[""metrics"", ""targets""]",general,1.0,1.0
IFRS_S1_51_C05,IFRS S1,51,17,Metrics and Targets,Metrics and targets,Metrics and targets,"An entity shall disclose information about the targets it has set to monitor progress towards achieving its strategic goals, and any targets it is required to meet by law or regulation. For each target, the entity shall disclose — (e) any milestones and interim targets","An entity shall disclose information about the targets it has set to monitor progress towards achieving its strategic goals, and any targets it is required to meet by law or regulation. For each target, the entity shall disclose: (a) the metric used to set the target and to monitor progress towards reaching the target; (b) the specific quantitative or qualitative target the entity has set or is required to meet; (c) the period over which the target applies; (d) the base period from which progress is measured; (e) any milestones and interim targets; (f) performance against each target and an analysis of trends or changes in the entity’s performance; and (g) any revisions to the target and an explanation for those revisions.",(e),mandatory,True,"[""metrics"", ""targets""]",general,1.0,1.0
IFRS_S1_51_C06,IFRS S1,51,17,Metrics and Targets,Metrics and targets,Metrics and targets,"An entity shall disclose information about the targets it has set to monitor progress towards achieving its strategic goals, and any targets it is required to meet by law or regulation. For each target, the entity shall disclose — (f) performance against each target and an analysis of trends or changes in the entity’s performance","An entity shall disclose information about the targets it has set to monitor progress towards achieving its strategic goals, and any targets it is required to meet by law or regulation. For each target, the entity shall disclose: (a) the metric used to set the target and to monitor progress towards reaching the target; (b) the specific quantitative or qualitative target the entity has set or is required to meet; (c) the period over which the target applies; (d) the base period from which progress is measured; (e) any milestones and interim targets; (f) performance against each target and an analysis of trends or changes in the entity’s performance; and (g) any revisions to the target and an explanation for those revisions.",(f),mandatory,True,"[""metrics"", ""targets""]",general,1.0,1.0
IFRS_S1_51_C07,IFRS S1,51,17,Metrics and Targets,Metrics and targets,Metrics and targets,"An entity shall disclose information about the targets it has set to monitor progress towards achieving its strategic goals, and any targets it is required to meet by law or regulation. For each target, the entity shall disclose — (g) any revisions to the target and an explanation for those revisions.","An entity shall disclose information about the targets it has set to monitor progress towards achieving its strategic goals, and any targets it is required to meet by law or regulation. For each target, the entity shall disclose: (a) the metric used to set the target and to monitor progress towards reaching the target; (b) the specific quantitative or qualitative target the entity has set or is required to meet; (c) the period over which the target applies; (d) the base period from which progress is measured; (e) any milestones and interim targets; (f) performance against each target and an analysis of trends or changes in the entity’s performance; and (g) any revisions to the target and an explanation for those revisions.",(g),mandatory,True,"[""metrics"", ""targets""]",general,1.0,1.0
IFRS_S1_52_C01,IFRS S1,52,17,Metrics and Targets,Metrics and targets,Metrics and targets,"The definition and calculation of metrics, including metrics used to set the entity’s targets and monitor progress towards reaching them, shall be consistent over time. If a metric is redefined or replaced, an entity shall apply paragraph B52.","The definition and calculation of metrics, including metrics used to set the entity’s targets and monitor progress towards reaching them, shall be consistent over time. If a metric is redefined or replaced, an entity shall apply paragraph B52.",,mandatory,True,"[""metrics"", ""targets""]",general,1.0,1.0
IFRS_S1_53_C01,IFRS S1,53,17,Metrics and Targets,Metrics and targets,Metrics and targets,"An entity shall label and define metrics and targets using meaningful, clear and precise names and descriptions.","An entity shall label and define metrics and targets using meaningful, clear and precise names and descriptions.",,mandatory,True,"[""metrics"", ""targets""]",general,1.0,1.0
IFRS_S1_54_C01,IFRS S1,54,17,General Requirements,Sources of guidance,Identifying sustainability-related risks and opportunities,"In identifying sustainability-related risks and opportunities that could reasonably be expected to affect an entity’s prospects, an entity shall apply IFRS Sustainability Disclosure Standards.","In identifying sustainability-related risks and opportunities that could reasonably be expected to affect an entity’s prospects, an entity shall apply IFRS Sustainability Disclosure Standards.",,mandatory,True,"[""source_guidance""]",general,1.0,1.0
IFRS_S1_55_C01,IFRS S1,55,17,General Requirements,Sources of guidance,Identifying sustainability-related risks and opportunities,In addition to IFRS Sustainability Disclosure Standards — (a) an entity shall refer to and consider the applicability of the disclosure topics in the SASB Standards. An entity might conclude that the disclosure topics in the SASB Standards are not applicable in the entity’s circumstances.,In addition to IFRS Sustainability Disclosure Standards: (a) an entity shall refer to and consider the applicability of the disclosure topics in the SASB Standards. An entity might conclude that the disclosure topics in the SASB Standards are not applicable in the entity’s circumstances. (b) an entity may refer to and consider the applicability of: (i) the CDSB Framework Application Guidance for Water-related Disclosures and the CDSB Framework Application Guidance for Biodiversity-related Disclosures (collectively referred to as ‘CDSB Framework Application Guidance’); (ii) the most recent pronouncements of other standard-setting bodies whose requirements are designed to meet the information needs of users of general purpose financial reports; and (iii) the sustainability-related risks and opportunities identified by entities that operate in the same industry(s) or geographical region(s).,(a),mandatory,True,"[""source_guidance""]",general,1.0,1.0
IFRS_S1_56_C01,IFRS S1,56,18,General Requirements,Sources of guidance,Identifying applicable disclosure requirements,"In identifying applicable disclosure requirements about a sustainability-related risk or opportunity that could reasonably be expected to affect an entity’s prospects, an entity shall apply the IFRS Sustainability Disclosure Standard that specifically applies to that sustainability-related risk or opportunity.","In identifying applicable disclosure requirements about a sustainability-related risk or opportunity that could reasonably be expected to affect an entity’s prospects, an entity shall apply the IFRS Sustainability Disclosure Standard that specifically applies to that sustainability-related risk or opportunity.",,mandatory,True,"[""source_guidance""]",general,1.0,1.0
IFRS_S1_57_C01,IFRS S1,57,18,General Requirements,Sources of guidance,Identifying applicable disclosure requirements,"In the absence of an IFRS Sustainability Disclosure Standard that specifically applies to a sustainability-related risk or opportunity, an entity shall apply judgement to identify information that — (a) is relevant to the decision-making of users of general purpose financial reports","In the absence of an IFRS Sustainability Disclosure Standard that specifically applies to a sustainability-related risk or opportunity, an entity shall apply judgement to identify information that: (a) is relevant to the decision-making of users of general purpose financial reports; and (b) faithfully represents that sustainability-related risk or opportunity.",(a),mandatory,True,"[""source_guidance""]",general,1.0,1.0
IFRS_S1_57_C02,IFRS S1,57,18,General Requirements,Sources of guidance,Identifying applicable disclosure requirements,"In the absence of an IFRS Sustainability Disclosure Standard that specifically applies to a sustainability-related risk or opportunity, an entity shall apply judgement to identify information that — (b) faithfully represents that sustainability-related risk or opportunity.","In the absence of an IFRS Sustainability Disclosure Standard that specifically applies to a sustainability-related risk or opportunity, an entity shall apply judgement to identify information that: (a) is relevant to the decision-making of users of general purpose financial reports; and (b) faithfully represents that sustainability-related risk or opportunity.",(b),mandatory,True,"[""source_guidance""]",general,1.0,1.0
IFRS_S1_58_C01,IFRS S1,58,18,General Requirements,Sources of guidance,Identifying applicable disclosure requirements,In making the judgement described in paragraph 57 — (a) an entity shall refer to and consider the applicability of the metrics associated with the disclosure topics included in the SASB Standards. An entity might conclude that the metrics specified in the SASB Standards are not applicable in the entity’s circumstances.,"In making the judgement described in paragraph 57: (a) an entity shall refer to and consider the applicability of the metrics associated with the disclosure topics included in the SASB Standards. An entity might conclude that the metrics specified in the SASB Standards are not applicable in the entity’s circumstances. (b) an entity may—to the extent that these sources do not conflict with IFRS Sustainability Disclosure Standards—refer to and consider the applicability of: (i) the CDSB Framework Application Guidance; (ii) the most recent pronouncements of other standard-setting bodies whose requirements are designed to meet the information needs of users of general purpose financial reports; and (iii) the information, including metrics, disclosed by entities that operate in the same industry(s) or geographical region(s). (c) an entity may—to the extent that these sources assist the entity in meeting the objective of this Standard (see paragraphs 1–4) and do not conflict with IFRS Sustainability Disclosure Standards—refer to and consider the applicability of the sources specified in Appendix C.",(a),mandatory,True,"[""metrics"", ""source_guidance""]",general,1.0,1.0
IFRS_S1_59_C01,IFRS S1,59,19,General Requirements,Sources of guidance,Disclosure of information about sources of guidance,"An entity shall identify — (a) the specific standards, pronouncements, industry practice and other sources of guidance that the entity has applied in preparing its sustainability-related financial disclosures, including, if applicable, identifying the disclosure topics in the SASB Standards","An entity shall identify: (a) the specific standards, pronouncements, industry practice and other sources of guidance that the entity has applied in preparing its sustainability-related financial disclosures, including, if applicable, identifying the disclosure topics in the SASB Standards; and (b) the industry(s) specified in the IFRS Sustainability Disclosure Standards, the SASB Standards or other sources of guidance relating to a particular industry(s) that the entity has applied in preparing its sustainability-related financial disclosures, including in identifying applicable metrics.",(a),mandatory,True,"[""source_guidance""]",general,1.0,1.0
IFRS_S1_59_C02,IFRS S1,59,19,General Requirements,Sources of guidance,Disclosure of information about sources of guidance,"An entity shall identify — (b) the industry(s) specified in the IFRS Sustainability Disclosure Standards, the SASB Standards or other sources of guidance relating to a particular industry(s) that the entity has applied in preparing its sustainability-related financial disclosures, including in identifying applicable metrics.","An entity shall identify: (a) the specific standards, pronouncements, industry practice and other sources of guidance that the entity has applied in preparing its sustainability-related financial disclosures, including, if applicable, identifying the disclosure topics in the SASB Standards; and (b) the industry(s) specified in the IFRS Sustainability Disclosure Standards, the SASB Standards or other sources of guidance relating to a particular industry(s) that the entity has applied in preparing its sustainability-related financial disclosures, including in identifying applicable metrics.",(b),mandatory,True,"[""metrics"", ""source_guidance""]",general,1.0,1.0
IFRS_S1_60_C01,IFRS S1,60,19,General Requirements,Location of disclosures,Location of disclosures,An entity is required to provide disclosures required by IFRS Sustainability Disclosure Standards as part of its general purpose financial reports.,An entity is required to provide disclosures required by IFRS Sustainability Disclosure Standards as part of its general purpose financial reports.,,mandatory,True,[],general,1.0,1.0
IFRS_S1_63_C01,IFRS S1,63,19,General Requirements,Location of disclosures,Location of disclosures,"Information required by an IFRS Sustainability Disclosure Standard may be included in sustainability-related financial disclosures by cross-reference to another report published by the entity. If an entity includes information by cross-reference, the entity shall apply the requirements in paragraphs B45–B47.","Information required by an IFRS Sustainability Disclosure Standard may be included in sustainability-related financial disclosures by cross-reference to another report published by the entity. If an entity includes information by cross-reference, the entity shall apply the requirements in paragraphs B45–B47.",,mandatory,True,"[""connected_information""]",general,1.0,1.0
IFRS_S1_64_C01,IFRS S1,64,20,General Requirements,Timing of reporting,Timing of reporting,An entity shall report its sustainability-related financial disclosures at the same time as its related financial statements. The entity’s sustainability-related financial disclosures shall cover the same reporting period as the related financial statements.,An entity shall report its sustainability-related financial disclosures at the same time as its related financial statements. The entity’s sustainability-related financial disclosures shall cover the same reporting period as the related financial statements.,,mandatory,True,"[""connected_information""]",general,1.0,1.0
IFRS_S1_66_C01,IFRS S1,66,20,General Requirements,Timing of reporting,Timing of reporting,"When an entity changes the end of its reporting period and provides sustainability-related financial disclosures for a period longer or shorter than 12 months, it shall disclose — (a) the period covered by the sustainability-related financial disclosures","When an entity changes the end of its reporting period and provides sustainability-related financial disclosures for a period longer or shorter than 12 months, it shall disclose: (a) the period covered by the sustainability-related financial disclosures; (b) the reason for using a longer or shorter period; and (c) the fact that the amounts disclosed in the sustainability-related financial disclosures are not entirely comparable.",(a),mandatory,True,[],general,1.0,1.0
IFRS_S1_66_C02,IFRS S1,66,20,General Requirements,Timing of reporting,Timing of reporting,"When an entity changes the end of its reporting period and provides sustainability-related financial disclosures for a period longer or shorter than 12 months, it shall disclose — (b) the reason for using a longer or shorter period","When an entity changes the end of its reporting period and provides sustainability-related financial disclosures for a period longer or shorter than 12 months, it shall disclose: (a) the period covered by the sustainability-related financial disclosures; (b) the reason for using a longer or shorter period; and (c) the fact that the amounts disclosed in the sustainability-related financial disclosures are not entirely comparable.",(b),mandatory,True,[],general,1.0,1.0
IFRS_S1_66_C03,IFRS S1,66,20,General Requirements,Timing of reporting,Timing of reporting,"When an entity changes the end of its reporting period and provides sustainability-related financial disclosures for a period longer or shorter than 12 months, it shall disclose — (c) the fact that the amounts disclosed in the sustainability-related financial disclosures are not entirely comparable.","When an entity changes the end of its reporting period and provides sustainability-related financial disclosures for a period longer or shorter than 12 months, it shall disclose: (a) the period covered by the sustainability-related financial disclosures; (b) the reason for using a longer or shorter period; and (c) the fact that the amounts disclosed in the sustainability-related financial disclosures are not entirely comparable.",(c),mandatory,True,[],general,1.0,1.0
IFRS_S1_67_C01,IFRS S1,67,20,General Requirements,Timing of reporting,Timing of reporting,"If, after the end of the reporting period but before the date on which the sustainability-related financial disclosures are authorised for issue, an entity receives information about conditions that existed at the end of the reporting period, it shall update disclosures that relate to those conditions in the light of the new information.","If, after the end of the reporting period but before the date on which the sustainability-related financial disclosures are authorised for issue, an entity receives information about conditions that existed at the end of the reporting period, it shall update disclosures that relate to those conditions in the light of the new information.",,mandatory,True,[],general,1.0,1.0
IFRS_S1_68_C01,IFRS S1,68,20,General Requirements,Timing of reporting,Timing of reporting,"An entity shall disclose information about transactions, other events and conditions that occur after the end of the reporting period, but before the date on which the sustainability-related financial disclosures are authorised for issue, if non-disclosure of that information could reasonably be expected to influence decisions that primary users of general purpose financial reports make on the basis of those reports.","An entity shall disclose information about transactions, other events and conditions that occur after the end of the reporting period, but before the date on which the sustainability-related financial disclosures are authorised for issue, if non-disclosure of that information could reasonably be expected to influence decisions that primary users of general purpose financial reports make on the basis of those reports.",,mandatory,True,[],general,1.0,1.0
IFRS_S1_69_C01,IFRS S1,69,20,General Requirements,Timing of reporting,Timing of reporting,"This Standard does not mandate which entities would be required to provide interim sustainability-related financial disclosures, how frequently, or how soon after the end of an interim period. However, governments, securities regulators, stock exchanges and accountancy bodies may require entities whose debt or equity securities are publicly traded to publish interim general purpose financial reports. If an entity is required or elects to publish interim sustainability-related financial disclosures in accordance with IFRS Sustainability Disclosure Standards, the entity shall apply paragraph B48.","This Standard does not mandate which entities would be required to provide interim sustainability-related financial disclosures, how frequently, or how soon after the end of an interim period. However, governments, securities regulators, stock exchanges and accountancy bodies may require entities whose debt or equity securities are publicly traded to publish interim general purpose financial reports. If an entity is required or elects to publish interim sustainability-related financial disclosures in accordance with IFRS Sustainability Disclosure Standards, the entity shall apply paragraph B48.",,mandatory,True,[],general,1.0,1.0
IFRS_S1_70_C01,IFRS S1,70,20,General Requirements,Comparative information,Comparative information,"Unless another IFRS Sustainability Disclosure Standard permits or requires otherwise, an entity shall disclose comparative information in respect of the preceding period for all amounts disclosed in the reporting period. If such information would be useful for an understanding of the sustainability-related financial disclosures for the reporting period, the entity shall also disclose comparative information for narrative and descriptive sustainability-related financial information (see paragraphs B49–B59).","Unless another IFRS Sustainability Disclosure Standard permits or requires otherwise, an entity shall disclose comparative information in respect of the preceding period for all amounts disclosed in the reporting period. If such information would be useful for an understanding of the sustainability-related financial disclosures for the reporting period, the entity shall also disclose comparative information for narrative and descriptive sustainability-related financial information (see paragraphs B49–B59).",,mandatory,True,[],general,1.0,1.0
IFRS_S1_72_C01,IFRS S1,72,21,General Requirements,Statement of compliance,Statement of compliance,An entity whose sustainability-related financial disclosures comply with all the requirements of IFRS Sustainability Disclosure Standards shall make an explicit and unreserved statement of compliance. An entity shall not describe sustainability-related financial disclosures as complying with IFRS Sustainability Disclosure Standards unless they comply with all the requirements of IFRS Sustainability Disclosure Standards.,An entity whose sustainability-related financial disclosures comply with all the requirements of IFRS Sustainability Disclosure Standards shall make an explicit and unreserved statement of compliance. An entity shall not describe sustainability-related financial disclosures as complying with IFRS Sustainability Disclosure Standards unless they comply with all the requirements of IFRS Sustainability Disclosure Standards.,,prohibition,True,[],general,1.0,1.0
IFRS_S1_73_C01,IFRS S1,73,21,General Requirements,Statement of compliance,Statement of compliance,This Standard relieves an entity from disclosing information otherwise required by an IFRS Sustainability Disclosure Standard if law or regulation prohibits the entity from disclosing that information (see paragraph B33). This Standard also relieves an entity from disclosing information about a sustainability-related opportunity otherwise required by an IFRS Sustainability Disclosure Standard if that information is commercially sensitive as described in this Standard (see paragraphs B34–B37). An entity using these exemptions is not prevented from asserting compliance with IFRS Sustainability Disclosure Standards.,This Standard relieves an entity from disclosing information otherwise required by an IFRS Sustainability Disclosure Standard if law or regulation prohibits the entity from disclosing that information (see paragraph B33). This Standard also relieves an entity from disclosing information about a sustainability-related opportunity otherwise required by an IFRS Sustainability Disclosure Standard if that information is commercially sensitive as described in this Standard (see paragraphs B34–B37). An entity using these exemptions is not prevented from asserting compliance with IFRS Sustainability Disclosure Standards.,,mandatory,True,[],general,1.0,1.0
IFRS_S1_74_C01,IFRS S1,74,21,General Requirements,Judgements,Judgements,"An entity shall disclose information to enable users of general purpose financial reports to understand the judgements, apart from those involving estimations of amounts (see paragraph 77), that the entity has made in the process of preparing its sustainability-related financial disclosures and that have the most significant effect on the information included in those disclosures.","An entity shall disclose information to enable users of general purpose financial reports to understand the judgements, apart from those involving estimations of amounts (see paragraph 77), that the entity has made in the process of preparing its sustainability-related financial disclosures and that have the most significant effect on the information included in those disclosures.",,mandatory,True,[],general,1.0,1.0
IFRS_S1_77_C01,IFRS S1,77,22,General Requirements,Measurement uncertainty,Measurement uncertainty,An entity shall disclose information to enable users of general purpose financial reports to understand the most significant uncertainties affecting the amounts reported in its sustainability-related financial disclosures.,An entity shall disclose information to enable users of general purpose financial reports to understand the most significant uncertainties affecting the amounts reported in its sustainability-related financial disclosures.,,mandatory,True,[],general,1.0,1.0
IFRS_S1_78_C01,IFRS S1,78,22,General Requirements,Measurement uncertainty,Measurement uncertainty,An entity shall — (a) identify the amounts that it has disclosed that are subject to a high level of measurement uncertainty,"An entity shall: (a) identify the amounts that it has disclosed that are subject to a high level of measurement uncertainty; and (b) in relation to each amount identified in paragraph 78(a), disclose information about: (i) the sources of measurement uncertainty—for example, the dependence of the amount on the outcome of a future event, on a measurement technique or on the availability and quality of data from the entity’s value chain; and (ii) the assumptions, approximations and judgements the entity has made in measuring the amount.",(a),mandatory,True,[],general,1.0,1.0
IFRS_S1_78_C03,IFRS S1,78,22,General Requirements,Measurement uncertainty,Measurement uncertainty,"An entity shall — (b) in relation to each amount identified in paragraph 78(a), disclose information about: — (i) the sources of measurement uncertainty—for example, the dependence of the amount on the outcome of a future event, on a measurement technique or on the availability and quality of data from the entity’s value chain","An entity shall: (a) identify the amounts that it has disclosed that are subject to a high level of measurement uncertainty; and (b) in relation to each amount identified in paragraph 78(a), disclose information about: (i) the sources of measurement uncertainty—for example, the dependence of the amount on the outcome of a future event, on a measurement technique or on the availability and quality of data from the entity’s value chain; and (ii) the assumptions, approximations and judgements the entity has made in measuring the amount.",(b)>(i),mandatory,True,"[""business_model_value_chain""]",general,1.0,1.0
IFRS_S1_78_C04,IFRS S1,78,22,General Requirements,Measurement uncertainty,Measurement uncertainty,"An entity shall — (b) in relation to each amount identified in paragraph 78(a), disclose information about: — (ii) the assumptions, approximations and judgements the entity has made in measuring the amount.","An entity shall: (a) identify the amounts that it has disclosed that are subject to a high level of measurement uncertainty; and (b) in relation to each amount identified in paragraph 78(a), disclose information about: (i) the sources of measurement uncertainty—for example, the dependence of the amount on the outcome of a future event, on a measurement technique or on the availability and quality of data from the entity’s value chain; and (ii) the assumptions, approximations and judgements the entity has made in measuring the amount.",(b)>(ii),mandatory,True,[],general,1.0,1.0
IFRS_S1_83_C01,IFRS S1,83,23,General Requirements,Errors,Errors,An entity shall correct material prior period errors by restating the comparative amounts for the prior period(s) disclosed unless it is impracticable to do so.,An entity shall correct material prior period errors by restating the comparative amounts for the prior period(s) disclosed unless it is impracticable to do so.,,mandatory,True,"[""materiality""]",general,1.0,1.0
IFRS_S1_86_C01,IFRS S1,86,23,General Requirements,Errors,Errors,"If an entity identifies a material error in its prior period sustainability-related financial disclosures, it shall apply paragraphs B55–B59.","If an entity identifies a material error in its prior period sustainability-related financial disclosures, it shall apply paragraphs B55–B59.",,mandatory,True,"[""materiality""]",general,1.0,1.0
IFRS_S1_B1_C01,IFRS S1,B1,26,General Requirements,Sustainability-related risks and opportunities (paragraphs 11–12),Sustainability-related risks and opportunities (paragraphs 11–12),"This Standard requires an entity to disclose information about all sustainability-related risks and opportunities that could reasonably be expected to affect the entity’s cash flows, its access to finance or cost of capital over the short, medium or long term (referred to as ‘sustainability-related risks and opportunities that could reasonably be expected to affect the entity’s prospects’) (see paragraph 3).","This Standard requires an entity to disclose information about all sustainability-related risks and opportunities that could reasonably be expected to affect the entity’s cash flows, its access to finance or cost of capital over the short, medium or long term (referred to as ‘sustainability-related risks and opportunities that could reasonably be expected to affect the entity’s prospects’) (see paragraph 3).",,mandatory,True,"[""financial_effects""]",medium,1.0,1.0
IFRS_S1_B7_C01,IFRS S1,B7,27,General Requirements,Identifying sustainability-related risks and opportunities,Identifying sustainability-related risks and opportunities,"In identifying the sustainability-related risks and opportunities that could reasonably be expected to affect its prospects, an entity shall apply the requirements on sources of guidance in paragraphs 54–55.","In identifying the sustainability-related risks and opportunities that could reasonably be expected to affect its prospects, an entity shall apply the requirements on sources of guidance in paragraphs 54–55.",,mandatory,True,"[""source_guidance""]",general,1.0,1.0
IFRS_S1_B13_C01,IFRS S1,B13,28,General Requirements,Materiality (paragraphs 17–19),Materiality (paragraphs 17–19),"Paragraph 17 requires an entity to disclose material information about the sustainability-related risks and opportunities that could reasonably be expected to affect the entity’s prospects. Materiality of information is judged in relation to whether omitting, misstating or obscuring that information could reasonably be expected to influence decisions of primary users of general purpose financial reports, which provide information about a specific reporting entity.","Paragraph 17 requires an entity to disclose material information about the sustainability-related risks and opportunities that could reasonably be expected to affect the entity’s prospects. Materiality of information is judged in relation to whether omitting, misstating or obscuring that information could reasonably be expected to influence decisions of primary users of general purpose financial reports, which provide information about a specific reporting entity.",,mandatory,True,"[""materiality""]",general,1.0,1.0
IFRS_S1_B20_C01,IFRS S1,B20,29,General Requirements,Materiality (paragraphs 17–19),Materiality (paragraphs 17–19),"To identify material information about a sustainability-related risk or opportunity, an entity shall apply, as the starting point, the requirements of the IFRS Sustainability Disclosure Standard that specifically applies to that sustainability-related risk or opportunity. In the absence of an IFRS Sustainability Disclosure Standard that specifically applies to a sustainability-related risk or opportunity, the entity shall apply the requirements on sources of guidance specified in paragraphs 57–58. Those sources specify information, including metrics, that may be relevant to a particular sustainability-related risk or opportunity, to a particular industry or in specified circumstances.","To identify material information about a sustainability-related risk or opportunity, an entity shall apply, as the starting point, the requirements of the IFRS Sustainability Disclosure Standard that specifically applies to that sustainability-related risk or opportunity. In the absence of an IFRS Sustainability Disclosure Standard that specifically applies to a sustainability-related risk or opportunity, the entity shall apply the requirements on sources of guidance specified in paragraphs 57–58. Those sources specify information, including metrics, that may be relevant to a particular sustainability-related risk or opportunity, to a particular industry or in specified circumstances.",,mandatory,True,"[""metrics"", ""materiality"", ""source_guidance""]",general,1.0,1.0
IFRS_S1_B21_C01,IFRS S1,B21,30,General Requirements,Materiality (paragraphs 17–19),Materiality (paragraphs 17–19),"An entity shall assess whether the information identified in applying paragraph B20, either individually or in combination with other information, is material in the context of the entity’s sustainability-related financial disclosures taken as a whole. In assessing whether information is material, an entity shall consider both quantitative and qualitative factors. For example, an entity might consider the magnitude and the nature of the effect of a sustainability-related risk or opportunity on the entity.","An entity shall assess whether the information identified in applying paragraph B20, either individually or in combination with other information, is material in the context of the entity’s sustainability-related financial disclosures taken as a whole. In assessing whether information is material, an entity shall consider both quantitative and qualitative factors. For example, an entity might consider the magnitude and the nature of the effect of a sustainability-related risk or opportunity on the entity.",,mandatory,True,"[""materiality""]",general,1.0,1.0
IFRS_S1_B22_C01,IFRS S1,B22,30,General Requirements,Materiality (paragraphs 17–19),Materiality (paragraphs 17–19),"In some cases, IFRS Sustainability Disclosure Standards require the disclosure of information about possible future events with uncertain outcomes. In judging whether information about such possible future events is material, an entity shall consider — (a) the potential effects of the events on the amount, timing and uncertainty of the entity’s future cash flows over the short, medium and long term (referred to as ‘the possible outcome’)","In some cases, IFRS Sustainability Disclosure Standards require the disclosure of information about possible future events with uncertain outcomes. In judging whether information about such possible future events is material, an entity shall consider: (a) the potential effects of the events on the amount, timing and uncertainty of the entity’s future cash flows over the short, medium and long term (referred to as ‘the possible outcome’); and (b) the range of possible outcomes and the likelihood of the possible outcomes within that range.",(a),mandatory,True,"[""financial_effects"", ""materiality""]",medium,1.0,1.0
IFRS_S1_B22_C02,IFRS S1,B22,30,General Requirements,Materiality (paragraphs 17–19),Materiality (paragraphs 17–19),"In some cases, IFRS Sustainability Disclosure Standards require the disclosure of information about possible future events with uncertain outcomes. In judging whether information about such possible future events is material, an entity shall consider — (b) the range of possible outcomes and the likelihood of the possible outcomes within that range.","In some cases, IFRS Sustainability Disclosure Standards require the disclosure of information about possible future events with uncertain outcomes. In judging whether information about such possible future events is material, an entity shall consider: (a) the potential effects of the events on the amount, timing and uncertainty of the entity’s future cash flows over the short, medium and long term (referred to as ‘the possible outcome’); and (b) the range of possible outcomes and the likelihood of the possible outcomes within that range.",(b),mandatory,True,"[""materiality""]",general,1.0,1.0
IFRS_S1_B23_C01,IFRS S1,B23,30,General Requirements,Materiality (paragraphs 17–19),Materiality (paragraphs 17–19),"When considering possible outcomes, an entity shall consider all pertinent facts and circumstances. Information about a possible future event is more likely to be judged as being material if the potential effects are significant and the event is likely to occur. However, an entity shall also consider whether information about low-probability and high-impact outcomes might be material either individually or in combination with information about other low-probability and high-impact outcomes. For example, an entity might be exposed to several sustainability-related risks, each of which could cause the same type of disruption—such as disruption to the entity’s supply chain. Information about an individual source of risk might not be material if disruption from that source is highly unlikely to occur. However, information about the aggregate risk—the risk of supply chain disruption from all sources —might be material.","When considering possible outcomes, an entity shall consider all pertinent facts and circumstances. Information about a possible future event is more likely to be judged as being material if the potential effects are significant and the event is likely to occur. However, an entity shall also consider whether information about low-probability and high-impact outcomes might be material either individually or in combination with information about other low-probability and high-impact outcomes. For example, an entity might be exposed to several sustainability-related risks, each of which could cause the same type of disruption—such as disruption to the entity’s supply chain. Information about an individual source of risk might not be material if disruption from that source is highly unlikely to occur. However, information about the aggregate risk—the risk of supply chain disruption from all sources —might be material.",,mandatory,True,"[""materiality""]",general,1.0,1.0
IFRS_S1_B26_C01,IFRS S1,B26,31,General Requirements,Materiality (paragraphs 17–19),Materiality (paragraphs 17–19),"An entity shall disclose additional information when compliance with the specifically applicable requirements in an IFRS Sustainability Disclosure Standard is insufficient to enable users of general purpose financial reports to understand the effects of sustainability-related risks and opportunities on the entity’s cash flows, its access to finance and cost of capital over the short, medium and long term.","An entity shall disclose additional information when compliance with the specifically applicable requirements in an IFRS Sustainability Disclosure Standard is insufficient to enable users of general purpose financial reports to understand the effects of sustainability-related risks and opportunities on the entity’s cash flows, its access to finance and cost of capital over the short, medium and long term.",,mandatory,True,"[""financial_effects"", ""materiality""]",medium,1.0,1.0
IFRS_S1_B27_C01,IFRS S1,B27,31,General Requirements,Materiality (paragraphs 17–19),Materiality (paragraphs 17–19),An entity shall identify its sustainability-related financial disclosures clearly and distinguish them from other information provided by the entity (see paragraph 62). An entity shall not obscure material information. Information is obscured if it is communicated in a way that would have a similar effect for primary users to omitting or misstating that information. Examples of circumstances that might result in material information being obscured include — (a) material information is not clearly distinguished from additional information that is not material,"An entity shall identify its sustainability-related financial disclosures clearly and distinguish them from other information provided by the entity (see paragraph 62). An entity shall not obscure material information. Information is obscured if it is communicated in a way that would have a similar effect for primary users to omitting or misstating that information. Examples of circumstances that might result in material information being obscured include: (a) material information is not clearly distinguished from additional information that is not material; (b) material information is disclosed in the sustainability-related financial disclosures, but the language used is vague or unclear; (c) material information about a sustainability-related risk or opportunity is scattered throughout the sustainability-related financial disclosures; (d) items of information that are dissimilar are inappropriately aggregated; (e) items of information that are similar are inappropriately disaggregated; and (f) the understandability of the sustainability-related financial disclosures is reduced as a result of material information being hidden by immaterial information to the extent that a primary user is unable to determine what information is material.",(a),prohibition,True,"[""materiality""]",general,1.0,1.0
IFRS_S1_B27_C02,IFRS S1,B27,31,General Requirements,Materiality (paragraphs 17–19),Materiality (paragraphs 17–19),"An entity shall identify its sustainability-related financial disclosures clearly and distinguish them from other information provided by the entity (see paragraph 62). An entity shall not obscure material information. Information is obscured if it is communicated in a way that would have a similar effect for primary users to omitting or misstating that information. Examples of circumstances that might result in material information being obscured include — (b) material information is disclosed in the sustainability-related financial disclosures, but the language used is vague or unclear","An entity shall identify its sustainability-related financial disclosures clearly and distinguish them from other information provided by the entity (see paragraph 62). An entity shall not obscure material information. Information is obscured if it is communicated in a way that would have a similar effect for primary users to omitting or misstating that information. Examples of circumstances that might result in material information being obscured include: (a) material information is not clearly distinguished from additional information that is not material; (b) material information is disclosed in the sustainability-related financial disclosures, but the language used is vague or unclear; (c) material information about a sustainability-related risk or opportunity is scattered throughout the sustainability-related financial disclosures; (d) items of information that are dissimilar are inappropriately aggregated; (e) items of information that are similar are inappropriately disaggregated; and (f) the understandability of the sustainability-related financial disclosures is reduced as a result of material information being hidden by immaterial information to the extent that a primary user is unable to determine what information is material.",(b),prohibition,True,"[""materiality""]",general,1.0,1.0
IFRS_S1_B27_C03,IFRS S1,B27,31,General Requirements,Materiality (paragraphs 17–19),Materiality (paragraphs 17–19),An entity shall identify its sustainability-related financial disclosures clearly and distinguish them from other information provided by the entity (see paragraph 62). An entity shall not obscure material information. Information is obscured if it is communicated in a way that would have a similar effect for primary users to omitting or misstating that information. Examples of circumstances that might result in material information being obscured include — (c) material information about a sustainability-related risk or opportunity is scattered throughout the sustainability-related financial disclosures,"An entity shall identify its sustainability-related financial disclosures clearly and distinguish them from other information provided by the entity (see paragraph 62). An entity shall not obscure material information. Information is obscured if it is communicated in a way that would have a similar effect for primary users to omitting or misstating that information. Examples of circumstances that might result in material information being obscured include: (a) material information is not clearly distinguished from additional information that is not material; (b) material information is disclosed in the sustainability-related financial disclosures, but the language used is vague or unclear; (c) material information about a sustainability-related risk or opportunity is scattered throughout the sustainability-related financial disclosures; (d) items of information that are dissimilar are inappropriately aggregated; (e) items of information that are similar are inappropriately disaggregated; and (f) the understandability of the sustainability-related financial disclosures is reduced as a result of material information being hidden by immaterial information to the extent that a primary user is unable to determine what information is material.",(c),prohibition,True,"[""materiality""]",general,1.0,1.0
IFRS_S1_B27_C04,IFRS S1,B27,31,General Requirements,Materiality (paragraphs 17–19),Materiality (paragraphs 17–19),An entity shall identify its sustainability-related financial disclosures clearly and distinguish them from other information provided by the entity (see paragraph 62). An entity shall not obscure material information. Information is obscured if it is communicated in a way that would have a similar effect for primary users to omitting or misstating that information. Examples of circumstances that might result in material information being obscured include — (d) items of information that are dissimilar are inappropriately aggregated,"An entity shall identify its sustainability-related financial disclosures clearly and distinguish them from other information provided by the entity (see paragraph 62). An entity shall not obscure material information. Information is obscured if it is communicated in a way that would have a similar effect for primary users to omitting or misstating that information. Examples of circumstances that might result in material information being obscured include: (a) material information is not clearly distinguished from additional information that is not material; (b) material information is disclosed in the sustainability-related financial disclosures, but the language used is vague or unclear; (c) material information about a sustainability-related risk or opportunity is scattered throughout the sustainability-related financial disclosures; (d) items of information that are dissimilar are inappropriately aggregated; (e) items of information that are similar are inappropriately disaggregated; and (f) the understandability of the sustainability-related financial disclosures is reduced as a result of material information being hidden by immaterial information to the extent that a primary user is unable to determine what information is material.",(d),prohibition,True,"[""materiality""]",general,1.0,1.0
IFRS_S1_B27_C05,IFRS S1,B27,31,General Requirements,Materiality (paragraphs 17–19),Materiality (paragraphs 17–19),An entity shall identify its sustainability-related financial disclosures clearly and distinguish them from other information provided by the entity (see paragraph 62). An entity shall not obscure material information. Information is obscured if it is communicated in a way that would have a similar effect for primary users to omitting or misstating that information. Examples of circumstances that might result in material information being obscured include — (e) items of information that are similar are inappropriately disaggregated,"An entity shall identify its sustainability-related financial disclosures clearly and distinguish them from other information provided by the entity (see paragraph 62). An entity shall not obscure material information. Information is obscured if it is communicated in a way that would have a similar effect for primary users to omitting or misstating that information. Examples of circumstances that might result in material information being obscured include: (a) material information is not clearly distinguished from additional information that is not material; (b) material information is disclosed in the sustainability-related financial disclosures, but the language used is vague or unclear; (c) material information about a sustainability-related risk or opportunity is scattered throughout the sustainability-related financial disclosures; (d) items of information that are dissimilar are inappropriately aggregated; (e) items of information that are similar are inappropriately disaggregated; and (f) the understandability of the sustainability-related financial disclosures is reduced as a result of material information being hidden by immaterial information to the extent that a primary user is unable to determine what information is material.",(e),prohibition,True,"[""materiality""]",general,1.0,1.0
IFRS_S1_B27_C06,IFRS S1,B27,31,General Requirements,Materiality (paragraphs 17–19),Materiality (paragraphs 17–19),An entity shall identify its sustainability-related financial disclosures clearly and distinguish them from other information provided by the entity (see paragraph 62). An entity shall not obscure material information. Information is obscured if it is communicated in a way that would have a similar effect for primary users to omitting or misstating that information. Examples of circumstances that might result in material information being obscured include — (f) the understandability of the sustainability-related financial disclosures is reduced as a result of material information being hidden by immaterial information to the extent that a primary user is unable to determine what information is material.,"An entity shall identify its sustainability-related financial disclosures clearly and distinguish them from other information provided by the entity (see paragraph 62). An entity shall not obscure material information. Information is obscured if it is communicated in a way that would have a similar effect for primary users to omitting or misstating that information. Examples of circumstances that might result in material information being obscured include: (a) material information is not clearly distinguished from additional information that is not material; (b) material information is disclosed in the sustainability-related financial disclosures, but the language used is vague or unclear; (c) material information about a sustainability-related risk or opportunity is scattered throughout the sustainability-related financial disclosures; (d) items of information that are dissimilar are inappropriately aggregated; (e) items of information that are similar are inappropriately disaggregated; and (f) the understandability of the sustainability-related financial disclosures is reduced as a result of material information being hidden by immaterial information to the extent that a primary user is unable to determine what information is material.",(f),prohibition,True,"[""materiality""]",general,1.0,1.0
IFRS_S1_B28_C01,IFRS S1,B28,31,General Requirements,Materiality (paragraphs 17–19),Materiality (paragraphs 17–19),"An entity shall reassess its materiality judgements at each reporting date to take account of changed circumstances and assumptions. Because of changes in the entity’s individual circumstances, or in the external environment, some types of information included in an entity’s sustainability-related financial disclosures for prior periods might no longer be material. Conversely, some types of information not previously disclosed might become material.","An entity shall reassess its materiality judgements at each reporting date to take account of changed circumstances and assumptions. Because of changes in the entity’s individual circumstances, or in the external environment, some types of information included in an entity’s sustainability-related financial disclosures for prior periods might no longer be material. Conversely, some types of information not previously disclosed might become material.",,mandatory,True,"[""materiality""]",general,1.0,1.0
IFRS_S1_B31_C01,IFRS S1,B31,32,General Requirements,Interaction with law or regulation,Interaction with law or regulation,"Law or regulation might specify requirements for an entity to disclose sustainability-related information in its general purpose financial reports. In such circumstances, the entity is permitted to include in its sustainability-related financial disclosures information to meet legal or regulatory requirements, even if that information is not material. However, such information shall not obscure material information.","Law or regulation might specify requirements for an entity to disclose sustainability-related information in its general purpose financial reports. In such circumstances, the entity is permitted to include in its sustainability-related financial disclosures information to meet legal or regulatory requirements, even if that information is not material. However, such information shall not obscure material information.",,prohibition,True,"[""materiality""]",general,1.0,1.0
IFRS_S1_B32_C01,IFRS S1,B32,32,General Requirements,Interaction with law or regulation,Interaction with law or regulation,"An entity shall disclose material sustainability-related financial information, even if law or regulation permits the entity not to disclose such information.","An entity shall disclose material sustainability-related financial information, even if law or regulation permits the entity not to disclose such information.",,mandatory,True,"[""materiality""]",general,1.0,1.0
IFRS_S1_B37_C01,IFRS S1,B37,33,General Requirements,Commercially sensitive information,Commercially sensitive information,An entity is prohibited from using the exemption specified in paragraph B34 in relation to a sustainability-related risk or as a basis for broad non-disclosure of sustainability-related financial information.,An entity is prohibited from using the exemption specified in paragraph B34 in relation to a sustainability-related risk or as a basis for broad non-disclosure of sustainability-related financial information.,,prohibition,True,[],general,1.0,1.0
IFRS_S1_B38_C01,IFRS S1,B38,33,General Requirements,Reporting entity (paragraph 20),Reporting entity (paragraph 20),"Paragraph 20 requires that sustainability-related financial disclosures shall be for the same reporting entity as the related financial statements. For example, consolidated financial statements prepared in accordance with IFRS Accounting Standards provide information about the parent and its subsidiaries as a single reporting entity. Consequently, that entity’s sustainability-related financial disclosures shall enable users of general purpose financial reports to understand the effects of the sustainability-related risks and opportunities on the cash flows, access to finance and cost of capital over the short, medium and long term for the parent and its subsidiaries.","Paragraph 20 requires that sustainability-related financial disclosures shall be for the same reporting entity as the related financial statements. For example, consolidated financial statements prepared in accordance with IFRS Accounting Standards provide information about the parent and its subsidiaries as a single reporting entity. Consequently, that entity’s sustainability-related financial disclosures shall enable users of general purpose financial reports to understand the effects of the sustainability-related risks and opportunities on the cash flows, access to finance and cost of capital over the short, medium and long term for the parent and its subsidiaries.",,mandatory,True,"[""financial_effects"", ""connected_information""]",medium,1.0,1.0
IFRS_S1_B39_C01,IFRS S1,B39,33,General Requirements,Connected information (paragraphs 21–24),Connected information (paragraphs 21–24),Paragraph 21 requires an entity to provide information in a manner that enables users of general purpose financial reports to understand connections both between the items to which the information relates and between disclosures provided by the entity in its general purpose financial reports.,Paragraph 21 requires an entity to provide information in a manner that enables users of general purpose financial reports to understand connections both between the items to which the information relates and between disclosures provided by the entity in its general purpose financial reports.,,mandatory,True,"[""connected_information""]",general,1.0,1.0
IFRS_S1_B41_C04,IFRS S1,B41,33,General Requirements,Connected information (paragraphs 21–24),Connected information (paragraphs 21–24),"Connected information includes — (b) connections between disclosures about various sustainability-related risks and opportunities. For example, if an entity integrates its oversight of sustainability-related risks and opportunities, the entity shall integrate the disclosures on governance instead of providing separate disclosures on governance for each sustainability-related risk and opportunity.","Connected information includes: (a) connections between various types of information about a particular sustainability-related risk or opportunity, such as: (i) between disclosures on governance, strategy and risk management; and (ii) between narrative information and quantitative information (including related metrics and targets and information in the related financial statements). (b) connections between disclosures about various sustainability-related risks and opportunities. For example, if an entity integrates its oversight of sustainability-related risks and opportunities, the entity shall integrate the disclosures on governance instead of providing separate disclosures on governance for each sustainability-related risk and opportunity.",(b),mandatory,True,"[""connected_information""]",general,1.0,1.0
IFRS_S1_B42_C01,IFRS S1,B42,34,General Requirements,Connected information (paragraphs 21–24),Connected information (paragraphs 21–24),"Drawing connections between disclosures involves, but is not limited to, providing necessary explanations and cross-references and using consistent data, assumptions, and units of measure. In providing connected information, an entity shall — (a) explain connections between disclosures in a clear and concise manner","Drawing connections between disclosures involves, but is not limited to, providing necessary explanations and cross-references and using consistent data, assumptions, and units of measure. In providing connected information, an entity shall: (a) explain connections between disclosures in a clear and concise manner; (b) avoid unnecessary duplication if IFRS Sustainability Disclosure Standards require the disclosure of common items of information; and (c) disclose information about significant differences between the data and assumptions used in preparing the entity’s sustainability-related financial disclosures and the data and assumptions used in preparing the related financial statements.",(a),mandatory,True,"[""connected_information""]",general,1.0,1.0
IFRS_S1_B42_C02,IFRS S1,B42,34,General Requirements,Connected information (paragraphs 21–24),Connected information (paragraphs 21–24),"Drawing connections between disclosures involves, but is not limited to, providing necessary explanations and cross-references and using consistent data, assumptions, and units of measure. In providing connected information, an entity shall — (b) avoid unnecessary duplication if IFRS Sustainability Disclosure Standards require the disclosure of common items of information","Drawing connections between disclosures involves, but is not limited to, providing necessary explanations and cross-references and using consistent data, assumptions, and units of measure. In providing connected information, an entity shall: (a) explain connections between disclosures in a clear and concise manner; (b) avoid unnecessary duplication if IFRS Sustainability Disclosure Standards require the disclosure of common items of information; and (c) disclose information about significant differences between the data and assumptions used in preparing the entity’s sustainability-related financial disclosures and the data and assumptions used in preparing the related financial statements.",(b),mandatory,True,"[""connected_information""]",general,1.0,1.0
IFRS_S1_B42_C03,IFRS S1,B42,34,General Requirements,Connected information (paragraphs 21–24),Connected information (paragraphs 21–24),"Drawing connections between disclosures involves, but is not limited to, providing necessary explanations and cross-references and using consistent data, assumptions, and units of measure. In providing connected information, an entity shall — (c) disclose information about significant differences between the data and assumptions used in preparing the entity’s sustainability-related financial disclosures and the data and assumptions used in preparing the related financial statements.","Drawing connections between disclosures involves, but is not limited to, providing necessary explanations and cross-references and using consistent data, assumptions, and units of measure. In providing connected information, an entity shall: (a) explain connections between disclosures in a clear and concise manner; (b) avoid unnecessary duplication if IFRS Sustainability Disclosure Standards require the disclosure of common items of information; and (c) disclose information about significant differences between the data and assumptions used in preparing the entity’s sustainability-related financial disclosures and the data and assumptions used in preparing the related financial statements.",(c),mandatory,True,"[""connected_information""]",general,1.0,1.0
IFRS_S1_B45_C01,IFRS S1,B45,35,General Requirements,Information included by cross-reference (paragraph 63),Information included by cross-reference (paragraph 63),"Information required by an IFRS Sustainability Disclosure Standard might be available in another report published by the entity. For example, the required information could be disclosed in the related financial statements. Material information can be included in an entity’s sustainability-related financial disclosures by cross-reference, provided that — (a) the cross-referenced information is available on the same terms and at the same time as the sustainability-related financial disclosures","Information required by an IFRS Sustainability Disclosure Standard might be available in another report published by the entity. For example, the required information could be disclosed in the related financial statements. Material information can be included in an entity’s sustainability-related financial disclosures by cross-reference, provided that: (a) the cross-referenced information is available on the same terms and at the same time as the sustainability-related financial disclosures; and (b) the complete set of sustainability-related financial disclosures is not made less understandable by including information by cross-reference.",(a),mandatory,True,"[""materiality"", ""connected_information""]",general,1.0,1.0
IFRS_S1_B45_C02,IFRS S1,B45,35,General Requirements,Information included by cross-reference (paragraph 63),Information included by cross-reference (paragraph 63),"Information required by an IFRS Sustainability Disclosure Standard might be available in another report published by the entity. For example, the required information could be disclosed in the related financial statements. Material information can be included in an entity’s sustainability-related financial disclosures by cross-reference, provided that — (b) the complete set of sustainability-related financial disclosures is not made less understandable by including information by cross-reference.","Information required by an IFRS Sustainability Disclosure Standard might be available in another report published by the entity. For example, the required information could be disclosed in the related financial statements. Material information can be included in an entity’s sustainability-related financial disclosures by cross-reference, provided that: (a) the cross-referenced information is available on the same terms and at the same time as the sustainability-related financial disclosures; and (b) the complete set of sustainability-related financial disclosures is not made less understandable by including information by cross-reference.",(b),mandatory,True,"[""materiality"", ""connected_information""]",general,1.0,1.0
IFRS_S1_B46_C01,IFRS S1,B46,35,General Requirements,Information included by cross-reference (paragraph 63),Information included by cross-reference (paragraph 63),"Information included by cross-reference becomes part of the complete set of sustainability-related financial disclosures and shall comply with the requirements of IFRS Sustainability Disclosure Standards. For example, it needs to be relevant, representationally faithful, comparable, verifiable, timely and understandable. The body(s) or individual(s) that authorises the general purpose financial reports takes the same responsibility for the information included by cross-reference as it does for the information included directly.","Information included by cross-reference becomes part of the complete set of sustainability-related financial disclosures and shall comply with the requirements of IFRS Sustainability Disclosure Standards. For example, it needs to be relevant, representationally faithful, comparable, verifiable, timely and understandable. The body(s) or individual(s) that authorises the general purpose financial reports takes the same responsibility for the information included by cross-reference as it does for the information included directly.",,mandatory,True,"[""connected_information""]",general,1.0,1.0
IFRS_S1_B47_C01,IFRS S1,B47,35,General Requirements,Information included by cross-reference (paragraph 63),Information included by cross-reference (paragraph 63),If information required by an IFRS Sustainability Disclosure Standard is included by cross-reference — (a) the sustainability-related financial disclosures shall clearly identify the report within which that information is located and explain how to access that report,If information required by an IFRS Sustainability Disclosure Standard is included by cross-reference: (a) the sustainability-related financial disclosures shall clearly identify the report within which that information is located and explain how to access that report; and (b) the cross-reference shall be to a precisely specified part of that report.,(a),mandatory,True,"[""connected_information""]",general,1.0,1.0
IFRS_S1_B47_C02,IFRS S1,B47,35,General Requirements,Information included by cross-reference (paragraph 63),Information included by cross-reference (paragraph 63),If information required by an IFRS Sustainability Disclosure Standard is included by cross-reference — (b) the cross-reference shall be to a precisely specified part of that report.,If information required by an IFRS Sustainability Disclosure Standard is included by cross-reference: (a) the sustainability-related financial disclosures shall clearly identify the report within which that information is located and explain how to access that report; and (b) the cross-reference shall be to a precisely specified part of that report.,(b),mandatory,True,"[""connected_information""]",general,1.0,1.0
IFRS_S1_B49_C01,IFRS S1,B49,36,Metrics and Targets,"Comparative information (paragraphs 52, 70 and 83–86)","Comparative information (paragraphs 52, 70 and 83–86)",Paragraph 70 requires an entity to disclose comparative information in respect of the preceding period for all amounts disclosed in the reporting period.,Paragraph 70 requires an entity to disclose comparative information in respect of the preceding period for all amounts disclosed in the reporting period.,,mandatory,True,[],general,1.0,1.0
IFRS_S1_B50_C01,IFRS S1,B50,36,Metrics and Targets,Metrics,Metrics,"In some cases, the amount disclosed for a metric is an estimate. Except as specified in paragraph B51, if an entity identifies new information in relation to the estimated amount disclosed in the preceding period and the new information provides evidence of circumstances that existed in that period, the entity shall — (a) disclose a revised comparative amount that reflects that new information","In some cases, the amount disclosed for a metric is an estimate. Except as specified in paragraph B51, if an entity identifies new information in relation to the estimated amount disclosed in the preceding period and the new information provides evidence of circumstances that existed in that period, the entity shall: (a) disclose a revised comparative amount that reflects that new information; (b) disclose the difference between the amount disclosed in the preceding period and the revised comparative amount; and (c) explain the reasons for revising the comparative amount.",(a),mandatory,True,"[""metrics""]",general,1.0,1.0
IFRS_S1_B50_C02,IFRS S1,B50,36,Metrics and Targets,Metrics,Metrics,"In some cases, the amount disclosed for a metric is an estimate. Except as specified in paragraph B51, if an entity identifies new information in relation to the estimated amount disclosed in the preceding period and the new information provides evidence of circumstances that existed in that period, the entity shall — (b) disclose the difference between the amount disclosed in the preceding period and the revised comparative amount","In some cases, the amount disclosed for a metric is an estimate. Except as specified in paragraph B51, if an entity identifies new information in relation to the estimated amount disclosed in the preceding period and the new information provides evidence of circumstances that existed in that period, the entity shall: (a) disclose a revised comparative amount that reflects that new information; (b) disclose the difference between the amount disclosed in the preceding period and the revised comparative amount; and (c) explain the reasons for revising the comparative amount.",(b),mandatory,True,"[""metrics""]",general,1.0,1.0
IFRS_S1_B50_C03,IFRS S1,B50,36,Metrics and Targets,Metrics,Metrics,"In some cases, the amount disclosed for a metric is an estimate. Except as specified in paragraph B51, if an entity identifies new information in relation to the estimated amount disclosed in the preceding period and the new information provides evidence of circumstances that existed in that period, the entity shall — (c) explain the reasons for revising the comparative amount.","In some cases, the amount disclosed for a metric is an estimate. Except as specified in paragraph B51, if an entity identifies new information in relation to the estimated amount disclosed in the preceding period and the new information provides evidence of circumstances that existed in that period, the entity shall: (a) disclose a revised comparative amount that reflects that new information; (b) disclose the difference between the amount disclosed in the preceding period and the revised comparative amount; and (c) explain the reasons for revising the comparative amount.",(c),mandatory,True,"[""metrics""]",general,1.0,1.0
IFRS_S1_B52_C01,IFRS S1,B52,36,Metrics and Targets,Metrics,Metrics,"If an entity redefines or replaces a metric in the reporting period, the entity shall — (a) disclose a revised comparative amount, unless it is impracticable to do so","If an entity redefines or replaces a metric in the reporting period, the entity shall: (a) disclose a revised comparative amount, unless it is impracticable to do so; (b) explain the changes; and (c) explain the reasons for those changes, including why the redefined or replacement metric provides more useful information.",(a),mandatory,True,"[""metrics""]",general,1.0,1.0
IFRS_S1_B52_C02,IFRS S1,B52,36,Metrics and Targets,Metrics,Metrics,"If an entity redefines or replaces a metric in the reporting period, the entity shall — (b) explain the changes","If an entity redefines or replaces a metric in the reporting period, the entity shall: (a) disclose a revised comparative amount, unless it is impracticable to do so; (b) explain the changes; and (c) explain the reasons for those changes, including why the redefined or replacement metric provides more useful information.",(b),mandatory,True,"[""metrics""]",general,1.0,1.0
IFRS_S1_B52_C03,IFRS S1,B52,36,Metrics and Targets,Metrics,Metrics,"If an entity redefines or replaces a metric in the reporting period, the entity shall — (c) explain the reasons for those changes, including why the redefined or replacement metric provides more useful information.","If an entity redefines or replaces a metric in the reporting period, the entity shall: (a) disclose a revised comparative amount, unless it is impracticable to do so; (b) explain the changes; and (c) explain the reasons for those changes, including why the redefined or replacement metric provides more useful information.",(c),mandatory,True,"[""metrics""]",general,1.0,1.0
IFRS_S1_B53_C01,IFRS S1,B53,36,Metrics and Targets,Metrics,Metrics,"If an entity introduces a new metric in the reporting period, it shall disclose a comparative amount for that metric unless it is impracticable to do so.","If an entity introduces a new metric in the reporting period, it shall disclose a comparative amount for that metric unless it is impracticable to do so.",,mandatory,True,"[""metrics""]",general,1.0,1.0
IFRS_S1_B54_C01,IFRS S1,B54,36,Metrics and Targets,Metrics,Metrics,"Sometimes, it is impracticable to revise a comparative amount to achieve comparability with the reporting period. For example, data might not have been collected in the preceding period in a way that allows retrospective application of a new definition of a metric, and it might be impracticable to recreate the data. If it is impracticable to revise a comparative amount for the preceding period, an entity shall disclose that fact.","Sometimes, it is impracticable to revise a comparative amount to achieve comparability with the reporting period. For example, data might not have been collected in the preceding period in a way that allows retrospective application of a new definition of a metric, and it might be impracticable to recreate the data. If it is impracticable to revise a comparative amount for the preceding period, an entity shall disclose that fact.",,mandatory,True,"[""metrics""]",general,1.0,1.0
IFRS_S1_B55_C01,IFRS S1,B55,37,General Requirements,Errors,Errors,Paragraph 83 requires an entity to correct material prior period errors.,Paragraph 83 requires an entity to correct material prior period errors.,,mandatory,True,"[""materiality""]",general,1.0,1.0
IFRS_S1_B58_C01,IFRS S1,B58,37,General Requirements,Errors,Errors,"If an entity identifies a material error in its prior period(s) sustainability-related financial disclosures, it shall disclose — (a) the nature of the prior period error","If an entity identifies a material error in its prior period(s) sustainability-related financial disclosures, it shall disclose: (a) the nature of the prior period error; (b) the correction, to the extent practicable, for each prior period disclosed; and (c) if correction of the error is impracticable, the circumstances that led to the existence of that condition and a description of how and from when the error has been corrected.",(a),mandatory,True,"[""materiality""]",general,1.0,1.0
IFRS_S1_B58_C02,IFRS S1,B58,37,General Requirements,Errors,Errors,"If an entity identifies a material error in its prior period(s) sustainability-related financial disclosures, it shall disclose — (b) the correction, to the extent practicable, for each prior period disclosed","If an entity identifies a material error in its prior period(s) sustainability-related financial disclosures, it shall disclose: (a) the nature of the prior period error; (b) the correction, to the extent practicable, for each prior period disclosed; and (c) if correction of the error is impracticable, the circumstances that led to the existence of that condition and a description of how and from when the error has been corrected.",(b),mandatory,True,"[""materiality""]",general,1.0,1.0
IFRS_S1_B58_C03,IFRS S1,B58,37,General Requirements,Errors,Errors,"If an entity identifies a material error in its prior period(s) sustainability-related financial disclosures, it shall disclose — (c) if correction of the error is impracticable, the circumstances that led to the existence of that condition and a description of how and from when the error has been corrected.","If an entity identifies a material error in its prior period(s) sustainability-related financial disclosures, it shall disclose: (a) the nature of the prior period error; (b) the correction, to the extent practicable, for each prior period disclosed; and (c) if correction of the error is impracticable, the circumstances that led to the existence of that condition and a description of how and from when the error has been corrected.",(c),mandatory,True,"[""materiality""]",general,1.0,1.0
IFRS_S1_B59_C01,IFRS S1,B59,37,General Requirements,Errors,Errors,"When it is impracticable to determine the effect of an error on all prior periods presented, the entity shall restate the comparative information to correct the error from the earliest date practicable.","When it is impracticable to determine the effect of an error on all prior periods presented, the entity shall restate the comparative information to correct the error from the earliest date practicable.",,mandatory,True,[],general,1.0,1.0
IFRS_S1_C1_C01,IFRS S1,C1,38,General Requirements,Sources of guidance,Sources of guidance,"This Standard requires (see paragraph 57) that in the absence of an IFRS Sustainability Disclosure Standard that specifically applies to a sustainability-related risk or opportunity, an entity shall apply judgement to identify information that — (a) is relevant to the decision-making of users of general purpose financial reports","This Standard requires (see paragraph 57) that in the absence of an IFRS Sustainability Disclosure Standard that specifically applies to a sustainability-related risk or opportunity, an entity shall apply judgement to identify information that: (a) is relevant to the decision-making of users of general purpose financial reports; and (b) faithfully represents that sustainability-related risk or opportunity.",(a),mandatory,True,"[""source_guidance""]",general,1.0,1.0
IFRS_S1_C1_C02,IFRS S1,C1,38,General Requirements,Sources of guidance,Sources of guidance,"This Standard requires (see paragraph 57) that in the absence of an IFRS Sustainability Disclosure Standard that specifically applies to a sustainability-related risk or opportunity, an entity shall apply judgement to identify information that — (b) faithfully represents that sustainability-related risk or opportunity.","This Standard requires (see paragraph 57) that in the absence of an IFRS Sustainability Disclosure Standard that specifically applies to a sustainability-related risk or opportunity, an entity shall apply judgement to identify information that: (a) is relevant to the decision-making of users of general purpose financial reports; and (b) faithfully represents that sustainability-related risk or opportunity.",(b),mandatory,True,"[""source_guidance""]",general,1.0,1.0
IFRS_S1_C3_C01,IFRS S1,C3,38,General Requirements,Sources of guidance,Sources of guidance,"In applying the sources of guidance specified in paragraph C2, an entity shall not obscure material information required by IFRS Sustainability Disclosure Standards (see paragraph B27). If an entity applies the sources of guidance specified in paragraph C2 without applying the requirements in IFRS Sustainability Disclosure Standards, the entity shall not make an explicit and unreserved statement of compliance with IFRS Sustainability Disclosure Standards.","In applying the sources of guidance specified in paragraph C2, an entity shall not obscure material information required by IFRS Sustainability Disclosure Standards (see paragraph B27). If an entity applies the sources of guidance specified in paragraph C2 without applying the requirements in IFRS Sustainability Disclosure Standards, the entity shall not make an explicit and unreserved statement of compliance with IFRS Sustainability Disclosure Standards.",,prohibition,True,"[""materiality"", ""source_guidance""]",general,1.0,1.0
IFRS_S1_D12_C01,IFRS S1,D12,40,General Requirements,Materiality,Materiality,"Sustainability-related financial information shall be neutral. A neutral depiction is one without bias in the selection or disclosure of information. Information is neutral if it is not slanted, weighted, emphasised, de-emphasised or otherwise manipulated to make it more likely that primary users will receive that information favourably or unfavourably. Neutral information is not information without purpose or without influence on behaviour. On the contrary, relevant information is, by definition, capable of making a difference in users’ decisions.","Sustainability-related financial information shall be neutral. A neutral depiction is one without bias in the selection or disclosure of information. Information is neutral if it is not slanted, weighted, emphasised, de-emphasised or otherwise manipulated to make it more likely that primary users will receive that information favourably or unfavourably. Neutral information is not information without purpose or without influence on behaviour. On the contrary, relevant information is, by definition, capable of making a difference in users’ decisions.",,mandatory,True,"[""materiality""]",general,1.0,1.0
IFRS_S1_D15_C01,IFRS S1,D15,41,General Requirements,Materiality,Materiality,"Sustainability-related financial information shall be accurate. Information can be accurate without being perfectly precise in all respects. The precision needed and attainable, and the factors that make information accurate, depend on the nature of the information and the nature of the matters to which it relates. For example, accuracy requires that — (a) factual information is free from material error","Sustainability-related financial information shall be accurate. Information can be accurate without being perfectly precise in all respects. The precision needed and attainable, and the factors that make information accurate, depend on the nature of the information and the nature of the matters to which it relates. For example, accuracy requires that: (a) factual information is free from material error; (b) descriptions are precise; (c) estimates, approximations and forecasts are clearly identified as such; (d) no material errors are made in selecting and applying an appropriate process for developing an estimate, approximation or forecast; (e) assertions and inputs used in developing estimates are reasonable and based on information of sufficient quality and quantity; and (f) information on judgements about the future faithfully reflects both those judgements and the information on which they are based. Enhancing qualitative characteristics of useful sustainability-",(a),mandatory,True,"[""materiality""]",general,1.0,1.0
IFRS_S1_D15_C02,IFRS S1,D15,41,General Requirements,Materiality,Materiality,"Sustainability-related financial information shall be accurate. Information can be accurate without being perfectly precise in all respects. The precision needed and attainable, and the factors that make information accurate, depend on the nature of the information and the nature of the matters to which it relates. For example, accuracy requires that — (b) descriptions are precise","Sustainability-related financial information shall be accurate. Information can be accurate without being perfectly precise in all respects. The precision needed and attainable, and the factors that make information accurate, depend on the nature of the information and the nature of the matters to which it relates. For example, accuracy requires that: (a) factual information is free from material error; (b) descriptions are precise; (c) estimates, approximations and forecasts are clearly identified as such; (d) no material errors are made in selecting and applying an appropriate process for developing an estimate, approximation or forecast; (e) assertions and inputs used in developing estimates are reasonable and based on information of sufficient quality and quantity; and (f) information on judgements about the future faithfully reflects both those judgements and the information on which they are based. Enhancing qualitative characteristics of useful sustainability-",(b),mandatory,True,"[""materiality""]",general,1.0,1.0
IFRS_S1_D15_C03,IFRS S1,D15,41,General Requirements,Materiality,Materiality,"Sustainability-related financial information shall be accurate. Information can be accurate without being perfectly precise in all respects. The precision needed and attainable, and the factors that make information accurate, depend on the nature of the information and the nature of the matters to which it relates. For example, accuracy requires that — (c) estimates, approximations and forecasts are clearly identified as such","Sustainability-related financial information shall be accurate. Information can be accurate without being perfectly precise in all respects. The precision needed and attainable, and the factors that make information accurate, depend on the nature of the information and the nature of the matters to which it relates. For example, accuracy requires that: (a) factual information is free from material error; (b) descriptions are precise; (c) estimates, approximations and forecasts are clearly identified as such; (d) no material errors are made in selecting and applying an appropriate process for developing an estimate, approximation or forecast; (e) assertions and inputs used in developing estimates are reasonable and based on information of sufficient quality and quantity; and (f) information on judgements about the future faithfully reflects both those judgements and the information on which they are based. Enhancing qualitative characteristics of useful sustainability-",(c),mandatory,True,"[""materiality""]",general,1.0,1.0
IFRS_S1_D15_C04,IFRS S1,D15,41,General Requirements,Materiality,Materiality,"Sustainability-related financial information shall be accurate. Information can be accurate without being perfectly precise in all respects. The precision needed and attainable, and the factors that make information accurate, depend on the nature of the information and the nature of the matters to which it relates. For example, accuracy requires that — (d) no material errors are made in selecting and applying an appropriate process for developing an estimate, approximation or forecast","Sustainability-related financial information shall be accurate. Information can be accurate without being perfectly precise in all respects. The precision needed and attainable, and the factors that make information accurate, depend on the nature of the information and the nature of the matters to which it relates. For example, accuracy requires that: (a) factual information is free from material error; (b) descriptions are precise; (c) estimates, approximations and forecasts are clearly identified as such; (d) no material errors are made in selecting and applying an appropriate process for developing an estimate, approximation or forecast; (e) assertions and inputs used in developing estimates are reasonable and based on information of sufficient quality and quantity; and (f) information on judgements about the future faithfully reflects both those judgements and the information on which they are based. Enhancing qualitative characteristics of useful sustainability-",(d),mandatory,True,"[""materiality""]",general,1.0,1.0
IFRS_S1_D15_C05,IFRS S1,D15,41,General Requirements,Materiality,Materiality,"Sustainability-related financial information shall be accurate. Information can be accurate without being perfectly precise in all respects. The precision needed and attainable, and the factors that make information accurate, depend on the nature of the information and the nature of the matters to which it relates. For example, accuracy requires that — (e) assertions and inputs used in developing estimates are reasonable and based on information of sufficient quality and quantity","Sustainability-related financial information shall be accurate. Information can be accurate without being perfectly precise in all respects. The precision needed and attainable, and the factors that make information accurate, depend on the nature of the information and the nature of the matters to which it relates. For example, accuracy requires that: (a) factual information is free from material error; (b) descriptions are precise; (c) estimates, approximations and forecasts are clearly identified as such; (d) no material errors are made in selecting and applying an appropriate process for developing an estimate, approximation or forecast; (e) assertions and inputs used in developing estimates are reasonable and based on information of sufficient quality and quantity; and (f) information on judgements about the future faithfully reflects both those judgements and the information on which they are based. Enhancing qualitative characteristics of useful sustainability-",(e),mandatory,True,"[""materiality""]",general,1.0,1.0
IFRS_S1_D15_C06,IFRS S1,D15,41,General Requirements,Materiality,Materiality,"Sustainability-related financial information shall be accurate. Information can be accurate without being perfectly precise in all respects. The precision needed and attainable, and the factors that make information accurate, depend on the nature of the information and the nature of the matters to which it relates. For example, accuracy requires that — (f) information on judgements about the future faithfully reflects both those judgements and the information on which they are based. Enhancing qualitative characteristics of useful sustainability-","Sustainability-related financial information shall be accurate. Information can be accurate without being perfectly precise in all respects. The precision needed and attainable, and the factors that make information accurate, depend on the nature of the information and the nature of the matters to which it relates. For example, accuracy requires that: (a) factual information is free from material error; (b) descriptions are precise; (c) estimates, approximations and forecasts are clearly identified as such; (d) no material errors are made in selecting and applying an appropriate process for developing an estimate, approximation or forecast; (e) assertions and inputs used in developing estimates are reasonable and based on information of sufficient quality and quantity; and (f) information on judgements about the future faithfully reflects both those judgements and the information on which they are based. Enhancing qualitative characteristics of useful sustainability-",(f),mandatory,True,"[""materiality""]",general,1.0,1.0
IFRS_S1_D18_C01,IFRS S1,D18,42,General Requirements,Materiality,Materiality,Sustainability-related financial disclosures shall be provided in a way that enhances comparability.,Sustainability-related financial disclosures shall be provided in a way that enhances comparability.,,mandatory,True,"[""materiality""]",general,1.0,1.0
IFRS_S1_D20_C01,IFRS S1,D20,42,General Requirements,Materiality,Materiality,"Comparability is not uniformity. For information to be comparable, like things shall look alike and different things shall look different. Comparability of sustainability-related financial information is not enhanced by making unlike things look alike any more than it is enhanced by making like things look different. Verifiability","Comparability is not uniformity. For information to be comparable, like things shall look alike and different things shall look different. Comparability of sustainability-related financial information is not enhanced by making unlike things look alike any more than it is enhanced by making like things look different. Verifiability",,mandatory,True,"[""materiality""]",general,1.0,1.0
IFRS_S1_D23_C01,IFRS S1,D23,42,General Requirements,Materiality,Materiality,"Sustainability-related financial information shall be provided in a way that enhances its verifiability. Verifiability can be enhanced by, for example — (a) including information that can be corroborated by comparing it with other information available to primary users about an entity’s business, about other businesses or about the external environment in which the entity operates","Sustainability-related financial information shall be provided in a way that enhances its verifiability. Verifiability can be enhanced by, for example: (a) including information that can be corroborated by comparing it with other information available to primary users about an entity’s business, about other businesses or about the external environment in which the entity operates; (b) providing information about inputs and methods of calculation used to produce estimates or approximations; and (c) providing information reviewed and agreed by the entity’s board, board committees or equivalent bodies.",(a),mandatory,True,"[""materiality""]",general,1.0,1.0
IFRS_S1_D23_C02,IFRS S1,D23,42,General Requirements,Materiality,Materiality,"Sustainability-related financial information shall be provided in a way that enhances its verifiability. Verifiability can be enhanced by, for example — (b) providing information about inputs and methods of calculation used to produce estimates or approximations","Sustainability-related financial information shall be provided in a way that enhances its verifiability. Verifiability can be enhanced by, for example: (a) including information that can be corroborated by comparing it with other information available to primary users about an entity’s business, about other businesses or about the external environment in which the entity operates; (b) providing information about inputs and methods of calculation used to produce estimates or approximations; and (c) providing information reviewed and agreed by the entity’s board, board committees or equivalent bodies.",(b),mandatory,True,"[""materiality""]",general,1.0,1.0
IFRS_S1_D23_C03,IFRS S1,D23,42,General Requirements,Materiality,Materiality,"Sustainability-related financial information shall be provided in a way that enhances its verifiability. Verifiability can be enhanced by, for example — (c) providing information reviewed and agreed by the entity’s board, board committees or equivalent bodies.","Sustainability-related financial information shall be provided in a way that enhances its verifiability. Verifiability can be enhanced by, for example: (a) including information that can be corroborated by comparing it with other information available to primary users about an entity’s business, about other businesses or about the external environment in which the entity operates; (b) providing information about inputs and methods of calculation used to produce estimates or approximations; and (c) providing information reviewed and agreed by the entity’s board, board committees or equivalent bodies.",(c),mandatory,True,"[""governance_body"", ""materiality""]",general,1.0,1.0
IFRS_S1_D24_C01,IFRS S1,D24,42,General Requirements,Materiality,Materiality,"Some sustainability-related financial information will be presented as explanations or forward-looking information. That information can be supportable, for example by faithfully representing fact-based strategies, plans and risk analyses. To help primary users decide whether to use such information, an entity shall describe the underlying assumptions and methods of producing the information, as well as other factors that provide evidence that the information reflects the actual plans or decisions made by the entity. Timeliness","Some sustainability-related financial information will be presented as explanations or forward-looking information. That information can be supportable, for example by faithfully representing fact-based strategies, plans and risk analyses. To help primary users decide whether to use such information, an entity shall describe the underlying assumptions and methods of producing the information, as well as other factors that provide evidence that the information reflects the actual plans or decisions made by the entity. Timeliness",,mandatory,True,"[""materiality""]",general,1.0,1.0
IFRS_S1_D26_C01,IFRS S1,D26,43,General Requirements,Materiality,Materiality,"Sustainability-related financial information shall be clear and concise. For sustainability-related financial disclosures to be concise, they need — (a) to avoid generic information, sometimes called ‘boilerplate’, that is not specific to the entity","Sustainability-related financial information shall be clear and concise. For sustainability-related financial disclosures to be concise, they need: (a) to avoid generic information, sometimes called ‘boilerplate’, that is not specific to the entity; (b) to avoid duplication of information in the general purpose financial reports, including unnecessary duplication of information also provided in the related financial statements; and (c) to use clear language and clearly structured sentences and paragraphs.",(a),mandatory,True,"[""materiality""]",general,1.0,1.0
IFRS_S1_D26_C02,IFRS S1,D26,43,General Requirements,Materiality,Materiality,"Sustainability-related financial information shall be clear and concise. For sustainability-related financial disclosures to be concise, they need — (b) to avoid duplication of information in the general purpose financial reports, including unnecessary duplication of information also provided in the related financial statements","Sustainability-related financial information shall be clear and concise. For sustainability-related financial disclosures to be concise, they need: (a) to avoid generic information, sometimes called ‘boilerplate’, that is not specific to the entity; (b) to avoid duplication of information in the general purpose financial reports, including unnecessary duplication of information also provided in the related financial statements; and (c) to use clear language and clearly structured sentences and paragraphs.",(b),mandatory,True,"[""materiality"", ""connected_information""]",general,1.0,1.0
IFRS_S1_D26_C03,IFRS S1,D26,43,General Requirements,Materiality,Materiality,"Sustainability-related financial information shall be clear and concise. For sustainability-related financial disclosures to be concise, they need — (c) to use clear language and clearly structured sentences and paragraphs.","Sustainability-related financial information shall be clear and concise. For sustainability-related financial disclosures to be concise, they need: (a) to avoid generic information, sometimes called ‘boilerplate’, that is not specific to the entity; (b) to avoid duplication of information in the general purpose financial reports, including unnecessary duplication of information also provided in the related financial statements; and (c) to use clear language and clearly structured sentences and paragraphs.",(c),mandatory,True,"[""materiality""]",general,1.0,1.0
IFRS_S1_D29_C01,IFRS S1,D29,43,General Requirements,Materiality,Materiality,Disclosures are concise if they include only material information. Any immaterial information included shall be provided in a way that avoids obscuring material information.,Disclosures are concise if they include only material information. Any immaterial information included shall be provided in a way that avoids obscuring material information.,,mandatory,True,"[""materiality""]",general,1.0,1.0
IFRS_S1_D30_C01,IFRS S1,D30,43,General Requirements,Materiality,Materiality,"Some sustainability-related risks and opportunities are inherently complex and might be difficult to present in a manner that is easy to understand. An entity shall present such information as clearly as possible. However, complex information about these risks and opportunities shall not be excluded from general purpose financial reports to make those reports easier to understand. Excluding such information would render those reports incomplete and, therefore, possibly misleading.","Some sustainability-related risks and opportunities are inherently complex and might be difficult to present in a manner that is easy to understand. An entity shall present such information as clearly as possible. However, complex information about these risks and opportunities shall not be excluded from general purpose financial reports to make those reports easier to understand. Excluding such information would render those reports incomplete and, therefore, possibly misleading.",,prohibition,True,"[""materiality""]",general,1.0,1.0
IFRS_S1_D31_C01,IFRS S1,D31,43,General Requirements,Materiality,Materiality,"The completeness, clarity and comparability of sustainability-related financial information all rely on information being presented as a coherent whole. For sustainability-related financial information to be coherent, it shall be presented in a way that explains the context and the connections between the related items of information.","The completeness, clarity and comparability of sustainability-related financial information all rely on information being presented as a coherent whole. For sustainability-related financial information to be coherent, it shall be presented in a way that explains the context and the connections between the related items of information.",,mandatory,True,"[""materiality"", ""connected_information""]",general,1.0,1.0
IFRS_S1_D32_C01,IFRS S1,D32,44,General Requirements,Materiality,Materiality,"If sustainability-related risks and opportunities located in one part of an entity’s general purpose financial reports have implications for information disclosed in other parts, the entity shall include the information necessary for users to assess those implications.","If sustainability-related risks and opportunities located in one part of an entity’s general purpose financial reports have implications for information disclosed in other parts, the entity shall include the information necessary for users to assess those implications.",,mandatory,True,"[""materiality""]",general,1.0,1.0
IFRS_S1_D33_C01,IFRS S1,D33,44,General Requirements,Materiality,Materiality,Coherence also requires an entity to provide information in a way that allows users to relate information about its sustainability-related risks and opportunities to information in the entity’s financial statements.,Coherence also requires an entity to provide information in a way that allows users to relate information about its sustainability-related risks and opportunities to information in the entity’s financial statements.,,mandatory,True,"[""materiality"", ""connected_information""]",general,1.0,1.0
IFRS_S2_2_C01,IFRS S2,2,6,General Requirements,OBJECTIVE,Objective,"This Standard requires an entity to disclose information about climate-related risks and opportunities that could reasonably be expected to affect the entity’s cash flows, its access to finance or cost of capital over the short, medium or long term. For the purposes of this Standard, these risks and opportunities are collectively referred to as ‘climate-related risks and opportunities that could reasonably be expected to affect the entity’s prospects’.","This Standard requires an entity to disclose information about climate-related risks and opportunities that could reasonably be expected to affect the entity’s cash flows, its access to finance or cost of capital over the short, medium or long term. For the purposes of this Standard, these risks and opportunities are collectively referred to as ‘climate-related risks and opportunities that could reasonably be expected to affect the entity’s prospects’.",,mandatory,True,"[""financial_effects""]",medium,1.0,1.0
IFRS_S2_6_C02,IFRS S2,6,6,Governance,Governance,Governance,"To achieve this objective, an entity shall disclose information about — (a) the governance body(s) (which can include a board, committee or equivalent body charged with governance) or individual(s) responsible for oversight of climate-related risks and opportunities. Specifically, the entity shall identify that body(s) or individual(s) and disclose information about: — (i) how responsibilities for climate-related risks and opportunities are reflected in the terms of reference, mandates, role descriptions and other related policies applicable to that body(s) or individual(s)","To achieve this objective, an entity shall disclose information about: (a) the governance body(s) (which can include a board, committee or equivalent body charged with governance) or individual(s) responsible for oversight of climate-related risks and opportunities. Specifically, the entity shall identify that body(s) or individual(s) and disclose information about: (i) how responsibilities for climate-related risks and opportunities are reflected in the terms of reference, mandates, role descriptions and other related policies applicable to that body(s) or individual(s); (ii) how the body(s) or individual(s) determines whether appropriate skills and competencies are available or will be developed to oversee strategies designed to respond to climate-related risks and opportunities; (iii) how and how often the body(s) or individual(s) is informed about climate-related risks and opportunities; (iv) how the body(s) or individual(s) takes into account climate-related risks and opportunities when overseeing the entity’s strategy, its decisions on major transactions and its risk management processes and related policies, including whether the body(s) or individual(s) has considered trade-offs associated with those risks and opportunities; and (v) how the body(s) or individual(s) oversees the setting of targets related to climate-related risks and opportunities, and monitors progress towards those targets (see paragraphs 33–36), including whether and how related performance metrics are included in remuneration policies (see paragraph 29(g)). (b) management’s role in the governance processes, controls and procedures used to monitor, manage and oversee climate-related risks and opportunities, including information about: (i) whether the role is delegated to a specific management-level position or management-level committee and how oversight is exercised over that position or committee; and (ii) whether management uses controls and procedures to support the oversight of climate-related risks and opportunities and, if so, how these controls and procedures are integrated with other internal functions.",(a)>(i),mandatory,True,"[""governance_body""]",general,1.0,1.0
IFRS_S2_6_C03,IFRS S2,6,6,Governance,Governance,Governance,"To achieve this objective, an entity shall disclose information about — (a) the governance body(s) (which can include a board, committee or equivalent body charged with governance) or individual(s) responsible for oversight of climate-related risks and opportunities. Specifically, the entity shall identify that body(s) or individual(s) and disclose information about: — (ii) how the body(s) or individual(s) determines whether appropriate skills and competencies are available or will be developed to oversee strategies designed to respond to climate-related risks and opportunities","To achieve this objective, an entity shall disclose information about: (a) the governance body(s) (which can include a board, committee or equivalent body charged with governance) or individual(s) responsible for oversight of climate-related risks and opportunities. Specifically, the entity shall identify that body(s) or individual(s) and disclose information about: (i) how responsibilities for climate-related risks and opportunities are reflected in the terms of reference, mandates, role descriptions and other related policies applicable to that body(s) or individual(s); (ii) how the body(s) or individual(s) determines whether appropriate skills and competencies are available or will be developed to oversee strategies designed to respond to climate-related risks and opportunities; (iii) how and how often the body(s) or individual(s) is informed about climate-related risks and opportunities; (iv) how the body(s) or individual(s) takes into account climate-related risks and opportunities when overseeing the entity’s strategy, its decisions on major transactions and its risk management processes and related policies, including whether the body(s) or individual(s) has considered trade-offs associated with those risks and opportunities; and (v) how the body(s) or individual(s) oversees the setting of targets related to climate-related risks and opportunities, and monitors progress towards those targets (see paragraphs 33–36), including whether and how related performance metrics are included in remuneration policies (see paragraph 29(g)). (b) management’s role in the governance processes, controls and procedures used to monitor, manage and oversee climate-related risks and opportunities, including information about: (i) whether the role is delegated to a specific management-level position or management-level committee and how oversight is exercised over that position or committee; and (ii) whether management uses controls and procedures to support the oversight of climate-related risks and opportunities and, if so, how these controls and procedures are integrated with other internal functions.",(a)>(ii),mandatory,True,"[""governance_body""]",general,1.0,1.0
IFRS_S2_6_C04,IFRS S2,6,6,Governance,Governance,Governance,"To achieve this objective, an entity shall disclose information about — (a) the governance body(s) (which can include a board, committee or equivalent body charged with governance) or individual(s) responsible for oversight of climate-related risks and opportunities. Specifically, the entity shall identify that body(s) or individual(s) and disclose information about: — (iii) how and how often the body(s) or individual(s) is informed about climate-related risks and opportunities","To achieve this objective, an entity shall disclose information about: (a) the governance body(s) (which can include a board, committee or equivalent body charged with governance) or individual(s) responsible for oversight of climate-related risks and opportunities. Specifically, the entity shall identify that body(s) or individual(s) and disclose information about: (i) how responsibilities for climate-related risks and opportunities are reflected in the terms of reference, mandates, role descriptions and other related policies applicable to that body(s) or individual(s); (ii) how the body(s) or individual(s) determines whether appropriate skills and competencies are available or will be developed to oversee strategies designed to respond to climate-related risks and opportunities; (iii) how and how often the body(s) or individual(s) is informed about climate-related risks and opportunities; (iv) how the body(s) or individual(s) takes into account climate-related risks and opportunities when overseeing the entity’s strategy, its decisions on major transactions and its risk management processes and related policies, including whether the body(s) or individual(s) has considered trade-offs associated with those risks and opportunities; and (v) how the body(s) or individual(s) oversees the setting of targets related to climate-related risks and opportunities, and monitors progress towards those targets (see paragraphs 33–36), including whether and how related performance metrics are included in remuneration policies (see paragraph 29(g)). (b) management’s role in the governance processes, controls and procedures used to monitor, manage and oversee climate-related risks and opportunities, including information about: (i) whether the role is delegated to a specific management-level position or management-level committee and how oversight is exercised over that position or committee; and (ii) whether management uses controls and procedures to support the oversight of climate-related risks and opportunities and, if so, how these controls and procedures are integrated with other internal functions.",(a)>(iii),mandatory,True,"[""governance_body""]",general,1.0,1.0
IFRS_S2_6_C05,IFRS S2,6,6,Governance,Governance,Governance,"To achieve this objective, an entity shall disclose information about — (a) the governance body(s) (which can include a board, committee or equivalent body charged with governance) or individual(s) responsible for oversight of climate-related risks and opportunities. Specifically, the entity shall identify that body(s) or individual(s) and disclose information about: — (iv) how the body(s) or individual(s) takes into account climate-related risks and opportunities when overseeing the entity’s strategy, its decisions on major transactions and its risk management processes and related policies, including whether the body(s) or individual(s) has considered trade-offs associated with those risks and opportunities","To achieve this objective, an entity shall disclose information about: (a) the governance body(s) (which can include a board, committee or equivalent body charged with governance) or individual(s) responsible for oversight of climate-related risks and opportunities. Specifically, the entity shall identify that body(s) or individual(s) and disclose information about: (i) how responsibilities for climate-related risks and opportunities are reflected in the terms of reference, mandates, role descriptions and other related policies applicable to that body(s) or individual(s); (ii) how the body(s) or individual(s) determines whether appropriate skills and competencies are available or will be developed to oversee strategies designed to respond to climate-related risks and opportunities; (iii) how and how often the body(s) or individual(s) is informed about climate-related risks and opportunities; (iv) how the body(s) or individual(s) takes into account climate-related risks and opportunities when overseeing the entity’s strategy, its decisions on major transactions and its risk management processes and related policies, including whether the body(s) or individual(s) has considered trade-offs associated with those risks and opportunities; and (v) how the body(s) or individual(s) oversees the setting of targets related to climate-related risks and opportunities, and monitors progress towards those targets (see paragraphs 33–36), including whether and how related performance metrics are included in remuneration policies (see paragraph 29(g)). (b) management’s role in the governance processes, controls and procedures used to monitor, manage and oversee climate-related risks and opportunities, including information about: (i) whether the role is delegated to a specific management-level position or management-level committee and how oversight is exercised over that position or committee; and (ii) whether management uses controls and procedures to support the oversight of climate-related risks and opportunities and, if so, how these controls and procedures are integrated with other internal functions.",(a)>(iv),mandatory,True,"[""governance_body"", ""risk_process""]",general,1.0,1.0
IFRS_S2_6_C06,IFRS S2,6,6,Governance,Governance,Governance,"To achieve this objective, an entity shall disclose information about — (a) the governance body(s) (which can include a board, committee or equivalent body charged with governance) or individual(s) responsible for oversight of climate-related risks and opportunities. Specifically, the entity shall identify that body(s) or individual(s) and disclose information about: — (v) how the body(s) or individual(s) oversees the setting of targets related to climate-related risks and opportunities, and monitors progress towards those targets (see paragraphs 33–36), including whether and how related performance metrics are included in remuneration policies (see paragraph 29(g)).","To achieve this objective, an entity shall disclose information about: (a) the governance body(s) (which can include a board, committee or equivalent body charged with governance) or individual(s) responsible for oversight of climate-related risks and opportunities. Specifically, the entity shall identify that body(s) or individual(s) and disclose information about: (i) how responsibilities for climate-related risks and opportunities are reflected in the terms of reference, mandates, role descriptions and other related policies applicable to that body(s) or individual(s); (ii) how the body(s) or individual(s) determines whether appropriate skills and competencies are available or will be developed to oversee strategies designed to respond to climate-related risks and opportunities; (iii) how and how often the body(s) or individual(s) is informed about climate-related risks and opportunities; (iv) how the body(s) or individual(s) takes into account climate-related risks and opportunities when overseeing the entity’s strategy, its decisions on major transactions and its risk management processes and related policies, including whether the body(s) or individual(s) has considered trade-offs associated with those risks and opportunities; and (v) how the body(s) or individual(s) oversees the setting of targets related to climate-related risks and opportunities, and monitors progress towards those targets (see paragraphs 33–36), including whether and how related performance metrics are included in remuneration policies (see paragraph 29(g)). (b) management’s role in the governance processes, controls and procedures used to monitor, manage and oversee climate-related risks and opportunities, including information about: (i) whether the role is delegated to a specific management-level position or management-level committee and how oversight is exercised over that position or committee; and (ii) whether management uses controls and procedures to support the oversight of climate-related risks and opportunities and, if so, how these controls and procedures are integrated with other internal functions.",(a)>(v),mandatory,True,"[""governance_body"", ""metrics"", ""targets"", ""remuneration""]",general,1.0,1.0
IFRS_S2_6_C08,IFRS S2,6,6,Governance,Governance,Governance,"To achieve this objective, an entity shall disclose information about — (b) management’s role in the governance processes, controls and procedures used to monitor, manage and oversee climate-related risks and opportunities, including information about: — (i) whether the role is delegated to a specific management-level position or management-level committee and how oversight is exercised over that position or committee","To achieve this objective, an entity shall disclose information about: (a) the governance body(s) (which can include a board, committee or equivalent body charged with governance) or individual(s) responsible for oversight of climate-related risks and opportunities. Specifically, the entity shall identify that body(s) or individual(s) and disclose information about: (i) how responsibilities for climate-related risks and opportunities are reflected in the terms of reference, mandates, role descriptions and other related policies applicable to that body(s) or individual(s); (ii) how the body(s) or individual(s) determines whether appropriate skills and competencies are available or will be developed to oversee strategies designed to respond to climate-related risks and opportunities; (iii) how and how often the body(s) or individual(s) is informed about climate-related risks and opportunities; (iv) how the body(s) or individual(s) takes into account climate-related risks and opportunities when overseeing the entity’s strategy, its decisions on major transactions and its risk management processes and related policies, including whether the body(s) or individual(s) has considered trade-offs associated with those risks and opportunities; and (v) how the body(s) or individual(s) oversees the setting of targets related to climate-related risks and opportunities, and monitors progress towards those targets (see paragraphs 33–36), including whether and how related performance metrics are included in remuneration policies (see paragraph 29(g)). (b) management’s role in the governance processes, controls and procedures used to monitor, manage and oversee climate-related risks and opportunities, including information about: (i) whether the role is delegated to a specific management-level position or management-level committee and how oversight is exercised over that position or committee; and (ii) whether management uses controls and procedures to support the oversight of climate-related risks and opportunities and, if so, how these controls and procedures are integrated with other internal functions.",(b)>(i),mandatory,True,"[""governance_body"", ""management_role""]",general,1.0,1.0
IFRS_S2_6_C09,IFRS S2,6,6,Governance,Governance,Governance,"To achieve this objective, an entity shall disclose information about — (b) management’s role in the governance processes, controls and procedures used to monitor, manage and oversee climate-related risks and opportunities, including information about: — (ii) whether management uses controls and procedures to support the oversight of climate-related risks and opportunities and, if so, how these controls and procedures are integrated with other internal functions.","To achieve this objective, an entity shall disclose information about: (a) the governance body(s) (which can include a board, committee or equivalent body charged with governance) or individual(s) responsible for oversight of climate-related risks and opportunities. Specifically, the entity shall identify that body(s) or individual(s) and disclose information about: (i) how responsibilities for climate-related risks and opportunities are reflected in the terms of reference, mandates, role descriptions and other related policies applicable to that body(s) or individual(s); (ii) how the body(s) or individual(s) determines whether appropriate skills and competencies are available or will be developed to oversee strategies designed to respond to climate-related risks and opportunities; (iii) how and how often the body(s) or individual(s) is informed about climate-related risks and opportunities; (iv) how the body(s) or individual(s) takes into account climate-related risks and opportunities when overseeing the entity’s strategy, its decisions on major transactions and its risk management processes and related policies, including whether the body(s) or individual(s) has considered trade-offs associated with those risks and opportunities; and (v) how the body(s) or individual(s) oversees the setting of targets related to climate-related risks and opportunities, and monitors progress towards those targets (see paragraphs 33–36), including whether and how related performance metrics are included in remuneration policies (see paragraph 29(g)). (b) management’s role in the governance processes, controls and procedures used to monitor, manage and oversee climate-related risks and opportunities, including information about: (i) whether the role is delegated to a specific management-level position or management-level committee and how oversight is exercised over that position or committee; and (ii) whether management uses controls and procedures to support the oversight of climate-related risks and opportunities and, if so, how these controls and procedures are integrated with other internal functions.",(b)>(ii),mandatory,True,"[""management_role""]",general,1.0,1.0
IFRS_S2_7_C01,IFRS S2,7,7,Governance,Governance,Governance,"In preparing disclosures to fulfil the requirements in paragraph 6, an entity shall avoid unnecessary duplication in accordance with IFRS S1 General Requirements for Disclosure of Sustainability-related Financial Information (IFRS S1) (see paragraph B42(b) of IFRS S1). For example, although an entity shall provide the information required by paragraph 6, if oversight of sustainability-related risks and opportunities is managed on an integrated basis, the entity would avoid duplication by providing integrated governance disclosures instead of separate disclosures for each sustainability-related risk and opportunity.","In preparing disclosures to fulfil the requirements in paragraph 6, an entity shall avoid unnecessary duplication in accordance with IFRS S1 General Requirements for Disclosure of Sustainability-related Financial Information (IFRS S1) (see paragraph B42(b) of IFRS S1). For example, although an entity shall provide the information required by paragraph 6, if oversight of sustainability-related risks and opportunities is managed on an integrated basis, the entity would avoid duplication by providing integrated governance disclosures instead of separate disclosures for each sustainability-related risk and opportunity.",,mandatory,True,[],general,1.0,1.0
IFRS_S2_9_C01,IFRS S2,9,8,Strategy,Strategy,Strategy,"Specifically, an entity shall disclose information to enable users of general purpose financial reports to understand — (a) the climate-related risks and opportunities that could reasonably be expected to affect the entity’s prospects (see paragraphs 10–12)","Specifically, an entity shall disclose information to enable users of general purpose financial reports to understand: (a) the climate-related risks and opportunities that could reasonably be expected to affect the entity’s prospects (see paragraphs 10–12); (b) the current and anticipated effects of those climate-related risks and opportunities on the entity’s business model and value chain (see paragraph 13); (c) the effects of those climate-related risks and opportunities on the entity’s strategy and decision-making, including information about its climate-related transition plan (see paragraph 14); (d) the effects of those climate-related risks and opportunities on the entity’s financial position, financial performance and cash flows for the reporting period, and their anticipated effects on the entity’s financial position, financial performance and cash flows over the short, medium and long term, taking into consideration how those climate-related risks and opportunities have been factored into the entity’s financial planning (see paragraphs 15–21); and (e) the climate resilience of the entity’s strategy and its business model to climate-related changes, developments and uncertainties, taking into consideration the entity’s identified climate-related risks and opportunities (see paragraph 22).",(a),mandatory,True,[],medium,1.0,1.0
IFRS_S2_9_C02,IFRS S2,9,8,Strategy,Strategy,Strategy,"Specifically, an entity shall disclose information to enable users of general purpose financial reports to understand — (b) the current and anticipated effects of those climate-related risks and opportunities on the entity’s business model and value chain (see paragraph 13)","Specifically, an entity shall disclose information to enable users of general purpose financial reports to understand: (a) the climate-related risks and opportunities that could reasonably be expected to affect the entity’s prospects (see paragraphs 10–12); (b) the current and anticipated effects of those climate-related risks and opportunities on the entity’s business model and value chain (see paragraph 13); (c) the effects of those climate-related risks and opportunities on the entity’s strategy and decision-making, including information about its climate-related transition plan (see paragraph 14); (d) the effects of those climate-related risks and opportunities on the entity’s financial position, financial performance and cash flows for the reporting period, and their anticipated effects on the entity’s financial position, financial performance and cash flows over the short, medium and long term, taking into consideration how those climate-related risks and opportunities have been factored into the entity’s financial planning (see paragraphs 15–21); and (e) the climate resilience of the entity’s strategy and its business model to climate-related changes, developments and uncertainties, taking into consideration the entity’s identified climate-related risks and opportunities (see paragraph 22).",(b),mandatory,True,"[""business_model_value_chain""]",medium,1.0,1.0
IFRS_S2_9_C03,IFRS S2,9,8,Strategy,Strategy,Strategy,"Specifically, an entity shall disclose information to enable users of general purpose financial reports to understand — (c) the effects of those climate-related risks and opportunities on the entity’s strategy and decision-making, including information about its climate-related transition plan (see paragraph 14)","Specifically, an entity shall disclose information to enable users of general purpose financial reports to understand: (a) the climate-related risks and opportunities that could reasonably be expected to affect the entity’s prospects (see paragraphs 10–12); (b) the current and anticipated effects of those climate-related risks and opportunities on the entity’s business model and value chain (see paragraph 13); (c) the effects of those climate-related risks and opportunities on the entity’s strategy and decision-making, including information about its climate-related transition plan (see paragraph 14); (d) the effects of those climate-related risks and opportunities on the entity’s financial position, financial performance and cash flows for the reporting period, and their anticipated effects on the entity’s financial position, financial performance and cash flows over the short, medium and long term, taking into consideration how those climate-related risks and opportunities have been factored into the entity’s financial planning (see paragraphs 15–21); and (e) the climate resilience of the entity’s strategy and its business model to climate-related changes, developments and uncertainties, taking into consideration the entity’s identified climate-related risks and opportunities (see paragraph 22).",(c),mandatory,True,"[""strategy_decision_making""]",medium,1.0,1.0
IFRS_S2_9_C04,IFRS S2,9,8,Strategy,Strategy,Strategy,"Specifically, an entity shall disclose information to enable users of general purpose financial reports to understand — (d) the effects of those climate-related risks and opportunities on the entity’s financial position, financial performance and cash flows for the reporting period, and their anticipated effects on the entity’s financial position, financial performance and cash flows over the short, medium and long term, taking into consideration how those climate-related risks and opportunities have been factored into the entity’s financial planning (see paragraphs 15–21)","Specifically, an entity shall disclose information to enable users of general purpose financial reports to understand: (a) the climate-related risks and opportunities that could reasonably be expected to affect the entity’s prospects (see paragraphs 10–12); (b) the current and anticipated effects of those climate-related risks and opportunities on the entity’s business model and value chain (see paragraph 13); (c) the effects of those climate-related risks and opportunities on the entity’s strategy and decision-making, including information about its climate-related transition plan (see paragraph 14); (d) the effects of those climate-related risks and opportunities on the entity’s financial position, financial performance and cash flows for the reporting period, and their anticipated effects on the entity’s financial position, financial performance and cash flows over the short, medium and long term, taking into consideration how those climate-related risks and opportunities have been factored into the entity’s financial planning (see paragraphs 15–21); and (e) the climate resilience of the entity’s strategy and its business model to climate-related changes, developments and uncertainties, taking into consideration the entity’s identified climate-related risks and opportunities (see paragraph 22).",(d),mandatory,True,"[""financial_effects""]",medium,1.0,1.0
IFRS_S2_9_C05,IFRS S2,9,8,Strategy,Strategy,Strategy,"Specifically, an entity shall disclose information to enable users of general purpose financial reports to understand — (e) the climate resilience of the entity’s strategy and its business model to climate-related changes, developments and uncertainties, taking into consideration the entity’s identified climate-related risks and opportunities (see paragraph 22).","Specifically, an entity shall disclose information to enable users of general purpose financial reports to understand: (a) the climate-related risks and opportunities that could reasonably be expected to affect the entity’s prospects (see paragraphs 10–12); (b) the current and anticipated effects of those climate-related risks and opportunities on the entity’s business model and value chain (see paragraph 13); (c) the effects of those climate-related risks and opportunities on the entity’s strategy and decision-making, including information about its climate-related transition plan (see paragraph 14); (d) the effects of those climate-related risks and opportunities on the entity’s financial position, financial performance and cash flows for the reporting period, and their anticipated effects on the entity’s financial position, financial performance and cash flows over the short, medium and long term, taking into consideration how those climate-related risks and opportunities have been factored into the entity’s financial planning (see paragraphs 15–21); and (e) the climate resilience of the entity’s strategy and its business model to climate-related changes, developments and uncertainties, taking into consideration the entity’s identified climate-related risks and opportunities (see paragraph 22).",(e),mandatory,True,"[""business_model_value_chain"", ""scenario_analysis""]",medium,1.0,1.0
IFRS_S2_10_C01,IFRS S2,10,8,Strategy,Strategy,Climate-related risks and opportunities,"An entity shall disclose information that enables users of general purpose financial reports to understand the climate-related risks and opportunities that could reasonably be expected to affect the entity’s prospects. Specifically, the entity shall — (a) describe climate-related risks and opportunities that could reasonably be expected to affect the entity’s prospects","An entity shall disclose information that enables users of general purpose financial reports to understand the climate-related risks and opportunities that could reasonably be expected to affect the entity’s prospects. Specifically, the entity shall: (a) describe climate-related risks and opportunities that could reasonably be expected to affect the entity’s prospects; (b) explain, for each climate-related risk the entity has identified, whether the entity considers the risk to be a climate-related physical risk or climate-related transition risk; (c) specify, for each climate-related risk and opportunity the entity has identified, over which time horizons—short, medium or long term— the effects of each climate-related risk and opportunity could reasonably be expected to occur; and (d) explain how the entity defines ‘short term’, ‘medium term’ and ‘long term’ and how these definitions are linked to the planning horizons used by the entity for strategic decision-making.",(a),mandatory,True,[],medium,1.0,1.0
IFRS_S2_10_C02,IFRS S2,10,8,Strategy,Strategy,Climate-related risks and opportunities,"An entity shall disclose information that enables users of general purpose financial reports to understand the climate-related risks and opportunities that could reasonably be expected to affect the entity’s prospects. Specifically, the entity shall — (b) explain, for each climate-related risk the entity has identified, whether the entity considers the risk to be a climate-related physical risk or climate-related transition risk","An entity shall disclose information that enables users of general purpose financial reports to understand the climate-related risks and opportunities that could reasonably be expected to affect the entity’s prospects. Specifically, the entity shall: (a) describe climate-related risks and opportunities that could reasonably be expected to affect the entity’s prospects; (b) explain, for each climate-related risk the entity has identified, whether the entity considers the risk to be a climate-related physical risk or climate-related transition risk; (c) specify, for each climate-related risk and opportunity the entity has identified, over which time horizons—short, medium or long term— the effects of each climate-related risk and opportunity could reasonably be expected to occur; and (d) explain how the entity defines ‘short term’, ‘medium term’ and ‘long term’ and how these definitions are linked to the planning horizons used by the entity for strategic decision-making.",(b),mandatory,True,[],medium,1.0,1.0
IFRS_S2_10_C03,IFRS S2,10,8,Strategy,Strategy,Climate-related risks and opportunities,"An entity shall disclose information that enables users of general purpose financial reports to understand the climate-related risks and opportunities that could reasonably be expected to affect the entity’s prospects. Specifically, the entity shall — (c) specify, for each climate-related risk and opportunity the entity has identified, over which time horizons—short, medium or long term— the effects of each climate-related risk and opportunity could reasonably be expected to occur","An entity shall disclose information that enables users of general purpose financial reports to understand the climate-related risks and opportunities that could reasonably be expected to affect the entity’s prospects. Specifically, the entity shall: (a) describe climate-related risks and opportunities that could reasonably be expected to affect the entity’s prospects; (b) explain, for each climate-related risk the entity has identified, whether the entity considers the risk to be a climate-related physical risk or climate-related transition risk; (c) specify, for each climate-related risk and opportunity the entity has identified, over which time horizons—short, medium or long term— the effects of each climate-related risk and opportunity could reasonably be expected to occur; and (d) explain how the entity defines ‘short term’, ‘medium term’ and ‘long term’ and how these definitions are linked to the planning horizons used by the entity for strategic decision-making.",(c),mandatory,True,[],medium,1.0,1.0
IFRS_S2_10_C04,IFRS S2,10,8,Strategy,Strategy,Climate-related risks and opportunities,"An entity shall disclose information that enables users of general purpose financial reports to understand the climate-related risks and opportunities that could reasonably be expected to affect the entity’s prospects. Specifically, the entity shall — (d) explain how the entity defines ‘short term’, ‘medium term’ and ‘long term’ and how these definitions are linked to the planning horizons used by the entity for strategic decision-making.","An entity shall disclose information that enables users of general purpose financial reports to understand the climate-related risks and opportunities that could reasonably be expected to affect the entity’s prospects. Specifically, the entity shall: (a) describe climate-related risks and opportunities that could reasonably be expected to affect the entity’s prospects; (b) explain, for each climate-related risk the entity has identified, whether the entity considers the risk to be a climate-related physical risk or climate-related transition risk; (c) specify, for each climate-related risk and opportunity the entity has identified, over which time horizons—short, medium or long term— the effects of each climate-related risk and opportunity could reasonably be expected to occur; and (d) explain how the entity defines ‘short term’, ‘medium term’ and ‘long term’ and how these definitions are linked to the planning horizons used by the entity for strategic decision-making.",(d),mandatory,True,[],medium,1.0,1.0
IFRS_S2_11_C01,IFRS S2,11,9,Strategy,Strategy,Climate-related risks and opportunities,"In identifying the climate-related risks and opportunities that could reasonably be expected to affect an entity’s prospects, the entity shall use all reasonable and supportable information that is available to the entity at the reporting date without undue cost or effort, including information about past events, current conditions and forecasts of future conditions.","In identifying the climate-related risks and opportunities that could reasonably be expected to affect an entity’s prospects, the entity shall use all reasonable and supportable information that is available to the entity at the reporting date without undue cost or effort, including information about past events, current conditions and forecasts of future conditions.",,mandatory,True,[],medium,1.0,1.0
IFRS_S2_12_C01,IFRS S2,12,9,Strategy,Strategy,Climate-related risks and opportunities,"In identifying the climate-related risks and opportunities that could reasonably be expected to affect an entity’s prospects, the entity shall refer to and consider the applicability of the industry-based disclosure topics defined in the Industry-based Guidance on Implementing IFRS S2.","In identifying the climate-related risks and opportunities that could reasonably be expected to affect an entity’s prospects, the entity shall refer to and consider the applicability of the industry-based disclosure topics defined in the Industry-based Guidance on Implementing IFRS S2.",,mandatory,True,"[""source_guidance""]",medium,1.0,1.0
IFRS_S2_13_C01,IFRS S2,13,9,Strategy,Strategy,Business model and value chain,"An entity shall disclose information that enables users of general purpose financial reports to understand the current and anticipated effects of climate-related risks and opportunities on the entity’s business model and value chain. Specifically, the entity shall disclose — (a) a description of the current and anticipated effects of climate-related risks and opportunities on the entity’s business model and value chain","An entity shall disclose information that enables users of general purpose financial reports to understand the current and anticipated effects of climate-related risks and opportunities on the entity’s business model and value chain. Specifically, the entity shall disclose: (a) a description of the current and anticipated effects of climate-related risks and opportunities on the entity’s business model and value chain; and (b) a description of where in the entity’s business model and value chain climate-related risks and opportunities are concentrated (for example, geographical areas, facilities and types of assets).",(a),mandatory,True,"[""business_model_value_chain""]",medium,1.0,1.0
IFRS_S2_13_C02,IFRS S2,13,9,Strategy,Strategy,Business model and value chain,"An entity shall disclose information that enables users of general purpose financial reports to understand the current and anticipated effects of climate-related risks and opportunities on the entity’s business model and value chain. Specifically, the entity shall disclose — (b) a description of where in the entity’s business model and value chain climate-related risks and opportunities are concentrated (for example, geographical areas, facilities and types of assets).","An entity shall disclose information that enables users of general purpose financial reports to understand the current and anticipated effects of climate-related risks and opportunities on the entity’s business model and value chain. Specifically, the entity shall disclose: (a) a description of the current and anticipated effects of climate-related risks and opportunities on the entity’s business model and value chain; and (b) a description of where in the entity’s business model and value chain climate-related risks and opportunities are concentrated (for example, geographical areas, facilities and types of assets).",(b),mandatory,True,"[""business_model_value_chain""]",medium,1.0,1.0
IFRS_S2_14_C02,IFRS S2,14,9,Strategy,Strategy,Strategy and decision-making,"An entity shall disclose information that enables users of general purpose financial reports to understand the effects of climate-related risks and opportunities on its strategy and decision-making. Specifically, the entity shall disclose — (a) information about how the entity has responded to, and plans to respond to, climate-related risks and opportunities in its strategy and decision-making, including how the entity plans to achieve any climate-related targets it has set and any targets it is required to meet by law or regulation. Specifically, the entity shall disclose information about: — (i) current and anticipated changes to the entity’s business model, including its resource allocation, to address climate-related risks and opportunities (for example, these changes could include plans to manage or decommission carbon-, energy-or water-intensive operations; resource allocations resulting from demand or supply-chain changes; resource allocations arising from business development through capital expenditure or additional expenditure on research and development; and acquisitions or divestments)","An entity shall disclose information that enables users of general purpose financial reports to understand the effects of climate-related risks and opportunities on its strategy and decision-making. Specifically, the entity shall disclose: (a) information about how the entity has responded to, and plans to respond to, climate-related risks and opportunities in its strategy and decision-making, including how the entity plans to achieve any climate-related targets it has set and any targets it is required to meet by law or regulation. Specifically, the entity shall disclose information about: (i) current and anticipated changes to the entity’s business model, including its resource allocation, to address climate-related risks and opportunities (for example, these changes could include plans to manage or decommission carbon-, energy-or water-intensive operations; resource allocations resulting from demand or supply-chain changes; resource allocations arising from business development through capital expenditure or additional expenditure on research and development; and acquisitions or divestments); (ii) current and anticipated direct mitigation and adaptation efforts (for example, through changes in production processes or equipment, relocation of facilities, workforce adjustments, and changes in product specifications); (iii) current and anticipated indirect mitigation and adaptation efforts (for example, through working with customers and supply chains); (iv) any climate-related transition plan the entity has, including information about key assumptions used in developing its transition plan, and dependencies on which the entity’s transition plan relies; and (v) how the entity plans to achieve any climate-related targets, including any greenhouse gas emissions targets, described in accordance with paragraphs 33–36. (b) information about how the entity is resourcing, and plans to resource, the activities disclosed in accordance with paragraph 14(a). (c) quantitative and qualitative information about the progress of plans disclosed in previous reporting periods in accordance with paragraph 14(a).",(a)>(i),mandatory,True,"[""strategy_decision_making"", ""business_model_value_chain"", ""targets""]",medium,1.0,1.0
IFRS_S2_14_C03,IFRS S2,14,9,Strategy,Strategy,Strategy and decision-making,"An entity shall disclose information that enables users of general purpose financial reports to understand the effects of climate-related risks and opportunities on its strategy and decision-making. Specifically, the entity shall disclose — (a) information about how the entity has responded to, and plans to respond to, climate-related risks and opportunities in its strategy and decision-making, including how the entity plans to achieve any climate-related targets it has set and any targets it is required to meet by law or regulation. Specifically, the entity shall disclose information about: — (ii) current and anticipated direct mitigation and adaptation efforts (for example, through changes in production processes or equipment, relocation of facilities, workforce adjustments, and changes in product specifications)","An entity shall disclose information that enables users of general purpose financial reports to understand the effects of climate-related risks and opportunities on its strategy and decision-making. Specifically, the entity shall disclose: (a) information about how the entity has responded to, and plans to respond to, climate-related risks and opportunities in its strategy and decision-making, including how the entity plans to achieve any climate-related targets it has set and any targets it is required to meet by law or regulation. Specifically, the entity shall disclose information about: (i) current and anticipated changes to the entity’s business model, including its resource allocation, to address climate-related risks and opportunities (for example, these changes could include plans to manage or decommission carbon-, energy-or water-intensive operations; resource allocations resulting from demand or supply-chain changes; resource allocations arising from business development through capital expenditure or additional expenditure on research and development; and acquisitions or divestments); (ii) current and anticipated direct mitigation and adaptation efforts (for example, through changes in production processes or equipment, relocation of facilities, workforce adjustments, and changes in product specifications); (iii) current and anticipated indirect mitigation and adaptation efforts (for example, through working with customers and supply chains); (iv) any climate-related transition plan the entity has, including information about key assumptions used in developing its transition plan, and dependencies on which the entity’s transition plan relies; and (v) how the entity plans to achieve any climate-related targets, including any greenhouse gas emissions targets, described in accordance with paragraphs 33–36. (b) information about how the entity is resourcing, and plans to resource, the activities disclosed in accordance with paragraph 14(a). (c) quantitative and qualitative information about the progress of plans disclosed in previous reporting periods in accordance with paragraph 14(a).",(a)>(ii),mandatory,True,"[""strategy_decision_making"", ""targets""]",medium,1.0,1.0
IFRS_S2_14_C04,IFRS S2,14,9,Strategy,Strategy,Strategy and decision-making,"An entity shall disclose information that enables users of general purpose financial reports to understand the effects of climate-related risks and opportunities on its strategy and decision-making. Specifically, the entity shall disclose — (a) information about how the entity has responded to, and plans to respond to, climate-related risks and opportunities in its strategy and decision-making, including how the entity plans to achieve any climate-related targets it has set and any targets it is required to meet by law or regulation. Specifically, the entity shall disclose information about: — (iii) current and anticipated indirect mitigation and adaptation efforts (for example, through working with customers and supply chains)","An entity shall disclose information that enables users of general purpose financial reports to understand the effects of climate-related risks and opportunities on its strategy and decision-making. Specifically, the entity shall disclose: (a) information about how the entity has responded to, and plans to respond to, climate-related risks and opportunities in its strategy and decision-making, including how the entity plans to achieve any climate-related targets it has set and any targets it is required to meet by law or regulation. Specifically, the entity shall disclose information about: (i) current and anticipated changes to the entity’s business model, including its resource allocation, to address climate-related risks and opportunities (for example, these changes could include plans to manage or decommission carbon-, energy-or water-intensive operations; resource allocations resulting from demand or supply-chain changes; resource allocations arising from business development through capital expenditure or additional expenditure on research and development; and acquisitions or divestments); (ii) current and anticipated direct mitigation and adaptation efforts (for example, through changes in production processes or equipment, relocation of facilities, workforce adjustments, and changes in product specifications); (iii) current and anticipated indirect mitigation and adaptation efforts (for example, through working with customers and supply chains); (iv) any climate-related transition plan the entity has, including information about key assumptions used in developing its transition plan, and dependencies on which the entity’s transition plan relies; and (v) how the entity plans to achieve any climate-related targets, including any greenhouse gas emissions targets, described in accordance with paragraphs 33–36. (b) information about how the entity is resourcing, and plans to resource, the activities disclosed in accordance with paragraph 14(a). (c) quantitative and qualitative information about the progress of plans disclosed in previous reporting periods in accordance with paragraph 14(a).",(a)>(iii),mandatory,True,"[""strategy_decision_making"", ""targets""]",medium,1.0,1.0
IFRS_S2_14_C05,IFRS S2,14,9,Strategy,Strategy,Strategy and decision-making,"An entity shall disclose information that enables users of general purpose financial reports to understand the effects of climate-related risks and opportunities on its strategy and decision-making. Specifically, the entity shall disclose — (a) information about how the entity has responded to, and plans to respond to, climate-related risks and opportunities in its strategy and decision-making, including how the entity plans to achieve any climate-related targets it has set and any targets it is required to meet by law or regulation. Specifically, the entity shall disclose information about: — (iv) any climate-related transition plan the entity has, including information about key assumptions used in developing its transition plan, and dependencies on which the entity’s transition plan relies","An entity shall disclose information that enables users of general purpose financial reports to understand the effects of climate-related risks and opportunities on its strategy and decision-making. Specifically, the entity shall disclose: (a) information about how the entity has responded to, and plans to respond to, climate-related risks and opportunities in its strategy and decision-making, including how the entity plans to achieve any climate-related targets it has set and any targets it is required to meet by law or regulation. Specifically, the entity shall disclose information about: (i) current and anticipated changes to the entity’s business model, including its resource allocation, to address climate-related risks and opportunities (for example, these changes could include plans to manage or decommission carbon-, energy-or water-intensive operations; resource allocations resulting from demand or supply-chain changes; resource allocations arising from business development through capital expenditure or additional expenditure on research and development; and acquisitions or divestments); (ii) current and anticipated direct mitigation and adaptation efforts (for example, through changes in production processes or equipment, relocation of facilities, workforce adjustments, and changes in product specifications); (iii) current and anticipated indirect mitigation and adaptation efforts (for example, through working with customers and supply chains); (iv) any climate-related transition plan the entity has, including information about key assumptions used in developing its transition plan, and dependencies on which the entity’s transition plan relies; and (v) how the entity plans to achieve any climate-related targets, including any greenhouse gas emissions targets, described in accordance with paragraphs 33–36. (b) information about how the entity is resourcing, and plans to resource, the activities disclosed in accordance with paragraph 14(a). (c) quantitative and qualitative information about the progress of plans disclosed in previous reporting periods in accordance with paragraph 14(a).",(a)>(iv),mandatory,True,"[""strategy_decision_making"", ""targets""]",medium,1.0,1.0
IFRS_S2_14_C06,IFRS S2,14,9,Strategy,Strategy,Strategy and decision-making,"An entity shall disclose information that enables users of general purpose financial reports to understand the effects of climate-related risks and opportunities on its strategy and decision-making. Specifically, the entity shall disclose — (a) information about how the entity has responded to, and plans to respond to, climate-related risks and opportunities in its strategy and decision-making, including how the entity plans to achieve any climate-related targets it has set and any targets it is required to meet by law or regulation. Specifically, the entity shall disclose information about: — (v) how the entity plans to achieve any climate-related targets, including any greenhouse gas emissions targets, described in accordance with paragraphs 33–36.","An entity shall disclose information that enables users of general purpose financial reports to understand the effects of climate-related risks and opportunities on its strategy and decision-making. Specifically, the entity shall disclose: (a) information about how the entity has responded to, and plans to respond to, climate-related risks and opportunities in its strategy and decision-making, including how the entity plans to achieve any climate-related targets it has set and any targets it is required to meet by law or regulation. Specifically, the entity shall disclose information about: (i) current and anticipated changes to the entity’s business model, including its resource allocation, to address climate-related risks and opportunities (for example, these changes could include plans to manage or decommission carbon-, energy-or water-intensive operations; resource allocations resulting from demand or supply-chain changes; resource allocations arising from business development through capital expenditure or additional expenditure on research and development; and acquisitions or divestments); (ii) current and anticipated direct mitigation and adaptation efforts (for example, through changes in production processes or equipment, relocation of facilities, workforce adjustments, and changes in product specifications); (iii) current and anticipated indirect mitigation and adaptation efforts (for example, through working with customers and supply chains); (iv) any climate-related transition plan the entity has, including information about key assumptions used in developing its transition plan, and dependencies on which the entity’s transition plan relies; and (v) how the entity plans to achieve any climate-related targets, including any greenhouse gas emissions targets, described in accordance with paragraphs 33–36. (b) information about how the entity is resourcing, and plans to resource, the activities disclosed in accordance with paragraph 14(a). (c) quantitative and qualitative information about the progress of plans disclosed in previous reporting periods in accordance with paragraph 14(a).",(a)>(v),mandatory,True,"[""strategy_decision_making"", ""targets"", ""ghg_emissions""]",medium,1.0,1.0
IFRS_S2_14_C07,IFRS S2,14,9,Strategy,Strategy,Strategy and decision-making,"An entity shall disclose information that enables users of general purpose financial reports to understand the effects of climate-related risks and opportunities on its strategy and decision-making. Specifically, the entity shall disclose — (b) information about how the entity is resourcing, and plans to resource, the activities disclosed in accordance with paragraph 14(a).","An entity shall disclose information that enables users of general purpose financial reports to understand the effects of climate-related risks and opportunities on its strategy and decision-making. Specifically, the entity shall disclose: (a) information about how the entity has responded to, and plans to respond to, climate-related risks and opportunities in its strategy and decision-making, including how the entity plans to achieve any climate-related targets it has set and any targets it is required to meet by law or regulation. Specifically, the entity shall disclose information about: (i) current and anticipated changes to the entity’s business model, including its resource allocation, to address climate-related risks and opportunities (for example, these changes could include plans to manage or decommission carbon-, energy-or water-intensive operations; resource allocations resulting from demand or supply-chain changes; resource allocations arising from business development through capital expenditure or additional expenditure on research and development; and acquisitions or divestments); (ii) current and anticipated direct mitigation and adaptation efforts (for example, through changes in production processes or equipment, relocation of facilities, workforce adjustments, and changes in product specifications); (iii) current and anticipated indirect mitigation and adaptation efforts (for example, through working with customers and supply chains); (iv) any climate-related transition plan the entity has, including information about key assumptions used in developing its transition plan, and dependencies on which the entity’s transition plan relies; and (v) how the entity plans to achieve any climate-related targets, including any greenhouse gas emissions targets, described in accordance with paragraphs 33–36. (b) information about how the entity is resourcing, and plans to resource, the activities disclosed in accordance with paragraph 14(a). (c) quantitative and qualitative information about the progress of plans disclosed in previous reporting periods in accordance with paragraph 14(a).",(b),mandatory,True,"[""strategy_decision_making""]",medium,1.0,1.0
IFRS_S2_14_C08,IFRS S2,14,9,Strategy,Strategy,Strategy and decision-making,"An entity shall disclose information that enables users of general purpose financial reports to understand the effects of climate-related risks and opportunities on its strategy and decision-making. Specifically, the entity shall disclose — (c) quantitative and qualitative information about the progress of plans disclosed in previous reporting periods in accordance with paragraph 14(a).","An entity shall disclose information that enables users of general purpose financial reports to understand the effects of climate-related risks and opportunities on its strategy and decision-making. Specifically, the entity shall disclose: (a) information about how the entity has responded to, and plans to respond to, climate-related risks and opportunities in its strategy and decision-making, including how the entity plans to achieve any climate-related targets it has set and any targets it is required to meet by law or regulation. Specifically, the entity shall disclose information about: (i) current and anticipated changes to the entity’s business model, including its resource allocation, to address climate-related risks and opportunities (for example, these changes could include plans to manage or decommission carbon-, energy-or water-intensive operations; resource allocations resulting from demand or supply-chain changes; resource allocations arising from business development through capital expenditure or additional expenditure on research and development; and acquisitions or divestments); (ii) current and anticipated direct mitigation and adaptation efforts (for example, through changes in production processes or equipment, relocation of facilities, workforce adjustments, and changes in product specifications); (iii) current and anticipated indirect mitigation and adaptation efforts (for example, through working with customers and supply chains); (iv) any climate-related transition plan the entity has, including information about key assumptions used in developing its transition plan, and dependencies on which the entity’s transition plan relies; and (v) how the entity plans to achieve any climate-related targets, including any greenhouse gas emissions targets, described in accordance with paragraphs 33–36. (b) information about how the entity is resourcing, and plans to resource, the activities disclosed in accordance with paragraph 14(a). (c) quantitative and qualitative information about the progress of plans disclosed in previous reporting periods in accordance with paragraph 14(a).",(c),mandatory,True,"[""strategy_decision_making""]",medium,1.0,1.0
IFRS_S2_15_C01,IFRS S2,15,10,Strategy,Strategy,"Financial position, financial performance and cash flows","An entity shall disclose information that enables users of general purpose financial reports to understand — (a) the effects of climate-related risks and opportunities on the entity’s financial position, financial performance and cash flows for the reporting period (current financial effects)","An entity shall disclose information that enables users of general purpose financial reports to understand: (a) the effects of climate-related risks and opportunities on the entity’s financial position, financial performance and cash flows for the reporting period (current financial effects); and (b) the anticipated effects of climate-related risks and opportunities on the entity’s financial position, financial performance and cash flows over the short, medium and long term, taking into consideration how climate-related risks and opportunities are included in the entity’s financial planning (anticipated financial effects).",(a),mandatory,True,"[""financial_effects""]",medium,1.0,1.0
IFRS_S2_15_C02,IFRS S2,15,10,Strategy,Strategy,"Financial position, financial performance and cash flows","An entity shall disclose information that enables users of general purpose financial reports to understand — (b) the anticipated effects of climate-related risks and opportunities on the entity’s financial position, financial performance and cash flows over the short, medium and long term, taking into consideration how climate-related risks and opportunities are included in the entity’s financial planning (anticipated financial effects).","An entity shall disclose information that enables users of general purpose financial reports to understand: (a) the effects of climate-related risks and opportunities on the entity’s financial position, financial performance and cash flows for the reporting period (current financial effects); and (b) the anticipated effects of climate-related risks and opportunities on the entity’s financial position, financial performance and cash flows over the short, medium and long term, taking into consideration how climate-related risks and opportunities are included in the entity’s financial planning (anticipated financial effects).",(b),mandatory,True,"[""financial_effects""]",medium,1.0,1.0
IFRS_S2_16_C01,IFRS S2,16,10,Strategy,Strategy,"Financial position, financial performance and cash flows","Specifically, an entity shall disclose quantitative and qualitative information about — (a) how climate-related risks and opportunities have affected its financial position, financial performance and cash flows for the reporting period","Specifically, an entity shall disclose quantitative and qualitative information about: (a) how climate-related risks and opportunities have affected its financial position, financial performance and cash flows for the reporting period; (b) the climate-related risks and opportunities identified in paragraph 16(a) for which there is a significant risk of a material adjustment within the next annual reporting period to the carrying amounts of assets and liabilities reported in the related financial statements; (c) how the entity expects its financial position to change over the short, medium and long term, given its strategy to manage climate-related risks and opportunities, taking into consideration: (i) its investment and disposal plans (for example, plans for capital expenditure, major acquisitions and divestments, joint ventures, business transformation, innovation, new business areas, and asset retirements), including plans the entity is not contractually committed to; and (ii) its planned sources of funding to implement its strategy; and (d) how the entity expects its financial performance and cash flows to change over the short, medium and long term, given its strategy to manage climate-related risks and opportunities (for example, increased revenue from products and services aligned with a lower-carbon economy; costs arising from physical damage to assets from climate events; and expenses associated with climate adaptation or mitigation).",(a),mandatory,True,"[""financial_effects""]",medium,1.0,1.0
IFRS_S2_16_C02,IFRS S2,16,10,Strategy,Strategy,"Financial position, financial performance and cash flows","Specifically, an entity shall disclose quantitative and qualitative information about — (b) the climate-related risks and opportunities identified in paragraph 16(a) for which there is a significant risk of a material adjustment within the next annual reporting period to the carrying amounts of assets and liabilities reported in the related financial statements","Specifically, an entity shall disclose quantitative and qualitative information about: (a) how climate-related risks and opportunities have affected its financial position, financial performance and cash flows for the reporting period; (b) the climate-related risks and opportunities identified in paragraph 16(a) for which there is a significant risk of a material adjustment within the next annual reporting period to the carrying amounts of assets and liabilities reported in the related financial statements; (c) how the entity expects its financial position to change over the short, medium and long term, given its strategy to manage climate-related risks and opportunities, taking into consideration: (i) its investment and disposal plans (for example, plans for capital expenditure, major acquisitions and divestments, joint ventures, business transformation, innovation, new business areas, and asset retirements), including plans the entity is not contractually committed to; and (ii) its planned sources of funding to implement its strategy; and (d) how the entity expects its financial performance and cash flows to change over the short, medium and long term, given its strategy to manage climate-related risks and opportunities (for example, increased revenue from products and services aligned with a lower-carbon economy; costs arising from physical damage to assets from climate events; and expenses associated with climate adaptation or mitigation).",(b),mandatory,True,"[""financial_effects"", ""materiality"", ""connected_information""]",medium,1.0,1.0
IFRS_S2_16_C04,IFRS S2,16,10,Strategy,Strategy,"Financial position, financial performance and cash flows","Specifically, an entity shall disclose quantitative and qualitative information about — (c) how the entity expects its financial position to change over the short, medium and long term, given its strategy to manage climate-related risks and opportunities, taking into consideration: — (i) its investment and disposal plans (for example, plans for capital expenditure, major acquisitions and divestments, joint ventures, business transformation, innovation, new business areas, and asset retirements), including plans the entity is not contractually committed to","Specifically, an entity shall disclose quantitative and qualitative information about: (a) how climate-related risks and opportunities have affected its financial position, financial performance and cash flows for the reporting period; (b) the climate-related risks and opportunities identified in paragraph 16(a) for which there is a significant risk of a material adjustment within the next annual reporting period to the carrying amounts of assets and liabilities reported in the related financial statements; (c) how the entity expects its financial position to change over the short, medium and long term, given its strategy to manage climate-related risks and opportunities, taking into consideration: (i) its investment and disposal plans (for example, plans for capital expenditure, major acquisitions and divestments, joint ventures, business transformation, innovation, new business areas, and asset retirements), including plans the entity is not contractually committed to; and (ii) its planned sources of funding to implement its strategy; and (d) how the entity expects its financial performance and cash flows to change over the short, medium and long term, given its strategy to manage climate-related risks and opportunities (for example, increased revenue from products and services aligned with a lower-carbon economy; costs arising from physical damage to assets from climate events; and expenses associated with climate adaptation or mitigation).",(c)>(i),mandatory,True,"[""financial_effects""]",medium,1.0,1.0
IFRS_S2_16_C05,IFRS S2,16,10,Strategy,Strategy,"Financial position, financial performance and cash flows","Specifically, an entity shall disclose quantitative and qualitative information about — (c) how the entity expects its financial position to change over the short, medium and long term, given its strategy to manage climate-related risks and opportunities, taking into consideration: — (ii) its planned sources of funding to implement its strategy","Specifically, an entity shall disclose quantitative and qualitative information about: (a) how climate-related risks and opportunities have affected its financial position, financial performance and cash flows for the reporting period; (b) the climate-related risks and opportunities identified in paragraph 16(a) for which there is a significant risk of a material adjustment within the next annual reporting period to the carrying amounts of assets and liabilities reported in the related financial statements; (c) how the entity expects its financial position to change over the short, medium and long term, given its strategy to manage climate-related risks and opportunities, taking into consideration: (i) its investment and disposal plans (for example, plans for capital expenditure, major acquisitions and divestments, joint ventures, business transformation, innovation, new business areas, and asset retirements), including plans the entity is not contractually committed to; and (ii) its planned sources of funding to implement its strategy; and (d) how the entity expects its financial performance and cash flows to change over the short, medium and long term, given its strategy to manage climate-related risks and opportunities (for example, increased revenue from products and services aligned with a lower-carbon economy; costs arising from physical damage to assets from climate events; and expenses associated with climate adaptation or mitigation).",(c)>(ii),mandatory,True,"[""financial_effects""]",medium,1.0,1.0
IFRS_S2_16_C06,IFRS S2,16,10,Strategy,Strategy,"Financial position, financial performance and cash flows","Specifically, an entity shall disclose quantitative and qualitative information about — (d) how the entity expects its financial performance and cash flows to change over the short, medium and long term, given its strategy to manage climate-related risks and opportunities (for example, increased revenue from products and services aligned with a lower-carbon economy; costs arising from physical damage to assets from climate events; and expenses associated with climate adaptation or mitigation).","Specifically, an entity shall disclose quantitative and qualitative information about: (a) how climate-related risks and opportunities have affected its financial position, financial performance and cash flows for the reporting period; (b) the climate-related risks and opportunities identified in paragraph 16(a) for which there is a significant risk of a material adjustment within the next annual reporting period to the carrying amounts of assets and liabilities reported in the related financial statements; (c) how the entity expects its financial position to change over the short, medium and long term, given its strategy to manage climate-related risks and opportunities, taking into consideration: (i) its investment and disposal plans (for example, plans for capital expenditure, major acquisitions and divestments, joint ventures, business transformation, innovation, new business areas, and asset retirements), including plans the entity is not contractually committed to; and (ii) its planned sources of funding to implement its strategy; and (d) how the entity expects its financial performance and cash flows to change over the short, medium and long term, given its strategy to manage climate-related risks and opportunities (for example, increased revenue from products and services aligned with a lower-carbon economy; costs arising from physical damage to assets from climate events; and expenses associated with climate adaptation or mitigation).",(d),mandatory,True,"[""financial_effects""]",medium,1.0,1.0
IFRS_S2_18_C01,IFRS S2,18,11,Strategy,Strategy,"Financial position, financial performance and cash flows","In preparing disclosures about the anticipated financial effects of a climate-related risk or opportunity, an entity shall — (a) use all reasonable and supportable information that is available to the entity at the reporting date without undue cost or effort","In preparing disclosures about the anticipated financial effects of a climate-related risk or opportunity, an entity shall: (a) use all reasonable and supportable information that is available to the entity at the reporting date without undue cost or effort; and (b) use an approach that is commensurate with the skills, capabilities and resources that are available to the entity for preparing those disclosures.",(a),mandatory,True,"[""financial_effects""]",medium,1.0,1.0
IFRS_S2_18_C02,IFRS S2,18,11,Strategy,Strategy,"Financial position, financial performance and cash flows","In preparing disclosures about the anticipated financial effects of a climate-related risk or opportunity, an entity shall — (b) use an approach that is commensurate with the skills, capabilities and resources that are available to the entity for preparing those disclosures.","In preparing disclosures about the anticipated financial effects of a climate-related risk or opportunity, an entity shall: (a) use all reasonable and supportable information that is available to the entity at the reporting date without undue cost or effort; and (b) use an approach that is commensurate with the skills, capabilities and resources that are available to the entity for preparing those disclosures.",(b),mandatory,True,"[""financial_effects""]",medium,1.0,1.0
IFRS_S2_23_C01,IFRS S2,23,13,Strategy,Strategy,Climate resilience,"In preparing disclosures to meet the requirements in paragraphs 13–22, an entity shall refer to and consider the applicability of cross-industry metric categories, as described in paragraph 29, and industry-based metrics associated with disclosure topics defined in the Industry-based Guidance on Implementing IFRS S2 as described in paragraph 32.","In preparing disclosures to meet the requirements in paragraphs 13–22, an entity shall refer to and consider the applicability of cross-industry metric categories, as described in paragraph 29, and industry-based metrics associated with disclosure topics defined in the Industry-based Guidance on Implementing IFRS S2 as described in paragraph 32.",,mandatory,True,"[""scenario_analysis"", ""metrics"", ""source_guidance""]",medium,1.0,1.0
IFRS_S2_25_C02,IFRS S2,25,14,Risk Management,Risk management,Risk management,"To achieve this objective, an entity shall disclose information about — (a) the processes and related policies the entity uses to identify, assess, prioritise and monitor climate-related risks, including information about: — (i) the inputs and parameters the entity uses (for example, information about data sources and the scope of operations covered in the processes)","To achieve this objective, an entity shall disclose information about: (a) the processes and related policies the entity uses to identify, assess, prioritise and monitor climate-related risks, including information about: (i) the inputs and parameters the entity uses (for example, information about data sources and the scope of operations covered in the processes); (ii) whether and how the entity uses climate-related scenario analysis to inform its identification of climate-related risks; (iii) how the entity assesses the nature, likelihood and magnitude of the effects of those risks (for example, whether the entity considers qualitative factors, quantitative thresholds or other criteria); (iv) whether and how the entity prioritises climate-related risks relative to other types of risk; (v) how the entity monitors climate-related risks; and (vi) whether and how the entity has changed the processes it uses compared with the previous reporting period; (b) the processes the entity uses to identify, assess, prioritise and monitor climate-related opportunities, including information about whether and how the entity uses climate-related scenario analysis to inform its identification of climate-related opportunities; and (c) the extent to which, and how, the processes for identifying, assessing, prioritising and monitoring climate-related risks and opportunities are integrated into and inform the entity’s overall risk management process.",(a)>(i),mandatory,True,"[""risk_process""]",medium,1.0,1.0
IFRS_S2_25_C03,IFRS S2,25,14,Risk Management,Risk management,Risk management,"To achieve this objective, an entity shall disclose information about — (a) the processes and related policies the entity uses to identify, assess, prioritise and monitor climate-related risks, including information about: — (ii) whether and how the entity uses climate-related scenario analysis to inform its identification of climate-related risks","To achieve this objective, an entity shall disclose information about: (a) the processes and related policies the entity uses to identify, assess, prioritise and monitor climate-related risks, including information about: (i) the inputs and parameters the entity uses (for example, information about data sources and the scope of operations covered in the processes); (ii) whether and how the entity uses climate-related scenario analysis to inform its identification of climate-related risks; (iii) how the entity assesses the nature, likelihood and magnitude of the effects of those risks (for example, whether the entity considers qualitative factors, quantitative thresholds or other criteria); (iv) whether and how the entity prioritises climate-related risks relative to other types of risk; (v) how the entity monitors climate-related risks; and (vi) whether and how the entity has changed the processes it uses compared with the previous reporting period; (b) the processes the entity uses to identify, assess, prioritise and monitor climate-related opportunities, including information about whether and how the entity uses climate-related scenario analysis to inform its identification of climate-related opportunities; and (c) the extent to which, and how, the processes for identifying, assessing, prioritising and monitoring climate-related risks and opportunities are integrated into and inform the entity’s overall risk management process.",(a)>(ii),mandatory,True,"[""scenario_analysis"", ""risk_process""]",medium,1.0,1.0
IFRS_S2_25_C04,IFRS S2,25,14,Risk Management,Risk management,Risk management,"To achieve this objective, an entity shall disclose information about — (a) the processes and related policies the entity uses to identify, assess, prioritise and monitor climate-related risks, including information about: — (iii) how the entity assesses the nature, likelihood and magnitude of the effects of those risks (for example, whether the entity considers qualitative factors, quantitative thresholds or other criteria)","To achieve this objective, an entity shall disclose information about: (a) the processes and related policies the entity uses to identify, assess, prioritise and monitor climate-related risks, including information about: (i) the inputs and parameters the entity uses (for example, information about data sources and the scope of operations covered in the processes); (ii) whether and how the entity uses climate-related scenario analysis to inform its identification of climate-related risks; (iii) how the entity assesses the nature, likelihood and magnitude of the effects of those risks (for example, whether the entity considers qualitative factors, quantitative thresholds or other criteria); (iv) whether and how the entity prioritises climate-related risks relative to other types of risk; (v) how the entity monitors climate-related risks; and (vi) whether and how the entity has changed the processes it uses compared with the previous reporting period; (b) the processes the entity uses to identify, assess, prioritise and monitor climate-related opportunities, including information about whether and how the entity uses climate-related scenario analysis to inform its identification of climate-related opportunities; and (c) the extent to which, and how, the processes for identifying, assessing, prioritising and monitoring climate-related risks and opportunities are integrated into and inform the entity’s overall risk management process.",(a)>(iii),mandatory,True,"[""risk_process""]",medium,1.0,1.0
IFRS_S2_25_C05,IFRS S2,25,14,Risk Management,Risk management,Risk management,"To achieve this objective, an entity shall disclose information about — (a) the processes and related policies the entity uses to identify, assess, prioritise and monitor climate-related risks, including information about: — (iv) whether and how the entity prioritises climate-related risks relative to other types of risk","To achieve this objective, an entity shall disclose information about: (a) the processes and related policies the entity uses to identify, assess, prioritise and monitor climate-related risks, including information about: (i) the inputs and parameters the entity uses (for example, information about data sources and the scope of operations covered in the processes); (ii) whether and how the entity uses climate-related scenario analysis to inform its identification of climate-related risks; (iii) how the entity assesses the nature, likelihood and magnitude of the effects of those risks (for example, whether the entity considers qualitative factors, quantitative thresholds or other criteria); (iv) whether and how the entity prioritises climate-related risks relative to other types of risk; (v) how the entity monitors climate-related risks; and (vi) whether and how the entity has changed the processes it uses compared with the previous reporting period; (b) the processes the entity uses to identify, assess, prioritise and monitor climate-related opportunities, including information about whether and how the entity uses climate-related scenario analysis to inform its identification of climate-related opportunities; and (c) the extent to which, and how, the processes for identifying, assessing, prioritising and monitoring climate-related risks and opportunities are integrated into and inform the entity’s overall risk management process.",(a)>(iv),mandatory,True,"[""risk_process""]",medium,1.0,1.0
IFRS_S2_25_C06,IFRS S2,25,14,Risk Management,Risk management,Risk management,"To achieve this objective, an entity shall disclose information about — (a) the processes and related policies the entity uses to identify, assess, prioritise and monitor climate-related risks, including information about: — (v) how the entity monitors climate-related risks","To achieve this objective, an entity shall disclose information about: (a) the processes and related policies the entity uses to identify, assess, prioritise and monitor climate-related risks, including information about: (i) the inputs and parameters the entity uses (for example, information about data sources and the scope of operations covered in the processes); (ii) whether and how the entity uses climate-related scenario analysis to inform its identification of climate-related risks; (iii) how the entity assesses the nature, likelihood and magnitude of the effects of those risks (for example, whether the entity considers qualitative factors, quantitative thresholds or other criteria); (iv) whether and how the entity prioritises climate-related risks relative to other types of risk; (v) how the entity monitors climate-related risks; and (vi) whether and how the entity has changed the processes it uses compared with the previous reporting period; (b) the processes the entity uses to identify, assess, prioritise and monitor climate-related opportunities, including information about whether and how the entity uses climate-related scenario analysis to inform its identification of climate-related opportunities; and (c) the extent to which, and how, the processes for identifying, assessing, prioritising and monitoring climate-related risks and opportunities are integrated into and inform the entity’s overall risk management process.",(a)>(v),mandatory,True,"[""risk_process""]",medium,1.0,1.0
IFRS_S2_25_C07,IFRS S2,25,14,Risk Management,Risk management,Risk management,"To achieve this objective, an entity shall disclose information about — (a) the processes and related policies the entity uses to identify, assess, prioritise and monitor climate-related risks, including information about: — (vi) whether and how the entity has changed the processes it uses compared with the previous reporting period","To achieve this objective, an entity shall disclose information about: (a) the processes and related policies the entity uses to identify, assess, prioritise and monitor climate-related risks, including information about: (i) the inputs and parameters the entity uses (for example, information about data sources and the scope of operations covered in the processes); (ii) whether and how the entity uses climate-related scenario analysis to inform its identification of climate-related risks; (iii) how the entity assesses the nature, likelihood and magnitude of the effects of those risks (for example, whether the entity considers qualitative factors, quantitative thresholds or other criteria); (iv) whether and how the entity prioritises climate-related risks relative to other types of risk; (v) how the entity monitors climate-related risks; and (vi) whether and how the entity has changed the processes it uses compared with the previous reporting period; (b) the processes the entity uses to identify, assess, prioritise and monitor climate-related opportunities, including information about whether and how the entity uses climate-related scenario analysis to inform its identification of climate-related opportunities; and (c) the extent to which, and how, the processes for identifying, assessing, prioritising and monitoring climate-related risks and opportunities are integrated into and inform the entity’s overall risk management process.",(a)>(vi),mandatory,True,"[""risk_process""]",medium,1.0,1.0
IFRS_S2_25_C08,IFRS S2,25,14,Risk Management,Risk management,Risk management,"To achieve this objective, an entity shall disclose information about — (b) the processes the entity uses to identify, assess, prioritise and monitor climate-related opportunities, including information about whether and how the entity uses climate-related scenario analysis to inform its identification of climate-related opportunities","To achieve this objective, an entity shall disclose information about: (a) the processes and related policies the entity uses to identify, assess, prioritise and monitor climate-related risks, including information about: (i) the inputs and parameters the entity uses (for example, information about data sources and the scope of operations covered in the processes); (ii) whether and how the entity uses climate-related scenario analysis to inform its identification of climate-related risks; (iii) how the entity assesses the nature, likelihood and magnitude of the effects of those risks (for example, whether the entity considers qualitative factors, quantitative thresholds or other criteria); (iv) whether and how the entity prioritises climate-related risks relative to other types of risk; (v) how the entity monitors climate-related risks; and (vi) whether and how the entity has changed the processes it uses compared with the previous reporting period; (b) the processes the entity uses to identify, assess, prioritise and monitor climate-related opportunities, including information about whether and how the entity uses climate-related scenario analysis to inform its identification of climate-related opportunities; and (c) the extent to which, and how, the processes for identifying, assessing, prioritising and monitoring climate-related risks and opportunities are integrated into and inform the entity’s overall risk management process.",(b),mandatory,True,"[""scenario_analysis"", ""risk_process""]",medium,1.0,1.0
IFRS_S2_25_C09,IFRS S2,25,14,Risk Management,Risk management,Risk management,"To achieve this objective, an entity shall disclose information about — (c) the extent to which, and how, the processes for identifying, assessing, prioritising and monitoring climate-related risks and opportunities are integrated into and inform the entity’s overall risk management process.","To achieve this objective, an entity shall disclose information about: (a) the processes and related policies the entity uses to identify, assess, prioritise and monitor climate-related risks, including information about: (i) the inputs and parameters the entity uses (for example, information about data sources and the scope of operations covered in the processes); (ii) whether and how the entity uses climate-related scenario analysis to inform its identification of climate-related risks; (iii) how the entity assesses the nature, likelihood and magnitude of the effects of those risks (for example, whether the entity considers qualitative factors, quantitative thresholds or other criteria); (iv) whether and how the entity prioritises climate-related risks relative to other types of risk; (v) how the entity monitors climate-related risks; and (vi) whether and how the entity has changed the processes it uses compared with the previous reporting period; (b) the processes the entity uses to identify, assess, prioritise and monitor climate-related opportunities, including information about whether and how the entity uses climate-related scenario analysis to inform its identification of climate-related opportunities; and (c) the extent to which, and how, the processes for identifying, assessing, prioritising and monitoring climate-related risks and opportunities are integrated into and inform the entity’s overall risk management process.",(c),mandatory,True,"[""risk_process""]",medium,1.0,1.0
IFRS_S2_26_C01,IFRS S2,26,14,Risk Management,Risk management,Risk management,"In preparing disclosures to fulfil the requirements in paragraph 25, an entity shall avoid unnecessary duplication in accordance with IFRS S1 (see paragraph B42(b) of IFRS S1). For example, although an entity shall provide the information required by paragraph 25, if oversight of sustainability-related risks and opportunities is managed on an integrated basis, the entity would avoid duplication by providing integrated risk management disclosures instead of separate disclosures for each sustainability-related risk and opportunity.","In preparing disclosures to fulfil the requirements in paragraph 25, an entity shall avoid unnecessary duplication in accordance with IFRS S1 (see paragraph B42(b) of IFRS S1). For example, although an entity shall provide the information required by paragraph 25, if oversight of sustainability-related risks and opportunities is managed on an integrated basis, the entity would avoid duplication by providing integrated risk management disclosures instead of separate disclosures for each sustainability-related risk and opportunity.",,mandatory,True,[],medium,1.0,1.0
IFRS_S2_28_C01,IFRS S2,28,15,Metrics and Targets,Metrics and targets,Metrics and targets,"To achieve this objective, an entity shall disclose — (a) information relevant to the cross-industry metric categories (see paragraphs 29–31)","To achieve this objective, an entity shall disclose: (a) information relevant to the cross-industry metric categories (see paragraphs 29–31); (b) industry-based metrics that are associated with particular business models, activities or other common features that characterise participation in an industry (see paragraph 32); and (c) targets set by the entity, and any targets it is required to meet by law or regulation, to mitigate or adapt to climate-related risks or take advantage of climate-related opportunities, including metrics used by the governance body or management to measure progress towards these targets (see paragraphs 33–37).",(a),mandatory,True,"[""metrics"", ""targets""]",medium,1.0,1.0
IFRS_S2_28_C02,IFRS S2,28,15,Metrics and Targets,Metrics and targets,Metrics and targets,"To achieve this objective, an entity shall disclose — (b) industry-based metrics that are associated with particular business models, activities or other common features that characterise participation in an industry (see paragraph 32)","To achieve this objective, an entity shall disclose: (a) information relevant to the cross-industry metric categories (see paragraphs 29–31); (b) industry-based metrics that are associated with particular business models, activities or other common features that characterise participation in an industry (see paragraph 32); and (c) targets set by the entity, and any targets it is required to meet by law or regulation, to mitigate or adapt to climate-related risks or take advantage of climate-related opportunities, including metrics used by the governance body or management to measure progress towards these targets (see paragraphs 33–37).",(b),mandatory,True,"[""business_model_value_chain"", ""metrics"", ""targets""]",medium,1.0,1.0
IFRS_S2_28_C03,IFRS S2,28,15,Metrics and Targets,Metrics and targets,Metrics and targets,"To achieve this objective, an entity shall disclose — (c) targets set by the entity, and any targets it is required to meet by law or regulation, to mitigate or adapt to climate-related risks or take advantage of climate-related opportunities, including metrics used by the governance body or management to measure progress towards these targets (see paragraphs 33–37).","To achieve this objective, an entity shall disclose: (a) information relevant to the cross-industry metric categories (see paragraphs 29–31); (b) industry-based metrics that are associated with particular business models, activities or other common features that characterise participation in an industry (see paragraph 32); and (c) targets set by the entity, and any targets it is required to meet by law or regulation, to mitigate or adapt to climate-related risks or take advantage of climate-related opportunities, including metrics used by the governance body or management to measure progress towards these targets (see paragraphs 33–37).",(c),mandatory,True,"[""governance_body"", ""metrics"", ""targets""]",medium,1.0,1.0
IFRS_S2_29_C03,IFRS S2,29,15,Metrics and Targets,Metrics and targets,Climate-related metrics,"An entity shall disclose information relevant to the cross-industry metric categories of — (a) greenhouse gases—the entity shall: — (i) disclose its absolute gross greenhouse gas emissions generated during the reporting period, expressed as metric tonnes of CO2 equivalent (see paragraphs B19–B22), classified as: — (1) Scope 1 greenhouse gas emissions","An entity shall disclose information relevant to the cross-industry metric categories of: (a) greenhouse gases—the entity shall: (i) disclose its absolute gross greenhouse gas emissions generated during the reporting period, expressed as metric tonnes of CO2 equivalent (see paragraphs B19–B22), classified as: (1) Scope 1 greenhouse gas emissions; (2) Scope 2 greenhouse gas emissions; and (3) Scope 3 greenhouse gas emissions; (ii) measure its greenhouse gas emissions in accordance with the Greenhouse Gas Protocol: A Corporate Accounting and Reporting Standard (2004) unless the entity is required, in whole or in part, by a jurisdictional authority or an exchange on which it is listed to use a different method for measuring its greenhouse gas emissions (see paragraphs B23–B25); (iii) disclose the approach it uses to measure its greenhouse gas emissions (see paragraphs B26–B29) including: (1) the measurement approach, inputs and assumptions the entity uses to measure its greenhouse gas emissions; (2) the reason why the entity has chosen the measurement approach, inputs and assumptions it uses to measure its greenhouse gas emissions; and (3) any changes the entity made to the measurement approach, inputs and assumptions during the reporting period and the reasons for those changes; (iv) for Scope 1 and Scope 2 greenhouse gas emissions disclosed in accordance with paragraph 29(a)(i)(1)–(2), disaggregate emissions between: (1) the consolidated accounting group (for example, for an entity applying IFRS Accounting Standards, this group would comprise the parent and its consolidated subsidiaries); and (2) other investees excluded from paragraph 29(a)(iv)(1) (for example, for an entity applying IFRS Accounting Standards, these investees would include associates, joint ventures and unconsolidated subsidiaries); (v) for Scope 2 greenhouse gas emissions disclosed in accordance with paragraph 29(a)(i)(2), disclose its location-based Scope 2 greenhouse gas emissions, and provide information about any contractual instruments that is necessary to inform users’ understanding of the entity’s Scope 2 greenhouse gas emissions (see paragraphs B30–B31); and (vi) for Scope 3 greenhouse gas emissions disclosed in accordance with paragraph 29(a)(i)(3), and with reference to paragraphs B32–B57, disclose: (1) the categories included within the entity’s measure of Scope 3 greenhouse gas emissions, in accordance with the Scope 3 categories described in the Greenhouse Gas Protocol Corporate Value Chain (Scope 3) Accounting and Reporting Standard (2011); and (2) additional information about the entity’s financed emissions (which are part of Category 15 greenhouse gas emissions), if its activities include asset management, commercial banking or insurance (see paragraphs B58–B63A); (b) climate-related transition risks—the amount and percentage of assets or business activities vulnerable to climate-related transition risks; (c) climate-related physical risks—the amount and percentage of assets or business activities vulnerable to climate-related physical risks; (d) climate-related opportunities—the amount and percentage of assets or business activities aligned with climate-related opportunities; (e) capital deployment—the amount of capital expenditure, financing or investment deployed towards climate-related risks and opportunities; (f) internal carbon prices—the entity shall disclose: (i) an explanation of whether and how the entity is applying a carbon price in decision-making (for example, investment decisions, transfer pricing and scenario analysis); and (ii) the price for each metric tonne of greenhouse gas emissions the entity uses to assess the costs of its greenhouse gas emissions; (g) remuneration—the entity shall disclose: (i) a description of whether and how climate-related considerations are factored into executive remuneration (see also paragraph 6(a)(v)); and (ii) the percentage of executive management remuneration recognised in the current period that is linked to climate-related considerations.",(a)>(i)>(1),mandatory,True,"[""metrics"", ""targets"", ""ghg_emissions"", ""scope_1""]",medium,1.0,1.0
IFRS_S2_29_C04,IFRS S2,29,15,Metrics and Targets,Metrics and targets,Climate-related metrics,"An entity shall disclose information relevant to the cross-industry metric categories of — (a) greenhouse gases—the entity shall: — (i) disclose its absolute gross greenhouse gas emissions generated during the reporting period, expressed as metric tonnes of CO2 equivalent (see paragraphs B19–B22), classified as: — (2) Scope 2 greenhouse gas emissions","An entity shall disclose information relevant to the cross-industry metric categories of: (a) greenhouse gases—the entity shall: (i) disclose its absolute gross greenhouse gas emissions generated during the reporting period, expressed as metric tonnes of CO2 equivalent (see paragraphs B19–B22), classified as: (1) Scope 1 greenhouse gas emissions; (2) Scope 2 greenhouse gas emissions; and (3) Scope 3 greenhouse gas emissions; (ii) measure its greenhouse gas emissions in accordance with the Greenhouse Gas Protocol: A Corporate Accounting and Reporting Standard (2004) unless the entity is required, in whole or in part, by a jurisdictional authority or an exchange on which it is listed to use a different method for measuring its greenhouse gas emissions (see paragraphs B23–B25); (iii) disclose the approach it uses to measure its greenhouse gas emissions (see paragraphs B26–B29) including: (1) the measurement approach, inputs and assumptions the entity uses to measure its greenhouse gas emissions; (2) the reason why the entity has chosen the measurement approach, inputs and assumptions it uses to measure its greenhouse gas emissions; and (3) any changes the entity made to the measurement approach, inputs and assumptions during the reporting period and the reasons for those changes; (iv) for Scope 1 and Scope 2 greenhouse gas emissions disclosed in accordance with paragraph 29(a)(i)(1)–(2), disaggregate emissions between: (1) the consolidated accounting group (for example, for an entity applying IFRS Accounting Standards, this group would comprise the parent and its consolidated subsidiaries); and (2) other investees excluded from paragraph 29(a)(iv)(1) (for example, for an entity applying IFRS Accounting Standards, these investees would include associates, joint ventures and unconsolidated subsidiaries); (v) for Scope 2 greenhouse gas emissions disclosed in accordance with paragraph 29(a)(i)(2), disclose its location-based Scope 2 greenhouse gas emissions, and provide information about any contractual instruments that is necessary to inform users’ understanding of the entity’s Scope 2 greenhouse gas emissions (see paragraphs B30–B31); and (vi) for Scope 3 greenhouse gas emissions disclosed in accordance with paragraph 29(a)(i)(3), and with reference to paragraphs B32–B57, disclose: (1) the categories included within the entity’s measure of Scope 3 greenhouse gas emissions, in accordance with the Scope 3 categories described in the Greenhouse Gas Protocol Corporate Value Chain (Scope 3) Accounting and Reporting Standard (2011); and (2) additional information about the entity’s financed emissions (which are part of Category 15 greenhouse gas emissions), if its activities include asset management, commercial banking or insurance (see paragraphs B58–B63A); (b) climate-related transition risks—the amount and percentage of assets or business activities vulnerable to climate-related transition risks; (c) climate-related physical risks—the amount and percentage of assets or business activities vulnerable to climate-related physical risks; (d) climate-related opportunities—the amount and percentage of assets or business activities aligned with climate-related opportunities; (e) capital deployment—the amount of capital expenditure, financing or investment deployed towards climate-related risks and opportunities; (f) internal carbon prices—the entity shall disclose: (i) an explanation of whether and how the entity is applying a carbon price in decision-making (for example, investment decisions, transfer pricing and scenario analysis); and (ii) the price for each metric tonne of greenhouse gas emissions the entity uses to assess the costs of its greenhouse gas emissions; (g) remuneration—the entity shall disclose: (i) a description of whether and how climate-related considerations are factored into executive remuneration (see also paragraph 6(a)(v)); and (ii) the percentage of executive management remuneration recognised in the current period that is linked to climate-related considerations.",(a)>(i)>(2),mandatory,True,"[""metrics"", ""targets"", ""ghg_emissions"", ""scope_2""]",medium,1.0,1.0
IFRS_S2_29_C05,IFRS S2,29,15,Metrics and Targets,Metrics and targets,Climate-related metrics,"An entity shall disclose information relevant to the cross-industry metric categories of — (a) greenhouse gases—the entity shall: — (i) disclose its absolute gross greenhouse gas emissions generated during the reporting period, expressed as metric tonnes of CO2 equivalent (see paragraphs B19–B22), classified as: — (3) Scope 3 greenhouse gas emissions","An entity shall disclose information relevant to the cross-industry metric categories of: (a) greenhouse gases—the entity shall: (i) disclose its absolute gross greenhouse gas emissions generated during the reporting period, expressed as metric tonnes of CO2 equivalent (see paragraphs B19–B22), classified as: (1) Scope 1 greenhouse gas emissions; (2) Scope 2 greenhouse gas emissions; and (3) Scope 3 greenhouse gas emissions; (ii) measure its greenhouse gas emissions in accordance with the Greenhouse Gas Protocol: A Corporate Accounting and Reporting Standard (2004) unless the entity is required, in whole or in part, by a jurisdictional authority or an exchange on which it is listed to use a different method for measuring its greenhouse gas emissions (see paragraphs B23–B25); (iii) disclose the approach it uses to measure its greenhouse gas emissions (see paragraphs B26–B29) including: (1) the measurement approach, inputs and assumptions the entity uses to measure its greenhouse gas emissions; (2) the reason why the entity has chosen the measurement approach, inputs and assumptions it uses to measure its greenhouse gas emissions; and (3) any changes the entity made to the measurement approach, inputs and assumptions during the reporting period and the reasons for those changes; (iv) for Scope 1 and Scope 2 greenhouse gas emissions disclosed in accordance with paragraph 29(a)(i)(1)–(2), disaggregate emissions between: (1) the consolidated accounting group (for example, for an entity applying IFRS Accounting Standards, this group would comprise the parent and its consolidated subsidiaries); and (2) other investees excluded from paragraph 29(a)(iv)(1) (for example, for an entity applying IFRS Accounting Standards, these investees would include associates, joint ventures and unconsolidated subsidiaries); (v) for Scope 2 greenhouse gas emissions disclosed in accordance with paragraph 29(a)(i)(2), disclose its location-based Scope 2 greenhouse gas emissions, and provide information about any contractual instruments that is necessary to inform users’ understanding of the entity’s Scope 2 greenhouse gas emissions (see paragraphs B30–B31); and (vi) for Scope 3 greenhouse gas emissions disclosed in accordance with paragraph 29(a)(i)(3), and with reference to paragraphs B32–B57, disclose: (1) the categories included within the entity’s measure of Scope 3 greenhouse gas emissions, in accordance with the Scope 3 categories described in the Greenhouse Gas Protocol Corporate Value Chain (Scope 3) Accounting and Reporting Standard (2011); and (2) additional information about the entity’s financed emissions (which are part of Category 15 greenhouse gas emissions), if its activities include asset management, commercial banking or insurance (see paragraphs B58–B63A); (b) climate-related transition risks—the amount and percentage of assets or business activities vulnerable to climate-related transition risks; (c) climate-related physical risks—the amount and percentage of assets or business activities vulnerable to climate-related physical risks; (d) climate-related opportunities—the amount and percentage of assets or business activities aligned with climate-related opportunities; (e) capital deployment—the amount of capital expenditure, financing or investment deployed towards climate-related risks and opportunities; (f) internal carbon prices—the entity shall disclose: (i) an explanation of whether and how the entity is applying a carbon price in decision-making (for example, investment decisions, transfer pricing and scenario analysis); and (ii) the price for each metric tonne of greenhouse gas emissions the entity uses to assess the costs of its greenhouse gas emissions; (g) remuneration—the entity shall disclose: (i) a description of whether and how climate-related considerations are factored into executive remuneration (see also paragraph 6(a)(v)); and (ii) the percentage of executive management remuneration recognised in the current period that is linked to climate-related considerations.",(a)>(i)>(3),mandatory,True,"[""metrics"", ""targets"", ""ghg_emissions"", ""scope_3""]",medium,1.0,1.0
IFRS_S2_29_C07,IFRS S2,29,15,Metrics and Targets,Metrics and targets,Climate-related metrics,"An entity shall disclose information relevant to the cross-industry metric categories of — (a) greenhouse gases—the entity shall: — (ii) measure its greenhouse gas emissions in accordance with the Greenhouse Gas Protocol: A Corporate Accounting and Reporting Standard — (2004) unless the entity is required, in whole or in part, by a jurisdictional authority or an exchange on which it is listed to use a different method for measuring its greenhouse gas emissions (see paragraphs B23–B25)","An entity shall disclose information relevant to the cross-industry metric categories of: (a) greenhouse gases—the entity shall: (i) disclose its absolute gross greenhouse gas emissions generated during the reporting period, expressed as metric tonnes of CO2 equivalent (see paragraphs B19–B22), classified as: (1) Scope 1 greenhouse gas emissions; (2) Scope 2 greenhouse gas emissions; and (3) Scope 3 greenhouse gas emissions; (ii) measure its greenhouse gas emissions in accordance with the Greenhouse Gas Protocol: A Corporate Accounting and Reporting Standard (2004) unless the entity is required, in whole or in part, by a jurisdictional authority or an exchange on which it is listed to use a different method for measuring its greenhouse gas emissions (see paragraphs B23–B25); (iii) disclose the approach it uses to measure its greenhouse gas emissions (see paragraphs B26–B29) including: (1) the measurement approach, inputs and assumptions the entity uses to measure its greenhouse gas emissions; (2) the reason why the entity has chosen the measurement approach, inputs and assumptions it uses to measure its greenhouse gas emissions; and (3) any changes the entity made to the measurement approach, inputs and assumptions during the reporting period and the reasons for those changes; (iv) for Scope 1 and Scope 2 greenhouse gas emissions disclosed in accordance with paragraph 29(a)(i)(1)–(2), disaggregate emissions between: (1) the consolidated accounting group (for example, for an entity applying IFRS Accounting Standards, this group would comprise the parent and its consolidated subsidiaries); and (2) other investees excluded from paragraph 29(a)(iv)(1) (for example, for an entity applying IFRS Accounting Standards, these investees would include associates, joint ventures and unconsolidated subsidiaries); (v) for Scope 2 greenhouse gas emissions disclosed in accordance with paragraph 29(a)(i)(2), disclose its location-based Scope 2 greenhouse gas emissions, and provide information about any contractual instruments that is necessary to inform users’ understanding of the entity’s Scope 2 greenhouse gas emissions (see paragraphs B30–B31); and (vi) for Scope 3 greenhouse gas emissions disclosed in accordance with paragraph 29(a)(i)(3), and with reference to paragraphs B32–B57, disclose: (1) the categories included within the entity’s measure of Scope 3 greenhouse gas emissions, in accordance with the Scope 3 categories described in the Greenhouse Gas Protocol Corporate Value Chain (Scope 3) Accounting and Reporting Standard (2011); and (2) additional information about the entity’s financed emissions (which are part of Category 15 greenhouse gas emissions), if its activities include asset management, commercial banking or insurance (see paragraphs B58–B63A); (b) climate-related transition risks—the amount and percentage of assets or business activities vulnerable to climate-related transition risks; (c) climate-related physical risks—the amount and percentage of assets or business activities vulnerable to climate-related physical risks; (d) climate-related opportunities—the amount and percentage of assets or business activities aligned with climate-related opportunities; (e) capital deployment—the amount of capital expenditure, financing or investment deployed towards climate-related risks and opportunities; (f) internal carbon prices—the entity shall disclose: (i) an explanation of whether and how the entity is applying a carbon price in decision-making (for example, investment decisions, transfer pricing and scenario analysis); and (ii) the price for each metric tonne of greenhouse gas emissions the entity uses to assess the costs of its greenhouse gas emissions; (g) remuneration—the entity shall disclose: (i) a description of whether and how climate-related considerations are factored into executive remuneration (see also paragraph 6(a)(v)); and (ii) the percentage of executive management remuneration recognised in the current period that is linked to climate-related considerations.",(a)>(ii)>(2004),mandatory,True,"[""metrics"", ""targets"", ""ghg_emissions""]",medium,1.0,1.0
IFRS_S2_29_C09,IFRS S2,29,15,Metrics and Targets,Metrics and targets,Climate-related metrics,"An entity shall disclose information relevant to the cross-industry metric categories of — (a) greenhouse gases—the entity shall: — (iii) disclose the approach it uses to measure its greenhouse gas emissions (see paragraphs B26–B29) including: — (1) the measurement approach, inputs and assumptions the entity uses to measure its greenhouse gas emissions","An entity shall disclose information relevant to the cross-industry metric categories of: (a) greenhouse gases—the entity shall: (i) disclose its absolute gross greenhouse gas emissions generated during the reporting period, expressed as metric tonnes of CO2 equivalent (see paragraphs B19–B22), classified as: (1) Scope 1 greenhouse gas emissions; (2) Scope 2 greenhouse gas emissions; and (3) Scope 3 greenhouse gas emissions; (ii) measure its greenhouse gas emissions in accordance with the Greenhouse Gas Protocol: A Corporate Accounting and Reporting Standard (2004) unless the entity is required, in whole or in part, by a jurisdictional authority or an exchange on which it is listed to use a different method for measuring its greenhouse gas emissions (see paragraphs B23–B25); (iii) disclose the approach it uses to measure its greenhouse gas emissions (see paragraphs B26–B29) including: (1) the measurement approach, inputs and assumptions the entity uses to measure its greenhouse gas emissions; (2) the reason why the entity has chosen the measurement approach, inputs and assumptions it uses to measure its greenhouse gas emissions; and (3) any changes the entity made to the measurement approach, inputs and assumptions during the reporting period and the reasons for those changes; (iv) for Scope 1 and Scope 2 greenhouse gas emissions disclosed in accordance with paragraph 29(a)(i)(1)–(2), disaggregate emissions between: (1) the consolidated accounting group (for example, for an entity applying IFRS Accounting Standards, this group would comprise the parent and its consolidated subsidiaries); and (2) other investees excluded from paragraph 29(a)(iv)(1) (for example, for an entity applying IFRS Accounting Standards, these investees would include associates, joint ventures and unconsolidated subsidiaries); (v) for Scope 2 greenhouse gas emissions disclosed in accordance with paragraph 29(a)(i)(2), disclose its location-based Scope 2 greenhouse gas emissions, and provide information about any contractual instruments that is necessary to inform users’ understanding of the entity’s Scope 2 greenhouse gas emissions (see paragraphs B30–B31); and (vi) for Scope 3 greenhouse gas emissions disclosed in accordance with paragraph 29(a)(i)(3), and with reference to paragraphs B32–B57, disclose: (1) the categories included within the entity’s measure of Scope 3 greenhouse gas emissions, in accordance with the Scope 3 categories described in the Greenhouse Gas Protocol Corporate Value Chain (Scope 3) Accounting and Reporting Standard (2011); and (2) additional information about the entity’s financed emissions (which are part of Category 15 greenhouse gas emissions), if its activities include asset management, commercial banking or insurance (see paragraphs B58–B63A); (b) climate-related transition risks—the amount and percentage of assets or business activities vulnerable to climate-related transition risks; (c) climate-related physical risks—the amount and percentage of assets or business activities vulnerable to climate-related physical risks; (d) climate-related opportunities—the amount and percentage of assets or business activities aligned with climate-related opportunities; (e) capital deployment—the amount of capital expenditure, financing or investment deployed towards climate-related risks and opportunities; (f) internal carbon prices—the entity shall disclose: (i) an explanation of whether and how the entity is applying a carbon price in decision-making (for example, investment decisions, transfer pricing and scenario analysis); and (ii) the price for each metric tonne of greenhouse gas emissions the entity uses to assess the costs of its greenhouse gas emissions; (g) remuneration—the entity shall disclose: (i) a description of whether and how climate-related considerations are factored into executive remuneration (see also paragraph 6(a)(v)); and (ii) the percentage of executive management remuneration recognised in the current period that is linked to climate-related considerations.",(a)>(iii)>(1),mandatory,True,"[""metrics"", ""targets"", ""ghg_emissions""]",medium,1.0,1.0
IFRS_S2_29_C10,IFRS S2,29,15,Metrics and Targets,Metrics and targets,Climate-related metrics,"An entity shall disclose information relevant to the cross-industry metric categories of — (a) greenhouse gases—the entity shall: — (iii) disclose the approach it uses to measure its greenhouse gas emissions (see paragraphs B26–B29) including: — (2) the reason why the entity has chosen the measurement approach, inputs and assumptions it uses to measure its greenhouse gas emissions","An entity shall disclose information relevant to the cross-industry metric categories of: (a) greenhouse gases—the entity shall: (i) disclose its absolute gross greenhouse gas emissions generated during the reporting period, expressed as metric tonnes of CO2 equivalent (see paragraphs B19–B22), classified as: (1) Scope 1 greenhouse gas emissions; (2) Scope 2 greenhouse gas emissions; and (3) Scope 3 greenhouse gas emissions; (ii) measure its greenhouse gas emissions in accordance with the Greenhouse Gas Protocol: A Corporate Accounting and Reporting Standard (2004) unless the entity is required, in whole or in part, by a jurisdictional authority or an exchange on which it is listed to use a different method for measuring its greenhouse gas emissions (see paragraphs B23–B25); (iii) disclose the approach it uses to measure its greenhouse gas emissions (see paragraphs B26–B29) including: (1) the measurement approach, inputs and assumptions the entity uses to measure its greenhouse gas emissions; (2) the reason why the entity has chosen the measurement approach, inputs and assumptions it uses to measure its greenhouse gas emissions; and (3) any changes the entity made to the measurement approach, inputs and assumptions during the reporting period and the reasons for those changes; (iv) for Scope 1 and Scope 2 greenhouse gas emissions disclosed in accordance with paragraph 29(a)(i)(1)–(2), disaggregate emissions between: (1) the consolidated accounting group (for example, for an entity applying IFRS Accounting Standards, this group would comprise the parent and its consolidated subsidiaries); and (2) other investees excluded from paragraph 29(a)(iv)(1) (for example, for an entity applying IFRS Accounting Standards, these investees would include associates, joint ventures and unconsolidated subsidiaries); (v) for Scope 2 greenhouse gas emissions disclosed in accordance with paragraph 29(a)(i)(2), disclose its location-based Scope 2 greenhouse gas emissions, and provide information about any contractual instruments that is necessary to inform users’ understanding of the entity’s Scope 2 greenhouse gas emissions (see paragraphs B30–B31); and (vi) for Scope 3 greenhouse gas emissions disclosed in accordance with paragraph 29(a)(i)(3), and with reference to paragraphs B32–B57, disclose: (1) the categories included within the entity’s measure of Scope 3 greenhouse gas emissions, in accordance with the Scope 3 categories described in the Greenhouse Gas Protocol Corporate Value Chain (Scope 3) Accounting and Reporting Standard (2011); and (2) additional information about the entity’s financed emissions (which are part of Category 15 greenhouse gas emissions), if its activities include asset management, commercial banking or insurance (see paragraphs B58–B63A); (b) climate-related transition risks—the amount and percentage of assets or business activities vulnerable to climate-related transition risks; (c) climate-related physical risks—the amount and percentage of assets or business activities vulnerable to climate-related physical risks; (d) climate-related opportunities—the amount and percentage of assets or business activities aligned with climate-related opportunities; (e) capital deployment—the amount of capital expenditure, financing or investment deployed towards climate-related risks and opportunities; (f) internal carbon prices—the entity shall disclose: (i) an explanation of whether and how the entity is applying a carbon price in decision-making (for example, investment decisions, transfer pricing and scenario analysis); and (ii) the price for each metric tonne of greenhouse gas emissions the entity uses to assess the costs of its greenhouse gas emissions; (g) remuneration—the entity shall disclose: (i) a description of whether and how climate-related considerations are factored into executive remuneration (see also paragraph 6(a)(v)); and (ii) the percentage of executive management remuneration recognised in the current period that is linked to climate-related considerations.",(a)>(iii)>(2),mandatory,True,"[""metrics"", ""targets"", ""ghg_emissions""]",medium,1.0,1.0
IFRS_S2_29_C11,IFRS S2,29,15,Metrics and Targets,Metrics and targets,Climate-related metrics,"An entity shall disclose information relevant to the cross-industry metric categories of — (a) greenhouse gases—the entity shall: — (iii) disclose the approach it uses to measure its greenhouse gas emissions (see paragraphs B26–B29) including: — (3) any changes the entity made to the measurement approach, inputs and assumptions during the reporting period and the reasons for those changes","An entity shall disclose information relevant to the cross-industry metric categories of: (a) greenhouse gases—the entity shall: (i) disclose its absolute gross greenhouse gas emissions generated during the reporting period, expressed as metric tonnes of CO2 equivalent (see paragraphs B19–B22), classified as: (1) Scope 1 greenhouse gas emissions; (2) Scope 2 greenhouse gas emissions; and (3) Scope 3 greenhouse gas emissions; (ii) measure its greenhouse gas emissions in accordance with the Greenhouse Gas Protocol: A Corporate Accounting and Reporting Standard (2004) unless the entity is required, in whole or in part, by a jurisdictional authority or an exchange on which it is listed to use a different method for measuring its greenhouse gas emissions (see paragraphs B23–B25); (iii) disclose the approach it uses to measure its greenhouse gas emissions (see paragraphs B26–B29) including: (1) the measurement approach, inputs and assumptions the entity uses to measure its greenhouse gas emissions; (2) the reason why the entity has chosen the measurement approach, inputs and assumptions it uses to measure its greenhouse gas emissions; and (3) any changes the entity made to the measurement approach, inputs and assumptions during the reporting period and the reasons for those changes; (iv) for Scope 1 and Scope 2 greenhouse gas emissions disclosed in accordance with paragraph 29(a)(i)(1)–(2), disaggregate emissions between: (1) the consolidated accounting group (for example, for an entity applying IFRS Accounting Standards, this group would comprise the parent and its consolidated subsidiaries); and (2) other investees excluded from paragraph 29(a)(iv)(1) (for example, for an entity applying IFRS Accounting Standards, these investees would include associates, joint ventures and unconsolidated subsidiaries); (v) for Scope 2 greenhouse gas emissions disclosed in accordance with paragraph 29(a)(i)(2), disclose its location-based Scope 2 greenhouse gas emissions, and provide information about any contractual instruments that is necessary to inform users’ understanding of the entity’s Scope 2 greenhouse gas emissions (see paragraphs B30–B31); and (vi) for Scope 3 greenhouse gas emissions disclosed in accordance with paragraph 29(a)(i)(3), and with reference to paragraphs B32–B57, disclose: (1) the categories included within the entity’s measure of Scope 3 greenhouse gas emissions, in accordance with the Scope 3 categories described in the Greenhouse Gas Protocol Corporate Value Chain (Scope 3) Accounting and Reporting Standard (2011); and (2) additional information about the entity’s financed emissions (which are part of Category 15 greenhouse gas emissions), if its activities include asset management, commercial banking or insurance (see paragraphs B58–B63A); (b) climate-related transition risks—the amount and percentage of assets or business activities vulnerable to climate-related transition risks; (c) climate-related physical risks—the amount and percentage of assets or business activities vulnerable to climate-related physical risks; (d) climate-related opportunities—the amount and percentage of assets or business activities aligned with climate-related opportunities; (e) capital deployment—the amount of capital expenditure, financing or investment deployed towards climate-related risks and opportunities; (f) internal carbon prices—the entity shall disclose: (i) an explanation of whether and how the entity is applying a carbon price in decision-making (for example, investment decisions, transfer pricing and scenario analysis); and (ii) the price for each metric tonne of greenhouse gas emissions the entity uses to assess the costs of its greenhouse gas emissions; (g) remuneration—the entity shall disclose: (i) a description of whether and how climate-related considerations are factored into executive remuneration (see also paragraph 6(a)(v)); and (ii) the percentage of executive management remuneration recognised in the current period that is linked to climate-related considerations.",(a)>(iii)>(3),mandatory,True,"[""metrics"", ""targets"", ""ghg_emissions""]",medium,1.0,1.0
IFRS_S2_29_C13,IFRS S2,29,15,Metrics and Targets,Metrics and targets,Climate-related metrics,"An entity shall disclose information relevant to the cross-industry metric categories of — (a) greenhouse gases—the entity shall: — (iv) for Scope 1 and Scope 2 greenhouse gas emissions disclosed in accordance with paragraph 29(a)(i)(1)–(2), disaggregate emissions between: — (1) the consolidated accounting group (for example, for an entity applying IFRS Accounting Standards, this group would comprise the parent and its consolidated subsidiaries)","An entity shall disclose information relevant to the cross-industry metric categories of: (a) greenhouse gases—the entity shall: (i) disclose its absolute gross greenhouse gas emissions generated during the reporting period, expressed as metric tonnes of CO2 equivalent (see paragraphs B19–B22), classified as: (1) Scope 1 greenhouse gas emissions; (2) Scope 2 greenhouse gas emissions; and (3) Scope 3 greenhouse gas emissions; (ii) measure its greenhouse gas emissions in accordance with the Greenhouse Gas Protocol: A Corporate Accounting and Reporting Standard (2004) unless the entity is required, in whole or in part, by a jurisdictional authority or an exchange on which it is listed to use a different method for measuring its greenhouse gas emissions (see paragraphs B23–B25); (iii) disclose the approach it uses to measure its greenhouse gas emissions (see paragraphs B26–B29) including: (1) the measurement approach, inputs and assumptions the entity uses to measure its greenhouse gas emissions; (2) the reason why the entity has chosen the measurement approach, inputs and assumptions it uses to measure its greenhouse gas emissions; and (3) any changes the entity made to the measurement approach, inputs and assumptions during the reporting period and the reasons for those changes; (iv) for Scope 1 and Scope 2 greenhouse gas emissions disclosed in accordance with paragraph 29(a)(i)(1)–(2), disaggregate emissions between: (1) the consolidated accounting group (for example, for an entity applying IFRS Accounting Standards, this group would comprise the parent and its consolidated subsidiaries); and (2) other investees excluded from paragraph 29(a)(iv)(1) (for example, for an entity applying IFRS Accounting Standards, these investees would include associates, joint ventures and unconsolidated subsidiaries); (v) for Scope 2 greenhouse gas emissions disclosed in accordance with paragraph 29(a)(i)(2), disclose its location-based Scope 2 greenhouse gas emissions, and provide information about any contractual instruments that is necessary to inform users’ understanding of the entity’s Scope 2 greenhouse gas emissions (see paragraphs B30–B31); and (vi) for Scope 3 greenhouse gas emissions disclosed in accordance with paragraph 29(a)(i)(3), and with reference to paragraphs B32–B57, disclose: (1) the categories included within the entity’s measure of Scope 3 greenhouse gas emissions, in accordance with the Scope 3 categories described in the Greenhouse Gas Protocol Corporate Value Chain (Scope 3) Accounting and Reporting Standard (2011); and (2) additional information about the entity’s financed emissions (which are part of Category 15 greenhouse gas emissions), if its activities include asset management, commercial banking or insurance (see paragraphs B58–B63A); (b) climate-related transition risks—the amount and percentage of assets or business activities vulnerable to climate-related transition risks; (c) climate-related physical risks—the amount and percentage of assets or business activities vulnerable to climate-related physical risks; (d) climate-related opportunities—the amount and percentage of assets or business activities aligned with climate-related opportunities; (e) capital deployment—the amount of capital expenditure, financing or investment deployed towards climate-related risks and opportunities; (f) internal carbon prices—the entity shall disclose: (i) an explanation of whether and how the entity is applying a carbon price in decision-making (for example, investment decisions, transfer pricing and scenario analysis); and (ii) the price for each metric tonne of greenhouse gas emissions the entity uses to assess the costs of its greenhouse gas emissions; (g) remuneration—the entity shall disclose: (i) a description of whether and how climate-related considerations are factored into executive remuneration (see also paragraph 6(a)(v)); and (ii) the percentage of executive management remuneration recognised in the current period that is linked to climate-related considerations.",(a)>(iv)>(1),mandatory,True,"[""metrics"", ""targets"", ""ghg_emissions"", ""scope_1"", ""scope_2""]",medium,1.0,1.0
IFRS_S2_29_C14,IFRS S2,29,15,Metrics and Targets,Metrics and targets,Climate-related metrics,"An entity shall disclose information relevant to the cross-industry metric categories of — (a) greenhouse gases—the entity shall: — (iv) for Scope 1 and Scope 2 greenhouse gas emissions disclosed in accordance with paragraph 29(a)(i)(1)–(2), disaggregate emissions between: — (2) other investees excluded from paragraph 29(a)(iv)","An entity shall disclose information relevant to the cross-industry metric categories of: (a) greenhouse gases—the entity shall: (i) disclose its absolute gross greenhouse gas emissions generated during the reporting period, expressed as metric tonnes of CO2 equivalent (see paragraphs B19–B22), classified as: (1) Scope 1 greenhouse gas emissions; (2) Scope 2 greenhouse gas emissions; and (3) Scope 3 greenhouse gas emissions; (ii) measure its greenhouse gas emissions in accordance with the Greenhouse Gas Protocol: A Corporate Accounting and Reporting Standard (2004) unless the entity is required, in whole or in part, by a jurisdictional authority or an exchange on which it is listed to use a different method for measuring its greenhouse gas emissions (see paragraphs B23–B25); (iii) disclose the approach it uses to measure its greenhouse gas emissions (see paragraphs B26–B29) including: (1) the measurement approach, inputs and assumptions the entity uses to measure its greenhouse gas emissions; (2) the reason why the entity has chosen the measurement approach, inputs and assumptions it uses to measure its greenhouse gas emissions; and (3) any changes the entity made to the measurement approach, inputs and assumptions during the reporting period and the reasons for those changes; (iv) for Scope 1 and Scope 2 greenhouse gas emissions disclosed in accordance with paragraph 29(a)(i)(1)–(2), disaggregate emissions between: (1) the consolidated accounting group (for example, for an entity applying IFRS Accounting Standards, this group would comprise the parent and its consolidated subsidiaries); and (2) other investees excluded from paragraph 29(a)(iv)(1) (for example, for an entity applying IFRS Accounting Standards, these investees would include associates, joint ventures and unconsolidated subsidiaries); (v) for Scope 2 greenhouse gas emissions disclosed in accordance with paragraph 29(a)(i)(2), disclose its location-based Scope 2 greenhouse gas emissions, and provide information about any contractual instruments that is necessary to inform users’ understanding of the entity’s Scope 2 greenhouse gas emissions (see paragraphs B30–B31); and (vi) for Scope 3 greenhouse gas emissions disclosed in accordance with paragraph 29(a)(i)(3), and with reference to paragraphs B32–B57, disclose: (1) the categories included within the entity’s measure of Scope 3 greenhouse gas emissions, in accordance with the Scope 3 categories described in the Greenhouse Gas Protocol Corporate Value Chain (Scope 3) Accounting and Reporting Standard (2011); and (2) additional information about the entity’s financed emissions (which are part of Category 15 greenhouse gas emissions), if its activities include asset management, commercial banking or insurance (see paragraphs B58–B63A); (b) climate-related transition risks—the amount and percentage of assets or business activities vulnerable to climate-related transition risks; (c) climate-related physical risks—the amount and percentage of assets or business activities vulnerable to climate-related physical risks; (d) climate-related opportunities—the amount and percentage of assets or business activities aligned with climate-related opportunities; (e) capital deployment—the amount of capital expenditure, financing or investment deployed towards climate-related risks and opportunities; (f) internal carbon prices—the entity shall disclose: (i) an explanation of whether and how the entity is applying a carbon price in decision-making (for example, investment decisions, transfer pricing and scenario analysis); and (ii) the price for each metric tonne of greenhouse gas emissions the entity uses to assess the costs of its greenhouse gas emissions; (g) remuneration—the entity shall disclose: (i) a description of whether and how climate-related considerations are factored into executive remuneration (see also paragraph 6(a)(v)); and (ii) the percentage of executive management remuneration recognised in the current period that is linked to climate-related considerations.",(a)>(iv)>(2),mandatory,True,"[""metrics"", ""targets"", ""ghg_emissions"", ""scope_1"", ""scope_2""]",medium,1.0,1.0
IFRS_S2_29_C15,IFRS S2,29,15,Metrics and Targets,Metrics and targets,Climate-related metrics,"An entity shall disclose information relevant to the cross-industry metric categories of — (a) greenhouse gases—the entity shall: — (iv) for Scope 1 and Scope 2 greenhouse gas emissions disclosed in accordance with paragraph 29(a)(i)(1)–(2), disaggregate emissions between: — (1) (for example, for an entity applying IFRS Accounting Standards, these investees would include associates, joint ventures and unconsolidated subsidiaries)","An entity shall disclose information relevant to the cross-industry metric categories of: (a) greenhouse gases—the entity shall: (i) disclose its absolute gross greenhouse gas emissions generated during the reporting period, expressed as metric tonnes of CO2 equivalent (see paragraphs B19–B22), classified as: (1) Scope 1 greenhouse gas emissions; (2) Scope 2 greenhouse gas emissions; and (3) Scope 3 greenhouse gas emissions; (ii) measure its greenhouse gas emissions in accordance with the Greenhouse Gas Protocol: A Corporate Accounting and Reporting Standard (2004) unless the entity is required, in whole or in part, by a jurisdictional authority or an exchange on which it is listed to use a different method for measuring its greenhouse gas emissions (see paragraphs B23–B25); (iii) disclose the approach it uses to measure its greenhouse gas emissions (see paragraphs B26–B29) including: (1) the measurement approach, inputs and assumptions the entity uses to measure its greenhouse gas emissions; (2) the reason why the entity has chosen the measurement approach, inputs and assumptions it uses to measure its greenhouse gas emissions; and (3) any changes the entity made to the measurement approach, inputs and assumptions during the reporting period and the reasons for those changes; (iv) for Scope 1 and Scope 2 greenhouse gas emissions disclosed in accordance with paragraph 29(a)(i)(1)–(2), disaggregate emissions between: (1) the consolidated accounting group (for example, for an entity applying IFRS Accounting Standards, this group would comprise the parent and its consolidated subsidiaries); and (2) other investees excluded from paragraph 29(a)(iv)(1) (for example, for an entity applying IFRS Accounting Standards, these investees would include associates, joint ventures and unconsolidated subsidiaries); (v) for Scope 2 greenhouse gas emissions disclosed in accordance with paragraph 29(a)(i)(2), disclose its location-based Scope 2 greenhouse gas emissions, and provide information about any contractual instruments that is necessary to inform users’ understanding of the entity’s Scope 2 greenhouse gas emissions (see paragraphs B30–B31); and (vi) for Scope 3 greenhouse gas emissions disclosed in accordance with paragraph 29(a)(i)(3), and with reference to paragraphs B32–B57, disclose: (1) the categories included within the entity’s measure of Scope 3 greenhouse gas emissions, in accordance with the Scope 3 categories described in the Greenhouse Gas Protocol Corporate Value Chain (Scope 3) Accounting and Reporting Standard (2011); and (2) additional information about the entity’s financed emissions (which are part of Category 15 greenhouse gas emissions), if its activities include asset management, commercial banking or insurance (see paragraphs B58–B63A); (b) climate-related transition risks—the amount and percentage of assets or business activities vulnerable to climate-related transition risks; (c) climate-related physical risks—the amount and percentage of assets or business activities vulnerable to climate-related physical risks; (d) climate-related opportunities—the amount and percentage of assets or business activities aligned with climate-related opportunities; (e) capital deployment—the amount of capital expenditure, financing or investment deployed towards climate-related risks and opportunities; (f) internal carbon prices—the entity shall disclose: (i) an explanation of whether and how the entity is applying a carbon price in decision-making (for example, investment decisions, transfer pricing and scenario analysis); and (ii) the price for each metric tonne of greenhouse gas emissions the entity uses to assess the costs of its greenhouse gas emissions; (g) remuneration—the entity shall disclose: (i) a description of whether and how climate-related considerations are factored into executive remuneration (see also paragraph 6(a)(v)); and (ii) the percentage of executive management remuneration recognised in the current period that is linked to climate-related considerations.",(a)>(iv)>(1),mandatory,True,"[""metrics"", ""targets"", ""ghg_emissions"", ""scope_1"", ""scope_2""]",medium,1.0,1.0
IFRS_S2_29_C16,IFRS S2,29,15,Metrics and Targets,Metrics and targets,Climate-related metrics,"An entity shall disclose information relevant to the cross-industry metric categories of — (a) greenhouse gases—the entity shall: — (v) for Scope 2 greenhouse gas emissions disclosed in accordance with paragraph 29(a)(i)(2), disclose its location-based Scope 2 greenhouse gas emissions, and provide information about any contractual instruments that is necessary to inform users’ understanding of the entity’s Scope 2 greenhouse gas emissions (see paragraphs B30–B31)","An entity shall disclose information relevant to the cross-industry metric categories of: (a) greenhouse gases—the entity shall: (i) disclose its absolute gross greenhouse gas emissions generated during the reporting period, expressed as metric tonnes of CO2 equivalent (see paragraphs B19–B22), classified as: (1) Scope 1 greenhouse gas emissions; (2) Scope 2 greenhouse gas emissions; and (3) Scope 3 greenhouse gas emissions; (ii) measure its greenhouse gas emissions in accordance with the Greenhouse Gas Protocol: A Corporate Accounting and Reporting Standard (2004) unless the entity is required, in whole or in part, by a jurisdictional authority or an exchange on which it is listed to use a different method for measuring its greenhouse gas emissions (see paragraphs B23–B25); (iii) disclose the approach it uses to measure its greenhouse gas emissions (see paragraphs B26–B29) including: (1) the measurement approach, inputs and assumptions the entity uses to measure its greenhouse gas emissions; (2) the reason why the entity has chosen the measurement approach, inputs and assumptions it uses to measure its greenhouse gas emissions; and (3) any changes the entity made to the measurement approach, inputs and assumptions during the reporting period and the reasons for those changes; (iv) for Scope 1 and Scope 2 greenhouse gas emissions disclosed in accordance with paragraph 29(a)(i)(1)–(2), disaggregate emissions between: (1) the consolidated accounting group (for example, for an entity applying IFRS Accounting Standards, this group would comprise the parent and its consolidated subsidiaries); and (2) other investees excluded from paragraph 29(a)(iv)(1) (for example, for an entity applying IFRS Accounting Standards, these investees would include associates, joint ventures and unconsolidated subsidiaries); (v) for Scope 2 greenhouse gas emissions disclosed in accordance with paragraph 29(a)(i)(2), disclose its location-based Scope 2 greenhouse gas emissions, and provide information about any contractual instruments that is necessary to inform users’ understanding of the entity’s Scope 2 greenhouse gas emissions (see paragraphs B30–B31); and (vi) for Scope 3 greenhouse gas emissions disclosed in accordance with paragraph 29(a)(i)(3), and with reference to paragraphs B32–B57, disclose: (1) the categories included within the entity’s measure of Scope 3 greenhouse gas emissions, in accordance with the Scope 3 categories described in the Greenhouse Gas Protocol Corporate Value Chain (Scope 3) Accounting and Reporting Standard (2011); and (2) additional information about the entity’s financed emissions (which are part of Category 15 greenhouse gas emissions), if its activities include asset management, commercial banking or insurance (see paragraphs B58–B63A); (b) climate-related transition risks—the amount and percentage of assets or business activities vulnerable to climate-related transition risks; (c) climate-related physical risks—the amount and percentage of assets or business activities vulnerable to climate-related physical risks; (d) climate-related opportunities—the amount and percentage of assets or business activities aligned with climate-related opportunities; (e) capital deployment—the amount of capital expenditure, financing or investment deployed towards climate-related risks and opportunities; (f) internal carbon prices—the entity shall disclose: (i) an explanation of whether and how the entity is applying a carbon price in decision-making (for example, investment decisions, transfer pricing and scenario analysis); and (ii) the price for each metric tonne of greenhouse gas emissions the entity uses to assess the costs of its greenhouse gas emissions; (g) remuneration—the entity shall disclose: (i) a description of whether and how climate-related considerations are factored into executive remuneration (see also paragraph 6(a)(v)); and (ii) the percentage of executive management remuneration recognised in the current period that is linked to climate-related considerations.",(a)>(v),mandatory,True,"[""metrics"", ""targets"", ""ghg_emissions"", ""scope_2""]",medium,1.0,1.0
IFRS_S2_29_C18,IFRS S2,29,15,Metrics and Targets,Metrics and targets,Climate-related metrics,"An entity shall disclose information relevant to the cross-industry metric categories of — (a) greenhouse gases—the entity shall: — (vi) for Scope 3 greenhouse gas emissions disclosed in accordance with paragraph 29(a)(i)(3), and with reference to paragraphs B32–B57, disclose: — (1) the categories included within the entity’s measure of Scope 3 greenhouse gas emissions, in accordance with the Scope 3 categories described in the Greenhouse Gas Protocol Corporate Value Chain (Scope 3) Accounting and Reporting Standard (2011)","An entity shall disclose information relevant to the cross-industry metric categories of: (a) greenhouse gases—the entity shall: (i) disclose its absolute gross greenhouse gas emissions generated during the reporting period, expressed as metric tonnes of CO2 equivalent (see paragraphs B19–B22), classified as: (1) Scope 1 greenhouse gas emissions; (2) Scope 2 greenhouse gas emissions; and (3) Scope 3 greenhouse gas emissions; (ii) measure its greenhouse gas emissions in accordance with the Greenhouse Gas Protocol: A Corporate Accounting and Reporting Standard (2004) unless the entity is required, in whole or in part, by a jurisdictional authority or an exchange on which it is listed to use a different method for measuring its greenhouse gas emissions (see paragraphs B23–B25); (iii) disclose the approach it uses to measure its greenhouse gas emissions (see paragraphs B26–B29) including: (1) the measurement approach, inputs and assumptions the entity uses to measure its greenhouse gas emissions; (2) the reason why the entity has chosen the measurement approach, inputs and assumptions it uses to measure its greenhouse gas emissions; and (3) any changes the entity made to the measurement approach, inputs and assumptions during the reporting period and the reasons for those changes; (iv) for Scope 1 and Scope 2 greenhouse gas emissions disclosed in accordance with paragraph 29(a)(i)(1)–(2), disaggregate emissions between: (1) the consolidated accounting group (for example, for an entity applying IFRS Accounting Standards, this group would comprise the parent and its consolidated subsidiaries); and (2) other investees excluded from paragraph 29(a)(iv)(1) (for example, for an entity applying IFRS Accounting Standards, these investees would include associates, joint ventures and unconsolidated subsidiaries); (v) for Scope 2 greenhouse gas emissions disclosed in accordance with paragraph 29(a)(i)(2), disclose its location-based Scope 2 greenhouse gas emissions, and provide information about any contractual instruments that is necessary to inform users’ understanding of the entity’s Scope 2 greenhouse gas emissions (see paragraphs B30–B31); and (vi) for Scope 3 greenhouse gas emissions disclosed in accordance with paragraph 29(a)(i)(3), and with reference to paragraphs B32–B57, disclose: (1) the categories included within the entity’s measure of Scope 3 greenhouse gas emissions, in accordance with the Scope 3 categories described in the Greenhouse Gas Protocol Corporate Value Chain (Scope 3) Accounting and Reporting Standard (2011); and (2) additional information about the entity’s financed emissions (which are part of Category 15 greenhouse gas emissions), if its activities include asset management, commercial banking or insurance (see paragraphs B58–B63A); (b) climate-related transition risks—the amount and percentage of assets or business activities vulnerable to climate-related transition risks; (c) climate-related physical risks—the amount and percentage of assets or business activities vulnerable to climate-related physical risks; (d) climate-related opportunities—the amount and percentage of assets or business activities aligned with climate-related opportunities; (e) capital deployment—the amount of capital expenditure, financing or investment deployed towards climate-related risks and opportunities; (f) internal carbon prices—the entity shall disclose: (i) an explanation of whether and how the entity is applying a carbon price in decision-making (for example, investment decisions, transfer pricing and scenario analysis); and (ii) the price for each metric tonne of greenhouse gas emissions the entity uses to assess the costs of its greenhouse gas emissions; (g) remuneration—the entity shall disclose: (i) a description of whether and how climate-related considerations are factored into executive remuneration (see also paragraph 6(a)(v)); and (ii) the percentage of executive management remuneration recognised in the current period that is linked to climate-related considerations.",(a)>(vi)>(1),mandatory,True,"[""business_model_value_chain"", ""metrics"", ""targets"", ""ghg_emissions"", ""scope_3""]",medium,1.0,1.0
IFRS_S2_29_C19,IFRS S2,29,15,Metrics and Targets,Metrics and targets,Climate-related metrics,"An entity shall disclose information relevant to the cross-industry metric categories of — (a) greenhouse gases—the entity shall: — (vi) for Scope 3 greenhouse gas emissions disclosed in accordance with paragraph 29(a)(i)(3), and with reference to paragraphs B32–B57, disclose: — (2) additional information about the entity’s financed emissions (which are part of Category 15 greenhouse gas emissions), if its activities include asset management, commercial banking or insurance (see paragraphs B58–B63A)","An entity shall disclose information relevant to the cross-industry metric categories of: (a) greenhouse gases—the entity shall: (i) disclose its absolute gross greenhouse gas emissions generated during the reporting period, expressed as metric tonnes of CO2 equivalent (see paragraphs B19–B22), classified as: (1) Scope 1 greenhouse gas emissions; (2) Scope 2 greenhouse gas emissions; and (3) Scope 3 greenhouse gas emissions; (ii) measure its greenhouse gas emissions in accordance with the Greenhouse Gas Protocol: A Corporate Accounting and Reporting Standard (2004) unless the entity is required, in whole or in part, by a jurisdictional authority or an exchange on which it is listed to use a different method for measuring its greenhouse gas emissions (see paragraphs B23–B25); (iii) disclose the approach it uses to measure its greenhouse gas emissions (see paragraphs B26–B29) including: (1) the measurement approach, inputs and assumptions the entity uses to measure its greenhouse gas emissions; (2) the reason why the entity has chosen the measurement approach, inputs and assumptions it uses to measure its greenhouse gas emissions; and (3) any changes the entity made to the measurement approach, inputs and assumptions during the reporting period and the reasons for those changes; (iv) for Scope 1 and Scope 2 greenhouse gas emissions disclosed in accordance with paragraph 29(a)(i)(1)–(2), disaggregate emissions between: (1) the consolidated accounting group (for example, for an entity applying IFRS Accounting Standards, this group would comprise the parent and its consolidated subsidiaries); and (2) other investees excluded from paragraph 29(a)(iv)(1) (for example, for an entity applying IFRS Accounting Standards, these investees would include associates, joint ventures and unconsolidated subsidiaries); (v) for Scope 2 greenhouse gas emissions disclosed in accordance with paragraph 29(a)(i)(2), disclose its location-based Scope 2 greenhouse gas emissions, and provide information about any contractual instruments that is necessary to inform users’ understanding of the entity’s Scope 2 greenhouse gas emissions (see paragraphs B30–B31); and (vi) for Scope 3 greenhouse gas emissions disclosed in accordance with paragraph 29(a)(i)(3), and with reference to paragraphs B32–B57, disclose: (1) the categories included within the entity’s measure of Scope 3 greenhouse gas emissions, in accordance with the Scope 3 categories described in the Greenhouse Gas Protocol Corporate Value Chain (Scope 3) Accounting and Reporting Standard (2011); and (2) additional information about the entity’s financed emissions (which are part of Category 15 greenhouse gas emissions), if its activities include asset management, commercial banking or insurance (see paragraphs B58–B63A); (b) climate-related transition risks—the amount and percentage of assets or business activities vulnerable to climate-related transition risks; (c) climate-related physical risks—the amount and percentage of assets or business activities vulnerable to climate-related physical risks; (d) climate-related opportunities—the amount and percentage of assets or business activities aligned with climate-related opportunities; (e) capital deployment—the amount of capital expenditure, financing or investment deployed towards climate-related risks and opportunities; (f) internal carbon prices—the entity shall disclose: (i) an explanation of whether and how the entity is applying a carbon price in decision-making (for example, investment decisions, transfer pricing and scenario analysis); and (ii) the price for each metric tonne of greenhouse gas emissions the entity uses to assess the costs of its greenhouse gas emissions; (g) remuneration—the entity shall disclose: (i) a description of whether and how climate-related considerations are factored into executive remuneration (see also paragraph 6(a)(v)); and (ii) the percentage of executive management remuneration recognised in the current period that is linked to climate-related considerations.",(a)>(vi)>(2),mandatory,True,"[""metrics"", ""targets"", ""ghg_emissions"", ""scope_3"", ""financed_emissions"", ""commercial_banking"", ""asset_management"", ""insurance""]",high,1.0,1.0
IFRS_S2_29_C20,IFRS S2,29,15,Metrics and Targets,Metrics and targets,Climate-related metrics,An entity shall disclose information relevant to the cross-industry metric categories of — (b) climate-related transition risks—the amount and percentage of assets or business activities vulnerable to climate-related transition risks,"An entity shall disclose information relevant to the cross-industry metric categories of: (a) greenhouse gases—the entity shall: (i) disclose its absolute gross greenhouse gas emissions generated during the reporting period, expressed as metric tonnes of CO2 equivalent (see paragraphs B19–B22), classified as: (1) Scope 1 greenhouse gas emissions; (2) Scope 2 greenhouse gas emissions; and (3) Scope 3 greenhouse gas emissions; (ii) measure its greenhouse gas emissions in accordance with the Greenhouse Gas Protocol: A Corporate Accounting and Reporting Standard (2004) unless the entity is required, in whole or in part, by a jurisdictional authority or an exchange on which it is listed to use a different method for measuring its greenhouse gas emissions (see paragraphs B23–B25); (iii) disclose the approach it uses to measure its greenhouse gas emissions (see paragraphs B26–B29) including: (1) the measurement approach, inputs and assumptions the entity uses to measure its greenhouse gas emissions; (2) the reason why the entity has chosen the measurement approach, inputs and assumptions it uses to measure its greenhouse gas emissions; and (3) any changes the entity made to the measurement approach, inputs and assumptions during the reporting period and the reasons for those changes; (iv) for Scope 1 and Scope 2 greenhouse gas emissions disclosed in accordance with paragraph 29(a)(i)(1)–(2), disaggregate emissions between: (1) the consolidated accounting group (for example, for an entity applying IFRS Accounting Standards, this group would comprise the parent and its consolidated subsidiaries); and (2) other investees excluded from paragraph 29(a)(iv)(1) (for example, for an entity applying IFRS Accounting Standards, these investees would include associates, joint ventures and unconsolidated subsidiaries); (v) for Scope 2 greenhouse gas emissions disclosed in accordance with paragraph 29(a)(i)(2), disclose its location-based Scope 2 greenhouse gas emissions, and provide information about any contractual instruments that is necessary to inform users’ understanding of the entity’s Scope 2 greenhouse gas emissions (see paragraphs B30–B31); and (vi) for Scope 3 greenhouse gas emissions disclosed in accordance with paragraph 29(a)(i)(3), and with reference to paragraphs B32–B57, disclose: (1) the categories included within the entity’s measure of Scope 3 greenhouse gas emissions, in accordance with the Scope 3 categories described in the Greenhouse Gas Protocol Corporate Value Chain (Scope 3) Accounting and Reporting Standard (2011); and (2) additional information about the entity’s financed emissions (which are part of Category 15 greenhouse gas emissions), if its activities include asset management, commercial banking or insurance (see paragraphs B58–B63A); (b) climate-related transition risks—the amount and percentage of assets or business activities vulnerable to climate-related transition risks; (c) climate-related physical risks—the amount and percentage of assets or business activities vulnerable to climate-related physical risks; (d) climate-related opportunities—the amount and percentage of assets or business activities aligned with climate-related opportunities; (e) capital deployment—the amount of capital expenditure, financing or investment deployed towards climate-related risks and opportunities; (f) internal carbon prices—the entity shall disclose: (i) an explanation of whether and how the entity is applying a carbon price in decision-making (for example, investment decisions, transfer pricing and scenario analysis); and (ii) the price for each metric tonne of greenhouse gas emissions the entity uses to assess the costs of its greenhouse gas emissions; (g) remuneration—the entity shall disclose: (i) a description of whether and how climate-related considerations are factored into executive remuneration (see also paragraph 6(a)(v)); and (ii) the percentage of executive management remuneration recognised in the current period that is linked to climate-related considerations.",(b),mandatory,True,"[""metrics"", ""targets""]",medium,1.0,1.0
IFRS_S2_29_C21,IFRS S2,29,15,Metrics and Targets,Metrics and targets,Climate-related metrics,An entity shall disclose information relevant to the cross-industry metric categories of — (c) climate-related physical risks—the amount and percentage of assets or business activities vulnerable to climate-related physical risks,"An entity shall disclose information relevant to the cross-industry metric categories of: (a) greenhouse gases—the entity shall: (i) disclose its absolute gross greenhouse gas emissions generated during the reporting period, expressed as metric tonnes of CO2 equivalent (see paragraphs B19–B22), classified as: (1) Scope 1 greenhouse gas emissions; (2) Scope 2 greenhouse gas emissions; and (3) Scope 3 greenhouse gas emissions; (ii) measure its greenhouse gas emissions in accordance with the Greenhouse Gas Protocol: A Corporate Accounting and Reporting Standard (2004) unless the entity is required, in whole or in part, by a jurisdictional authority or an exchange on which it is listed to use a different method for measuring its greenhouse gas emissions (see paragraphs B23–B25); (iii) disclose the approach it uses to measure its greenhouse gas emissions (see paragraphs B26–B29) including: (1) the measurement approach, inputs and assumptions the entity uses to measure its greenhouse gas emissions; (2) the reason why the entity has chosen the measurement approach, inputs and assumptions it uses to measure its greenhouse gas emissions; and (3) any changes the entity made to the measurement approach, inputs and assumptions during the reporting period and the reasons for those changes; (iv) for Scope 1 and Scope 2 greenhouse gas emissions disclosed in accordance with paragraph 29(a)(i)(1)–(2), disaggregate emissions between: (1) the consolidated accounting group (for example, for an entity applying IFRS Accounting Standards, this group would comprise the parent and its consolidated subsidiaries); and (2) other investees excluded from paragraph 29(a)(iv)(1) (for example, for an entity applying IFRS Accounting Standards, these investees would include associates, joint ventures and unconsolidated subsidiaries); (v) for Scope 2 greenhouse gas emissions disclosed in accordance with paragraph 29(a)(i)(2), disclose its location-based Scope 2 greenhouse gas emissions, and provide information about any contractual instruments that is necessary to inform users’ understanding of the entity’s Scope 2 greenhouse gas emissions (see paragraphs B30–B31); and (vi) for Scope 3 greenhouse gas emissions disclosed in accordance with paragraph 29(a)(i)(3), and with reference to paragraphs B32–B57, disclose: (1) the categories included within the entity’s measure of Scope 3 greenhouse gas emissions, in accordance with the Scope 3 categories described in the Greenhouse Gas Protocol Corporate Value Chain (Scope 3) Accounting and Reporting Standard (2011); and (2) additional information about the entity’s financed emissions (which are part of Category 15 greenhouse gas emissions), if its activities include asset management, commercial banking or insurance (see paragraphs B58–B63A); (b) climate-related transition risks—the amount and percentage of assets or business activities vulnerable to climate-related transition risks; (c) climate-related physical risks—the amount and percentage of assets or business activities vulnerable to climate-related physical risks; (d) climate-related opportunities—the amount and percentage of assets or business activities aligned with climate-related opportunities; (e) capital deployment—the amount of capital expenditure, financing or investment deployed towards climate-related risks and opportunities; (f) internal carbon prices—the entity shall disclose: (i) an explanation of whether and how the entity is applying a carbon price in decision-making (for example, investment decisions, transfer pricing and scenario analysis); and (ii) the price for each metric tonne of greenhouse gas emissions the entity uses to assess the costs of its greenhouse gas emissions; (g) remuneration—the entity shall disclose: (i) a description of whether and how climate-related considerations are factored into executive remuneration (see also paragraph 6(a)(v)); and (ii) the percentage of executive management remuneration recognised in the current period that is linked to climate-related considerations.",(c),mandatory,True,"[""metrics"", ""targets""]",medium,1.0,1.0
IFRS_S2_29_C22,IFRS S2,29,15,Metrics and Targets,Metrics and targets,Climate-related metrics,An entity shall disclose information relevant to the cross-industry metric categories of — (d) climate-related opportunities—the amount and percentage of assets or business activities aligned with climate-related opportunities,"An entity shall disclose information relevant to the cross-industry metric categories of: (a) greenhouse gases—the entity shall: (i) disclose its absolute gross greenhouse gas emissions generated during the reporting period, expressed as metric tonnes of CO2 equivalent (see paragraphs B19–B22), classified as: (1) Scope 1 greenhouse gas emissions; (2) Scope 2 greenhouse gas emissions; and (3) Scope 3 greenhouse gas emissions; (ii) measure its greenhouse gas emissions in accordance with the Greenhouse Gas Protocol: A Corporate Accounting and Reporting Standard (2004) unless the entity is required, in whole or in part, by a jurisdictional authority or an exchange on which it is listed to use a different method for measuring its greenhouse gas emissions (see paragraphs B23–B25); (iii) disclose the approach it uses to measure its greenhouse gas emissions (see paragraphs B26–B29) including: (1) the measurement approach, inputs and assumptions the entity uses to measure its greenhouse gas emissions; (2) the reason why the entity has chosen the measurement approach, inputs and assumptions it uses to measure its greenhouse gas emissions; and (3) any changes the entity made to the measurement approach, inputs and assumptions during the reporting period and the reasons for those changes; (iv) for Scope 1 and Scope 2 greenhouse gas emissions disclosed in accordance with paragraph 29(a)(i)(1)–(2), disaggregate emissions between: (1) the consolidated accounting group (for example, for an entity applying IFRS Accounting Standards, this group would comprise the parent and its consolidated subsidiaries); and (2) other investees excluded from paragraph 29(a)(iv)(1) (for example, for an entity applying IFRS Accounting Standards, these investees would include associates, joint ventures and unconsolidated subsidiaries); (v) for Scope 2 greenhouse gas emissions disclosed in accordance with paragraph 29(a)(i)(2), disclose its location-based Scope 2 greenhouse gas emissions, and provide information about any contractual instruments that is necessary to inform users’ understanding of the entity’s Scope 2 greenhouse gas emissions (see paragraphs B30–B31); and (vi) for Scope 3 greenhouse gas emissions disclosed in accordance with paragraph 29(a)(i)(3), and with reference to paragraphs B32–B57, disclose: (1) the categories included within the entity’s measure of Scope 3 greenhouse gas emissions, in accordance with the Scope 3 categories described in the Greenhouse Gas Protocol Corporate Value Chain (Scope 3) Accounting and Reporting Standard (2011); and (2) additional information about the entity’s financed emissions (which are part of Category 15 greenhouse gas emissions), if its activities include asset management, commercial banking or insurance (see paragraphs B58–B63A); (b) climate-related transition risks—the amount and percentage of assets or business activities vulnerable to climate-related transition risks; (c) climate-related physical risks—the amount and percentage of assets or business activities vulnerable to climate-related physical risks; (d) climate-related opportunities—the amount and percentage of assets or business activities aligned with climate-related opportunities; (e) capital deployment—the amount of capital expenditure, financing or investment deployed towards climate-related risks and opportunities; (f) internal carbon prices—the entity shall disclose: (i) an explanation of whether and how the entity is applying a carbon price in decision-making (for example, investment decisions, transfer pricing and scenario analysis); and (ii) the price for each metric tonne of greenhouse gas emissions the entity uses to assess the costs of its greenhouse gas emissions; (g) remuneration—the entity shall disclose: (i) a description of whether and how climate-related considerations are factored into executive remuneration (see also paragraph 6(a)(v)); and (ii) the percentage of executive management remuneration recognised in the current period that is linked to climate-related considerations.",(d),mandatory,True,"[""metrics"", ""targets""]",medium,1.0,1.0
IFRS_S2_29_C23,IFRS S2,29,15,Metrics and Targets,Metrics and targets,Climate-related metrics,"An entity shall disclose information relevant to the cross-industry metric categories of — (e) capital deployment—the amount of capital expenditure, financing or investment deployed towards climate-related risks and opportunities","An entity shall disclose information relevant to the cross-industry metric categories of: (a) greenhouse gases—the entity shall: (i) disclose its absolute gross greenhouse gas emissions generated during the reporting period, expressed as metric tonnes of CO2 equivalent (see paragraphs B19–B22), classified as: (1) Scope 1 greenhouse gas emissions; (2) Scope 2 greenhouse gas emissions; and (3) Scope 3 greenhouse gas emissions; (ii) measure its greenhouse gas emissions in accordance with the Greenhouse Gas Protocol: A Corporate Accounting and Reporting Standard (2004) unless the entity is required, in whole or in part, by a jurisdictional authority or an exchange on which it is listed to use a different method for measuring its greenhouse gas emissions (see paragraphs B23–B25); (iii) disclose the approach it uses to measure its greenhouse gas emissions (see paragraphs B26–B29) including: (1) the measurement approach, inputs and assumptions the entity uses to measure its greenhouse gas emissions; (2) the reason why the entity has chosen the measurement approach, inputs and assumptions it uses to measure its greenhouse gas emissions; and (3) any changes the entity made to the measurement approach, inputs and assumptions during the reporting period and the reasons for those changes; (iv) for Scope 1 and Scope 2 greenhouse gas emissions disclosed in accordance with paragraph 29(a)(i)(1)–(2), disaggregate emissions between: (1) the consolidated accounting group (for example, for an entity applying IFRS Accounting Standards, this group would comprise the parent and its consolidated subsidiaries); and (2) other investees excluded from paragraph 29(a)(iv)(1) (for example, for an entity applying IFRS Accounting Standards, these investees would include associates, joint ventures and unconsolidated subsidiaries); (v) for Scope 2 greenhouse gas emissions disclosed in accordance with paragraph 29(a)(i)(2), disclose its location-based Scope 2 greenhouse gas emissions, and provide information about any contractual instruments that is necessary to inform users’ understanding of the entity’s Scope 2 greenhouse gas emissions (see paragraphs B30–B31); and (vi) for Scope 3 greenhouse gas emissions disclosed in accordance with paragraph 29(a)(i)(3), and with reference to paragraphs B32–B57, disclose: (1) the categories included within the entity’s measure of Scope 3 greenhouse gas emissions, in accordance with the Scope 3 categories described in the Greenhouse Gas Protocol Corporate Value Chain (Scope 3) Accounting and Reporting Standard (2011); and (2) additional information about the entity’s financed emissions (which are part of Category 15 greenhouse gas emissions), if its activities include asset management, commercial banking or insurance (see paragraphs B58–B63A); (b) climate-related transition risks—the amount and percentage of assets or business activities vulnerable to climate-related transition risks; (c) climate-related physical risks—the amount and percentage of assets or business activities vulnerable to climate-related physical risks; (d) climate-related opportunities—the amount and percentage of assets or business activities aligned with climate-related opportunities; (e) capital deployment—the amount of capital expenditure, financing or investment deployed towards climate-related risks and opportunities; (f) internal carbon prices—the entity shall disclose: (i) an explanation of whether and how the entity is applying a carbon price in decision-making (for example, investment decisions, transfer pricing and scenario analysis); and (ii) the price for each metric tonne of greenhouse gas emissions the entity uses to assess the costs of its greenhouse gas emissions; (g) remuneration—the entity shall disclose: (i) a description of whether and how climate-related considerations are factored into executive remuneration (see also paragraph 6(a)(v)); and (ii) the percentage of executive management remuneration recognised in the current period that is linked to climate-related considerations.",(e),mandatory,True,"[""metrics"", ""targets""]",medium,1.0,1.0
IFRS_S2_29_C25,IFRS S2,29,15,Metrics and Targets,Metrics and targets,Climate-related metrics,"An entity shall disclose information relevant to the cross-industry metric categories of — (f) internal carbon prices—the entity shall disclose: — (i) an explanation of whether and how the entity is applying a carbon price in decision-making (for example, investment decisions, transfer pricing and scenario analysis)","An entity shall disclose information relevant to the cross-industry metric categories of: (a) greenhouse gases—the entity shall: (i) disclose its absolute gross greenhouse gas emissions generated during the reporting period, expressed as metric tonnes of CO2 equivalent (see paragraphs B19–B22), classified as: (1) Scope 1 greenhouse gas emissions; (2) Scope 2 greenhouse gas emissions; and (3) Scope 3 greenhouse gas emissions; (ii) measure its greenhouse gas emissions in accordance with the Greenhouse Gas Protocol: A Corporate Accounting and Reporting Standard (2004) unless the entity is required, in whole or in part, by a jurisdictional authority or an exchange on which it is listed to use a different method for measuring its greenhouse gas emissions (see paragraphs B23–B25); (iii) disclose the approach it uses to measure its greenhouse gas emissions (see paragraphs B26–B29) including: (1) the measurement approach, inputs and assumptions the entity uses to measure its greenhouse gas emissions; (2) the reason why the entity has chosen the measurement approach, inputs and assumptions it uses to measure its greenhouse gas emissions; and (3) any changes the entity made to the measurement approach, inputs and assumptions during the reporting period and the reasons for those changes; (iv) for Scope 1 and Scope 2 greenhouse gas emissions disclosed in accordance with paragraph 29(a)(i)(1)–(2), disaggregate emissions between: (1) the consolidated accounting group (for example, for an entity applying IFRS Accounting Standards, this group would comprise the parent and its consolidated subsidiaries); and (2) other investees excluded from paragraph 29(a)(iv)(1) (for example, for an entity applying IFRS Accounting Standards, these investees would include associates, joint ventures and unconsolidated subsidiaries); (v) for Scope 2 greenhouse gas emissions disclosed in accordance with paragraph 29(a)(i)(2), disclose its location-based Scope 2 greenhouse gas emissions, and provide information about any contractual instruments that is necessary to inform users’ understanding of the entity’s Scope 2 greenhouse gas emissions (see paragraphs B30–B31); and (vi) for Scope 3 greenhouse gas emissions disclosed in accordance with paragraph 29(a)(i)(3), and with reference to paragraphs B32–B57, disclose: (1) the categories included within the entity’s measure of Scope 3 greenhouse gas emissions, in accordance with the Scope 3 categories described in the Greenhouse Gas Protocol Corporate Value Chain (Scope 3) Accounting and Reporting Standard (2011); and (2) additional information about the entity’s financed emissions (which are part of Category 15 greenhouse gas emissions), if its activities include asset management, commercial banking or insurance (see paragraphs B58–B63A); (b) climate-related transition risks—the amount and percentage of assets or business activities vulnerable to climate-related transition risks; (c) climate-related physical risks—the amount and percentage of assets or business activities vulnerable to climate-related physical risks; (d) climate-related opportunities—the amount and percentage of assets or business activities aligned with climate-related opportunities; (e) capital deployment—the amount of capital expenditure, financing or investment deployed towards climate-related risks and opportunities; (f) internal carbon prices—the entity shall disclose: (i) an explanation of whether and how the entity is applying a carbon price in decision-making (for example, investment decisions, transfer pricing and scenario analysis); and (ii) the price for each metric tonne of greenhouse gas emissions the entity uses to assess the costs of its greenhouse gas emissions; (g) remuneration—the entity shall disclose: (i) a description of whether and how climate-related considerations are factored into executive remuneration (see also paragraph 6(a)(v)); and (ii) the percentage of executive management remuneration recognised in the current period that is linked to climate-related considerations.",(f)>(i),mandatory,True,"[""scenario_analysis"", ""metrics"", ""targets""]",medium,1.0,1.0
IFRS_S2_29_C26,IFRS S2,29,15,Metrics and Targets,Metrics and targets,Climate-related metrics,An entity shall disclose information relevant to the cross-industry metric categories of — (f) internal carbon prices—the entity shall disclose: — (ii) the price for each metric tonne of greenhouse gas emissions the entity uses to assess the costs of its greenhouse gas emissions,"An entity shall disclose information relevant to the cross-industry metric categories of: (a) greenhouse gases—the entity shall: (i) disclose its absolute gross greenhouse gas emissions generated during the reporting period, expressed as metric tonnes of CO2 equivalent (see paragraphs B19–B22), classified as: (1) Scope 1 greenhouse gas emissions; (2) Scope 2 greenhouse gas emissions; and (3) Scope 3 greenhouse gas emissions; (ii) measure its greenhouse gas emissions in accordance with the Greenhouse Gas Protocol: A Corporate Accounting and Reporting Standard (2004) unless the entity is required, in whole or in part, by a jurisdictional authority or an exchange on which it is listed to use a different method for measuring its greenhouse gas emissions (see paragraphs B23–B25); (iii) disclose the approach it uses to measure its greenhouse gas emissions (see paragraphs B26–B29) including: (1) the measurement approach, inputs and assumptions the entity uses to measure its greenhouse gas emissions; (2) the reason why the entity has chosen the measurement approach, inputs and assumptions it uses to measure its greenhouse gas emissions; and (3) any changes the entity made to the measurement approach, inputs and assumptions during the reporting period and the reasons for those changes; (iv) for Scope 1 and Scope 2 greenhouse gas emissions disclosed in accordance with paragraph 29(a)(i)(1)–(2), disaggregate emissions between: (1) the consolidated accounting group (for example, for an entity applying IFRS Accounting Standards, this group would comprise the parent and its consolidated subsidiaries); and (2) other investees excluded from paragraph 29(a)(iv)(1) (for example, for an entity applying IFRS Accounting Standards, these investees would include associates, joint ventures and unconsolidated subsidiaries); (v) for Scope 2 greenhouse gas emissions disclosed in accordance with paragraph 29(a)(i)(2), disclose its location-based Scope 2 greenhouse gas emissions, and provide information about any contractual instruments that is necessary to inform users’ understanding of the entity’s Scope 2 greenhouse gas emissions (see paragraphs B30–B31); and (vi) for Scope 3 greenhouse gas emissions disclosed in accordance with paragraph 29(a)(i)(3), and with reference to paragraphs B32–B57, disclose: (1) the categories included within the entity’s measure of Scope 3 greenhouse gas emissions, in accordance with the Scope 3 categories described in the Greenhouse Gas Protocol Corporate Value Chain (Scope 3) Accounting and Reporting Standard (2011); and (2) additional information about the entity’s financed emissions (which are part of Category 15 greenhouse gas emissions), if its activities include asset management, commercial banking or insurance (see paragraphs B58–B63A); (b) climate-related transition risks—the amount and percentage of assets or business activities vulnerable to climate-related transition risks; (c) climate-related physical risks—the amount and percentage of assets or business activities vulnerable to climate-related physical risks; (d) climate-related opportunities—the amount and percentage of assets or business activities aligned with climate-related opportunities; (e) capital deployment—the amount of capital expenditure, financing or investment deployed towards climate-related risks and opportunities; (f) internal carbon prices—the entity shall disclose: (i) an explanation of whether and how the entity is applying a carbon price in decision-making (for example, investment decisions, transfer pricing and scenario analysis); and (ii) the price for each metric tonne of greenhouse gas emissions the entity uses to assess the costs of its greenhouse gas emissions; (g) remuneration—the entity shall disclose: (i) a description of whether and how climate-related considerations are factored into executive remuneration (see also paragraph 6(a)(v)); and (ii) the percentage of executive management remuneration recognised in the current period that is linked to climate-related considerations.",(f)>(ii),mandatory,True,"[""metrics"", ""targets"", ""ghg_emissions""]",medium,1.0,1.0
IFRS_S2_29_C28,IFRS S2,29,15,Metrics and Targets,Metrics and targets,Climate-related metrics,An entity shall disclose information relevant to the cross-industry metric categories of — (g) remuneration—the entity shall disclose: — (i) a description of whether and how climate-related considerations are factored into executive remuneration (see also paragraph 6(a)(v)),"An entity shall disclose information relevant to the cross-industry metric categories of: (a) greenhouse gases—the entity shall: (i) disclose its absolute gross greenhouse gas emissions generated during the reporting period, expressed as metric tonnes of CO2 equivalent (see paragraphs B19–B22), classified as: (1) Scope 1 greenhouse gas emissions; (2) Scope 2 greenhouse gas emissions; and (3) Scope 3 greenhouse gas emissions; (ii) measure its greenhouse gas emissions in accordance with the Greenhouse Gas Protocol: A Corporate Accounting and Reporting Standard (2004) unless the entity is required, in whole or in part, by a jurisdictional authority or an exchange on which it is listed to use a different method for measuring its greenhouse gas emissions (see paragraphs B23–B25); (iii) disclose the approach it uses to measure its greenhouse gas emissions (see paragraphs B26–B29) including: (1) the measurement approach, inputs and assumptions the entity uses to measure its greenhouse gas emissions; (2) the reason why the entity has chosen the measurement approach, inputs and assumptions it uses to measure its greenhouse gas emissions; and (3) any changes the entity made to the measurement approach, inputs and assumptions during the reporting period and the reasons for those changes; (iv) for Scope 1 and Scope 2 greenhouse gas emissions disclosed in accordance with paragraph 29(a)(i)(1)–(2), disaggregate emissions between: (1) the consolidated accounting group (for example, for an entity applying IFRS Accounting Standards, this group would comprise the parent and its consolidated subsidiaries); and (2) other investees excluded from paragraph 29(a)(iv)(1) (for example, for an entity applying IFRS Accounting Standards, these investees would include associates, joint ventures and unconsolidated subsidiaries); (v) for Scope 2 greenhouse gas emissions disclosed in accordance with paragraph 29(a)(i)(2), disclose its location-based Scope 2 greenhouse gas emissions, and provide information about any contractual instruments that is necessary to inform users’ understanding of the entity’s Scope 2 greenhouse gas emissions (see paragraphs B30–B31); and (vi) for Scope 3 greenhouse gas emissions disclosed in accordance with paragraph 29(a)(i)(3), and with reference to paragraphs B32–B57, disclose: (1) the categories included within the entity’s measure of Scope 3 greenhouse gas emissions, in accordance with the Scope 3 categories described in the Greenhouse Gas Protocol Corporate Value Chain (Scope 3) Accounting and Reporting Standard (2011); and (2) additional information about the entity’s financed emissions (which are part of Category 15 greenhouse gas emissions), if its activities include asset management, commercial banking or insurance (see paragraphs B58–B63A); (b) climate-related transition risks—the amount and percentage of assets or business activities vulnerable to climate-related transition risks; (c) climate-related physical risks—the amount and percentage of assets or business activities vulnerable to climate-related physical risks; (d) climate-related opportunities—the amount and percentage of assets or business activities aligned with climate-related opportunities; (e) capital deployment—the amount of capital expenditure, financing or investment deployed towards climate-related risks and opportunities; (f) internal carbon prices—the entity shall disclose: (i) an explanation of whether and how the entity is applying a carbon price in decision-making (for example, investment decisions, transfer pricing and scenario analysis); and (ii) the price for each metric tonne of greenhouse gas emissions the entity uses to assess the costs of its greenhouse gas emissions; (g) remuneration—the entity shall disclose: (i) a description of whether and how climate-related considerations are factored into executive remuneration (see also paragraph 6(a)(v)); and (ii) the percentage of executive management remuneration recognised in the current period that is linked to climate-related considerations.",(g)>(i),mandatory,True,"[""metrics"", ""targets"", ""remuneration""]",medium,1.0,1.0
IFRS_S2_29_C29,IFRS S2,29,15,Metrics and Targets,Metrics and targets,Climate-related metrics,An entity shall disclose information relevant to the cross-industry metric categories of — (g) remuneration—the entity shall disclose: — (ii) the percentage of executive management remuneration recognised in the current period that is linked to climate-related considerations.,"An entity shall disclose information relevant to the cross-industry metric categories of: (a) greenhouse gases—the entity shall: (i) disclose its absolute gross greenhouse gas emissions generated during the reporting period, expressed as metric tonnes of CO2 equivalent (see paragraphs B19–B22), classified as: (1) Scope 1 greenhouse gas emissions; (2) Scope 2 greenhouse gas emissions; and (3) Scope 3 greenhouse gas emissions; (ii) measure its greenhouse gas emissions in accordance with the Greenhouse Gas Protocol: A Corporate Accounting and Reporting Standard (2004) unless the entity is required, in whole or in part, by a jurisdictional authority or an exchange on which it is listed to use a different method for measuring its greenhouse gas emissions (see paragraphs B23–B25); (iii) disclose the approach it uses to measure its greenhouse gas emissions (see paragraphs B26–B29) including: (1) the measurement approach, inputs and assumptions the entity uses to measure its greenhouse gas emissions; (2) the reason why the entity has chosen the measurement approach, inputs and assumptions it uses to measure its greenhouse gas emissions; and (3) any changes the entity made to the measurement approach, inputs and assumptions during the reporting period and the reasons for those changes; (iv) for Scope 1 and Scope 2 greenhouse gas emissions disclosed in accordance with paragraph 29(a)(i)(1)–(2), disaggregate emissions between: (1) the consolidated accounting group (for example, for an entity applying IFRS Accounting Standards, this group would comprise the parent and its consolidated subsidiaries); and (2) other investees excluded from paragraph 29(a)(iv)(1) (for example, for an entity applying IFRS Accounting Standards, these investees would include associates, joint ventures and unconsolidated subsidiaries); (v) for Scope 2 greenhouse gas emissions disclosed in accordance with paragraph 29(a)(i)(2), disclose its location-based Scope 2 greenhouse gas emissions, and provide information about any contractual instruments that is necessary to inform users’ understanding of the entity’s Scope 2 greenhouse gas emissions (see paragraphs B30–B31); and (vi) for Scope 3 greenhouse gas emissions disclosed in accordance with paragraph 29(a)(i)(3), and with reference to paragraphs B32–B57, disclose: (1) the categories included within the entity’s measure of Scope 3 greenhouse gas emissions, in accordance with the Scope 3 categories described in the Greenhouse Gas Protocol Corporate Value Chain (Scope 3) Accounting and Reporting Standard (2011); and (2) additional information about the entity’s financed emissions (which are part of Category 15 greenhouse gas emissions), if its activities include asset management, commercial banking or insurance (see paragraphs B58–B63A); (b) climate-related transition risks—the amount and percentage of assets or business activities vulnerable to climate-related transition risks; (c) climate-related physical risks—the amount and percentage of assets or business activities vulnerable to climate-related physical risks; (d) climate-related opportunities—the amount and percentage of assets or business activities aligned with climate-related opportunities; (e) capital deployment—the amount of capital expenditure, financing or investment deployed towards climate-related risks and opportunities; (f) internal carbon prices—the entity shall disclose: (i) an explanation of whether and how the entity is applying a carbon price in decision-making (for example, investment decisions, transfer pricing and scenario analysis); and (ii) the price for each metric tonne of greenhouse gas emissions the entity uses to assess the costs of its greenhouse gas emissions; (g) remuneration—the entity shall disclose: (i) a description of whether and how climate-related considerations are factored into executive remuneration (see also paragraph 6(a)(v)); and (ii) the percentage of executive management remuneration recognised in the current period that is linked to climate-related considerations.",(g)>(ii),mandatory,True,"[""metrics"", ""targets"", ""remuneration""]",medium,1.0,1.0
IFRS_S2_29B_C01,IFRS S2,29B,17,Metrics and Targets,Metrics and targets,Climate-related metrics,"If an entity applies the limitation in paragraph 29A, the entity shall — (a) explain what it has treated as a derivative to enable users of general purpose financial reports to understand how it applied the limitation. For example, the entity could explain that, in applying the limitation, it treated as derivatives items that meet the definition of a derivative in accordance with the requirements of IFRS Accounting Standards or other applicable generally accepted accounting principles or practices (GAAP) used in preparing its related financial statements.","If an entity applies the limitation in paragraph 29A, the entity shall: (a) explain what it has treated as a derivative to enable users of general purpose financial reports to understand how it applied the limitation. For example, the entity could explain that, in applying the limitation, it treated as derivatives items that meet the definition of a derivative in accordance with the requirements of IFRS Accounting Standards or other applicable generally accepted accounting principles or practices (GAAP) used in preparing its related financial statements. (b) describe the financial activities it has excluded from its measure of Scope 3 Category 15 greenhouse gas emissions as a result of applying paragraph 29A, including activities associated with derivatives.",(a),mandatory,True,"[""metrics"", ""targets"", ""connected_information""]",medium,1.0,1.0
IFRS_S2_29B_C02,IFRS S2,29B,17,Metrics and Targets,Metrics and targets,Climate-related metrics,"If an entity applies the limitation in paragraph 29A, the entity shall — (b) describe the financial activities it has excluded from its measure of Scope 3 Category 15 greenhouse gas emissions as a result of applying paragraph 29A, including activities associated with derivatives.","If an entity applies the limitation in paragraph 29A, the entity shall: (a) explain what it has treated as a derivative to enable users of general purpose financial reports to understand how it applied the limitation. For example, the entity could explain that, in applying the limitation, it treated as derivatives items that meet the definition of a derivative in accordance with the requirements of IFRS Accounting Standards or other applicable generally accepted accounting principles or practices (GAAP) used in preparing its related financial statements. (b) describe the financial activities it has excluded from its measure of Scope 3 Category 15 greenhouse gas emissions as a result of applying paragraph 29A, including activities associated with derivatives.",(b),mandatory,True,"[""metrics"", ""targets"", ""ghg_emissions"", ""scope_3"", ""financed_emissions""]",high,1.0,1.0
IFRS_S2_29C_C01,IFRS S2,29C,17,Metrics and Targets,Metrics and targets,Climate-related metrics,"If an entity has included Category 15 greenhouse gas emissions in its measure of Scope 3 greenhouse gas emissions disclosed in accordance with paragraph 29(a)(i)(3), the entity shall disclose the total Category 15 greenhouse gas emissions and the subtotal of financed emissions included in that total.","If an entity has included Category 15 greenhouse gas emissions in its measure of Scope 3 greenhouse gas emissions disclosed in accordance with paragraph 29(a)(i)(3), the entity shall disclose the total Category 15 greenhouse gas emissions and the subtotal of financed emissions included in that total.",,mandatory,True,"[""metrics"", ""targets"", ""ghg_emissions"", ""scope_3"", ""financed_emissions""]",high,1.0,1.0
IFRS_S2_30_C01,IFRS S2,30,17,Metrics and Targets,Metrics and targets,Climate-related metrics,"In preparing disclosures to meet the requirements in paragraph 29(b)–(d), an entity shall use all reasonable and supportable information that is available to the entity at the reporting date without undue cost or effort.","In preparing disclosures to meet the requirements in paragraph 29(b)–(d), an entity shall use all reasonable and supportable information that is available to the entity at the reporting date without undue cost or effort.",,mandatory,True,"[""metrics"", ""targets""]",medium,1.0,1.0
IFRS_S2_31_C01,IFRS S2,31,17,Metrics and Targets,Metrics and targets,Climate-related metrics,"In preparing disclosures to meet the requirements in paragraph 29(b)–(g), an entity shall refer to paragraphs B64–B65.","In preparing disclosures to meet the requirements in paragraph 29(b)–(g), an entity shall refer to paragraphs B64–B65.",,mandatory,True,"[""metrics"", ""targets""]",medium,1.0,1.0
IFRS_S2_32_C01,IFRS S2,32,18,Metrics and Targets,Metrics and targets,Climate-related metrics,"An entity shall disclose industry-based metrics that are associated with one or more particular business models, activities or other common features that characterise participation in an industry. In determining the industry-based metrics that the entity discloses, the entity shall refer to and consider the applicability of the industry-based metrics associated with disclosure topics described in the Industry-based Guidance on Implementing IFRS S2.","An entity shall disclose industry-based metrics that are associated with one or more particular business models, activities or other common features that characterise participation in an industry. In determining the industry-based metrics that the entity discloses, the entity shall refer to and consider the applicability of the industry-based metrics associated with disclosure topics described in the Industry-based Guidance on Implementing IFRS S2.",,mandatory,True,"[""business_model_value_chain"", ""metrics"", ""targets"", ""source_guidance""]",medium,1.0,1.0
IFRS_S2_33_C01,IFRS S2,33,18,Metrics and Targets,Metrics and targets,Climate-related targets,"An entity shall disclose the quantitative and qualitative climate-related targets it has set to monitor progress towards achieving its strategic goals, and any targets it is required to meet by law or regulation, including any greenhouse gas emissions targets. For each target, the entity shall disclose — (a) the metric used to set the target (see paragraphs B66–B67)","An entity shall disclose the quantitative and qualitative climate-related targets it has set to monitor progress towards achieving its strategic goals, and any targets it is required to meet by law or regulation, including any greenhouse gas emissions targets. For each target, the entity shall disclose: (a) the metric used to set the target (see paragraphs B66–B67); (b) the objective of the target (for example, mitigation, adaptation or conformance with science-based initiatives); (c) the part of the entity to which the target applies (for example, whether the target applies to the entity in its entirety or only a part of the entity, such as a specific business unit or specific geographical region); (d) the period over which the target applies; (e) the base period from which progress is measured; (f) any milestones and interim targets; (g) if the target is quantitative, whether it is an absolute target or an intensity target; and (h) how the latest international agreement on climate change, including jurisdictional commitments that arise from that agreement, has informed the target.",(a),mandatory,True,"[""metrics"", ""targets"", ""ghg_emissions""]",medium,1.0,1.0
IFRS_S2_33_C02,IFRS S2,33,18,Metrics and Targets,Metrics and targets,Climate-related targets,"An entity shall disclose the quantitative and qualitative climate-related targets it has set to monitor progress towards achieving its strategic goals, and any targets it is required to meet by law or regulation, including any greenhouse gas emissions targets. For each target, the entity shall disclose — (b) the objective of the target (for example, mitigation, adaptation or conformance with science-based initiatives)","An entity shall disclose the quantitative and qualitative climate-related targets it has set to monitor progress towards achieving its strategic goals, and any targets it is required to meet by law or regulation, including any greenhouse gas emissions targets. For each target, the entity shall disclose: (a) the metric used to set the target (see paragraphs B66–B67); (b) the objective of the target (for example, mitigation, adaptation or conformance with science-based initiatives); (c) the part of the entity to which the target applies (for example, whether the target applies to the entity in its entirety or only a part of the entity, such as a specific business unit or specific geographical region); (d) the period over which the target applies; (e) the base period from which progress is measured; (f) any milestones and interim targets; (g) if the target is quantitative, whether it is an absolute target or an intensity target; and (h) how the latest international agreement on climate change, including jurisdictional commitments that arise from that agreement, has informed the target.",(b),mandatory,True,"[""metrics"", ""targets"", ""ghg_emissions""]",medium,1.0,1.0
IFRS_S2_33_C03,IFRS S2,33,18,Metrics and Targets,Metrics and targets,Climate-related targets,"An entity shall disclose the quantitative and qualitative climate-related targets it has set to monitor progress towards achieving its strategic goals, and any targets it is required to meet by law or regulation, including any greenhouse gas emissions targets. For each target, the entity shall disclose — (c) the part of the entity to which the target applies (for example, whether the target applies to the entity in its entirety or only a part of the entity, such as a specific business unit or specific geographical region)","An entity shall disclose the quantitative and qualitative climate-related targets it has set to monitor progress towards achieving its strategic goals, and any targets it is required to meet by law or regulation, including any greenhouse gas emissions targets. For each target, the entity shall disclose: (a) the metric used to set the target (see paragraphs B66–B67); (b) the objective of the target (for example, mitigation, adaptation or conformance with science-based initiatives); (c) the part of the entity to which the target applies (for example, whether the target applies to the entity in its entirety or only a part of the entity, such as a specific business unit or specific geographical region); (d) the period over which the target applies; (e) the base period from which progress is measured; (f) any milestones and interim targets; (g) if the target is quantitative, whether it is an absolute target or an intensity target; and (h) how the latest international agreement on climate change, including jurisdictional commitments that arise from that agreement, has informed the target.",(c),mandatory,True,"[""metrics"", ""targets"", ""ghg_emissions""]",medium,1.0,1.0
IFRS_S2_33_C04,IFRS S2,33,18,Metrics and Targets,Metrics and targets,Climate-related targets,"An entity shall disclose the quantitative and qualitative climate-related targets it has set to monitor progress towards achieving its strategic goals, and any targets it is required to meet by law or regulation, including any greenhouse gas emissions targets. For each target, the entity shall disclose — (d) the period over which the target applies","An entity shall disclose the quantitative and qualitative climate-related targets it has set to monitor progress towards achieving its strategic goals, and any targets it is required to meet by law or regulation, including any greenhouse gas emissions targets. For each target, the entity shall disclose: (a) the metric used to set the target (see paragraphs B66–B67); (b) the objective of the target (for example, mitigation, adaptation or conformance with science-based initiatives); (c) the part of the entity to which the target applies (for example, whether the target applies to the entity in its entirety or only a part of the entity, such as a specific business unit or specific geographical region); (d) the period over which the target applies; (e) the base period from which progress is measured; (f) any milestones and interim targets; (g) if the target is quantitative, whether it is an absolute target or an intensity target; and (h) how the latest international agreement on climate change, including jurisdictional commitments that arise from that agreement, has informed the target.",(d),mandatory,True,"[""metrics"", ""targets"", ""ghg_emissions""]",medium,1.0,1.0
IFRS_S2_33_C05,IFRS S2,33,18,Metrics and Targets,Metrics and targets,Climate-related targets,"An entity shall disclose the quantitative and qualitative climate-related targets it has set to monitor progress towards achieving its strategic goals, and any targets it is required to meet by law or regulation, including any greenhouse gas emissions targets. For each target, the entity shall disclose — (e) the base period from which progress is measured","An entity shall disclose the quantitative and qualitative climate-related targets it has set to monitor progress towards achieving its strategic goals, and any targets it is required to meet by law or regulation, including any greenhouse gas emissions targets. For each target, the entity shall disclose: (a) the metric used to set the target (see paragraphs B66–B67); (b) the objective of the target (for example, mitigation, adaptation or conformance with science-based initiatives); (c) the part of the entity to which the target applies (for example, whether the target applies to the entity in its entirety or only a part of the entity, such as a specific business unit or specific geographical region); (d) the period over which the target applies; (e) the base period from which progress is measured; (f) any milestones and interim targets; (g) if the target is quantitative, whether it is an absolute target or an intensity target; and (h) how the latest international agreement on climate change, including jurisdictional commitments that arise from that agreement, has informed the target.",(e),mandatory,True,"[""metrics"", ""targets"", ""ghg_emissions""]",medium,1.0,1.0
IFRS_S2_33_C06,IFRS S2,33,18,Metrics and Targets,Metrics and targets,Climate-related targets,"An entity shall disclose the quantitative and qualitative climate-related targets it has set to monitor progress towards achieving its strategic goals, and any targets it is required to meet by law or regulation, including any greenhouse gas emissions targets. For each target, the entity shall disclose — (f) any milestones and interim targets","An entity shall disclose the quantitative and qualitative climate-related targets it has set to monitor progress towards achieving its strategic goals, and any targets it is required to meet by law or regulation, including any greenhouse gas emissions targets. For each target, the entity shall disclose: (a) the metric used to set the target (see paragraphs B66–B67); (b) the objective of the target (for example, mitigation, adaptation or conformance with science-based initiatives); (c) the part of the entity to which the target applies (for example, whether the target applies to the entity in its entirety or only a part of the entity, such as a specific business unit or specific geographical region); (d) the period over which the target applies; (e) the base period from which progress is measured; (f) any milestones and interim targets; (g) if the target is quantitative, whether it is an absolute target or an intensity target; and (h) how the latest international agreement on climate change, including jurisdictional commitments that arise from that agreement, has informed the target.",(f),mandatory,True,"[""metrics"", ""targets"", ""ghg_emissions""]",medium,1.0,1.0
IFRS_S2_33_C07,IFRS S2,33,18,Metrics and Targets,Metrics and targets,Climate-related targets,"An entity shall disclose the quantitative and qualitative climate-related targets it has set to monitor progress towards achieving its strategic goals, and any targets it is required to meet by law or regulation, including any greenhouse gas emissions targets. For each target, the entity shall disclose — (g) if the target is quantitative, whether it is an absolute target or an intensity target","An entity shall disclose the quantitative and qualitative climate-related targets it has set to monitor progress towards achieving its strategic goals, and any targets it is required to meet by law or regulation, including any greenhouse gas emissions targets. For each target, the entity shall disclose: (a) the metric used to set the target (see paragraphs B66–B67); (b) the objective of the target (for example, mitigation, adaptation or conformance with science-based initiatives); (c) the part of the entity to which the target applies (for example, whether the target applies to the entity in its entirety or only a part of the entity, such as a specific business unit or specific geographical region); (d) the period over which the target applies; (e) the base period from which progress is measured; (f) any milestones and interim targets; (g) if the target is quantitative, whether it is an absolute target or an intensity target; and (h) how the latest international agreement on climate change, including jurisdictional commitments that arise from that agreement, has informed the target.",(g),mandatory,True,"[""metrics"", ""targets"", ""ghg_emissions""]",medium,1.0,1.0
IFRS_S2_33_C08,IFRS S2,33,18,Metrics and Targets,Metrics and targets,Climate-related targets,"An entity shall disclose the quantitative and qualitative climate-related targets it has set to monitor progress towards achieving its strategic goals, and any targets it is required to meet by law or regulation, including any greenhouse gas emissions targets. For each target, the entity shall disclose — (h) how the latest international agreement on climate change, including jurisdictional commitments that arise from that agreement, has informed the target.","An entity shall disclose the quantitative and qualitative climate-related targets it has set to monitor progress towards achieving its strategic goals, and any targets it is required to meet by law or regulation, including any greenhouse gas emissions targets. For each target, the entity shall disclose: (a) the metric used to set the target (see paragraphs B66–B67); (b) the objective of the target (for example, mitigation, adaptation or conformance with science-based initiatives); (c) the part of the entity to which the target applies (for example, whether the target applies to the entity in its entirety or only a part of the entity, such as a specific business unit or specific geographical region); (d) the period over which the target applies; (e) the base period from which progress is measured; (f) any milestones and interim targets; (g) if the target is quantitative, whether it is an absolute target or an intensity target; and (h) how the latest international agreement on climate change, including jurisdictional commitments that arise from that agreement, has informed the target.",(h),mandatory,True,"[""metrics"", ""targets"", ""ghg_emissions""]",medium,1.0,1.0
IFRS_S2_34_C01,IFRS S2,34,18,Metrics and Targets,Metrics and targets,Climate-related targets,"An entity shall disclose information about its approach to setting and reviewing each target, and how it monitors progress against each target, including — (a) whether the target and the methodology for setting the target has been validated by a third party","An entity shall disclose information about its approach to setting and reviewing each target, and how it monitors progress against each target, including: (a) whether the target and the methodology for setting the target has been validated by a third party; (b) the entity’s processes for reviewing the target; (c) the metrics used to monitor progress towards reaching the target; and (d) any revisions to the target and an explanation for those revisions.",(a),mandatory,True,"[""metrics"", ""targets""]",medium,1.0,1.0
IFRS_S2_34_C02,IFRS S2,34,18,Metrics and Targets,Metrics and targets,Climate-related targets,"An entity shall disclose information about its approach to setting and reviewing each target, and how it monitors progress against each target, including — (b) the entity’s processes for reviewing the target","An entity shall disclose information about its approach to setting and reviewing each target, and how it monitors progress against each target, including: (a) whether the target and the methodology for setting the target has been validated by a third party; (b) the entity’s processes for reviewing the target; (c) the metrics used to monitor progress towards reaching the target; and (d) any revisions to the target and an explanation for those revisions.",(b),mandatory,True,"[""metrics"", ""targets""]",medium,1.0,1.0
IFRS_S2_34_C03,IFRS S2,34,18,Metrics and Targets,Metrics and targets,Climate-related targets,"An entity shall disclose information about its approach to setting and reviewing each target, and how it monitors progress against each target, including — (c) the metrics used to monitor progress towards reaching the target","An entity shall disclose information about its approach to setting and reviewing each target, and how it monitors progress against each target, including: (a) whether the target and the methodology for setting the target has been validated by a third party; (b) the entity’s processes for reviewing the target; (c) the metrics used to monitor progress towards reaching the target; and (d) any revisions to the target and an explanation for those revisions.",(c),mandatory,True,"[""metrics"", ""targets""]",medium,1.0,1.0
IFRS_S2_34_C04,IFRS S2,34,18,Metrics and Targets,Metrics and targets,Climate-related targets,"An entity shall disclose information about its approach to setting and reviewing each target, and how it monitors progress against each target, including — (d) any revisions to the target and an explanation for those revisions.","An entity shall disclose information about its approach to setting and reviewing each target, and how it monitors progress against each target, including: (a) whether the target and the methodology for setting the target has been validated by a third party; (b) the entity’s processes for reviewing the target; (c) the metrics used to monitor progress towards reaching the target; and (d) any revisions to the target and an explanation for those revisions.",(d),mandatory,True,"[""metrics"", ""targets""]",medium,1.0,1.0
IFRS_S2_35_C01,IFRS S2,35,18,Metrics and Targets,Metrics and targets,Climate-related targets,An entity shall disclose information about its performance against each climate-related target and an analysis of trends or changes in the entity’s performance.,An entity shall disclose information about its performance against each climate-related target and an analysis of trends or changes in the entity’s performance.,,mandatory,True,"[""metrics"", ""targets""]",medium,1.0,1.0
IFRS_S2_36_C01,IFRS S2,36,18,Metrics and Targets,Metrics and targets,Climate-related targets,"For each greenhouse gas emissions target disclosed in accordance with paragraphs 33–35, an entity shall disclose — (a) which greenhouse gases are covered by the target.","For each greenhouse gas emissions target disclosed in accordance with paragraphs 33–35, an entity shall disclose: (a) which greenhouse gases are covered by the target. (b) whether Scope 1, Scope 2 or Scope 3 greenhouse gas emissions are covered by the target. (c) whether the target is a gross greenhouse gas emissions target or net greenhouse gas emissions target. If the entity discloses a net greenhouse gas emissions target, the entity is also required to separately disclose its associated gross greenhouse gas emissions target (see paragraphs B68–B69). (d) whether the target was derived using a sectoral decarbonisation approach. (e) the entity’s planned use of carbon credits to offset greenhouse gas emissions to achieve any net greenhouse gas emissions target. In explaining its planned use of carbon credits the entity shall disclose information including, and with reference to paragraphs B70–B71: (i) the extent to which, and how, achieving any net greenhouse gas emissions target relies on the use of carbon credits; (ii) which third-party scheme(s) will verify or certify the carbon credits; (iii) the type of carbon credit, including whether the underlying offset will be nature-based or based on technological carbon removals, and whether the underlying offset is achieved through carbon reduction or removal; and (iv) any other factors necessary for users of general purpose financial reports to understand the credibility and integrity of the carbon credits the entity plans to use (for example, assumptions regarding the permanence of the carbon offset).",(a),mandatory,True,"[""metrics"", ""targets"", ""ghg_emissions""]",medium,1.0,1.0
IFRS_S2_36_C02,IFRS S2,36,18,Metrics and Targets,Metrics and targets,Climate-related targets,"For each greenhouse gas emissions target disclosed in accordance with paragraphs 33–35, an entity shall disclose — (b) whether Scope 1, Scope 2 or Scope 3 greenhouse gas emissions are covered by the target.","For each greenhouse gas emissions target disclosed in accordance with paragraphs 33–35, an entity shall disclose: (a) which greenhouse gases are covered by the target. (b) whether Scope 1, Scope 2 or Scope 3 greenhouse gas emissions are covered by the target. (c) whether the target is a gross greenhouse gas emissions target or net greenhouse gas emissions target. If the entity discloses a net greenhouse gas emissions target, the entity is also required to separately disclose its associated gross greenhouse gas emissions target (see paragraphs B68–B69). (d) whether the target was derived using a sectoral decarbonisation approach. (e) the entity’s planned use of carbon credits to offset greenhouse gas emissions to achieve any net greenhouse gas emissions target. In explaining its planned use of carbon credits the entity shall disclose information including, and with reference to paragraphs B70–B71: (i) the extent to which, and how, achieving any net greenhouse gas emissions target relies on the use of carbon credits; (ii) which third-party scheme(s) will verify or certify the carbon credits; (iii) the type of carbon credit, including whether the underlying offset will be nature-based or based on technological carbon removals, and whether the underlying offset is achieved through carbon reduction or removal; and (iv) any other factors necessary for users of general purpose financial reports to understand the credibility and integrity of the carbon credits the entity plans to use (for example, assumptions regarding the permanence of the carbon offset).",(b),mandatory,True,"[""metrics"", ""targets"", ""ghg_emissions"", ""scope_1"", ""scope_2"", ""scope_3""]",medium,1.0,1.0
IFRS_S2_36_C03,IFRS S2,36,18,Metrics and Targets,Metrics and targets,Climate-related targets,"For each greenhouse gas emissions target disclosed in accordance with paragraphs 33–35, an entity shall disclose — (c) whether the target is a gross greenhouse gas emissions target or net greenhouse gas emissions target. If the entity discloses a net greenhouse gas emissions target, the entity is also required to separately disclose its associated gross greenhouse gas emissions target (see paragraphs B68–B69).","For each greenhouse gas emissions target disclosed in accordance with paragraphs 33–35, an entity shall disclose: (a) which greenhouse gases are covered by the target. (b) whether Scope 1, Scope 2 or Scope 3 greenhouse gas emissions are covered by the target. (c) whether the target is a gross greenhouse gas emissions target or net greenhouse gas emissions target. If the entity discloses a net greenhouse gas emissions target, the entity is also required to separately disclose its associated gross greenhouse gas emissions target (see paragraphs B68–B69). (d) whether the target was derived using a sectoral decarbonisation approach. (e) the entity’s planned use of carbon credits to offset greenhouse gas emissions to achieve any net greenhouse gas emissions target. In explaining its planned use of carbon credits the entity shall disclose information including, and with reference to paragraphs B70–B71: (i) the extent to which, and how, achieving any net greenhouse gas emissions target relies on the use of carbon credits; (ii) which third-party scheme(s) will verify or certify the carbon credits; (iii) the type of carbon credit, including whether the underlying offset will be nature-based or based on technological carbon removals, and whether the underlying offset is achieved through carbon reduction or removal; and (iv) any other factors necessary for users of general purpose financial reports to understand the credibility and integrity of the carbon credits the entity plans to use (for example, assumptions regarding the permanence of the carbon offset).",(c),mandatory,True,"[""metrics"", ""targets"", ""ghg_emissions""]",medium,1.0,1.0
IFRS_S2_36_C04,IFRS S2,36,18,Metrics and Targets,Metrics and targets,Climate-related targets,"For each greenhouse gas emissions target disclosed in accordance with paragraphs 33–35, an entity shall disclose — (d) whether the target was derived using a sectoral decarbonisation approach.","For each greenhouse gas emissions target disclosed in accordance with paragraphs 33–35, an entity shall disclose: (a) which greenhouse gases are covered by the target. (b) whether Scope 1, Scope 2 or Scope 3 greenhouse gas emissions are covered by the target. (c) whether the target is a gross greenhouse gas emissions target or net greenhouse gas emissions target. If the entity discloses a net greenhouse gas emissions target, the entity is also required to separately disclose its associated gross greenhouse gas emissions target (see paragraphs B68–B69). (d) whether the target was derived using a sectoral decarbonisation approach. (e) the entity’s planned use of carbon credits to offset greenhouse gas emissions to achieve any net greenhouse gas emissions target. In explaining its planned use of carbon credits the entity shall disclose information including, and with reference to paragraphs B70–B71: (i) the extent to which, and how, achieving any net greenhouse gas emissions target relies on the use of carbon credits; (ii) which third-party scheme(s) will verify or certify the carbon credits; (iii) the type of carbon credit, including whether the underlying offset will be nature-based or based on technological carbon removals, and whether the underlying offset is achieved through carbon reduction or removal; and (iv) any other factors necessary for users of general purpose financial reports to understand the credibility and integrity of the carbon credits the entity plans to use (for example, assumptions regarding the permanence of the carbon offset).",(d),mandatory,True,"[""metrics"", ""targets"", ""ghg_emissions""]",medium,1.0,1.0
IFRS_S2_36_C06,IFRS S2,36,18,Metrics and Targets,Metrics and targets,Climate-related targets,"For each greenhouse gas emissions target disclosed in accordance with paragraphs 33–35, an entity shall disclose — (e) the entity’s planned use of carbon credits to offset greenhouse gas emissions to achieve any net greenhouse gas emissions target. In explaining its planned use of carbon credits the entity shall disclose information including, and with reference to paragraphs B70–B71: — (i) the extent to which, and how, achieving any net greenhouse gas emissions target relies on the use of carbon credits","For each greenhouse gas emissions target disclosed in accordance with paragraphs 33–35, an entity shall disclose: (a) which greenhouse gases are covered by the target. (b) whether Scope 1, Scope 2 or Scope 3 greenhouse gas emissions are covered by the target. (c) whether the target is a gross greenhouse gas emissions target or net greenhouse gas emissions target. If the entity discloses a net greenhouse gas emissions target, the entity is also required to separately disclose its associated gross greenhouse gas emissions target (see paragraphs B68–B69). (d) whether the target was derived using a sectoral decarbonisation approach. (e) the entity’s planned use of carbon credits to offset greenhouse gas emissions to achieve any net greenhouse gas emissions target. In explaining its planned use of carbon credits the entity shall disclose information including, and with reference to paragraphs B70–B71: (i) the extent to which, and how, achieving any net greenhouse gas emissions target relies on the use of carbon credits; (ii) which third-party scheme(s) will verify or certify the carbon credits; (iii) the type of carbon credit, including whether the underlying offset will be nature-based or based on technological carbon removals, and whether the underlying offset is achieved through carbon reduction or removal; and (iv) any other factors necessary for users of general purpose financial reports to understand the credibility and integrity of the carbon credits the entity plans to use (for example, assumptions regarding the permanence of the carbon offset).",(e)>(i),mandatory,True,"[""metrics"", ""targets"", ""ghg_emissions"", ""carbon_credits""]",medium,1.0,1.0
IFRS_S2_36_C07,IFRS S2,36,18,Metrics and Targets,Metrics and targets,Climate-related targets,"For each greenhouse gas emissions target disclosed in accordance with paragraphs 33–35, an entity shall disclose — (e) the entity’s planned use of carbon credits to offset greenhouse gas emissions to achieve any net greenhouse gas emissions target. In explaining its planned use of carbon credits the entity shall disclose information including, and with reference to paragraphs B70–B71: — (ii) which third-party scheme(s) will verify or certify the carbon credits","For each greenhouse gas emissions target disclosed in accordance with paragraphs 33–35, an entity shall disclose: (a) which greenhouse gases are covered by the target. (b) whether Scope 1, Scope 2 or Scope 3 greenhouse gas emissions are covered by the target. (c) whether the target is a gross greenhouse gas emissions target or net greenhouse gas emissions target. If the entity discloses a net greenhouse gas emissions target, the entity is also required to separately disclose its associated gross greenhouse gas emissions target (see paragraphs B68–B69). (d) whether the target was derived using a sectoral decarbonisation approach. (e) the entity’s planned use of carbon credits to offset greenhouse gas emissions to achieve any net greenhouse gas emissions target. In explaining its planned use of carbon credits the entity shall disclose information including, and with reference to paragraphs B70–B71: (i) the extent to which, and how, achieving any net greenhouse gas emissions target relies on the use of carbon credits; (ii) which third-party scheme(s) will verify or certify the carbon credits; (iii) the type of carbon credit, including whether the underlying offset will be nature-based or based on technological carbon removals, and whether the underlying offset is achieved through carbon reduction or removal; and (iv) any other factors necessary for users of general purpose financial reports to understand the credibility and integrity of the carbon credits the entity plans to use (for example, assumptions regarding the permanence of the carbon offset).",(e)>(ii),mandatory,True,"[""metrics"", ""targets"", ""ghg_emissions"", ""carbon_credits""]",medium,1.0,1.0
IFRS_S2_36_C08,IFRS S2,36,18,Metrics and Targets,Metrics and targets,Climate-related targets,"For each greenhouse gas emissions target disclosed in accordance with paragraphs 33–35, an entity shall disclose — (e) the entity’s planned use of carbon credits to offset greenhouse gas emissions to achieve any net greenhouse gas emissions target. In explaining its planned use of carbon credits the entity shall disclose information including, and with reference to paragraphs B70–B71: — (iii) the type of carbon credit, including whether the underlying offset will be nature-based or based on technological carbon removals, and whether the underlying offset is achieved through carbon reduction or removal","For each greenhouse gas emissions target disclosed in accordance with paragraphs 33–35, an entity shall disclose: (a) which greenhouse gases are covered by the target. (b) whether Scope 1, Scope 2 or Scope 3 greenhouse gas emissions are covered by the target. (c) whether the target is a gross greenhouse gas emissions target or net greenhouse gas emissions target. If the entity discloses a net greenhouse gas emissions target, the entity is also required to separately disclose its associated gross greenhouse gas emissions target (see paragraphs B68–B69). (d) whether the target was derived using a sectoral decarbonisation approach. (e) the entity’s planned use of carbon credits to offset greenhouse gas emissions to achieve any net greenhouse gas emissions target. In explaining its planned use of carbon credits the entity shall disclose information including, and with reference to paragraphs B70–B71: (i) the extent to which, and how, achieving any net greenhouse gas emissions target relies on the use of carbon credits; (ii) which third-party scheme(s) will verify or certify the carbon credits; (iii) the type of carbon credit, including whether the underlying offset will be nature-based or based on technological carbon removals, and whether the underlying offset is achieved through carbon reduction or removal; and (iv) any other factors necessary for users of general purpose financial reports to understand the credibility and integrity of the carbon credits the entity plans to use (for example, assumptions regarding the permanence of the carbon offset).",(e)>(iii),mandatory,True,"[""metrics"", ""targets"", ""ghg_emissions"", ""carbon_credits""]",medium,1.0,1.0
IFRS_S2_36_C09,IFRS S2,36,18,Metrics and Targets,Metrics and targets,Climate-related targets,"For each greenhouse gas emissions target disclosed in accordance with paragraphs 33–35, an entity shall disclose — (e) the entity’s planned use of carbon credits to offset greenhouse gas emissions to achieve any net greenhouse gas emissions target. In explaining its planned use of carbon credits the entity shall disclose information including, and with reference to paragraphs B70–B71: — (iv) any other factors necessary for users of general purpose financial reports to understand the credibility and integrity of the carbon credits the entity plans to use (for example, assumptions regarding the permanence of the carbon offset).","For each greenhouse gas emissions target disclosed in accordance with paragraphs 33–35, an entity shall disclose: (a) which greenhouse gases are covered by the target. (b) whether Scope 1, Scope 2 or Scope 3 greenhouse gas emissions are covered by the target. (c) whether the target is a gross greenhouse gas emissions target or net greenhouse gas emissions target. If the entity discloses a net greenhouse gas emissions target, the entity is also required to separately disclose its associated gross greenhouse gas emissions target (see paragraphs B68–B69). (d) whether the target was derived using a sectoral decarbonisation approach. (e) the entity’s planned use of carbon credits to offset greenhouse gas emissions to achieve any net greenhouse gas emissions target. In explaining its planned use of carbon credits the entity shall disclose information including, and with reference to paragraphs B70–B71: (i) the extent to which, and how, achieving any net greenhouse gas emissions target relies on the use of carbon credits; (ii) which third-party scheme(s) will verify or certify the carbon credits; (iii) the type of carbon credit, including whether the underlying offset will be nature-based or based on technological carbon removals, and whether the underlying offset is achieved through carbon reduction or removal; and (iv) any other factors necessary for users of general purpose financial reports to understand the credibility and integrity of the carbon credits the entity plans to use (for example, assumptions regarding the permanence of the carbon offset).",(e)>(iv),mandatory,True,"[""metrics"", ""targets"", ""ghg_emissions"", ""carbon_credits""]",medium,1.0,1.0
IFRS_S2_37_C01,IFRS S2,37,19,Metrics and Targets,Metrics and targets,Climate-related targets,"In identifying and disclosing the metrics used to set and monitor progress towards reaching a target described in paragraphs 33–34, an entity shall refer to and consider the applicability of cross-industry metrics (see paragraph 29) and industry-based metrics (see paragraph 32), including those described in an applicable IFRS Sustainability Disclosure Standard, or metrics that otherwise satisfy the requirements in IFRS S1.","In identifying and disclosing the metrics used to set and monitor progress towards reaching a target described in paragraphs 33–34, an entity shall refer to and consider the applicability of cross-industry metrics (see paragraph 29) and industry-based metrics (see paragraph 32), including those described in an applicable IFRS Sustainability Disclosure Standard, or metrics that otherwise satisfy the requirements in IFRS S1.",,mandatory,True,"[""metrics"", ""targets""]",medium,1.0,1.0
IFRS_S2_B1_C01,IFRS S2,B1,25,Strategy,Climate resilience (paragraph 22),Climate resilience (paragraph 22),"Paragraph 22 requires an entity to use climate-related scenario analysis to assess its climate resilience, using an approach that is commensurate with its circumstances.2 The entity is required to use an approach to climate-related scenario analysis that enables it to consider all reasonable and supportable information that is available to the entity at the reporting date without undue cost or effort. Paragraphs B2–B18 provide guidance on how an entity uses scenario analysis to assess the entity’s climate resilience. Specifically — (a) paragraphs B2–B7 set out the factors the entity shall consider when assessing its circumstances","Paragraph 22 requires an entity to use climate-related scenario analysis to assess its climate resilience, using an approach that is commensurate with its circumstances.2 The entity is required to use an approach to climate-related scenario analysis that enables it to consider all reasonable and supportable information that is available to the entity at the reporting date without undue cost or effort. Paragraphs B2–B18 provide guidance on how an entity uses scenario analysis to assess the entity’s climate resilience. Specifically: (a) paragraphs B2–B7 set out the factors the entity shall consider when assessing its circumstances; (b) paragraphs B8–B15 set out the factors the entity shall consider when determining an appropriate approach to climate-related scenario analysis; and (c) paragraphs B16–B18 set out additional factors for the entity to consider when determining its approach to climate-related scenario analysis over time.",(a),mandatory,True,"[""scenario_analysis""]",medium,1.0,1.0
IFRS_S2_B1_C02,IFRS S2,B1,25,Strategy,Climate resilience (paragraph 22),Climate resilience (paragraph 22),"Paragraph 22 requires an entity to use climate-related scenario analysis to assess its climate resilience, using an approach that is commensurate with its circumstances.2 The entity is required to use an approach to climate-related scenario analysis that enables it to consider all reasonable and supportable information that is available to the entity at the reporting date without undue cost or effort. Paragraphs B2–B18 provide guidance on how an entity uses scenario analysis to assess the entity’s climate resilience. Specifically — (b) paragraphs B8–B15 set out the factors the entity shall consider when determining an appropriate approach to climate-related scenario analysis","Paragraph 22 requires an entity to use climate-related scenario analysis to assess its climate resilience, using an approach that is commensurate with its circumstances.2 The entity is required to use an approach to climate-related scenario analysis that enables it to consider all reasonable and supportable information that is available to the entity at the reporting date without undue cost or effort. Paragraphs B2–B18 provide guidance on how an entity uses scenario analysis to assess the entity’s climate resilience. Specifically: (a) paragraphs B2–B7 set out the factors the entity shall consider when assessing its circumstances; (b) paragraphs B8–B15 set out the factors the entity shall consider when determining an appropriate approach to climate-related scenario analysis; and (c) paragraphs B16–B18 set out additional factors for the entity to consider when determining its approach to climate-related scenario analysis over time.",(b),mandatory,True,"[""scenario_analysis""]",medium,1.0,1.0
IFRS_S2_B1_C03,IFRS S2,B1,25,Strategy,Climate resilience (paragraph 22),Climate resilience (paragraph 22),"Paragraph 22 requires an entity to use climate-related scenario analysis to assess its climate resilience, using an approach that is commensurate with its circumstances.2 The entity is required to use an approach to climate-related scenario analysis that enables it to consider all reasonable and supportable information that is available to the entity at the reporting date without undue cost or effort. Paragraphs B2–B18 provide guidance on how an entity uses scenario analysis to assess the entity’s climate resilience. Specifically — (c) paragraphs B16–B18 set out additional factors for the entity to consider when determining its approach to climate-related scenario analysis over time.","Paragraph 22 requires an entity to use climate-related scenario analysis to assess its climate resilience, using an approach that is commensurate with its circumstances.2 The entity is required to use an approach to climate-related scenario analysis that enables it to consider all reasonable and supportable information that is available to the entity at the reporting date without undue cost or effort. Paragraphs B2–B18 provide guidance on how an entity uses scenario analysis to assess the entity’s climate resilience. Specifically: (a) paragraphs B2–B7 set out the factors the entity shall consider when assessing its circumstances; (b) paragraphs B8–B15 set out the factors the entity shall consider when determining an appropriate approach to climate-related scenario analysis; and (c) paragraphs B16–B18 set out additional factors for the entity to consider when determining its approach to climate-related scenario analysis over time.",(c),mandatory,True,"[""scenario_analysis""]",medium,1.0,1.0
IFRS_S2_B2_C01,IFRS S2,B2,25,Strategy,Assessing the circumstances,Assessing the circumstances,An entity shall use an approach to climate-related scenario analysis that is commensurate with its circumstances as at the time the entity carries out its climate-related scenario analysis (see paragraph B3). To assess its circumstances the entity shall consider — (a) the entity’s exposure to climate-related risks and opportunities (see paragraphs B4–B5),"An entity shall use an approach to climate-related scenario analysis that is commensurate with its circumstances as at the time the entity carries out its climate-related scenario analysis (see paragraph B3). To assess its circumstances the entity shall consider: (a) the entity’s exposure to climate-related risks and opportunities (see paragraphs B4–B5); and (b) the skills, capabilities and resources available to the entity for the climate-related scenario analysis (see paragraphs B6–B7).",(a),mandatory,True,"[""scenario_analysis""]",medium,1.0,1.0
IFRS_S2_B2_C02,IFRS S2,B2,25,Strategy,Assessing the circumstances,Assessing the circumstances,"An entity shall use an approach to climate-related scenario analysis that is commensurate with its circumstances as at the time the entity carries out its climate-related scenario analysis (see paragraph B3). To assess its circumstances the entity shall consider — (b) the skills, capabilities and resources available to the entity for the climate-related scenario analysis (see paragraphs B6–B7).","An entity shall use an approach to climate-related scenario analysis that is commensurate with its circumstances as at the time the entity carries out its climate-related scenario analysis (see paragraph B3). To assess its circumstances the entity shall consider: (a) the entity’s exposure to climate-related risks and opportunities (see paragraphs B4–B5); and (b) the skills, capabilities and resources available to the entity for the climate-related scenario analysis (see paragraphs B6–B7).",(b),mandatory,True,"[""scenario_analysis""]",medium,1.0,1.0
IFRS_S2_B3_C01,IFRS S2,B3,25,Strategy,Assessing the circumstances,Assessing the circumstances,"An entity shall assess its circumstances each time it carries out its climate-related scenario analysis. For example, an entity that carries out its climate-related scenario analysis every three years to align with its strategic planning cycle (see paragraph B18) would be required to reconsider for this purpose its exposure to climate-related risks and opportunities and the skills, capabilities and resources available at that time.","An entity shall assess its circumstances each time it carries out its climate-related scenario analysis. For example, an entity that carries out its climate-related scenario analysis every three years to align with its strategic planning cycle (see paragraph B18) would be required to reconsider for this purpose its exposure to climate-related risks and opportunities and the skills, capabilities and resources available at that time.",,mandatory,True,"[""scenario_analysis""]",medium,1.0,1.0
IFRS_S2_B4_C01,IFRS S2,B4,26,Strategy,Exposure to climate-related risks and opportunities,Exposure to climate-related risks and opportunities,"An entity shall consider its exposure to climate-related risks and opportunities in its assessment of its circumstances and when determining the approach to use for its climate-related scenario analysis. This consideration provides essential context for understanding the potential benefits of using a particular approach to climate-related scenario analysis. For example, if an entity has a high degree of exposure to climate-related risk then a more quantitative or technically sophisticated approach to climate-related scenario analysis would be of greater benefit to the entity and users of general purpose financial reports. Users of general purpose financial reports would be less likely to benefit from quantitative or technically sophisticated climate-related scenario analysis if the entity is exposed to few or relatively less severe climate-related risks and opportunities. This means that—with all else being equal—the greater the entity’s exposure to climate-related risks or opportunities, the more likely it is the entity would determine that a more technically sophisticated form of climate-related scenario analysis is required.","An entity shall consider its exposure to climate-related risks and opportunities in its assessment of its circumstances and when determining the approach to use for its climate-related scenario analysis. This consideration provides essential context for understanding the potential benefits of using a particular approach to climate-related scenario analysis. For example, if an entity has a high degree of exposure to climate-related risk then a more quantitative or technically sophisticated approach to climate-related scenario analysis would be of greater benefit to the entity and users of general purpose financial reports. Users of general purpose financial reports would be less likely to benefit from quantitative or technically sophisticated climate-related scenario analysis if the entity is exposed to few or relatively less severe climate-related risks and opportunities. This means that—with all else being equal—the greater the entity’s exposure to climate-related risks or opportunities, the more likely it is the entity would determine that a more technically sophisticated form of climate-related scenario analysis is required.",,mandatory,True,"[""scenario_analysis""]",medium,1.0,1.0
IFRS_S2_B5_C01,IFRS S2,B5,26,Strategy,Exposure to climate-related risks and opportunities,Exposure to climate-related risks and opportunities,"This Standard requires an entity to identify the climate-related risks and opportunities to which it is exposed (see paragraph 10) and to disclose information about the process the entity uses to identify, assess, prioritise and monitor those risks and opportunities (see paragraph 25). The information the entity discloses in accordance with paragraphs 10 and 25 can inform the entity’s consideration of its exposure to climate-related risks and opportunities.","This Standard requires an entity to identify the climate-related risks and opportunities to which it is exposed (see paragraph 10) and to disclose information about the process the entity uses to identify, assess, prioritise and monitor those risks and opportunities (see paragraph 25). The information the entity discloses in accordance with paragraphs 10 and 25 can inform the entity’s consideration of its exposure to climate-related risks and opportunities.",,mandatory,True,"[""risk_process""]",medium,1.0,1.0
IFRS_S2_B6_C01,IFRS S2,B6,26,Strategy,"Skills, capabilities and resources available","Skills, capabilities and resources available","An entity shall consider the available skills, capabilities and resources when determining an appropriate approach to use for its climate-related scenario analysis. These skills, capabilities and resources might include both internal and external skills, capabilities and resources. The entity’s available skills, capabilities and resources provide context to inform its consideration of the potential cost and level of effort required by a particular approach to climate-related scenario analysis. For example, if an entity has only just begun to explore the use of climate-related scenario analysis to assess its climate resilience, it might be unable to use a quantitative or technically sophisticated approach to climate-related scenario analysis without undue cost or effort. For the avoidance of doubt, if resources are available to the entity then it will be able to invest in obtaining or developing the necessary skills and capabilities.","An entity shall consider the available skills, capabilities and resources when determining an appropriate approach to use for its climate-related scenario analysis. These skills, capabilities and resources might include both internal and external skills, capabilities and resources. The entity’s available skills, capabilities and resources provide context to inform its consideration of the potential cost and level of effort required by a particular approach to climate-related scenario analysis. For example, if an entity has only just begun to explore the use of climate-related scenario analysis to assess its climate resilience, it might be unable to use a quantitative or technically sophisticated approach to climate-related scenario analysis without undue cost or effort. For the avoidance of doubt, if resources are available to the entity then it will be able to invest in obtaining or developing the necessary skills and capabilities.",,mandatory,True,"[""scenario_analysis""]",medium,1.0,1.0
IFRS_S2_B8_C01,IFRS S2,B8,27,Strategy,Determining the appropriate approach,Determining the appropriate approach,"An entity shall determine an approach to climate-related scenario analysis that enables it to consider all reasonable and supportable information that is available to the entity at the reporting date without undue cost or effort. The determination of the approach shall be informed by the assessments of the entity’s exposure to climate-related risks and opportunities (see paragraphs B4–B5) and its available skills, capabilities and resources (see paragraphs B6–B7). Making such a determination involves — (a) selecting inputs to the climate-related scenario analysis (see paragraphs B11–B13)","An entity shall determine an approach to climate-related scenario analysis that enables it to consider all reasonable and supportable information that is available to the entity at the reporting date without undue cost or effort. The determination of the approach shall be informed by the assessments of the entity’s exposure to climate-related risks and opportunities (see paragraphs B4–B5) and its available skills, capabilities and resources (see paragraphs B6–B7). Making such a determination involves: (a) selecting inputs to the climate-related scenario analysis (see paragraphs B11–B13); and (b) making analytical choices about how to carry out the climate-related scenario analysis (see paragraphs B14–B15).",(a),mandatory,True,"[""scenario_analysis""]",medium,1.0,1.0
IFRS_S2_B8_C02,IFRS S2,B8,27,Strategy,Determining the appropriate approach,Determining the appropriate approach,"An entity shall determine an approach to climate-related scenario analysis that enables it to consider all reasonable and supportable information that is available to the entity at the reporting date without undue cost or effort. The determination of the approach shall be informed by the assessments of the entity’s exposure to climate-related risks and opportunities (see paragraphs B4–B5) and its available skills, capabilities and resources (see paragraphs B6–B7). Making such a determination involves — (b) making analytical choices about how to carry out the climate-related scenario analysis (see paragraphs B14–B15).","An entity shall determine an approach to climate-related scenario analysis that enables it to consider all reasonable and supportable information that is available to the entity at the reporting date without undue cost or effort. The determination of the approach shall be informed by the assessments of the entity’s exposure to climate-related risks and opportunities (see paragraphs B4–B5) and its available skills, capabilities and resources (see paragraphs B6–B7). Making such a determination involves: (a) selecting inputs to the climate-related scenario analysis (see paragraphs B11–B13); and (b) making analytical choices about how to carry out the climate-related scenario analysis (see paragraphs B14–B15).",(b),mandatory,True,"[""scenario_analysis""]",medium,1.0,1.0
IFRS_S2_B11_C01,IFRS S2,B11,27,Strategy,Selecting inputs,Selecting inputs,"When an entity selects the inputs to use in its climate-related scenario analysis, the entity shall consider all reasonable and supportable information —including scenarios, variables and other inputs—available to the entity at the reporting date without undue cost or effort. The inputs used in scenario analysis might include information that is qualitative or quantitative, and is obtained from an external source or developed internally. For example, publicly available climate-related scenarios—from authoritative sources—that describe future trends and a range of pathways to plausible outcomes are considered to be available to the entity without undue cost or effort.","When an entity selects the inputs to use in its climate-related scenario analysis, the entity shall consider all reasonable and supportable information —including scenarios, variables and other inputs—available to the entity at the reporting date without undue cost or effort. The inputs used in scenario analysis might include information that is qualitative or quantitative, and is obtained from an external source or developed internally. For example, publicly available climate-related scenarios—from authoritative sources—that describe future trends and a range of pathways to plausible outcomes are considered to be available to the entity without undue cost or effort.",,mandatory,True,"[""scenario_analysis""]",medium,1.0,1.0
IFRS_S2_B12_C01,IFRS S2,B12,27,Strategy,Selecting inputs,Selecting inputs,"When selecting scenarios, variables and other inputs to use in climate-related scenario analysis, an entity might, for example, use one or more climate-related scenarios—including international and regional scenarios—that are publicly and freely available from authoritative sources. The entity shall have a reasonable and supportable basis for using a particular scenario or set of scenarios. For example, an entity with operations concentrated in a jurisdiction where emissions are regulated—or are likely to be regulated in the future—might determine that it is appropriate to carry out its analysis using a scenario consistent with an orderly transition to a lower-carbon economy or consistent with relevant jurisdictional commitments to the latest international agreement on climate change. Elsewhere, for example, an entity with heightened exposure to physical climate-related risks might determine that it is appropriate to carry out its analysis using a localised climate-related scenario that takes into account current policies.","When selecting scenarios, variables and other inputs to use in climate-related scenario analysis, an entity might, for example, use one or more climate-related scenarios—including international and regional scenarios—that are publicly and freely available from authoritative sources. The entity shall have a reasonable and supportable basis for using a particular scenario or set of scenarios. For example, an entity with operations concentrated in a jurisdiction where emissions are regulated—or are likely to be regulated in the future—might determine that it is appropriate to carry out its analysis using a scenario consistent with an orderly transition to a lower-carbon economy or consistent with relevant jurisdictional commitments to the latest international agreement on climate change. Elsewhere, for example, an entity with heightened exposure to physical climate-related risks might determine that it is appropriate to carry out its analysis using a localised climate-related scenario that takes into account current policies.",,mandatory,True,"[""scenario_analysis""]",medium,1.0,1.0
IFRS_S2_B13_C01,IFRS S2,B13,28,Strategy,Selecting inputs,Selecting inputs,"In considering whether the selected inputs are reasonable and supportable, an entity shall consider the objective of paragraph 22, which requires the entity to disclose information that enables users of general purpose financial reports to understand the resilience of the entity’s strategy and business model to climate-related changes, developments and uncertainties, taking into consideration the entity’s identified climate-related risks and opportunities. This means that the inputs to the entity’s climate-related scenario analysis shall be relevant to the entity’s circumstances, for example, to the particular activities the entity undertakes and the geographical location of those activities.","In considering whether the selected inputs are reasonable and supportable, an entity shall consider the objective of paragraph 22, which requires the entity to disclose information that enables users of general purpose financial reports to understand the resilience of the entity’s strategy and business model to climate-related changes, developments and uncertainties, taking into consideration the entity’s identified climate-related risks and opportunities. This means that the inputs to the entity’s climate-related scenario analysis shall be relevant to the entity’s circumstances, for example, to the particular activities the entity undertakes and the geographical location of those activities.",,mandatory,True,"[""business_model_value_chain"", ""scenario_analysis""]",medium,1.0,1.0
IFRS_S2_B14_C01,IFRS S2,B14,28,Strategy,Making analytical choices,Making analytical choices,"An entity’s resilience assessment will be informed not only by the individual inputs to its climate-related scenario analysis, but also by the information it develops in combining those inputs to carry out the analysis. The entity shall prioritise the analytical choices (for example, whether to use qualitative analysis or quantitative modelling) that will enable it to consider all reasonable and supportable information that is available to the entity at the reporting date without undue cost or effort. For example, if an entity is able— without undue cost or effort—to incorporate multiple carbon price pathways associated with a given outcome (for example, a 1.5 degree Celsius outcome), this analysis is likely to strengthen the entity’s resilience assessment, assuming such an approach is warranted by the entity’s risk exposure.","An entity’s resilience assessment will be informed not only by the individual inputs to its climate-related scenario analysis, but also by the information it develops in combining those inputs to carry out the analysis. The entity shall prioritise the analytical choices (for example, whether to use qualitative analysis or quantitative modelling) that will enable it to consider all reasonable and supportable information that is available to the entity at the reporting date without undue cost or effort. For example, if an entity is able— without undue cost or effort—to incorporate multiple carbon price pathways associated with a given outcome (for example, a 1.5 degree Celsius outcome), this analysis is likely to strengthen the entity’s resilience assessment, assuming such an approach is warranted by the entity’s risk exposure.",,mandatory,True,"[""scenario_analysis""]",medium,1.0,1.0
IFRS_S2_B17_C01,IFRS S2,B17,29,Strategy,Additional considerations,Additional considerations,"An entity might use a simpler approach to climate-related scenario analysis, such as qualitative scenario narratives, if such an approach is appropriate to the entity’s circumstances. For example, if an entity does not currently have the skills, capabilities or resources to carry out quantitative climate-related scenario analysis but has a high degree of exposure to climate-related risk, the entity might initially use a simpler approach to climate-related scenario analysis, but would build its capabilities through experience and, therefore, would apply a more advanced quantitative approach to climate-related scenario analysis over time. An entity with a high degree of exposure to climate-related risks and opportunities, and with access to the necessary skills, capabilities or resources, is required to apply a more advanced quantitative approach to climate-related scenario analysis.","An entity might use a simpler approach to climate-related scenario analysis, such as qualitative scenario narratives, if such an approach is appropriate to the entity’s circumstances. For example, if an entity does not currently have the skills, capabilities or resources to carry out quantitative climate-related scenario analysis but has a high degree of exposure to climate-related risk, the entity might initially use a simpler approach to climate-related scenario analysis, but would build its capabilities through experience and, therefore, would apply a more advanced quantitative approach to climate-related scenario analysis over time. An entity with a high degree of exposure to climate-related risks and opportunities, and with access to the necessary skills, capabilities or resources, is required to apply a more advanced quantitative approach to climate-related scenario analysis.",,mandatory,True,"[""scenario_analysis""]",medium,1.0,1.0
IFRS_S2_B18_C01,IFRS S2,B18,29,Strategy,Additional considerations,Additional considerations,"Although paragraph 22 requires an entity to disclose information about its climate resilience at each reporting date, the entity might carry out its climate-related scenario analysis in line with its strategic planning cycle, including a multi-year strategic planning cycle (for example, every three to five years). Therefore, in some reporting periods the entity’s disclosures in accordance with paragraph 22(b) could remain unchanged from the previous reporting period if the entity does not conduct a scenario analysis annually. The entity shall—at a minimum—update its climate-related scenario analysis in line with its strategic planning cycle. However, an assessment of the entity’s resilience is required to be carried out annually to reflect updated insight into the implications of climate uncertainty for the entity’s business model and strategy. As such, an entity’s disclosure in accordance with paragraph 22(a)— that is, the results of the entity’s resilience assessment—shall be updated at each reporting period. Permission to use information from a reporting period that is different from the entity’s reporting period, in specific circumstances","Although paragraph 22 requires an entity to disclose information about its climate resilience at each reporting date, the entity might carry out its climate-related scenario analysis in line with its strategic planning cycle, including a multi-year strategic planning cycle (for example, every three to five years). Therefore, in some reporting periods the entity’s disclosures in accordance with paragraph 22(b) could remain unchanged from the previous reporting period if the entity does not conduct a scenario analysis annually. The entity shall—at a minimum—update its climate-related scenario analysis in line with its strategic planning cycle. However, an assessment of the entity’s resilience is required to be carried out annually to reflect updated insight into the implications of climate uncertainty for the entity’s business model and strategy. As such, an entity’s disclosure in accordance with paragraph 22(a)— that is, the results of the entity’s resilience assessment—shall be updated at each reporting period. Permission to use information from a reporting period that is different from the entity’s reporting period, in specific circumstances",,mandatory,True,"[""business_model_value_chain"", ""scenario_analysis""]",medium,1.0,1.0
IFRS_S2_B20_C01,IFRS S2,B20,30,Metrics and Targets,Greenhouse gas emissions,Greenhouse gas emissions,"Paragraph 29(a) requires an entity to disclose its absolute gross greenhouse gas emissions generated during the reporting period, expressed as metric tonnes of CO2 equivalent. To meet this requirement, the entity shall aggregate the seven constituent greenhouse gases into CO2 equivalent values.","Paragraph 29(a) requires an entity to disclose its absolute gross greenhouse gas emissions generated during the reporting period, expressed as metric tonnes of CO2 equivalent. To meet this requirement, the entity shall aggregate the seven constituent greenhouse gases into CO2 equivalent values.",,mandatory,True,"[""metrics"", ""ghg_emissions""]",medium,1.0,1.0
IFRS_S2_B21_C01,IFRS S2,B21,30,Metrics and Targets,Greenhouse gas emissions,Greenhouse gas emissions,"If an entity uses direct measurement to measure its greenhouse gas emissions, the entity is required to convert the seven constituent greenhouse gases into a CO2 equivalent value using global warming potential values based on a 100-year time horizon, from the latest Intergovernmental Panel on Climate Change assessment available at the reporting date. The requirement to use such global warming potential values applies unless the entity is required, in whole or in part, by a jurisdictional authority or an exchange on which it is listed to use different global warming potential values for converting the seven constituent greenhouse gases into a CO2 equivalent value. In such a case, the entity is instead permitted to use the global warming potential values required by such a jurisdictional authority or exchange for the part of the entity to which that requirement applies, for as long as that requirement applies to that part of the entity.","If an entity uses direct measurement to measure its greenhouse gas emissions, the entity is required to convert the seven constituent greenhouse gases into a CO2 equivalent value using global warming potential values based on a 100-year time horizon, from the latest Intergovernmental Panel on Climate Change assessment available at the reporting date. The requirement to use such global warming potential values applies unless the entity is required, in whole or in part, by a jurisdictional authority or an exchange on which it is listed to use different global warming potential values for converting the seven constituent greenhouse gases into a CO2 equivalent value. In such a case, the entity is instead permitted to use the global warming potential values required by such a jurisdictional authority or exchange for the part of the entity to which that requirement applies, for as long as that requirement applies to that part of the entity.",,mandatory,True,"[""ghg_emissions""]",medium,1.0,1.0
IFRS_S2_B23_C02,IFRS S2,B23,31,Metrics and Targets,Greenhouse gas emissions,Greenhouse gas emissions,"Paragraph 29(a) — (ii) requires an entity to disclose its greenhouse gas emissions measured in accordance with the Greenhouse Gas Protocol: A Corporate Accounting and Reporting Standard (2004). For the avoidance of doubt, an entity shall apply the requirements in the Greenhouse Gas Protocol: A Corporate Accounting and Reporting Standard — (2004) only to the extent that they do not conflict with the requirements in this Standard. For example, the Greenhouse Gas Protocol: A Corporate Accounting and Reporting Standard","Paragraph 29(a)(ii) requires an entity to disclose its greenhouse gas emissions measured in accordance with the Greenhouse Gas Protocol: A Corporate Accounting and Reporting Standard (2004). For the avoidance of doubt, an entity shall apply the requirements in the Greenhouse Gas Protocol: A Corporate Accounting and Reporting Standard (2004) only to the extent that they do not conflict with the requirements in this Standard. For example, the Greenhouse Gas Protocol: A Corporate Accounting and Reporting Standard (2004) does not require an entity to disclose its Scope 3 greenhouse gas emissions, however, the entity is required to disclose Scope 3 greenhouse gas emissions in accordance with paragraph 29(a).",(ii)>(2004),mandatory,True,"[""ghg_emissions""]",medium,1.0,1.0
IFRS_S2_B23_C03,IFRS S2,B23,31,Metrics and Targets,Greenhouse gas emissions,Greenhouse gas emissions,"Paragraph 29(a) — (ii) requires an entity to disclose its greenhouse gas emissions measured in accordance with the Greenhouse Gas Protocol: A Corporate Accounting and Reporting Standard (2004). For the avoidance of doubt, an entity shall apply the requirements in the Greenhouse Gas Protocol: A Corporate Accounting and Reporting Standard — (2004) does not require an entity to disclose its Scope 3 greenhouse gas emissions, however, the entity is required to disclose Scope 3 greenhouse gas emissions in accordance with paragraph 29(a).","Paragraph 29(a)(ii) requires an entity to disclose its greenhouse gas emissions measured in accordance with the Greenhouse Gas Protocol: A Corporate Accounting and Reporting Standard (2004). For the avoidance of doubt, an entity shall apply the requirements in the Greenhouse Gas Protocol: A Corporate Accounting and Reporting Standard (2004) only to the extent that they do not conflict with the requirements in this Standard. For example, the Greenhouse Gas Protocol: A Corporate Accounting and Reporting Standard (2004) does not require an entity to disclose its Scope 3 greenhouse gas emissions, however, the entity is required to disclose Scope 3 greenhouse gas emissions in accordance with paragraph 29(a).",(ii)>(2004),mandatory,True,"[""ghg_emissions"", ""scope_3""]",medium,1.0,1.0
IFRS_S2_B26_C01,IFRS S2,B26,32,Metrics and Targets,"Measurement approach, inputs and assumptions","Measurement approach, inputs and assumptions","Paragraph 29(a) — (iii) requires an entity to disclose the measurement approach, inputs and assumptions it uses to measure its greenhouse gas emissions. As part of this requirement, the entity shall include information about:","Paragraph 29(a)(iii) requires an entity to disclose the measurement approach, inputs and assumptions it uses to measure its greenhouse gas emissions. As part of this requirement, the entity shall include information about: (a) the measurement approach the entity uses in accordance with the Greenhouse Gas Protocol: A Corporate Accounting and Reporting Standard (2004) (see paragraph B27); (b) the applicable method if the entity is not using the Greenhouse Gas Protocol: A Corporate Accounting and Reporting Standard (2004) and the measurement approach the entity uses (see paragraph B28); and (c) the emission factors the entity uses (see paragraph B29). The measurement approach set out in the Greenhouse Gas Protocol",(iii),mandatory,True,"[""ghg_emissions""]",medium,0.8,1.0
IFRS_S2_B27_C01,IFRS S2,B27,32,Metrics and Targets,"Measurement approach, inputs and assumptions","Measurement approach, inputs and assumptions","The Greenhouse Gas Protocol: A Corporate Accounting and Reporting Standard — (2004) includes different measurement approaches that an entity might use when measuring its greenhouse gas emissions. In disclosing information in accordance with paragraph 29(a)(iii), the entity is required to disclose information about the measurement approach it uses. For example, when the entity discloses its greenhouse gas emissions measured in accordance with the Greenhouse Gas Protocol: A Corporate Accounting and Reporting Standard (2004), the entity is required to use the equity share or control approach. Specifically, the entity shall disclose:","The Greenhouse Gas Protocol: A Corporate Accounting and Reporting Standard (2004) includes different measurement approaches that an entity might use when measuring its greenhouse gas emissions. In disclosing information in accordance with paragraph 29(a)(iii), the entity is required to disclose information about the measurement approach it uses. For example, when the entity discloses its greenhouse gas emissions measured in accordance with the Greenhouse Gas Protocol: A Corporate Accounting and Reporting Standard (2004), the entity is required to use the equity share or control approach. Specifically, the entity shall disclose: (a) the approach it uses to determine its greenhouse gas emissions (for example, the equity share or control approach in the Greenhouse Gas Protocol: A Corporate Accounting and Reporting Standard (2004)); and (b) the reason, or reasons, for the entity’s choice of measurement approach and how that approach relates to the disclosure objective in paragraph 27. Other methods and measurement approaches",(2004),mandatory,True,"[""ghg_emissions""]",medium,1.0,1.0
IFRS_S2_B28_C01,IFRS S2,B28,32,Metrics and Targets,"Measurement approach, inputs and assumptions","Measurement approach, inputs and assumptions","When an entity discloses its greenhouse gas emissions measured in accordance with another method, applying paragraphs 29(a)(ii), B24–B25 or C4(a), the entity shall disclose for each alternative method — (a) the applicable method and measurement approach the entity uses to determine its greenhouse gas emissions","When an entity discloses its greenhouse gas emissions measured in accordance with another method, applying paragraphs 29(a)(ii), B24–B25 or C4(a), the entity shall disclose for each alternative method: (a) the applicable method and measurement approach the entity uses to determine its greenhouse gas emissions; and (b) the reason, or reasons, for the entity’s choice of method and measurement approach and how that approach relates to the disclosure objective in paragraph 27. Emission factors",(a),mandatory,True,"[""ghg_emissions""]",medium,1.0,1.0
IFRS_S2_B28_C02,IFRS S2,B28,32,Metrics and Targets,"Measurement approach, inputs and assumptions","Measurement approach, inputs and assumptions","When an entity discloses its greenhouse gas emissions measured in accordance with another method, applying paragraphs 29(a)(ii), B24–B25 or C4(a), the entity shall disclose for each alternative method — (b) the reason, or reasons, for the entity’s choice of method and measurement approach and how that approach relates to the disclosure objective in paragraph 27. Emission factors","When an entity discloses its greenhouse gas emissions measured in accordance with another method, applying paragraphs 29(a)(ii), B24–B25 or C4(a), the entity shall disclose for each alternative method: (a) the applicable method and measurement approach the entity uses to determine its greenhouse gas emissions; and (b) the reason, or reasons, for the entity’s choice of method and measurement approach and how that approach relates to the disclosure objective in paragraph 27. Emission factors",(b),mandatory,True,"[""ghg_emissions""]",medium,1.0,1.0
IFRS_S2_B29_C01,IFRS S2,B29,33,Metrics and Targets,"Measurement approach, inputs and assumptions","Measurement approach, inputs and assumptions","As part of an entity’s disclosure of the measurement approach, inputs and assumptions, the entity shall disclose information to enable users of general purpose financial reports to understand which emission factors the entity uses in its measurement of its greenhouse gas emissions. This Standard does not specify emission factors an entity is required to use in its measurement of its greenhouse gas emissions. Instead, this Standard requires an entity to use emission factors that best represent the entity’s activity as its basis for measuring its greenhouse gas emissions.","As part of an entity’s disclosure of the measurement approach, inputs and assumptions, the entity shall disclose information to enable users of general purpose financial reports to understand which emission factors the entity uses in its measurement of its greenhouse gas emissions. This Standard does not specify emission factors an entity is required to use in its measurement of its greenhouse gas emissions. Instead, this Standard requires an entity to use emission factors that best represent the entity’s activity as its basis for measuring its greenhouse gas emissions.",,mandatory,True,"[""ghg_emissions""]",medium,1.0,1.0
IFRS_S2_B30_C01,IFRS S2,B30,33,Metrics and Targets,Scope 2 greenhouse gas emissions,Scope 2 greenhouse gas emissions,"Paragraph 29(a) — (v) requires an entity to disclose its location-based Scope 2 greenhouse gas emissions and provide information about any contractual instruments the entity has entered into that could inform users’ understanding of the entity’s Scope 2 greenhouse gas emissions. For the avoidance of doubt, an entity is required to disclose its Scope 2 greenhouse gas emissions using a location-based approach and is required to provide information about contractual instruments only if such instruments exist and information about them informs users’ understanding of an entity’s Scope 2 greenhouse gas emissions.","Paragraph 29(a)(v) requires an entity to disclose its location-based Scope 2 greenhouse gas emissions and provide information about any contractual instruments the entity has entered into that could inform users’ understanding of the entity’s Scope 2 greenhouse gas emissions. For the avoidance of doubt, an entity is required to disclose its Scope 2 greenhouse gas emissions using a location-based approach and is required to provide information about contractual instruments only if such instruments exist and information about them informs users’ understanding of an entity’s Scope 2 greenhouse gas emissions.",(v),mandatory,True,"[""ghg_emissions"", ""scope_2""]",medium,0.8,1.0
IFRS_S2_B32_C01,IFRS S2,B32,33,Metrics and Targets,Scope 3 greenhouse gas emissions,Scope 3 greenhouse gas emissions,"In accordance with paragraph 29(a)(vi), an entity shall disclose information about its Scope 3 greenhouse gas emissions to enable users of general purpose financial reports to understand the source of these emissions. The entity shall consider its entire value chain (upstream and downstream) and shall consider all 15 categories of Scope 3 greenhouse gas emissions, as described in the Greenhouse Gas Protocol Corporate Value Chain (Scope 3) Accounting and Reporting Standard (2011). In accordance with paragraph 29(a)(vi), the entity shall disclose which of these categories are included in its Scope 3 greenhouse gas emissions disclosures.","In accordance with paragraph 29(a)(vi), an entity shall disclose information about its Scope 3 greenhouse gas emissions to enable users of general purpose financial reports to understand the source of these emissions. The entity shall consider its entire value chain (upstream and downstream) and shall consider all 15 categories of Scope 3 greenhouse gas emissions, as described in the Greenhouse Gas Protocol Corporate Value Chain (Scope 3) Accounting and Reporting Standard (2011). In accordance with paragraph 29(a)(vi), the entity shall disclose which of these categories are included in its Scope 3 greenhouse gas emissions disclosures.",,mandatory,True,"[""business_model_value_chain"", ""ghg_emissions"", ""scope_3""]",medium,1.0,1.0
IFRS_S2_B33_C01,IFRS S2,B33,33,Metrics and Targets,Scope 3 greenhouse gas emissions,Scope 3 greenhouse gas emissions,"For the avoidance of doubt, regardless of the method an entity uses to measure its greenhouse gas emissions, the entity is required to disclose the categories included within its measure of Scope 3 greenhouse gas emissions as described in paragraph 29(a)(vi)(1).","For the avoidance of doubt, regardless of the method an entity uses to measure its greenhouse gas emissions, the entity is required to disclose the categories included within its measure of Scope 3 greenhouse gas emissions as described in paragraph 29(a)(vi)(1).",,mandatory,True,"[""ghg_emissions"", ""scope_3""]",medium,1.0,1.0
IFRS_S2_B34_C01,IFRS S2,B34,34,Metrics and Targets,Scope 3 greenhouse gas emissions,Scope 3 greenhouse gas emissions,"In accordance with paragraph B11 in IFRS S1, on the occurrence of a significant event or a significant change in circumstances, an entity shall reassess the scope of all affected climate-related risks and opportunities throughout its value chain, including reassessing which Scope 3 categories and entities throughout its value chain to include in the measurement of its Scope 3 greenhouse gas emissions. A significant event or significant change in circumstances can occur without the entity being involved in that event or change in circumstances or as a result of a change in what the entity assesses to be important to users of general purpose financial reports. For example, such significant events or significant changes in circumstances might include — (a) a significant change in the entity’s value chain (for example, a supplier in the entity’s value chain makes a change that significantly alters the supplier’s greenhouse gas emissions)","In accordance with paragraph B11 in IFRS S1, on the occurrence of a significant event or a significant change in circumstances, an entity shall reassess the scope of all affected climate-related risks and opportunities throughout its value chain, including reassessing which Scope 3 categories and entities throughout its value chain to include in the measurement of its Scope 3 greenhouse gas emissions. A significant event or significant change in circumstances can occur without the entity being involved in that event or change in circumstances or as a result of a change in what the entity assesses to be important to users of general purpose financial reports. For example, such significant events or significant changes in circumstances might include: (a) a significant change in the entity’s value chain (for example, a supplier in the entity’s value chain makes a change that significantly alters the supplier’s greenhouse gas emissions); (b) a significant change in the entity’s business model, activities or corporate structure (for example, a merger or acquisition that expands the entity’s value chain); and (c) a significant change in the entity’s exposure to climate-related risks and opportunities (for example, a supplier in the entity’s value chain is affected by the introduction of an emissions regulation that the entity had not anticipated).",(a),mandatory,True,"[""business_model_value_chain"", ""ghg_emissions"", ""scope_3""]",medium,1.0,1.0
IFRS_S2_B34_C02,IFRS S2,B34,34,Metrics and Targets,Scope 3 greenhouse gas emissions,Scope 3 greenhouse gas emissions,"In accordance with paragraph B11 in IFRS S1, on the occurrence of a significant event or a significant change in circumstances, an entity shall reassess the scope of all affected climate-related risks and opportunities throughout its value chain, including reassessing which Scope 3 categories and entities throughout its value chain to include in the measurement of its Scope 3 greenhouse gas emissions. A significant event or significant change in circumstances can occur without the entity being involved in that event or change in circumstances or as a result of a change in what the entity assesses to be important to users of general purpose financial reports. For example, such significant events or significant changes in circumstances might include — (b) a significant change in the entity’s business model, activities or corporate structure (for example, a merger or acquisition that expands the entity’s value chain)","In accordance with paragraph B11 in IFRS S1, on the occurrence of a significant event or a significant change in circumstances, an entity shall reassess the scope of all affected climate-related risks and opportunities throughout its value chain, including reassessing which Scope 3 categories and entities throughout its value chain to include in the measurement of its Scope 3 greenhouse gas emissions. A significant event or significant change in circumstances can occur without the entity being involved in that event or change in circumstances or as a result of a change in what the entity assesses to be important to users of general purpose financial reports. For example, such significant events or significant changes in circumstances might include: (a) a significant change in the entity’s value chain (for example, a supplier in the entity’s value chain makes a change that significantly alters the supplier’s greenhouse gas emissions); (b) a significant change in the entity’s business model, activities or corporate structure (for example, a merger or acquisition that expands the entity’s value chain); and (c) a significant change in the entity’s exposure to climate-related risks and opportunities (for example, a supplier in the entity’s value chain is affected by the introduction of an emissions regulation that the entity had not anticipated).",(b),mandatory,True,"[""business_model_value_chain"", ""ghg_emissions"", ""scope_3""]",medium,1.0,1.0
IFRS_S2_B34_C03,IFRS S2,B34,34,Metrics and Targets,Scope 3 greenhouse gas emissions,Scope 3 greenhouse gas emissions,"In accordance with paragraph B11 in IFRS S1, on the occurrence of a significant event or a significant change in circumstances, an entity shall reassess the scope of all affected climate-related risks and opportunities throughout its value chain, including reassessing which Scope 3 categories and entities throughout its value chain to include in the measurement of its Scope 3 greenhouse gas emissions. A significant event or significant change in circumstances can occur without the entity being involved in that event or change in circumstances or as a result of a change in what the entity assesses to be important to users of general purpose financial reports. For example, such significant events or significant changes in circumstances might include — (c) a significant change in the entity’s exposure to climate-related risks and opportunities (for example, a supplier in the entity’s value chain is affected by the introduction of an emissions regulation that the entity had not anticipated).","In accordance with paragraph B11 in IFRS S1, on the occurrence of a significant event or a significant change in circumstances, an entity shall reassess the scope of all affected climate-related risks and opportunities throughout its value chain, including reassessing which Scope 3 categories and entities throughout its value chain to include in the measurement of its Scope 3 greenhouse gas emissions. A significant event or significant change in circumstances can occur without the entity being involved in that event or change in circumstances or as a result of a change in what the entity assesses to be important to users of general purpose financial reports. For example, such significant events or significant changes in circumstances might include: (a) a significant change in the entity’s value chain (for example, a supplier in the entity’s value chain makes a change that significantly alters the supplier’s greenhouse gas emissions); (b) a significant change in the entity’s business model, activities or corporate structure (for example, a merger or acquisition that expands the entity’s value chain); and (c) a significant change in the entity’s exposure to climate-related risks and opportunities (for example, a supplier in the entity’s value chain is affected by the introduction of an emissions regulation that the entity had not anticipated).",(c),mandatory,True,"[""business_model_value_chain"", ""ghg_emissions"", ""scope_3""]",medium,1.0,1.0
IFRS_S2_B36_C01,IFRS S2,B36,34,Metrics and Targets,Scope 3 greenhouse gas emissions,Scope 3 greenhouse gas emissions,"In accordance with paragraph B6(b) in IFRS S1, to determine the scope of the value chain, which includes its breadth and composition, an entity shall use all reasonable and supportable information that is available to the entity at the reporting date without undue cost or effort.","In accordance with paragraph B6(b) in IFRS S1, to determine the scope of the value chain, which includes its breadth and composition, an entity shall use all reasonable and supportable information that is available to the entity at the reporting date without undue cost or effort.",,mandatory,True,"[""business_model_value_chain"", ""ghg_emissions"", ""scope_3""]",medium,1.0,1.0
IFRS_S2_B37_C01,IFRS S2,B37,34,Metrics and Targets,Scope 3 greenhouse gas emissions,Scope 3 greenhouse gas emissions,"An entity that participates in one or more financial activities associated with asset management, commercial banking and insurance shall disclose additional information about the financed emissions associated with those activities as part of the entity’s disclosure of its Scope 3 greenhouse gas emissions (see paragraphs B58–B63A).","An entity that participates in one or more financial activities associated with asset management, commercial banking and insurance shall disclose additional information about the financed emissions associated with those activities as part of the entity’s disclosure of its Scope 3 greenhouse gas emissions (see paragraphs B58–B63A).",,mandatory,True,"[""ghg_emissions"", ""scope_3"", ""financed_emissions"", ""commercial_banking"", ""asset_management"", ""insurance""]",high,1.0,1.0
IFRS_S2_B38_C01,IFRS S2,B38,34,Metrics and Targets,Scope 3 measurement framework,Scope 3 measurement framework,"An entity’s measurement of Scope 3 greenhouse gas emissions is likely to include the use of estimation rather than solely comprising direct measurement. In measuring Scope 3 greenhouse gas emissions an entity shall use a measurement approach, inputs and assumptions that result in a faithful representation of this measurement. The measurement framework described in paragraphs B40–B54 provides guidance for an entity to use in preparing its Scope 3 greenhouse gas emissions disclosures.","An entity’s measurement of Scope 3 greenhouse gas emissions is likely to include the use of estimation rather than solely comprising direct measurement. In measuring Scope 3 greenhouse gas emissions an entity shall use a measurement approach, inputs and assumptions that result in a faithful representation of this measurement. The measurement framework described in paragraphs B40–B54 provides guidance for an entity to use in preparing its Scope 3 greenhouse gas emissions disclosures.",,mandatory,True,"[""ghg_emissions"", ""scope_3""]",medium,1.0,1.0
IFRS_S2_B39_C01,IFRS S2,B39,34,Metrics and Targets,Scope 3 measurement framework,Scope 3 measurement framework,"An entity is required to use all reasonable and supportable information that is available to the entity at the reporting date without undue cost or effort when the entity selects the measurement approach, inputs and assumptions it uses in measuring Scope 3 greenhouse gas emissions.","An entity is required to use all reasonable and supportable information that is available to the entity at the reporting date without undue cost or effort when the entity selects the measurement approach, inputs and assumptions it uses in measuring Scope 3 greenhouse gas emissions.",,mandatory,True,"[""ghg_emissions"", ""scope_3""]",medium,1.0,1.0
IFRS_S2_B40_C01,IFRS S2,B40,35,Metrics and Targets,Scope 3 measurement framework,Scope 3 measurement framework,"An entity’s measurement of Scope 3 greenhouse gas emissions relies upon a range of inputs. This Standard does not specify the inputs the entity is required to use to measure its Scope 3 greenhouse gas emissions, but does require the entity to prioritise inputs and assumptions using these identifying characteristics (which are listed in no particular order) — (a) data based on direct measurement (paragraphs B43–B45)","An entity’s measurement of Scope 3 greenhouse gas emissions relies upon a range of inputs. This Standard does not specify the inputs the entity is required to use to measure its Scope 3 greenhouse gas emissions, but does require the entity to prioritise inputs and assumptions using these identifying characteristics (which are listed in no particular order): (a) data based on direct measurement (paragraphs B43–B45); (b) data from specific activities within the entity’s value chain (paragraphs B46–B49); (c) timely data that faithfully represents the jurisdiction of, and the technology used for, the value chain activity and its greenhouse gas (d) data that has been verified (paragraphs B53–B54).",(a),mandatory,True,"[""ghg_emissions"", ""scope_3""]",medium,1.0,1.0
IFRS_S2_B40_C02,IFRS S2,B40,35,Metrics and Targets,Scope 3 measurement framework,Scope 3 measurement framework,"An entity’s measurement of Scope 3 greenhouse gas emissions relies upon a range of inputs. This Standard does not specify the inputs the entity is required to use to measure its Scope 3 greenhouse gas emissions, but does require the entity to prioritise inputs and assumptions using these identifying characteristics (which are listed in no particular order) — (b) data from specific activities within the entity’s value chain (paragraphs B46–B49)","An entity’s measurement of Scope 3 greenhouse gas emissions relies upon a range of inputs. This Standard does not specify the inputs the entity is required to use to measure its Scope 3 greenhouse gas emissions, but does require the entity to prioritise inputs and assumptions using these identifying characteristics (which are listed in no particular order): (a) data based on direct measurement (paragraphs B43–B45); (b) data from specific activities within the entity’s value chain (paragraphs B46–B49); (c) timely data that faithfully represents the jurisdiction of, and the technology used for, the value chain activity and its greenhouse gas (d) data that has been verified (paragraphs B53–B54).",(b),mandatory,True,"[""business_model_value_chain"", ""ghg_emissions"", ""scope_3""]",medium,1.0,1.0
IFRS_S2_B40_C03,IFRS S2,B40,35,Metrics and Targets,Scope 3 measurement framework,Scope 3 measurement framework,"An entity’s measurement of Scope 3 greenhouse gas emissions relies upon a range of inputs. This Standard does not specify the inputs the entity is required to use to measure its Scope 3 greenhouse gas emissions, but does require the entity to prioritise inputs and assumptions using these identifying characteristics (which are listed in no particular order) — (c) timely data that faithfully represents the jurisdiction of, and the technology used for, the value chain activity and its greenhouse gas","An entity’s measurement of Scope 3 greenhouse gas emissions relies upon a range of inputs. This Standard does not specify the inputs the entity is required to use to measure its Scope 3 greenhouse gas emissions, but does require the entity to prioritise inputs and assumptions using these identifying characteristics (which are listed in no particular order): (a) data based on direct measurement (paragraphs B43–B45); (b) data from specific activities within the entity’s value chain (paragraphs B46–B49); (c) timely data that faithfully represents the jurisdiction of, and the technology used for, the value chain activity and its greenhouse gas (d) data that has been verified (paragraphs B53–B54).",(c),mandatory,True,"[""business_model_value_chain"", ""ghg_emissions"", ""scope_3""]",medium,1.0,1.0
IFRS_S2_B40_C04,IFRS S2,B40,35,Metrics and Targets,Scope 3 measurement framework,Scope 3 measurement framework,"An entity’s measurement of Scope 3 greenhouse gas emissions relies upon a range of inputs. This Standard does not specify the inputs the entity is required to use to measure its Scope 3 greenhouse gas emissions, but does require the entity to prioritise inputs and assumptions using these identifying characteristics (which are listed in no particular order) — (d) data that has been verified (paragraphs B53–B54).","An entity’s measurement of Scope 3 greenhouse gas emissions relies upon a range of inputs. This Standard does not specify the inputs the entity is required to use to measure its Scope 3 greenhouse gas emissions, but does require the entity to prioritise inputs and assumptions using these identifying characteristics (which are listed in no particular order): (a) data based on direct measurement (paragraphs B43–B45); (b) data from specific activities within the entity’s value chain (paragraphs B46–B49); (c) timely data that faithfully represents the jurisdiction of, and the technology used for, the value chain activity and its greenhouse gas (d) data that has been verified (paragraphs B53–B54).",(d),mandatory,True,"[""ghg_emissions"", ""scope_3""]",medium,1.0,1.0
IFRS_S2_B43_C01,IFRS S2,B43,35,Metrics and Targets,emissions (paragraphs B50–B52); and,emissions (paragraphs B50–B52); and,Two methods are used to quantify Scope 3 greenhouse gas emissions: direct measurement and estimation. Of these two methods—and with all else being equal—an entity shall prioritise direct measurement.,Two methods are used to quantify Scope 3 greenhouse gas emissions: direct measurement and estimation. Of these two methods—and with all else being equal—an entity shall prioritise direct measurement.,,mandatory,True,"[""ghg_emissions"", ""scope_3""]",medium,1.0,1.0
IFRS_S2_B47_C01,IFRS S2,B47,36,Metrics and Targets,emissions (paragraphs B50–B52); and,emissions (paragraphs B50–B52); and,"In measuring an entity’s Scope 3 greenhouse gas emissions, primary data is more likely to be representative of the entity’s value chain activity and its greenhouse gas emissions than secondary data. Therefore, the entity shall prioritise—with all else being equal—the use of primary data.","In measuring an entity’s Scope 3 greenhouse gas emissions, primary data is more likely to be representative of the entity’s value chain activity and its greenhouse gas emissions than secondary data. Therefore, the entity shall prioritise—with all else being equal—the use of primary data.",,mandatory,True,"[""business_model_value_chain"", ""ghg_emissions"", ""scope_3""]",medium,1.0,1.0
IFRS_S2_B49_C01,IFRS S2,B49,36,Metrics and Targets,emissions (paragraphs B50–B52); and,emissions (paragraphs B50–B52); and,"Secondary data for Scope 3 greenhouse gas emissions is data that is not obtained directly from specific activities within an entity’s value chain. Secondary data is often supplied by third-party data providers and includes industry-average data (for example, from published databases, government statistics, literature studies and industry associations). Secondary data includes data used to approximate the activity or emission factors. Additionally, secondary data includes primary data from a specific activity (proxy data) used to estimate greenhouse gas emissions for another activity. If an entity uses secondary data to measure its Scope 3 greenhouse gas emissions, it shall consider the extent to which the data faithfully represents the entity’s activities. Timely data that faithfully represents the jurisdiction of, and the technology used for, the value chain activity and its greenhouse gas emissions","Secondary data for Scope 3 greenhouse gas emissions is data that is not obtained directly from specific activities within an entity’s value chain. Secondary data is often supplied by third-party data providers and includes industry-average data (for example, from published databases, government statistics, literature studies and industry associations). Secondary data includes data used to approximate the activity or emission factors. Additionally, secondary data includes primary data from a specific activity (proxy data) used to estimate greenhouse gas emissions for another activity. If an entity uses secondary data to measure its Scope 3 greenhouse gas emissions, it shall consider the extent to which the data faithfully represents the entity’s activities. Timely data that faithfully represents the jurisdiction of, and the technology used for, the value chain activity and its greenhouse gas emissions",,mandatory,True,"[""business_model_value_chain"", ""ghg_emissions"", ""scope_3""]",medium,0.8,1.0
IFRS_S2_B53_C01,IFRS S2,B53,37,Metrics and Targets,emissions (paragraphs B50–B52); and,emissions (paragraphs B50–B52); and,"An entity shall prioritise Scope 3 greenhouse gas emissions data that is verified. Verification can provide users of general purpose financial reports with confidence that the information is complete, neutral and accurate.","An entity shall prioritise Scope 3 greenhouse gas emissions data that is verified. Verification can provide users of general purpose financial reports with confidence that the information is complete, neutral and accurate.",,mandatory,True,"[""ghg_emissions"", ""scope_3""]",medium,1.0,1.0
IFRS_S2_B55_C01,IFRS S2,B55,37,Metrics and Targets,emissions (paragraphs B50–B52); and,emissions (paragraphs B50–B52); and,"An entity shall disclose information about the measurement approach, inputs and assumptions it uses to measure its Scope 3 greenhouse gas emissions in accordance with paragraph 29(a)(iii). This disclosure shall include information about the characteristics of the data inputs as described in paragraph B40. The purpose of this disclosure is to provide users of general purpose financial reports with information about how the entity has prioritised the highest quality data available, which faithfully represents the value chain activity and its Scope 3 greenhouse gas emissions. This disclosure also helps users of general purpose financial reports to understand why the measurement approach, inputs and assumptions the entity uses to estimate its Scope 3 greenhouse gas emissions are relevant.","An entity shall disclose information about the measurement approach, inputs and assumptions it uses to measure its Scope 3 greenhouse gas emissions in accordance with paragraph 29(a)(iii). This disclosure shall include information about the characteristics of the data inputs as described in paragraph B40. The purpose of this disclosure is to provide users of general purpose financial reports with information about how the entity has prioritised the highest quality data available, which faithfully represents the value chain activity and its Scope 3 greenhouse gas emissions. This disclosure also helps users of general purpose financial reports to understand why the measurement approach, inputs and assumptions the entity uses to estimate its Scope 3 greenhouse gas emissions are relevant.",,mandatory,True,"[""business_model_value_chain"", ""ghg_emissions"", ""scope_3""]",medium,1.0,1.0
IFRS_S2_B56_C01,IFRS S2,B56,38,Metrics and Targets,emissions (paragraphs B50–B52); and,emissions (paragraphs B50–B52); and,"As part of the requirement in paragraph 29(a)(iii), and to reflect how an entity prioritises Scope 3 data in accordance with the measurement framework set out in paragraphs B40–B54, the entity shall disclose information that enables users of general purpose financial reports to understand — (a) the extent to which the entity’s Scope 3 greenhouse gas emissions are measured using inputs from specific activities within the entity’s value chain","As part of the requirement in paragraph 29(a)(iii), and to reflect how an entity prioritises Scope 3 data in accordance with the measurement framework set out in paragraphs B40–B54, the entity shall disclose information that enables users of general purpose financial reports to understand: (a) the extent to which the entity’s Scope 3 greenhouse gas emissions are measured using inputs from specific activities within the entity’s value chain; and (b) the extent to which the entity’s Scope 3 greenhouse gas emissions are measured using inputs that are verified.",(a),mandatory,True,"[""business_model_value_chain"", ""ghg_emissions"", ""scope_3""]",medium,1.0,1.0
IFRS_S2_B56_C02,IFRS S2,B56,38,Metrics and Targets,emissions (paragraphs B50–B52); and,emissions (paragraphs B50–B52); and,"As part of the requirement in paragraph 29(a)(iii), and to reflect how an entity prioritises Scope 3 data in accordance with the measurement framework set out in paragraphs B40–B54, the entity shall disclose information that enables users of general purpose financial reports to understand — (b) the extent to which the entity’s Scope 3 greenhouse gas emissions are measured using inputs that are verified.","As part of the requirement in paragraph 29(a)(iii), and to reflect how an entity prioritises Scope 3 data in accordance with the measurement framework set out in paragraphs B40–B54, the entity shall disclose information that enables users of general purpose financial reports to understand: (a) the extent to which the entity’s Scope 3 greenhouse gas emissions are measured using inputs from specific activities within the entity’s value chain; and (b) the extent to which the entity’s Scope 3 greenhouse gas emissions are measured using inputs that are verified.",(b),mandatory,True,"[""ghg_emissions"", ""scope_3""]",medium,1.0,1.0
IFRS_S2_B57_C01,IFRS S2,B57,38,Metrics and Targets,emissions (paragraphs B50–B52); and,emissions (paragraphs B50–B52); and,"This Standard includes the presumption that Scope 3 greenhouse gas emissions can be estimated reliably using secondary data and industry averages. In those rare cases when an entity determines it is impracticable to estimate its Scope 3 greenhouse gas emissions, the entity shall disclose how it is managing its Scope 3 greenhouse gas emissions. Applying a requirement is impracticable when the entity cannot apply it after making every reasonable effort to do so.","This Standard includes the presumption that Scope 3 greenhouse gas emissions can be estimated reliably using secondary data and industry averages. In those rare cases when an entity determines it is impracticable to estimate its Scope 3 greenhouse gas emissions, the entity shall disclose how it is managing its Scope 3 greenhouse gas emissions. Applying a requirement is impracticable when the entity cannot apply it after making every reasonable effort to do so.",,mandatory,True,"[""ghg_emissions"", ""scope_3""]",medium,1.0,1.0
IFRS_S2_B59_C01,IFRS S2,B59,38,Metrics and Targets,Financed emissions,Financed emissions,"Paragraph 29(a)(i) — (3) requires an entity to disclose its absolute gross Scope 3 greenhouse gas emissions generated during the reporting period, including upstream and downstream emissions. An entity that participates in one or more of the following financial activities is required to disclose additional and specific information about its financed emissions (which are part of Category 15 greenhouse gas emissions):","Paragraph 29(a)(i)(3) requires an entity to disclose its absolute gross Scope 3 greenhouse gas emissions generated during the reporting period, including upstream and downstream emissions. An entity that participates in one or more of the following financial activities is required to disclose additional and specific information about its financed emissions (which are part of Category 15 greenhouse gas emissions): (a) asset management (see paragraph B61); (b) commercial banking (see paragraphs B62–B62A); and (c) insurance (see paragraphs B63–B63A).",(3),mandatory,True,"[""ghg_emissions"", ""scope_3"", ""financed_emissions""]",high,1.0,1.0
IFRS_S2_B60_C01,IFRS S2,B60,39,Metrics and Targets,Financed emissions,Financed emissions,An entity shall apply the requirements for disclosing greenhouse gas emissions in accordance with paragraph 29(a) when disclosing information about its financed emissions.,An entity shall apply the requirements for disclosing greenhouse gas emissions in accordance with paragraph 29(a) when disclosing information about its financed emissions.,,mandatory,True,"[""ghg_emissions"", ""financed_emissions""]",high,1.0,1.0
IFRS_S2_B61_C01,IFRS S2,B61,39,Metrics and Targets,Asset management,Asset management,"An entity that participates in asset management activities shall disclose — (a) its absolute gross financed emissions, disaggregated by Scope 1, Scope 2 and Scope 3 greenhouse gas emissions.","An entity that participates in asset management activities shall disclose: (a) its absolute gross financed emissions, disaggregated by Scope 1, Scope 2 and Scope 3 greenhouse gas emissions. (b) for each of the disaggregated items in paragraph B61(a), the total amount of assets under management (AUM) that is included in the financed emissions disclosure, expressed in the presentation currency of the entity’s financial statements. (c) the percentage of the entity’s total AUM included in the financed emissions calculation. If the percentage is less than 100%, the entity shall disclose information that explains the exclusions, including types of assets and associated amount of AUM. (d) the methodology used to calculate the financed emissions, including the method of allocation the entity used to attribute its share of emissions in relation to the size of investments.",(a),mandatory,True,"[""ghg_emissions"", ""scope_1"", ""scope_2"", ""scope_3"", ""financed_emissions"", ""asset_management""]",high,1.0,1.0
IFRS_S2_B61_C02,IFRS S2,B61,39,Metrics and Targets,Asset management,Asset management,"An entity that participates in asset management activities shall disclose — (b) for each of the disaggregated items in paragraph B61(a), the total amount of assets under management (AUM) that is included in the financed emissions disclosure, expressed in the presentation currency of the entity’s financial statements.","An entity that participates in asset management activities shall disclose: (a) its absolute gross financed emissions, disaggregated by Scope 1, Scope 2 and Scope 3 greenhouse gas emissions. (b) for each of the disaggregated items in paragraph B61(a), the total amount of assets under management (AUM) that is included in the financed emissions disclosure, expressed in the presentation currency of the entity’s financial statements. (c) the percentage of the entity’s total AUM included in the financed emissions calculation. If the percentage is less than 100%, the entity shall disclose information that explains the exclusions, including types of assets and associated amount of AUM. (d) the methodology used to calculate the financed emissions, including the method of allocation the entity used to attribute its share of emissions in relation to the size of investments.",(b),mandatory,True,"[""financed_emissions"", ""asset_management"", ""connected_information""]",high,1.0,1.0
IFRS_S2_B61_C03,IFRS S2,B61,39,Metrics and Targets,Asset management,Asset management,"An entity that participates in asset management activities shall disclose — (c) the percentage of the entity’s total AUM included in the financed emissions calculation. If the percentage is less than 100%, the entity shall disclose information that explains the exclusions, including types of assets and associated amount of AUM.","An entity that participates in asset management activities shall disclose: (a) its absolute gross financed emissions, disaggregated by Scope 1, Scope 2 and Scope 3 greenhouse gas emissions. (b) for each of the disaggregated items in paragraph B61(a), the total amount of assets under management (AUM) that is included in the financed emissions disclosure, expressed in the presentation currency of the entity’s financial statements. (c) the percentage of the entity’s total AUM included in the financed emissions calculation. If the percentage is less than 100%, the entity shall disclose information that explains the exclusions, including types of assets and associated amount of AUM. (d) the methodology used to calculate the financed emissions, including the method of allocation the entity used to attribute its share of emissions in relation to the size of investments.",(c),mandatory,True,"[""financed_emissions"", ""asset_management""]",high,1.0,1.0
IFRS_S2_B61_C04,IFRS S2,B61,39,Metrics and Targets,Asset management,Asset management,"An entity that participates in asset management activities shall disclose — (d) the methodology used to calculate the financed emissions, including the method of allocation the entity used to attribute its share of emissions in relation to the size of investments.","An entity that participates in asset management activities shall disclose: (a) its absolute gross financed emissions, disaggregated by Scope 1, Scope 2 and Scope 3 greenhouse gas emissions. (b) for each of the disaggregated items in paragraph B61(a), the total amount of assets under management (AUM) that is included in the financed emissions disclosure, expressed in the presentation currency of the entity’s financial statements. (c) the percentage of the entity’s total AUM included in the financed emissions calculation. If the percentage is less than 100%, the entity shall disclose information that explains the exclusions, including types of assets and associated amount of AUM. (d) the methodology used to calculate the financed emissions, including the method of allocation the entity used to attribute its share of emissions in relation to the size of investments.",(d),mandatory,True,"[""financed_emissions"", ""asset_management""]",high,1.0,1.0
IFRS_S2_B62_C01,IFRS S2,B62,39,Metrics and Targets,Commercial banking,Commercial banking,"An entity that participates in commercial banking activities shall disclose — (a) its absolute gross financed emissions, disaggregated by Scope 1, Scope 2 and Scope 3 greenhouse gas emissions for each industry by asset class.","An entity that participates in commercial banking activities shall disclose: (a) its absolute gross financed emissions, disaggregated by Scope 1, Scope 2 and Scope 3 greenhouse gas emissions for each industry by asset class. (b) its gross exposure to each industry by asset class, expressed in the presentation currency of the entity’s financial statements. For: (i) funded amounts—gross exposure shall be calculated as the funded carrying amounts (before subtracting the loss allowance, when applicable), whether prepared in accordance with IFRS Accounting Standards or other GAAP. (ii) undrawn loan commitments—the entity shall disclose the full amount of the commitment separately from the drawn portion of loan commitments. (c) the percentage of the entity’s gross exposure included in the financed emissions calculation. The entity shall: (i) if the percentage of the entity’s gross exposure included in the financed emissions calculation is less than 100%, disclose information that explains the exclusions, including the type of assets excluded. (ii) for funded amounts, exclude from gross exposure all impacts of risk mitigants, if applicable. (iii) disclose separately the percentage of its undrawn loan commitments included in the financed emissions calculation. (d) the methodology the entity used to calculate its financed emissions, including the method of allocation the entity used to attribute its share of emissions in relation to the size of its gross exposure.",(a),mandatory,True,"[""ghg_emissions"", ""scope_1"", ""scope_2"", ""scope_3"", ""financed_emissions"", ""commercial_banking""]",high,1.0,1.0
IFRS_S2_B62_C03,IFRS S2,B62,39,Metrics and Targets,Commercial banking,Commercial banking,"An entity that participates in commercial banking activities shall disclose — (b) its gross exposure to each industry by asset class, expressed in the presentation currency of the entity’s financial statements. For: — (i) funded amounts—gross exposure shall be calculated as the funded carrying amounts (before subtracting the loss allowance, when applicable), whether prepared in accordance with IFRS Accounting Standards or other GAAP.","An entity that participates in commercial banking activities shall disclose: (a) its absolute gross financed emissions, disaggregated by Scope 1, Scope 2 and Scope 3 greenhouse gas emissions for each industry by asset class. (b) its gross exposure to each industry by asset class, expressed in the presentation currency of the entity’s financial statements. For: (i) funded amounts—gross exposure shall be calculated as the funded carrying amounts (before subtracting the loss allowance, when applicable), whether prepared in accordance with IFRS Accounting Standards or other GAAP. (ii) undrawn loan commitments—the entity shall disclose the full amount of the commitment separately from the drawn portion of loan commitments. (c) the percentage of the entity’s gross exposure included in the financed emissions calculation. The entity shall: (i) if the percentage of the entity’s gross exposure included in the financed emissions calculation is less than 100%, disclose information that explains the exclusions, including the type of assets excluded. (ii) for funded amounts, exclude from gross exposure all impacts of risk mitigants, if applicable. (iii) disclose separately the percentage of its undrawn loan commitments included in the financed emissions calculation. (d) the methodology the entity used to calculate its financed emissions, including the method of allocation the entity used to attribute its share of emissions in relation to the size of its gross exposure.",(b)>(i),mandatory,True,"[""financial_effects"", ""commercial_banking"", ""connected_information""]",high,1.0,1.0
IFRS_S2_B62_C04,IFRS S2,B62,39,Metrics and Targets,Commercial banking,Commercial banking,"An entity that participates in commercial banking activities shall disclose — (b) its gross exposure to each industry by asset class, expressed in the presentation currency of the entity’s financial statements. For: — (ii) undrawn loan commitments—the entity shall disclose the full amount of the commitment separately from the drawn portion of loan commitments.","An entity that participates in commercial banking activities shall disclose: (a) its absolute gross financed emissions, disaggregated by Scope 1, Scope 2 and Scope 3 greenhouse gas emissions for each industry by asset class. (b) its gross exposure to each industry by asset class, expressed in the presentation currency of the entity’s financial statements. For: (i) funded amounts—gross exposure shall be calculated as the funded carrying amounts (before subtracting the loss allowance, when applicable), whether prepared in accordance with IFRS Accounting Standards or other GAAP. (ii) undrawn loan commitments—the entity shall disclose the full amount of the commitment separately from the drawn portion of loan commitments. (c) the percentage of the entity’s gross exposure included in the financed emissions calculation. The entity shall: (i) if the percentage of the entity’s gross exposure included in the financed emissions calculation is less than 100%, disclose information that explains the exclusions, including the type of assets excluded. (ii) for funded amounts, exclude from gross exposure all impacts of risk mitigants, if applicable. (iii) disclose separately the percentage of its undrawn loan commitments included in the financed emissions calculation. (d) the methodology the entity used to calculate its financed emissions, including the method of allocation the entity used to attribute its share of emissions in relation to the size of its gross exposure.",(b)>(ii),mandatory,True,"[""commercial_banking"", ""connected_information""]",high,1.0,1.0
IFRS_S2_B62_C06,IFRS S2,B62,39,Metrics and Targets,Commercial banking,Commercial banking,"An entity that participates in commercial banking activities shall disclose — (c) the percentage of the entity’s gross exposure included in the financed emissions calculation. The entity shall: — (i) if the percentage of the entity’s gross exposure included in the financed emissions calculation is less than 100%, disclose information that explains the exclusions, including the type of assets excluded.","An entity that participates in commercial banking activities shall disclose: (a) its absolute gross financed emissions, disaggregated by Scope 1, Scope 2 and Scope 3 greenhouse gas emissions for each industry by asset class. (b) its gross exposure to each industry by asset class, expressed in the presentation currency of the entity’s financial statements. For: (i) funded amounts—gross exposure shall be calculated as the funded carrying amounts (before subtracting the loss allowance, when applicable), whether prepared in accordance with IFRS Accounting Standards or other GAAP. (ii) undrawn loan commitments—the entity shall disclose the full amount of the commitment separately from the drawn portion of loan commitments. (c) the percentage of the entity’s gross exposure included in the financed emissions calculation. The entity shall: (i) if the percentage of the entity’s gross exposure included in the financed emissions calculation is less than 100%, disclose information that explains the exclusions, including the type of assets excluded. (ii) for funded amounts, exclude from gross exposure all impacts of risk mitigants, if applicable. (iii) disclose separately the percentage of its undrawn loan commitments included in the financed emissions calculation. (d) the methodology the entity used to calculate its financed emissions, including the method of allocation the entity used to attribute its share of emissions in relation to the size of its gross exposure.",(c)>(i),mandatory,True,"[""financed_emissions"", ""commercial_banking""]",high,1.0,1.0
IFRS_S2_B62_C07,IFRS S2,B62,39,Metrics and Targets,Commercial banking,Commercial banking,"An entity that participates in commercial banking activities shall disclose — (c) the percentage of the entity’s gross exposure included in the financed emissions calculation. The entity shall: — (ii) for funded amounts, exclude from gross exposure all impacts of risk mitigants, if applicable.","An entity that participates in commercial banking activities shall disclose: (a) its absolute gross financed emissions, disaggregated by Scope 1, Scope 2 and Scope 3 greenhouse gas emissions for each industry by asset class. (b) its gross exposure to each industry by asset class, expressed in the presentation currency of the entity’s financial statements. For: (i) funded amounts—gross exposure shall be calculated as the funded carrying amounts (before subtracting the loss allowance, when applicable), whether prepared in accordance with IFRS Accounting Standards or other GAAP. (ii) undrawn loan commitments—the entity shall disclose the full amount of the commitment separately from the drawn portion of loan commitments. (c) the percentage of the entity’s gross exposure included in the financed emissions calculation. The entity shall: (i) if the percentage of the entity’s gross exposure included in the financed emissions calculation is less than 100%, disclose information that explains the exclusions, including the type of assets excluded. (ii) for funded amounts, exclude from gross exposure all impacts of risk mitigants, if applicable. (iii) disclose separately the percentage of its undrawn loan commitments included in the financed emissions calculation. (d) the methodology the entity used to calculate its financed emissions, including the method of allocation the entity used to attribute its share of emissions in relation to the size of its gross exposure.",(c)>(ii),mandatory,True,"[""financed_emissions"", ""commercial_banking""]",high,1.0,1.0
IFRS_S2_B62_C08,IFRS S2,B62,39,Metrics and Targets,Commercial banking,Commercial banking,An entity that participates in commercial banking activities shall disclose — (c) the percentage of the entity’s gross exposure included in the financed emissions calculation. The entity shall: — (iii) disclose separately the percentage of its undrawn loan commitments included in the financed emissions calculation.,"An entity that participates in commercial banking activities shall disclose: (a) its absolute gross financed emissions, disaggregated by Scope 1, Scope 2 and Scope 3 greenhouse gas emissions for each industry by asset class. (b) its gross exposure to each industry by asset class, expressed in the presentation currency of the entity’s financial statements. For: (i) funded amounts—gross exposure shall be calculated as the funded carrying amounts (before subtracting the loss allowance, when applicable), whether prepared in accordance with IFRS Accounting Standards or other GAAP. (ii) undrawn loan commitments—the entity shall disclose the full amount of the commitment separately from the drawn portion of loan commitments. (c) the percentage of the entity’s gross exposure included in the financed emissions calculation. The entity shall: (i) if the percentage of the entity’s gross exposure included in the financed emissions calculation is less than 100%, disclose information that explains the exclusions, including the type of assets excluded. (ii) for funded amounts, exclude from gross exposure all impacts of risk mitigants, if applicable. (iii) disclose separately the percentage of its undrawn loan commitments included in the financed emissions calculation. (d) the methodology the entity used to calculate its financed emissions, including the method of allocation the entity used to attribute its share of emissions in relation to the size of its gross exposure.",(c)>(iii),mandatory,True,"[""financed_emissions"", ""commercial_banking""]",high,1.0,1.0
IFRS_S2_B62_C09,IFRS S2,B62,39,Metrics and Targets,Commercial banking,Commercial banking,"An entity that participates in commercial banking activities shall disclose — (d) the methodology the entity used to calculate its financed emissions, including the method of allocation the entity used to attribute its share of emissions in relation to the size of its gross exposure.","An entity that participates in commercial banking activities shall disclose: (a) its absolute gross financed emissions, disaggregated by Scope 1, Scope 2 and Scope 3 greenhouse gas emissions for each industry by asset class. (b) its gross exposure to each industry by asset class, expressed in the presentation currency of the entity’s financial statements. For: (i) funded amounts—gross exposure shall be calculated as the funded carrying amounts (before subtracting the loss allowance, when applicable), whether prepared in accordance with IFRS Accounting Standards or other GAAP. (ii) undrawn loan commitments—the entity shall disclose the full amount of the commitment separately from the drawn portion of loan commitments. (c) the percentage of the entity’s gross exposure included in the financed emissions calculation. The entity shall: (i) if the percentage of the entity’s gross exposure included in the financed emissions calculation is less than 100%, disclose information that explains the exclusions, including the type of assets excluded. (ii) for funded amounts, exclude from gross exposure all impacts of risk mitigants, if applicable. (iii) disclose separately the percentage of its undrawn loan commitments included in the financed emissions calculation. (d) the methodology the entity used to calculate its financed emissions, including the method of allocation the entity used to attribute its share of emissions in relation to the size of its gross exposure.",(d),mandatory,True,"[""financed_emissions"", ""commercial_banking""]",high,1.0,1.0
IFRS_S2_B62A_C05,IFRS S2,B62A,40,Metrics and Targets,Commercial banking,Commercial banking,When disaggregating information disclosed in accordance with paragraph B62(a)– — (a) industry—an entity shall: — (ii) disclose: — (1) the industry-classification system it used to classify investees or counterparties,"When disaggregating information disclosed in accordance with paragraph B62(a)–(b) by: (a) industry—an entity shall: (i) select an industry-classification system that enables it to classify investees or counterparties in a manner that results in information that enables users of general purpose financial reports to understand the entity’s exposure to climate-related transition risks. A system that is commonly used by other entities such as those operating in the same industry or jurisdiction (commonly used system) is more likely to support the comparability of information than a system used only by the entity (entity-specific system). If a commonly used system enables the entity to provide useful information about its exposure to climate-related transition risks—with all else being equal—the entity shall prioritise that system. An entity that participates in both commercial banking and insurance activities need not use the same system to classify investees or counterparties for its commercial banking and insurance activities (see paragraph B63A(a)(i)). (ii) disclose: (1) the industry-classification system it used to classify investees or counterparties; and (2) information that enables users of general purpose financial reports to understand how the entity’s selection of that system fulfils the requirements in paragraph B62A(a)(i). (b) asset class—the disclosure shall include loans, project finance, bonds, equity investments and undrawn loan commitments. If the entity calculates and discloses financed emissions for other asset classes, it shall include an explanation of why the inclusion of those additional asset classes provides relevant information to users of general purpose financial reports.",(a)>(ii)>(1),mandatory,True,"[""commercial_banking""]",high,1.0,1.0
IFRS_S2_B62A_C06,IFRS S2,B62A,40,Metrics and Targets,Commercial banking,Commercial banking,When disaggregating information disclosed in accordance with paragraph B62(a)– — (a) industry—an entity shall: — (ii) disclose: — (2) information that enables users of general purpose financial reports to understand how the entity’s selection of that system fulfils the requirements in paragraph B62A(a)(i).,"When disaggregating information disclosed in accordance with paragraph B62(a)–(b) by: (a) industry—an entity shall: (i) select an industry-classification system that enables it to classify investees or counterparties in a manner that results in information that enables users of general purpose financial reports to understand the entity’s exposure to climate-related transition risks. A system that is commonly used by other entities such as those operating in the same industry or jurisdiction (commonly used system) is more likely to support the comparability of information than a system used only by the entity (entity-specific system). If a commonly used system enables the entity to provide useful information about its exposure to climate-related transition risks—with all else being equal—the entity shall prioritise that system. An entity that participates in both commercial banking and insurance activities need not use the same system to classify investees or counterparties for its commercial banking and insurance activities (see paragraph B63A(a)(i)). (ii) disclose: (1) the industry-classification system it used to classify investees or counterparties; and (2) information that enables users of general purpose financial reports to understand how the entity’s selection of that system fulfils the requirements in paragraph B62A(a)(i). (b) asset class—the disclosure shall include loans, project finance, bonds, equity investments and undrawn loan commitments. If the entity calculates and discloses financed emissions for other asset classes, it shall include an explanation of why the inclusion of those additional asset classes provides relevant information to users of general purpose financial reports.",(a)>(ii)>(2),mandatory,True,"[""commercial_banking""]",high,1.0,1.0
IFRS_S2_B62A_C07,IFRS S2,B62A,40,Metrics and Targets,Commercial banking,Commercial banking,"When disaggregating information disclosed in accordance with paragraph B62(a)– — (b) asset class—the disclosure shall include loans, project finance, bonds, equity investments and undrawn loan commitments. If the entity calculates and discloses financed emissions for other asset classes, it shall include an explanation of why the inclusion of those additional asset classes provides relevant information to users of general purpose financial reports.","When disaggregating information disclosed in accordance with paragraph B62(a)–(b) by: (a) industry—an entity shall: (i) select an industry-classification system that enables it to classify investees or counterparties in a manner that results in information that enables users of general purpose financial reports to understand the entity’s exposure to climate-related transition risks. A system that is commonly used by other entities such as those operating in the same industry or jurisdiction (commonly used system) is more likely to support the comparability of information than a system used only by the entity (entity-specific system). If a commonly used system enables the entity to provide useful information about its exposure to climate-related transition risks—with all else being equal—the entity shall prioritise that system. An entity that participates in both commercial banking and insurance activities need not use the same system to classify investees or counterparties for its commercial banking and insurance activities (see paragraph B63A(a)(i)). (ii) disclose: (1) the industry-classification system it used to classify investees or counterparties; and (2) information that enables users of general purpose financial reports to understand how the entity’s selection of that system fulfils the requirements in paragraph B62A(a)(i). (b) asset class—the disclosure shall include loans, project finance, bonds, equity investments and undrawn loan commitments. If the entity calculates and discloses financed emissions for other asset classes, it shall include an explanation of why the inclusion of those additional asset classes provides relevant information to users of general purpose financial reports.",(b),mandatory,True,"[""financed_emissions"", ""commercial_banking""]",high,1.0,1.0
IFRS_S2_B63_C01,IFRS S2,B63,41,Metrics and Targets,Insurance,Insurance,"An entity that participates in financial activities associated with the insurance industry shall disclose — (a) its absolute gross financed emissions, disaggregated by Scope 1, Scope 2 and Scope 3 greenhouse gas emissions for each industry by asset class.","An entity that participates in financial activities associated with the insurance industry shall disclose: (a) its absolute gross financed emissions, disaggregated by Scope 1, Scope 2 and Scope 3 greenhouse gas emissions for each industry by asset class. (b) the gross exposure for each industry by asset class, expressed in the presentation currency of the entity’s financial statements. For: (i) funded amounts—gross exposure shall be calculated as the funded carrying amounts (before subtracting the loss allowance, when applicable), whether prepared in accordance with IFRS Accounting Standards or other GAAP. (ii) undrawn loan commitments—the entity shall disclose the full amount of the commitment separately from the drawn portion of loan commitments. (c) the percentage of the entity’s gross exposure included in the financed emissions calculation. The entity shall: (i) if the percentage of the entity’s gross exposure included in the financed emissions calculation is less than 100%, disclose information that explains the exclusions, including type of assets excluded. (ii) disclose separately the percentage of its undrawn loan commitments included in the financed emissions calculation. (d) the methodology the entity used to calculate its financed emissions, including the method of allocation the entity used to attribute its share of emissions in relation to the size of its gross exposure.",(a),mandatory,True,"[""ghg_emissions"", ""scope_1"", ""scope_2"", ""scope_3"", ""financed_emissions"", ""insurance""]",high,1.0,1.0
IFRS_S2_B63_C03,IFRS S2,B63,41,Metrics and Targets,Insurance,Insurance,"An entity that participates in financial activities associated with the insurance industry shall disclose — (b) the gross exposure for each industry by asset class, expressed in the presentation currency of the entity’s financial statements. For: — (i) funded amounts—gross exposure shall be calculated as the funded carrying amounts (before subtracting the loss allowance, when applicable), whether prepared in accordance with IFRS Accounting Standards or other GAAP.","An entity that participates in financial activities associated with the insurance industry shall disclose: (a) its absolute gross financed emissions, disaggregated by Scope 1, Scope 2 and Scope 3 greenhouse gas emissions for each industry by asset class. (b) the gross exposure for each industry by asset class, expressed in the presentation currency of the entity’s financial statements. For: (i) funded amounts—gross exposure shall be calculated as the funded carrying amounts (before subtracting the loss allowance, when applicable), whether prepared in accordance with IFRS Accounting Standards or other GAAP. (ii) undrawn loan commitments—the entity shall disclose the full amount of the commitment separately from the drawn portion of loan commitments. (c) the percentage of the entity’s gross exposure included in the financed emissions calculation. The entity shall: (i) if the percentage of the entity’s gross exposure included in the financed emissions calculation is less than 100%, disclose information that explains the exclusions, including type of assets excluded. (ii) disclose separately the percentage of its undrawn loan commitments included in the financed emissions calculation. (d) the methodology the entity used to calculate its financed emissions, including the method of allocation the entity used to attribute its share of emissions in relation to the size of its gross exposure.",(b)>(i),mandatory,True,"[""financial_effects"", ""commercial_banking"", ""insurance"", ""connected_information""]",high,1.0,1.0
IFRS_S2_B63_C04,IFRS S2,B63,41,Metrics and Targets,Insurance,Insurance,"An entity that participates in financial activities associated with the insurance industry shall disclose — (b) the gross exposure for each industry by asset class, expressed in the presentation currency of the entity’s financial statements. For: — (ii) undrawn loan commitments—the entity shall disclose the full amount of the commitment separately from the drawn portion of loan commitments.","An entity that participates in financial activities associated with the insurance industry shall disclose: (a) its absolute gross financed emissions, disaggregated by Scope 1, Scope 2 and Scope 3 greenhouse gas emissions for each industry by asset class. (b) the gross exposure for each industry by asset class, expressed in the presentation currency of the entity’s financial statements. For: (i) funded amounts—gross exposure shall be calculated as the funded carrying amounts (before subtracting the loss allowance, when applicable), whether prepared in accordance with IFRS Accounting Standards or other GAAP. (ii) undrawn loan commitments—the entity shall disclose the full amount of the commitment separately from the drawn portion of loan commitments. (c) the percentage of the entity’s gross exposure included in the financed emissions calculation. The entity shall: (i) if the percentage of the entity’s gross exposure included in the financed emissions calculation is less than 100%, disclose information that explains the exclusions, including type of assets excluded. (ii) disclose separately the percentage of its undrawn loan commitments included in the financed emissions calculation. (d) the methodology the entity used to calculate its financed emissions, including the method of allocation the entity used to attribute its share of emissions in relation to the size of its gross exposure.",(b)>(ii),mandatory,True,"[""commercial_banking"", ""insurance"", ""connected_information""]",high,1.0,1.0
IFRS_S2_B63_C06,IFRS S2,B63,41,Metrics and Targets,Insurance,Insurance,"An entity that participates in financial activities associated with the insurance industry shall disclose — (c) the percentage of the entity’s gross exposure included in the financed emissions calculation. The entity shall: — (i) if the percentage of the entity’s gross exposure included in the financed emissions calculation is less than 100%, disclose information that explains the exclusions, including type of assets excluded.","An entity that participates in financial activities associated with the insurance industry shall disclose: (a) its absolute gross financed emissions, disaggregated by Scope 1, Scope 2 and Scope 3 greenhouse gas emissions for each industry by asset class. (b) the gross exposure for each industry by asset class, expressed in the presentation currency of the entity’s financial statements. For: (i) funded amounts—gross exposure shall be calculated as the funded carrying amounts (before subtracting the loss allowance, when applicable), whether prepared in accordance with IFRS Accounting Standards or other GAAP. (ii) undrawn loan commitments—the entity shall disclose the full amount of the commitment separately from the drawn portion of loan commitments. (c) the percentage of the entity’s gross exposure included in the financed emissions calculation. The entity shall: (i) if the percentage of the entity’s gross exposure included in the financed emissions calculation is less than 100%, disclose information that explains the exclusions, including type of assets excluded. (ii) disclose separately the percentage of its undrawn loan commitments included in the financed emissions calculation. (d) the methodology the entity used to calculate its financed emissions, including the method of allocation the entity used to attribute its share of emissions in relation to the size of its gross exposure.",(c)>(i),mandatory,True,"[""financed_emissions"", ""commercial_banking"", ""insurance""]",high,1.0,1.0
IFRS_S2_B63_C07,IFRS S2,B63,41,Metrics and Targets,Insurance,Insurance,An entity that participates in financial activities associated with the insurance industry shall disclose — (c) the percentage of the entity’s gross exposure included in the financed emissions calculation. The entity shall: — (ii) disclose separately the percentage of its undrawn loan commitments included in the financed emissions calculation.,"An entity that participates in financial activities associated with the insurance industry shall disclose: (a) its absolute gross financed emissions, disaggregated by Scope 1, Scope 2 and Scope 3 greenhouse gas emissions for each industry by asset class. (b) the gross exposure for each industry by asset class, expressed in the presentation currency of the entity’s financial statements. For: (i) funded amounts—gross exposure shall be calculated as the funded carrying amounts (before subtracting the loss allowance, when applicable), whether prepared in accordance with IFRS Accounting Standards or other GAAP. (ii) undrawn loan commitments—the entity shall disclose the full amount of the commitment separately from the drawn portion of loan commitments. (c) the percentage of the entity’s gross exposure included in the financed emissions calculation. The entity shall: (i) if the percentage of the entity’s gross exposure included in the financed emissions calculation is less than 100%, disclose information that explains the exclusions, including type of assets excluded. (ii) disclose separately the percentage of its undrawn loan commitments included in the financed emissions calculation. (d) the methodology the entity used to calculate its financed emissions, including the method of allocation the entity used to attribute its share of emissions in relation to the size of its gross exposure.",(c)>(ii),mandatory,True,"[""financed_emissions"", ""commercial_banking"", ""insurance""]",high,1.0,1.0
IFRS_S2_B63_C08,IFRS S2,B63,41,Metrics and Targets,Insurance,Insurance,"An entity that participates in financial activities associated with the insurance industry shall disclose — (d) the methodology the entity used to calculate its financed emissions, including the method of allocation the entity used to attribute its share of emissions in relation to the size of its gross exposure.","An entity that participates in financial activities associated with the insurance industry shall disclose: (a) its absolute gross financed emissions, disaggregated by Scope 1, Scope 2 and Scope 3 greenhouse gas emissions for each industry by asset class. (b) the gross exposure for each industry by asset class, expressed in the presentation currency of the entity’s financial statements. For: (i) funded amounts—gross exposure shall be calculated as the funded carrying amounts (before subtracting the loss allowance, when applicable), whether prepared in accordance with IFRS Accounting Standards or other GAAP. (ii) undrawn loan commitments—the entity shall disclose the full amount of the commitment separately from the drawn portion of loan commitments. (c) the percentage of the entity’s gross exposure included in the financed emissions calculation. The entity shall: (i) if the percentage of the entity’s gross exposure included in the financed emissions calculation is less than 100%, disclose information that explains the exclusions, including type of assets excluded. (ii) disclose separately the percentage of its undrawn loan commitments included in the financed emissions calculation. (d) the methodology the entity used to calculate its financed emissions, including the method of allocation the entity used to attribute its share of emissions in relation to the size of its gross exposure.",(d),mandatory,True,"[""financed_emissions"", ""commercial_banking"", ""insurance""]",high,1.0,1.0
IFRS_S2_B63A_C05,IFRS S2,B63A,41,Metrics and Targets,Insurance,Insurance,When disaggregating information disclosed in accordance with paragraph B63(a)– — (a) industry—an entity shall: — (ii) disclose: — (1) the industry-classification system it used to classify investees or counterparties,"When disaggregating information disclosed in accordance with paragraph B63(a)–(b) by: (a) industry—an entity shall: (i) select an industry-classification system that enables it to classify investees or counterparties in a manner that results in information that enables users of general purpose financial reports to understand the entity’s exposure to climate-related transition risks. A system that is commonly used by other entities such as those operating in the same industry or jurisdiction (commonly used system) is more likely to support the comparability of information than a system used only by the entity (entity-specific system). If a commonly used system enables the entity to provide useful information about its exposure to climate-related transition risks—with all else being equal—the entity shall prioritise that system. An entity that participates in both commercial banking and insurance activities need not use the same system to classify investees or counterparties for its commercial banking and insurance activities (see paragraph B62A(a)(i)). (ii) disclose: (1) the industry-classification system it used to classify investees or counterparties; and (2) information that enables users of general purpose financial reports to understand how the entity’s selection of that system fulfils the requirements in paragraph B63A(a)(i). (b) asset class—the disclosure shall include loans, bonds, equity investments and undrawn loan commitments. If the entity calculates and discloses financed emissions for other asset classes, it shall include an explanation of why the inclusion of those additional asset classes provides relevant information to users of general purpose financial reports.",(a)>(ii)>(1),mandatory,True,"[""insurance""]",high,1.0,1.0
IFRS_S2_B63A_C06,IFRS S2,B63A,41,Metrics and Targets,Insurance,Insurance,When disaggregating information disclosed in accordance with paragraph B63(a)– — (a) industry—an entity shall: — (ii) disclose: — (2) information that enables users of general purpose financial reports to understand how the entity’s selection of that system fulfils the requirements in paragraph B63A(a)(i).,"When disaggregating information disclosed in accordance with paragraph B63(a)–(b) by: (a) industry—an entity shall: (i) select an industry-classification system that enables it to classify investees or counterparties in a manner that results in information that enables users of general purpose financial reports to understand the entity’s exposure to climate-related transition risks. A system that is commonly used by other entities such as those operating in the same industry or jurisdiction (commonly used system) is more likely to support the comparability of information than a system used only by the entity (entity-specific system). If a commonly used system enables the entity to provide useful information about its exposure to climate-related transition risks—with all else being equal—the entity shall prioritise that system. An entity that participates in both commercial banking and insurance activities need not use the same system to classify investees or counterparties for its commercial banking and insurance activities (see paragraph B62A(a)(i)). (ii) disclose: (1) the industry-classification system it used to classify investees or counterparties; and (2) information that enables users of general purpose financial reports to understand how the entity’s selection of that system fulfils the requirements in paragraph B63A(a)(i). (b) asset class—the disclosure shall include loans, bonds, equity investments and undrawn loan commitments. If the entity calculates and discloses financed emissions for other asset classes, it shall include an explanation of why the inclusion of those additional asset classes provides relevant information to users of general purpose financial reports.",(a)>(ii)>(2),mandatory,True,"[""insurance""]",high,1.0,1.0
IFRS_S2_B63A_C07,IFRS S2,B63A,41,Metrics and Targets,Insurance,Insurance,"When disaggregating information disclosed in accordance with paragraph B63(a)– — (b) asset class—the disclosure shall include loans, bonds, equity investments and undrawn loan commitments. If the entity calculates and discloses financed emissions for other asset classes, it shall include an explanation of why the inclusion of those additional asset classes provides relevant information to users of general purpose financial reports.","When disaggregating information disclosed in accordance with paragraph B63(a)–(b) by: (a) industry—an entity shall: (i) select an industry-classification system that enables it to classify investees or counterparties in a manner that results in information that enables users of general purpose financial reports to understand the entity’s exposure to climate-related transition risks. A system that is commonly used by other entities such as those operating in the same industry or jurisdiction (commonly used system) is more likely to support the comparability of information than a system used only by the entity (entity-specific system). If a commonly used system enables the entity to provide useful information about its exposure to climate-related transition risks—with all else being equal—the entity shall prioritise that system. An entity that participates in both commercial banking and insurance activities need not use the same system to classify investees or counterparties for its commercial banking and insurance activities (see paragraph B62A(a)(i)). (ii) disclose: (1) the industry-classification system it used to classify investees or counterparties; and (2) information that enables users of general purpose financial reports to understand how the entity’s selection of that system fulfils the requirements in paragraph B63A(a)(i). (b) asset class—the disclosure shall include loans, bonds, equity investments and undrawn loan commitments. If the entity calculates and discloses financed emissions for other asset classes, it shall include an explanation of why the inclusion of those additional asset classes provides relevant information to users of general purpose financial reports.",(b),mandatory,True,"[""financed_emissions"", ""commercial_banking"", ""insurance""]",high,1.0,1.0
IFRS_S2_B64_C01,IFRS S2,B64,42,Metrics and Targets,Cross-industry metric categories (paragraph 29(b)–(g)),Cross-industry metric categories (paragraph 29(b)–(g)),"In addition to information about an entity’s greenhouse gas emissions, the entity is required to disclose information relevant to the cross-industry metric categories set out in paragraph 29(b)–(g).","In addition to information about an entity’s greenhouse gas emissions, the entity is required to disclose information relevant to the cross-industry metric categories set out in paragraph 29(b)–(g).",,mandatory,True,"[""metrics"", ""ghg_emissions""]",medium,1.0,1.0
IFRS_S2_B65_C01,IFRS S2,B65,42,Metrics and Targets,Cross-industry metric categories (paragraph 29(b)–(g)),Cross-industry metric categories (paragraph 29(b)–(g)),"In preparing disclosures to fulfil the requirements in paragraph 29(b)–(g), an entity shall — (a) consider the time horizons over which the effects of climate-related risks and opportunities could reasonably be expected to occur, described in accordance with paragraph 10.","In preparing disclosures to fulfil the requirements in paragraph 29(b)–(g), an entity shall: (a) consider the time horizons over which the effects of climate-related risks and opportunities could reasonably be expected to occur, described in accordance with paragraph 10. (b) consider where in the entity’s business model and value chain climate-related risks and opportunities are concentrated (for example, geographical areas, facilities or types of assets) (see paragraph 13). (c) consider the information disclosed in accordance with paragraph 16(a)–(b) in relation to the effects of climate-related risks and opportunities on the entity’s financial position, financial performance and cash flows for the reporting period. (d) consider whether industry-based metrics, as described in paragraph 32 —including those defined in an applicable IFRS Sustainability Disclosure Standard or those that otherwise satisfy the requirements in IFRS S1—could be used to satisfy the requirements in whole or in part. (e) consider the connections between the information disclosed to fulfil the requirements in paragraph 29(b)–(g) with the information disclosed in the related financial statements, in accordance with paragraph 21(b)(ii) of IFRS S1. These connections include consistency in the data and assumptions used—to the extent possible—and linkages between the amounts disclosed in accordance with paragraph 29(b)–(g) and the amounts recognised and disclosed in the financial statements. For example, an entity would consider whether the carrying amount of assets used is consistent with amounts included in the financial statements and would explain the connections between information in these disclosures and amounts in the financial statements.",(a),mandatory,True,"[""metrics""]",medium,1.0,1.0
IFRS_S2_B65_C02,IFRS S2,B65,42,Metrics and Targets,Cross-industry metric categories (paragraph 29(b)–(g)),Cross-industry metric categories (paragraph 29(b)–(g)),"In preparing disclosures to fulfil the requirements in paragraph 29(b)–(g), an entity shall — (b) consider where in the entity’s business model and value chain climate-related risks and opportunities are concentrated (for example, geographical areas, facilities or types of assets) (see paragraph 13).","In preparing disclosures to fulfil the requirements in paragraph 29(b)–(g), an entity shall: (a) consider the time horizons over which the effects of climate-related risks and opportunities could reasonably be expected to occur, described in accordance with paragraph 10. (b) consider where in the entity’s business model and value chain climate-related risks and opportunities are concentrated (for example, geographical areas, facilities or types of assets) (see paragraph 13). (c) consider the information disclosed in accordance with paragraph 16(a)–(b) in relation to the effects of climate-related risks and opportunities on the entity’s financial position, financial performance and cash flows for the reporting period. (d) consider whether industry-based metrics, as described in paragraph 32 —including those defined in an applicable IFRS Sustainability Disclosure Standard or those that otherwise satisfy the requirements in IFRS S1—could be used to satisfy the requirements in whole or in part. (e) consider the connections between the information disclosed to fulfil the requirements in paragraph 29(b)–(g) with the information disclosed in the related financial statements, in accordance with paragraph 21(b)(ii) of IFRS S1. These connections include consistency in the data and assumptions used—to the extent possible—and linkages between the amounts disclosed in accordance with paragraph 29(b)–(g) and the amounts recognised and disclosed in the financial statements. For example, an entity would consider whether the carrying amount of assets used is consistent with amounts included in the financial statements and would explain the connections between information in these disclosures and amounts in the financial statements.",(b),mandatory,True,"[""business_model_value_chain"", ""metrics""]",medium,1.0,1.0
IFRS_S2_B65_C03,IFRS S2,B65,42,Metrics and Targets,Cross-industry metric categories (paragraph 29(b)–(g)),Cross-industry metric categories (paragraph 29(b)–(g)),"In preparing disclosures to fulfil the requirements in paragraph 29(b)–(g), an entity shall — (c) consider the information disclosed in accordance with paragraph 16(a)–","In preparing disclosures to fulfil the requirements in paragraph 29(b)–(g), an entity shall: (a) consider the time horizons over which the effects of climate-related risks and opportunities could reasonably be expected to occur, described in accordance with paragraph 10. (b) consider where in the entity’s business model and value chain climate-related risks and opportunities are concentrated (for example, geographical areas, facilities or types of assets) (see paragraph 13). (c) consider the information disclosed in accordance with paragraph 16(a)–(b) in relation to the effects of climate-related risks and opportunities on the entity’s financial position, financial performance and cash flows for the reporting period. (d) consider whether industry-based metrics, as described in paragraph 32 —including those defined in an applicable IFRS Sustainability Disclosure Standard or those that otherwise satisfy the requirements in IFRS S1—could be used to satisfy the requirements in whole or in part. (e) consider the connections between the information disclosed to fulfil the requirements in paragraph 29(b)–(g) with the information disclosed in the related financial statements, in accordance with paragraph 21(b)(ii) of IFRS S1. These connections include consistency in the data and assumptions used—to the extent possible—and linkages between the amounts disclosed in accordance with paragraph 29(b)–(g) and the amounts recognised and disclosed in the financial statements. For example, an entity would consider whether the carrying amount of assets used is consistent with amounts included in the financial statements and would explain the connections between information in these disclosures and amounts in the financial statements.",(c),mandatory,True,"[""metrics""]",medium,1.0,1.0
IFRS_S2_B65_C04,IFRS S2,B65,42,Metrics and Targets,Cross-industry metric categories (paragraph 29(b)–(g)),Cross-industry metric categories (paragraph 29(b)–(g)),"In preparing disclosures to fulfil the requirements in paragraph 29(b)–(g), an entity shall — (b) in relation to the effects of climate-related risks and opportunities on the entity’s financial position, financial performance and cash flows for the reporting period.","In preparing disclosures to fulfil the requirements in paragraph 29(b)–(g), an entity shall: (a) consider the time horizons over which the effects of climate-related risks and opportunities could reasonably be expected to occur, described in accordance with paragraph 10. (b) consider where in the entity’s business model and value chain climate-related risks and opportunities are concentrated (for example, geographical areas, facilities or types of assets) (see paragraph 13). (c) consider the information disclosed in accordance with paragraph 16(a)–(b) in relation to the effects of climate-related risks and opportunities on the entity’s financial position, financial performance and cash flows for the reporting period. (d) consider whether industry-based metrics, as described in paragraph 32 —including those defined in an applicable IFRS Sustainability Disclosure Standard or those that otherwise satisfy the requirements in IFRS S1—could be used to satisfy the requirements in whole or in part. (e) consider the connections between the information disclosed to fulfil the requirements in paragraph 29(b)–(g) with the information disclosed in the related financial statements, in accordance with paragraph 21(b)(ii) of IFRS S1. These connections include consistency in the data and assumptions used—to the extent possible—and linkages between the amounts disclosed in accordance with paragraph 29(b)–(g) and the amounts recognised and disclosed in the financial statements. For example, an entity would consider whether the carrying amount of assets used is consistent with amounts included in the financial statements and would explain the connections between information in these disclosures and amounts in the financial statements.",(b),mandatory,True,"[""financial_effects"", ""metrics""]",medium,1.0,1.0
IFRS_S2_B65_C05,IFRS S2,B65,42,Metrics and Targets,Cross-industry metric categories (paragraph 29(b)–(g)),Cross-industry metric categories (paragraph 29(b)–(g)),"In preparing disclosures to fulfil the requirements in paragraph 29(b)–(g), an entity shall — (d) consider whether industry-based metrics, as described in paragraph 32 —including those defined in an applicable IFRS Sustainability Disclosure Standard or those that otherwise satisfy the requirements in IFRS S1—could be used to satisfy the requirements in whole or in part.","In preparing disclosures to fulfil the requirements in paragraph 29(b)–(g), an entity shall: (a) consider the time horizons over which the effects of climate-related risks and opportunities could reasonably be expected to occur, described in accordance with paragraph 10. (b) consider where in the entity’s business model and value chain climate-related risks and opportunities are concentrated (for example, geographical areas, facilities or types of assets) (see paragraph 13). (c) consider the information disclosed in accordance with paragraph 16(a)–(b) in relation to the effects of climate-related risks and opportunities on the entity’s financial position, financial performance and cash flows for the reporting period. (d) consider whether industry-based metrics, as described in paragraph 32 —including those defined in an applicable IFRS Sustainability Disclosure Standard or those that otherwise satisfy the requirements in IFRS S1—could be used to satisfy the requirements in whole or in part. (e) consider the connections between the information disclosed to fulfil the requirements in paragraph 29(b)–(g) with the information disclosed in the related financial statements, in accordance with paragraph 21(b)(ii) of IFRS S1. These connections include consistency in the data and assumptions used—to the extent possible—and linkages between the amounts disclosed in accordance with paragraph 29(b)–(g) and the amounts recognised and disclosed in the financial statements. For example, an entity would consider whether the carrying amount of assets used is consistent with amounts included in the financial statements and would explain the connections between information in these disclosures and amounts in the financial statements.",(d),mandatory,True,"[""metrics""]",medium,1.0,1.0
IFRS_S2_B65_C06,IFRS S2,B65,42,Metrics and Targets,Cross-industry metric categories (paragraph 29(b)–(g)),Cross-industry metric categories (paragraph 29(b)–(g)),"In preparing disclosures to fulfil the requirements in paragraph 29(b)–(g), an entity shall — (e) consider the connections between the information disclosed to fulfil the requirements in paragraph 29(b)–","In preparing disclosures to fulfil the requirements in paragraph 29(b)–(g), an entity shall: (a) consider the time horizons over which the effects of climate-related risks and opportunities could reasonably be expected to occur, described in accordance with paragraph 10. (b) consider where in the entity’s business model and value chain climate-related risks and opportunities are concentrated (for example, geographical areas, facilities or types of assets) (see paragraph 13). (c) consider the information disclosed in accordance with paragraph 16(a)–(b) in relation to the effects of climate-related risks and opportunities on the entity’s financial position, financial performance and cash flows for the reporting period. (d) consider whether industry-based metrics, as described in paragraph 32 —including those defined in an applicable IFRS Sustainability Disclosure Standard or those that otherwise satisfy the requirements in IFRS S1—could be used to satisfy the requirements in whole or in part. (e) consider the connections between the information disclosed to fulfil the requirements in paragraph 29(b)–(g) with the information disclosed in the related financial statements, in accordance with paragraph 21(b)(ii) of IFRS S1. These connections include consistency in the data and assumptions used—to the extent possible—and linkages between the amounts disclosed in accordance with paragraph 29(b)–(g) and the amounts recognised and disclosed in the financial statements. For example, an entity would consider whether the carrying amount of assets used is consistent with amounts included in the financial statements and would explain the connections between information in these disclosures and amounts in the financial statements.",(e),mandatory,True,"[""metrics"", ""connected_information""]",medium,1.0,1.0
IFRS_S2_B65_C08,IFRS S2,B65,42,Metrics and Targets,Cross-industry metric categories (paragraph 29(b)–(g)),Cross-industry metric categories (paragraph 29(b)–(g)),"In preparing disclosures to fulfil the requirements in paragraph 29(b)–(g), an entity shall — (g) with the information disclosed in the related financial statements, in accordance with paragraph 21(b) — (ii) of IFRS S1. These connections include consistency in the data and assumptions used—to the extent possible—and linkages between the amounts disclosed in accordance with paragraph 29(b)–","In preparing disclosures to fulfil the requirements in paragraph 29(b)–(g), an entity shall: (a) consider the time horizons over which the effects of climate-related risks and opportunities could reasonably be expected to occur, described in accordance with paragraph 10. (b) consider where in the entity’s business model and value chain climate-related risks and opportunities are concentrated (for example, geographical areas, facilities or types of assets) (see paragraph 13). (c) consider the information disclosed in accordance with paragraph 16(a)–(b) in relation to the effects of climate-related risks and opportunities on the entity’s financial position, financial performance and cash flows for the reporting period. (d) consider whether industry-based metrics, as described in paragraph 32 —including those defined in an applicable IFRS Sustainability Disclosure Standard or those that otherwise satisfy the requirements in IFRS S1—could be used to satisfy the requirements in whole or in part. (e) consider the connections between the information disclosed to fulfil the requirements in paragraph 29(b)–(g) with the information disclosed in the related financial statements, in accordance with paragraph 21(b)(ii) of IFRS S1. These connections include consistency in the data and assumptions used—to the extent possible—and linkages between the amounts disclosed in accordance with paragraph 29(b)–(g) and the amounts recognised and disclosed in the financial statements. For example, an entity would consider whether the carrying amount of assets used is consistent with amounts included in the financial statements and would explain the connections between information in these disclosures and amounts in the financial statements.",(g)>(ii),mandatory,True,"[""metrics"", ""connected_information""]",medium,1.0,1.0
IFRS_S2_B65_C09,IFRS S2,B65,42,Metrics and Targets,Cross-industry metric categories (paragraph 29(b)–(g)),Cross-industry metric categories (paragraph 29(b)–(g)),"In preparing disclosures to fulfil the requirements in paragraph 29(b)–(g), an entity shall — (g) and the amounts recognised and disclosed in the financial statements. For example, an entity would consider whether the carrying amount of assets used is consistent with amounts included in the financial statements and would explain the connections between information in these disclosures and amounts in the financial statements.","In preparing disclosures to fulfil the requirements in paragraph 29(b)–(g), an entity shall: (a) consider the time horizons over which the effects of climate-related risks and opportunities could reasonably be expected to occur, described in accordance with paragraph 10. (b) consider where in the entity’s business model and value chain climate-related risks and opportunities are concentrated (for example, geographical areas, facilities or types of assets) (see paragraph 13). (c) consider the information disclosed in accordance with paragraph 16(a)–(b) in relation to the effects of climate-related risks and opportunities on the entity’s financial position, financial performance and cash flows for the reporting period. (d) consider whether industry-based metrics, as described in paragraph 32 —including those defined in an applicable IFRS Sustainability Disclosure Standard or those that otherwise satisfy the requirements in IFRS S1—could be used to satisfy the requirements in whole or in part. (e) consider the connections between the information disclosed to fulfil the requirements in paragraph 29(b)–(g) with the information disclosed in the related financial statements, in accordance with paragraph 21(b)(ii) of IFRS S1. These connections include consistency in the data and assumptions used—to the extent possible—and linkages between the amounts disclosed in accordance with paragraph 29(b)–(g) and the amounts recognised and disclosed in the financial statements. For example, an entity would consider whether the carrying amount of assets used is consistent with amounts included in the financial statements and would explain the connections between information in these disclosures and amounts in the financial statements.",(g),mandatory,True,"[""metrics"", ""connected_information""]",medium,1.0,1.0
IFRS_S2_B66_C01,IFRS S2,B66,43,Metrics and Targets,Characteristics of a climate-related target,Characteristics of a climate-related target,"Paragraph 33 requires an entity to disclose the quantitative or qualitative climate-related targets it has set, and any it is required to meet by law or regulation, including any greenhouse gas emissions targets. In disclosing these climate-related targets, the entity is required to disclose information about the characteristics of these targets as described in paragraph 33(a)–(h). If the climate-related target is quantitative, an entity is required to describe whether the target is an absolute target or an intensity target. An absolute target is defined as a total amount of a measure or a change in the total amount of a measure, whereas an intensity target is defined as a ratio of a measure, or a change in the ratio of a measure, to a business metric.","Paragraph 33 requires an entity to disclose the quantitative or qualitative climate-related targets it has set, and any it is required to meet by law or regulation, including any greenhouse gas emissions targets. In disclosing these climate-related targets, the entity is required to disclose information about the characteristics of these targets as described in paragraph 33(a)–(h). If the climate-related target is quantitative, an entity is required to describe whether the target is an absolute target or an intensity target. An absolute target is defined as a total amount of a measure or a change in the total amount of a measure, whereas an intensity target is defined as a ratio of a measure, or a change in the ratio of a measure, to a business metric.",,mandatory,True,"[""metrics"", ""targets"", ""ghg_emissions""]",medium,1.0,1.0
IFRS_S2_B67_C01,IFRS S2,B67,43,Metrics and Targets,Characteristics of a climate-related target,Characteristics of a climate-related target,"In identifying and disclosing the metric used to set a climate-related target and measure progress, an entity shall consider the cross-industry metrics and industry-based metrics. If the metric has been developed by the entity to measure progress towards a target, the entity shall disclose information about that metric in accordance with paragraph 50 of IFRS S1.","In identifying and disclosing the metric used to set a climate-related target and measure progress, an entity shall consider the cross-industry metrics and industry-based metrics. If the metric has been developed by the entity to measure progress towards a target, the entity shall disclose information about that metric in accordance with paragraph 50 of IFRS S1.",,mandatory,True,"[""metrics"", ""targets""]",medium,1.0,1.0
IFRS_S2_B68_C01,IFRS S2,B68,43,Metrics and Targets,Gross and net greenhouse gas emissions targets,Gross and net greenhouse gas emissions targets,"If an entity has a greenhouse gas emissions target, the entity is required to specify whether the target is a gross greenhouse gas emissions target or a net greenhouse gas emissions target. Gross greenhouse gas emissions targets reflect the total changes in greenhouse gas emissions planned within the entity’s value chain. Net greenhouse gas emissions targets are the entity’s targeted gross greenhouse gas emissions minus any planned offsetting efforts (for example, the entity’s planned use of carbon credits to offset its greenhouse gas emissions).","If an entity has a greenhouse gas emissions target, the entity is required to specify whether the target is a gross greenhouse gas emissions target or a net greenhouse gas emissions target. Gross greenhouse gas emissions targets reflect the total changes in greenhouse gas emissions planned within the entity’s value chain. Net greenhouse gas emissions targets are the entity’s targeted gross greenhouse gas emissions minus any planned offsetting efforts (for example, the entity’s planned use of carbon credits to offset its greenhouse gas emissions).",,mandatory,True,"[""business_model_value_chain"", ""targets"", ""ghg_emissions"", ""carbon_credits""]",medium,1.0,1.0
IFRS_S2_B69_C01,IFRS S2,B69,43,Metrics and Targets,Gross and net greenhouse gas emissions targets,Gross and net greenhouse gas emissions targets,"Paragraph 36(c) specifies that if an entity has a net greenhouse gas emissions target it is required to also disclose a gross greenhouse gas emissions target. For the avoidance of doubt, if the entity discloses a net greenhouse gas emissions target, this target cannot obscure information about its gross greenhouse gas emissions targets.","Paragraph 36(c) specifies that if an entity has a net greenhouse gas emissions target it is required to also disclose a gross greenhouse gas emissions target. For the avoidance of doubt, if the entity discloses a net greenhouse gas emissions target, this target cannot obscure information about its gross greenhouse gas emissions targets.",,mandatory,True,"[""targets"", ""ghg_emissions"", ""materiality""]",medium,1.0,1.0
IFRS_S2_B70_C01,IFRS S2,B70,44,Metrics and Targets,Carbon credits,Carbon credits,"Paragraph 36(e) requires an entity to describe its planned use of carbon credits —which are transferable or tradeable instruments—to offset emissions to achieve any net greenhouse gas emissions targets the entity has set, or any it is required to meet by law or regulation. Any information about the planned use of carbon credits shall clearly demonstrate the extent to which these carbon credits are relied on to achieve the net greenhouse gas emissions targets.","Paragraph 36(e) requires an entity to describe its planned use of carbon credits —which are transferable or tradeable instruments—to offset emissions to achieve any net greenhouse gas emissions targets the entity has set, or any it is required to meet by law or regulation. Any information about the planned use of carbon credits shall clearly demonstrate the extent to which these carbon credits are relied on to achieve the net greenhouse gas emissions targets.",,mandatory,True,"[""targets"", ""ghg_emissions"", ""carbon_credits""]",medium,1.0,1.0
IFRS_S2_B71_C01,IFRS S2,B71,44,Metrics and Targets,Carbon credits,Carbon credits,"In accordance with paragraph 36(e), an entity is required to disclose only its planned use of carbon credits. However, as part of this disclosure, the entity might also include information about carbon credits it has already purchased that the entity is planning to use to meet its net greenhouse gas emissions target, if the information enables users of general purpose financial reports to understand the entity’s greenhouse gas emissions target.","In accordance with paragraph 36(e), an entity is required to disclose only its planned use of carbon credits. However, as part of this disclosure, the entity might also include information about carbon credits it has already purchased that the entity is planning to use to meet its net greenhouse gas emissions target, if the information enables users of general purpose financial reports to understand the entity’s greenhouse gas emissions target.",,mandatory,True,"[""targets"", ""ghg_emissions"", ""carbon_credits""]",medium,1.0,1.0
