requirement_id,standard,paragraph_id,page,report_section,official_section_heading,nearest_pdf_heading,clean_requirement_text,source_paragraph_text,clause_path,obligation_type,mandatory,evidence_tags,banking_relevance,paragraph_quality_score,requirement_quality_score
IFRS_S1_29_C01,IFRS S1,29,11,Strategy,Strategy,Strategy,"Specifically, an entity shall disclose information to enable users of general purpose financial reports to understand — (a) the sustainability-related risks and opportunities that could reasonably be expected to affect the entity’s prospects (see paragraphs 30–31)","Specifically, an entity shall disclose information to enable users of general purpose financial reports to understand: (a) the sustainability-related risks and opportunities that could reasonably be expected to affect the entity’s prospects (see paragraphs 30–31); (b) the current and anticipated effects of those sustainability-related risks and opportunities on the entity’s business model and value chain (see paragraph 32); (c) the effects of those sustainability-related risks and opportunities on the entity’s strategy and decision-making (see paragraph 33); (d) the effects of those sustainability-related risks and opportunities on the entity’s financial position, financial performance and cash flows for the reporting period, and their anticipated effects on the entity’s financial position, financial performance and cash flows over the short, medium and long term, taking into consideration how those sustainability-related risks and opportunities have been factored into the entityʼs financial planning (see paragraphs 34–40); and (e) the resilience of the entity’s strategy and its business model to those sustainability-related risks (see paragraphs 41–42).",(a),mandatory,True,[],general,1.0,1.0
IFRS_S1_29_C02,IFRS S1,29,11,Strategy,Strategy,Strategy,"Specifically, an entity shall disclose information to enable users of general purpose financial reports to understand — (b) the current and anticipated effects of those sustainability-related risks and opportunities on the entity’s business model and value chain (see paragraph 32)","Specifically, an entity shall disclose information to enable users of general purpose financial reports to understand: (a) the sustainability-related risks and opportunities that could reasonably be expected to affect the entity’s prospects (see paragraphs 30–31); (b) the current and anticipated effects of those sustainability-related risks and opportunities on the entity’s business model and value chain (see paragraph 32); (c) the effects of those sustainability-related risks and opportunities on the entity’s strategy and decision-making (see paragraph 33); (d) the effects of those sustainability-related risks and opportunities on the entity’s financial position, financial performance and cash flows for the reporting period, and their anticipated effects on the entity’s financial position, financial performance and cash flows over the short, medium and long term, taking into consideration how those sustainability-related risks and opportunities have been factored into the entityʼs financial planning (see paragraphs 34–40); and (e) the resilience of the entity’s strategy and its business model to those sustainability-related risks (see paragraphs 41–42).",(b),mandatory,True,"[""business_model_value_chain""]",general,1.0,1.0
IFRS_S1_29_C03,IFRS S1,29,11,Strategy,Strategy,Strategy,"Specifically, an entity shall disclose information to enable users of general purpose financial reports to understand — (c) the effects of those sustainability-related risks and opportunities on the entity’s strategy and decision-making (see paragraph 33)","Specifically, an entity shall disclose information to enable users of general purpose financial reports to understand: (a) the sustainability-related risks and opportunities that could reasonably be expected to affect the entity’s prospects (see paragraphs 30–31); (b) the current and anticipated effects of those sustainability-related risks and opportunities on the entity’s business model and value chain (see paragraph 32); (c) the effects of those sustainability-related risks and opportunities on the entity’s strategy and decision-making (see paragraph 33); (d) the effects of those sustainability-related risks and opportunities on the entity’s financial position, financial performance and cash flows for the reporting period, and their anticipated effects on the entity’s financial position, financial performance and cash flows over the short, medium and long term, taking into consideration how those sustainability-related risks and opportunities have been factored into the entityʼs financial planning (see paragraphs 34–40); and (e) the resilience of the entity’s strategy and its business model to those sustainability-related risks (see paragraphs 41–42).",(c),mandatory,True,"[""strategy_decision_making""]",general,1.0,1.0
IFRS_S1_29_C04,IFRS S1,29,11,Strategy,Strategy,Strategy,"Specifically, an entity shall disclose information to enable users of general purpose financial reports to understand — (d) the effects of those sustainability-related risks and opportunities on the entity’s financial position, financial performance and cash flows for the reporting period, and their anticipated effects on the entity’s financial position, financial performance and cash flows over the short, medium and long term, taking into consideration how those sustainability-related risks and opportunities have been factored into the entityʼs financial planning (see paragraphs 34–40)","Specifically, an entity shall disclose information to enable users of general purpose financial reports to understand: (a) the sustainability-related risks and opportunities that could reasonably be expected to affect the entity’s prospects (see paragraphs 30–31); (b) the current and anticipated effects of those sustainability-related risks and opportunities on the entity’s business model and value chain (see paragraph 32); (c) the effects of those sustainability-related risks and opportunities on the entity’s strategy and decision-making (see paragraph 33); (d) the effects of those sustainability-related risks and opportunities on the entity’s financial position, financial performance and cash flows for the reporting period, and their anticipated effects on the entity’s financial position, financial performance and cash flows over the short, medium and long term, taking into consideration how those sustainability-related risks and opportunities have been factored into the entityʼs financial planning (see paragraphs 34–40); and (e) the resilience of the entity’s strategy and its business model to those sustainability-related risks (see paragraphs 41–42).",(d),mandatory,True,"[""financial_effects""]",medium,1.0,1.0
IFRS_S1_29_C05,IFRS S1,29,11,Strategy,Strategy,Strategy,"Specifically, an entity shall disclose information to enable users of general purpose financial reports to understand — (e) the resilience of the entity’s strategy and its business model to those sustainability-related risks (see paragraphs 41–42).","Specifically, an entity shall disclose information to enable users of general purpose financial reports to understand: (a) the sustainability-related risks and opportunities that could reasonably be expected to affect the entity’s prospects (see paragraphs 30–31); (b) the current and anticipated effects of those sustainability-related risks and opportunities on the entity’s business model and value chain (see paragraph 32); (c) the effects of those sustainability-related risks and opportunities on the entity’s strategy and decision-making (see paragraph 33); (d) the effects of those sustainability-related risks and opportunities on the entity’s financial position, financial performance and cash flows for the reporting period, and their anticipated effects on the entity’s financial position, financial performance and cash flows over the short, medium and long term, taking into consideration how those sustainability-related risks and opportunities have been factored into the entityʼs financial planning (see paragraphs 34–40); and (e) the resilience of the entity’s strategy and its business model to those sustainability-related risks (see paragraphs 41–42).",(e),mandatory,True,"[""business_model_value_chain""]",general,1.0,1.0
IFRS_S1_30_C01,IFRS S1,30,12,Strategy,Strategy,Sustainability-related risks and opportunities,"An entity shall disclose information that enables users of general purpose financial reports to understand the sustainability-related risks and opportunities that could reasonably be expected to affect the entity’s prospects. Specifically, the entity shall — (a) describe sustainability-related risks and opportunities that could reasonably be expected to affect the entity’s prospects","An entity shall disclose information that enables users of general purpose financial reports to understand the sustainability-related risks and opportunities that could reasonably be expected to affect the entity’s prospects. Specifically, the entity shall: (a) describe sustainability-related risks and opportunities that could reasonably be expected to affect the entity’s prospects; (b) specify the time horizons—short, medium or long term—over which the effects of each of those sustainability-related risks and opportunities could reasonably be expected to occur; and (c) explain how the entity defines ‘short term’, ‘medium term’ and ‘long term’ and how these definitions are linked to the planning horizons used by the entity for strategic decision-making.",(a),mandatory,True,[],general,1.0,1.0
IFRS_S1_30_C02,IFRS S1,30,12,Strategy,Strategy,Sustainability-related risks and opportunities,"An entity shall disclose information that enables users of general purpose financial reports to understand the sustainability-related risks and opportunities that could reasonably be expected to affect the entity’s prospects. Specifically, the entity shall — (b) specify the time horizons—short, medium or long term—over which the effects of each of those sustainability-related risks and opportunities could reasonably be expected to occur","An entity shall disclose information that enables users of general purpose financial reports to understand the sustainability-related risks and opportunities that could reasonably be expected to affect the entity’s prospects. Specifically, the entity shall: (a) describe sustainability-related risks and opportunities that could reasonably be expected to affect the entity’s prospects; (b) specify the time horizons—short, medium or long term—over which the effects of each of those sustainability-related risks and opportunities could reasonably be expected to occur; and (c) explain how the entity defines ‘short term’, ‘medium term’ and ‘long term’ and how these definitions are linked to the planning horizons used by the entity for strategic decision-making.",(b),mandatory,True,[],general,1.0,1.0
IFRS_S1_30_C03,IFRS S1,30,12,Strategy,Strategy,Sustainability-related risks and opportunities,"An entity shall disclose information that enables users of general purpose financial reports to understand the sustainability-related risks and opportunities that could reasonably be expected to affect the entity’s prospects. Specifically, the entity shall — (c) explain how the entity defines ‘short term’, ‘medium term’ and ‘long term’ and how these definitions are linked to the planning horizons used by the entity for strategic decision-making.","An entity shall disclose information that enables users of general purpose financial reports to understand the sustainability-related risks and opportunities that could reasonably be expected to affect the entity’s prospects. Specifically, the entity shall: (a) describe sustainability-related risks and opportunities that could reasonably be expected to affect the entity’s prospects; (b) specify the time horizons—short, medium or long term—over which the effects of each of those sustainability-related risks and opportunities could reasonably be expected to occur; and (c) explain how the entity defines ‘short term’, ‘medium term’ and ‘long term’ and how these definitions are linked to the planning horizons used by the entity for strategic decision-making.",(c),mandatory,True,[],general,1.0,1.0
IFRS_S1_32_C01,IFRS S1,32,12,Strategy,Strategy,Business model and value chain,"An entity shall disclose information that enables users of general purpose financial reports to understand the current and anticipated effects of sustainability-related risks and opportunities on the entity’s business model and value chain. Specifically, the entity shall disclose — (a) a description of the current and anticipated effects of sustainability-related risks and opportunities on the entity’s business model and value chain","An entity shall disclose information that enables users of general purpose financial reports to understand the current and anticipated effects of sustainability-related risks and opportunities on the entity’s business model and value chain. Specifically, the entity shall disclose: (a) a description of the current and anticipated effects of sustainability-related risks and opportunities on the entity’s business model and value chain; and (b) a description of where in the entity’s business model and value chain sustainability-related risks and opportunities are concentrated (for example, geographical areas, facilities and types of assets).",(a),mandatory,True,"[""business_model_value_chain""]",general,1.0,1.0
IFRS_S1_32_C02,IFRS S1,32,12,Strategy,Strategy,Business model and value chain,"An entity shall disclose information that enables users of general purpose financial reports to understand the current and anticipated effects of sustainability-related risks and opportunities on the entity’s business model and value chain. Specifically, the entity shall disclose — (b) a description of where in the entity’s business model and value chain sustainability-related risks and opportunities are concentrated (for example, geographical areas, facilities and types of assets).","An entity shall disclose information that enables users of general purpose financial reports to understand the current and anticipated effects of sustainability-related risks and opportunities on the entity’s business model and value chain. Specifically, the entity shall disclose: (a) a description of the current and anticipated effects of sustainability-related risks and opportunities on the entity’s business model and value chain; and (b) a description of where in the entity’s business model and value chain sustainability-related risks and opportunities are concentrated (for example, geographical areas, facilities and types of assets).",(b),mandatory,True,"[""business_model_value_chain""]",general,1.0,1.0
IFRS_S1_33_C01,IFRS S1,33,13,Strategy,Strategy,Strategy and decision-making,"An entity shall disclose information that enables users of general purpose financial reports to understand the effects of sustainability-related risks and opportunities on its strategy and decision-making. Specifically, the entity shall disclose information about — (a) how the entity has responded to, and plans to respond to, sustainability-related risks and opportunities in its strategy and decision-making","An entity shall disclose information that enables users of general purpose financial reports to understand the effects of sustainability-related risks and opportunities on its strategy and decision-making. Specifically, the entity shall disclose information about: (a) how the entity has responded to, and plans to respond to, sustainability-related risks and opportunities in its strategy and decision-making; (b) the progress against plans the entity has disclosed in previous reporting periods, including quantitative and qualitative information; and (c) trade-offs between sustainability-related risks and opportunities that the entity considered (for example, in making a decision on the location of new operations, an entity might have considered the environmental impacts of those operations and the employment opportunities they would create in a community).",(a),mandatory,True,"[""strategy_decision_making""]",general,1.0,1.0
IFRS_S1_33_C02,IFRS S1,33,13,Strategy,Strategy,Strategy and decision-making,"An entity shall disclose information that enables users of general purpose financial reports to understand the effects of sustainability-related risks and opportunities on its strategy and decision-making. Specifically, the entity shall disclose information about — (b) the progress against plans the entity has disclosed in previous reporting periods, including quantitative and qualitative information","An entity shall disclose information that enables users of general purpose financial reports to understand the effects of sustainability-related risks and opportunities on its strategy and decision-making. Specifically, the entity shall disclose information about: (a) how the entity has responded to, and plans to respond to, sustainability-related risks and opportunities in its strategy and decision-making; (b) the progress against plans the entity has disclosed in previous reporting periods, including quantitative and qualitative information; and (c) trade-offs between sustainability-related risks and opportunities that the entity considered (for example, in making a decision on the location of new operations, an entity might have considered the environmental impacts of those operations and the employment opportunities they would create in a community).",(b),mandatory,True,"[""strategy_decision_making""]",general,1.0,1.0
IFRS_S1_33_C03,IFRS S1,33,13,Strategy,Strategy,Strategy and decision-making,"An entity shall disclose information that enables users of general purpose financial reports to understand the effects of sustainability-related risks and opportunities on its strategy and decision-making. Specifically, the entity shall disclose information about — (c) trade-offs between sustainability-related risks and opportunities that the entity considered (for example, in making a decision on the location of new operations, an entity might have considered the environmental impacts of those operations and the employment opportunities they would create in a community).","An entity shall disclose information that enables users of general purpose financial reports to understand the effects of sustainability-related risks and opportunities on its strategy and decision-making. Specifically, the entity shall disclose information about: (a) how the entity has responded to, and plans to respond to, sustainability-related risks and opportunities in its strategy and decision-making; (b) the progress against plans the entity has disclosed in previous reporting periods, including quantitative and qualitative information; and (c) trade-offs between sustainability-related risks and opportunities that the entity considered (for example, in making a decision on the location of new operations, an entity might have considered the environmental impacts of those operations and the employment opportunities they would create in a community).",(c),mandatory,True,"[""strategy_decision_making""]",general,1.0,1.0
IFRS_S1_34_C01,IFRS S1,34,13,Strategy,Strategy,"Financial position, financial performance and cash flows","An entity shall disclose information that enables users of general purpose financial reports to understand — (a) the effects of sustainability-related risks and opportunities on the entity’s financial position, financial performance and cash flows for the reporting period (current financial effects)","An entity shall disclose information that enables users of general purpose financial reports to understand: (a) the effects of sustainability-related risks and opportunities on the entity’s financial position, financial performance and cash flows for the reporting period (current financial effects); and (b) the anticipated effects of sustainability-related risks and opportunities on the entity’s financial position, financial performance and cash flows over the short, medium and long term, taking into consideration how sustainability-related risks and opportunities are included in the entity’s financial planning (anticipated financial effects).",(a),mandatory,True,"[""financial_effects""]",medium,1.0,1.0
IFRS_S1_34_C02,IFRS S1,34,13,Strategy,Strategy,"Financial position, financial performance and cash flows","An entity shall disclose information that enables users of general purpose financial reports to understand — (b) the anticipated effects of sustainability-related risks and opportunities on the entity’s financial position, financial performance and cash flows over the short, medium and long term, taking into consideration how sustainability-related risks and opportunities are included in the entity’s financial planning (anticipated financial effects).","An entity shall disclose information that enables users of general purpose financial reports to understand: (a) the effects of sustainability-related risks and opportunities on the entity’s financial position, financial performance and cash flows for the reporting period (current financial effects); and (b) the anticipated effects of sustainability-related risks and opportunities on the entity’s financial position, financial performance and cash flows over the short, medium and long term, taking into consideration how sustainability-related risks and opportunities are included in the entity’s financial planning (anticipated financial effects).",(b),mandatory,True,"[""financial_effects""]",medium,1.0,1.0
IFRS_S1_35_C01,IFRS S1,35,13,Strategy,Strategy,"Financial position, financial performance and cash flows","Specifically, an entity shall disclose quantitative and qualitative information about — (a) how sustainability-related risks and opportunities have affected its financial position, financial performance and cash flows for the reporting period","Specifically, an entity shall disclose quantitative and qualitative information about: (a) how sustainability-related risks and opportunities have affected its financial position, financial performance and cash flows for the reporting period; (b) the sustainability-related risks and opportunities identified in paragraph 35(a) for which there is a significant risk of a material adjustment within the next annual reporting period to the carrying amounts of assets and liabilities reported in the related financial statements; (c) how the entity expects its financial position to change over the short, medium and long term, given its strategy to manage sustainability-related risks and opportunities, taking into consideration: (i) its investment and disposal plans (for example, plans for capital expenditure, major acquisitions and divestments, joint ventures, business transformation, innovation, new business areas, and asset retirements), including plans the entity is not contractually committed to; and (ii) its planned sources of funding to implement its strategy; and (d) how the entity expects its financial performance and cash flows to change over the short, medium and long term, given its strategy to manage sustainability-related risks and opportunities.",(a),mandatory,True,"[""financial_effects""]",medium,1.0,1.0
IFRS_S1_35_C02,IFRS S1,35,13,Strategy,Strategy,"Financial position, financial performance and cash flows","Specifically, an entity shall disclose quantitative and qualitative information about — (b) the sustainability-related risks and opportunities identified in paragraph 35(a) for which there is a significant risk of a material adjustment within the next annual reporting period to the carrying amounts of assets and liabilities reported in the related financial statements","Specifically, an entity shall disclose quantitative and qualitative information about: (a) how sustainability-related risks and opportunities have affected its financial position, financial performance and cash flows for the reporting period; (b) the sustainability-related risks and opportunities identified in paragraph 35(a) for which there is a significant risk of a material adjustment within the next annual reporting period to the carrying amounts of assets and liabilities reported in the related financial statements; (c) how the entity expects its financial position to change over the short, medium and long term, given its strategy to manage sustainability-related risks and opportunities, taking into consideration: (i) its investment and disposal plans (for example, plans for capital expenditure, major acquisitions and divestments, joint ventures, business transformation, innovation, new business areas, and asset retirements), including plans the entity is not contractually committed to; and (ii) its planned sources of funding to implement its strategy; and (d) how the entity expects its financial performance and cash flows to change over the short, medium and long term, given its strategy to manage sustainability-related risks and opportunities.",(b),mandatory,True,"[""financial_effects"", ""materiality"", ""connected_information""]",medium,1.0,1.0
IFRS_S1_35_C04,IFRS S1,35,13,Strategy,Strategy,"Financial position, financial performance and cash flows","Specifically, an entity shall disclose quantitative and qualitative information about — (c) how the entity expects its financial position to change over the short, medium and long term, given its strategy to manage sustainability-related risks and opportunities, taking into consideration: — (i) its investment and disposal plans (for example, plans for capital expenditure, major acquisitions and divestments, joint ventures, business transformation, innovation, new business areas, and asset retirements), including plans the entity is not contractually committed to","Specifically, an entity shall disclose quantitative and qualitative information about: (a) how sustainability-related risks and opportunities have affected its financial position, financial performance and cash flows for the reporting period; (b) the sustainability-related risks and opportunities identified in paragraph 35(a) for which there is a significant risk of a material adjustment within the next annual reporting period to the carrying amounts of assets and liabilities reported in the related financial statements; (c) how the entity expects its financial position to change over the short, medium and long term, given its strategy to manage sustainability-related risks and opportunities, taking into consideration: (i) its investment and disposal plans (for example, plans for capital expenditure, major acquisitions and divestments, joint ventures, business transformation, innovation, new business areas, and asset retirements), including plans the entity is not contractually committed to; and (ii) its planned sources of funding to implement its strategy; and (d) how the entity expects its financial performance and cash flows to change over the short, medium and long term, given its strategy to manage sustainability-related risks and opportunities.",(c)>(i),mandatory,True,"[""financial_effects""]",medium,1.0,1.0
IFRS_S1_35_C05,IFRS S1,35,13,Strategy,Strategy,"Financial position, financial performance and cash flows","Specifically, an entity shall disclose quantitative and qualitative information about — (c) how the entity expects its financial position to change over the short, medium and long term, given its strategy to manage sustainability-related risks and opportunities, taking into consideration: — (ii) its planned sources of funding to implement its strategy","Specifically, an entity shall disclose quantitative and qualitative information about: (a) how sustainability-related risks and opportunities have affected its financial position, financial performance and cash flows for the reporting period; (b) the sustainability-related risks and opportunities identified in paragraph 35(a) for which there is a significant risk of a material adjustment within the next annual reporting period to the carrying amounts of assets and liabilities reported in the related financial statements; (c) how the entity expects its financial position to change over the short, medium and long term, given its strategy to manage sustainability-related risks and opportunities, taking into consideration: (i) its investment and disposal plans (for example, plans for capital expenditure, major acquisitions and divestments, joint ventures, business transformation, innovation, new business areas, and asset retirements), including plans the entity is not contractually committed to; and (ii) its planned sources of funding to implement its strategy; and (d) how the entity expects its financial performance and cash flows to change over the short, medium and long term, given its strategy to manage sustainability-related risks and opportunities.",(c)>(ii),mandatory,True,"[""financial_effects""]",medium,1.0,1.0
IFRS_S1_35_C06,IFRS S1,35,13,Strategy,Strategy,"Financial position, financial performance and cash flows","Specifically, an entity shall disclose quantitative and qualitative information about — (d) how the entity expects its financial performance and cash flows to change over the short, medium and long term, given its strategy to manage sustainability-related risks and opportunities.","Specifically, an entity shall disclose quantitative and qualitative information about: (a) how sustainability-related risks and opportunities have affected its financial position, financial performance and cash flows for the reporting period; (b) the sustainability-related risks and opportunities identified in paragraph 35(a) for which there is a significant risk of a material adjustment within the next annual reporting period to the carrying amounts of assets and liabilities reported in the related financial statements; (c) how the entity expects its financial position to change over the short, medium and long term, given its strategy to manage sustainability-related risks and opportunities, taking into consideration: (i) its investment and disposal plans (for example, plans for capital expenditure, major acquisitions and divestments, joint ventures, business transformation, innovation, new business areas, and asset retirements), including plans the entity is not contractually committed to; and (ii) its planned sources of funding to implement its strategy; and (d) how the entity expects its financial performance and cash flows to change over the short, medium and long term, given its strategy to manage sustainability-related risks and opportunities.",(d),mandatory,True,"[""financial_effects""]",medium,1.0,1.0
IFRS_S1_37_C01,IFRS S1,37,14,Strategy,Strategy,"Financial position, financial performance and cash flows","In preparing disclosures about the anticipated financial effects of a sustainability-related risk or opportunity, an entity shall — (a) use all reasonable and supportable information that is available to the entity at the reporting date without undue cost or effort (see paragraphs B8–B10)","In preparing disclosures about the anticipated financial effects of a sustainability-related risk or opportunity, an entity shall: (a) use all reasonable and supportable information that is available to the entity at the reporting date without undue cost or effort (see paragraphs B8–B10); and (b) use an approach that is commensurate with the skills, capabilities and resources that are available to the entity for preparing those disclosures.",(a),mandatory,True,"[""financial_effects""]",medium,1.0,1.0
IFRS_S1_37_C02,IFRS S1,37,14,Strategy,Strategy,"Financial position, financial performance and cash flows","In preparing disclosures about the anticipated financial effects of a sustainability-related risk or opportunity, an entity shall — (b) use an approach that is commensurate with the skills, capabilities and resources that are available to the entity for preparing those disclosures.","In preparing disclosures about the anticipated financial effects of a sustainability-related risk or opportunity, an entity shall: (a) use all reasonable and supportable information that is available to the entity at the reporting date without undue cost or effort (see paragraphs B8–B10); and (b) use an approach that is commensurate with the skills, capabilities and resources that are available to the entity for preparing those disclosures.",(b),mandatory,True,"[""financial_effects""]",medium,1.0,1.0
IFRS_S1_42_C01,IFRS S1,42,15,Strategy,Strategy,Resilience,"Other IFRS Sustainability Disclosure Standards may specify the type of information an entity is required to disclose about its resilience to specific sustainability-related risks and how to prepare those disclosures, including whether a scenario analysis is required.","Other IFRS Sustainability Disclosure Standards may specify the type of information an entity is required to disclose about its resilience to specific sustainability-related risks and how to prepare those disclosures, including whether a scenario analysis is required.",,mandatory,True,"[""scenario_analysis""]",general,1.0,1.0
IFRS_S2_9_C01,IFRS S2,9,8,Strategy,Strategy,Strategy,"Specifically, an entity shall disclose information to enable users of general purpose financial reports to understand — (a) the climate-related risks and opportunities that could reasonably be expected to affect the entity’s prospects (see paragraphs 10–12)","Specifically, an entity shall disclose information to enable users of general purpose financial reports to understand: (a) the climate-related risks and opportunities that could reasonably be expected to affect the entity’s prospects (see paragraphs 10–12); (b) the current and anticipated effects of those climate-related risks and opportunities on the entity’s business model and value chain (see paragraph 13); (c) the effects of those climate-related risks and opportunities on the entity’s strategy and decision-making, including information about its climate-related transition plan (see paragraph 14); (d) the effects of those climate-related risks and opportunities on the entity’s financial position, financial performance and cash flows for the reporting period, and their anticipated effects on the entity’s financial position, financial performance and cash flows over the short, medium and long term, taking into consideration how those climate-related risks and opportunities have been factored into the entity’s financial planning (see paragraphs 15–21); and (e) the climate resilience of the entity’s strategy and its business model to climate-related changes, developments and uncertainties, taking into consideration the entity’s identified climate-related risks and opportunities (see paragraph 22).",(a),mandatory,True,[],medium,1.0,1.0
IFRS_S2_9_C02,IFRS S2,9,8,Strategy,Strategy,Strategy,"Specifically, an entity shall disclose information to enable users of general purpose financial reports to understand — (b) the current and anticipated effects of those climate-related risks and opportunities on the entity’s business model and value chain (see paragraph 13)","Specifically, an entity shall disclose information to enable users of general purpose financial reports to understand: (a) the climate-related risks and opportunities that could reasonably be expected to affect the entity’s prospects (see paragraphs 10–12); (b) the current and anticipated effects of those climate-related risks and opportunities on the entity’s business model and value chain (see paragraph 13); (c) the effects of those climate-related risks and opportunities on the entity’s strategy and decision-making, including information about its climate-related transition plan (see paragraph 14); (d) the effects of those climate-related risks and opportunities on the entity’s financial position, financial performance and cash flows for the reporting period, and their anticipated effects on the entity’s financial position, financial performance and cash flows over the short, medium and long term, taking into consideration how those climate-related risks and opportunities have been factored into the entity’s financial planning (see paragraphs 15–21); and (e) the climate resilience of the entity’s strategy and its business model to climate-related changes, developments and uncertainties, taking into consideration the entity’s identified climate-related risks and opportunities (see paragraph 22).",(b),mandatory,True,"[""business_model_value_chain""]",medium,1.0,1.0
IFRS_S2_9_C03,IFRS S2,9,8,Strategy,Strategy,Strategy,"Specifically, an entity shall disclose information to enable users of general purpose financial reports to understand — (c) the effects of those climate-related risks and opportunities on the entity’s strategy and decision-making, including information about its climate-related transition plan (see paragraph 14)","Specifically, an entity shall disclose information to enable users of general purpose financial reports to understand: (a) the climate-related risks and opportunities that could reasonably be expected to affect the entity’s prospects (see paragraphs 10–12); (b) the current and anticipated effects of those climate-related risks and opportunities on the entity’s business model and value chain (see paragraph 13); (c) the effects of those climate-related risks and opportunities on the entity’s strategy and decision-making, including information about its climate-related transition plan (see paragraph 14); (d) the effects of those climate-related risks and opportunities on the entity’s financial position, financial performance and cash flows for the reporting period, and their anticipated effects on the entity’s financial position, financial performance and cash flows over the short, medium and long term, taking into consideration how those climate-related risks and opportunities have been factored into the entity’s financial planning (see paragraphs 15–21); and (e) the climate resilience of the entity’s strategy and its business model to climate-related changes, developments and uncertainties, taking into consideration the entity’s identified climate-related risks and opportunities (see paragraph 22).",(c),mandatory,True,"[""strategy_decision_making""]",medium,1.0,1.0
IFRS_S2_9_C04,IFRS S2,9,8,Strategy,Strategy,Strategy,"Specifically, an entity shall disclose information to enable users of general purpose financial reports to understand — (d) the effects of those climate-related risks and opportunities on the entity’s financial position, financial performance and cash flows for the reporting period, and their anticipated effects on the entity’s financial position, financial performance and cash flows over the short, medium and long term, taking into consideration how those climate-related risks and opportunities have been factored into the entity’s financial planning (see paragraphs 15–21)","Specifically, an entity shall disclose information to enable users of general purpose financial reports to understand: (a) the climate-related risks and opportunities that could reasonably be expected to affect the entity’s prospects (see paragraphs 10–12); (b) the current and anticipated effects of those climate-related risks and opportunities on the entity’s business model and value chain (see paragraph 13); (c) the effects of those climate-related risks and opportunities on the entity’s strategy and decision-making, including information about its climate-related transition plan (see paragraph 14); (d) the effects of those climate-related risks and opportunities on the entity’s financial position, financial performance and cash flows for the reporting period, and their anticipated effects on the entity’s financial position, financial performance and cash flows over the short, medium and long term, taking into consideration how those climate-related risks and opportunities have been factored into the entity’s financial planning (see paragraphs 15–21); and (e) the climate resilience of the entity’s strategy and its business model to climate-related changes, developments and uncertainties, taking into consideration the entity’s identified climate-related risks and opportunities (see paragraph 22).",(d),mandatory,True,"[""financial_effects""]",medium,1.0,1.0
IFRS_S2_9_C05,IFRS S2,9,8,Strategy,Strategy,Strategy,"Specifically, an entity shall disclose information to enable users of general purpose financial reports to understand — (e) the climate resilience of the entity’s strategy and its business model to climate-related changes, developments and uncertainties, taking into consideration the entity’s identified climate-related risks and opportunities (see paragraph 22).","Specifically, an entity shall disclose information to enable users of general purpose financial reports to understand: (a) the climate-related risks and opportunities that could reasonably be expected to affect the entity’s prospects (see paragraphs 10–12); (b) the current and anticipated effects of those climate-related risks and opportunities on the entity’s business model and value chain (see paragraph 13); (c) the effects of those climate-related risks and opportunities on the entity’s strategy and decision-making, including information about its climate-related transition plan (see paragraph 14); (d) the effects of those climate-related risks and opportunities on the entity’s financial position, financial performance and cash flows for the reporting period, and their anticipated effects on the entity’s financial position, financial performance and cash flows over the short, medium and long term, taking into consideration how those climate-related risks and opportunities have been factored into the entity’s financial planning (see paragraphs 15–21); and (e) the climate resilience of the entity’s strategy and its business model to climate-related changes, developments and uncertainties, taking into consideration the entity’s identified climate-related risks and opportunities (see paragraph 22).",(e),mandatory,True,"[""business_model_value_chain"", ""scenario_analysis""]",medium,1.0,1.0
IFRS_S2_10_C01,IFRS S2,10,8,Strategy,Strategy,Climate-related risks and opportunities,"An entity shall disclose information that enables users of general purpose financial reports to understand the climate-related risks and opportunities that could reasonably be expected to affect the entity’s prospects. Specifically, the entity shall — (a) describe climate-related risks and opportunities that could reasonably be expected to affect the entity’s prospects","An entity shall disclose information that enables users of general purpose financial reports to understand the climate-related risks and opportunities that could reasonably be expected to affect the entity’s prospects. Specifically, the entity shall: (a) describe climate-related risks and opportunities that could reasonably be expected to affect the entity’s prospects; (b) explain, for each climate-related risk the entity has identified, whether the entity considers the risk to be a climate-related physical risk or climate-related transition risk; (c) specify, for each climate-related risk and opportunity the entity has identified, over which time horizons—short, medium or long term— the effects of each climate-related risk and opportunity could reasonably be expected to occur; and (d) explain how the entity defines ‘short term’, ‘medium term’ and ‘long term’ and how these definitions are linked to the planning horizons used by the entity for strategic decision-making.",(a),mandatory,True,[],medium,1.0,1.0
IFRS_S2_10_C02,IFRS S2,10,8,Strategy,Strategy,Climate-related risks and opportunities,"An entity shall disclose information that enables users of general purpose financial reports to understand the climate-related risks and opportunities that could reasonably be expected to affect the entity’s prospects. Specifically, the entity shall — (b) explain, for each climate-related risk the entity has identified, whether the entity considers the risk to be a climate-related physical risk or climate-related transition risk","An entity shall disclose information that enables users of general purpose financial reports to understand the climate-related risks and opportunities that could reasonably be expected to affect the entity’s prospects. Specifically, the entity shall: (a) describe climate-related risks and opportunities that could reasonably be expected to affect the entity’s prospects; (b) explain, for each climate-related risk the entity has identified, whether the entity considers the risk to be a climate-related physical risk or climate-related transition risk; (c) specify, for each climate-related risk and opportunity the entity has identified, over which time horizons—short, medium or long term— the effects of each climate-related risk and opportunity could reasonably be expected to occur; and (d) explain how the entity defines ‘short term’, ‘medium term’ and ‘long term’ and how these definitions are linked to the planning horizons used by the entity for strategic decision-making.",(b),mandatory,True,[],medium,1.0,1.0
IFRS_S2_10_C03,IFRS S2,10,8,Strategy,Strategy,Climate-related risks and opportunities,"An entity shall disclose information that enables users of general purpose financial reports to understand the climate-related risks and opportunities that could reasonably be expected to affect the entity’s prospects. Specifically, the entity shall — (c) specify, for each climate-related risk and opportunity the entity has identified, over which time horizons—short, medium or long term— the effects of each climate-related risk and opportunity could reasonably be expected to occur","An entity shall disclose information that enables users of general purpose financial reports to understand the climate-related risks and opportunities that could reasonably be expected to affect the entity’s prospects. Specifically, the entity shall: (a) describe climate-related risks and opportunities that could reasonably be expected to affect the entity’s prospects; (b) explain, for each climate-related risk the entity has identified, whether the entity considers the risk to be a climate-related physical risk or climate-related transition risk; (c) specify, for each climate-related risk and opportunity the entity has identified, over which time horizons—short, medium or long term— the effects of each climate-related risk and opportunity could reasonably be expected to occur; and (d) explain how the entity defines ‘short term’, ‘medium term’ and ‘long term’ and how these definitions are linked to the planning horizons used by the entity for strategic decision-making.",(c),mandatory,True,[],medium,1.0,1.0
IFRS_S2_10_C04,IFRS S2,10,8,Strategy,Strategy,Climate-related risks and opportunities,"An entity shall disclose information that enables users of general purpose financial reports to understand the climate-related risks and opportunities that could reasonably be expected to affect the entity’s prospects. Specifically, the entity shall — (d) explain how the entity defines ‘short term’, ‘medium term’ and ‘long term’ and how these definitions are linked to the planning horizons used by the entity for strategic decision-making.","An entity shall disclose information that enables users of general purpose financial reports to understand the climate-related risks and opportunities that could reasonably be expected to affect the entity’s prospects. Specifically, the entity shall: (a) describe climate-related risks and opportunities that could reasonably be expected to affect the entity’s prospects; (b) explain, for each climate-related risk the entity has identified, whether the entity considers the risk to be a climate-related physical risk or climate-related transition risk; (c) specify, for each climate-related risk and opportunity the entity has identified, over which time horizons—short, medium or long term— the effects of each climate-related risk and opportunity could reasonably be expected to occur; and (d) explain how the entity defines ‘short term’, ‘medium term’ and ‘long term’ and how these definitions are linked to the planning horizons used by the entity for strategic decision-making.",(d),mandatory,True,[],medium,1.0,1.0
IFRS_S2_11_C01,IFRS S2,11,9,Strategy,Strategy,Climate-related risks and opportunities,"In identifying the climate-related risks and opportunities that could reasonably be expected to affect an entity’s prospects, the entity shall use all reasonable and supportable information that is available to the entity at the reporting date without undue cost or effort, including information about past events, current conditions and forecasts of future conditions.","In identifying the climate-related risks and opportunities that could reasonably be expected to affect an entity’s prospects, the entity shall use all reasonable and supportable information that is available to the entity at the reporting date without undue cost or effort, including information about past events, current conditions and forecasts of future conditions.",,mandatory,True,[],medium,1.0,1.0
IFRS_S2_12_C01,IFRS S2,12,9,Strategy,Strategy,Climate-related risks and opportunities,"In identifying the climate-related risks and opportunities that could reasonably be expected to affect an entity’s prospects, the entity shall refer to and consider the applicability of the industry-based disclosure topics defined in the Industry-based Guidance on Implementing IFRS S2.","In identifying the climate-related risks and opportunities that could reasonably be expected to affect an entity’s prospects, the entity shall refer to and consider the applicability of the industry-based disclosure topics defined in the Industry-based Guidance on Implementing IFRS S2.",,mandatory,True,"[""source_guidance""]",medium,1.0,1.0
IFRS_S2_13_C01,IFRS S2,13,9,Strategy,Strategy,Business model and value chain,"An entity shall disclose information that enables users of general purpose financial reports to understand the current and anticipated effects of climate-related risks and opportunities on the entity’s business model and value chain. Specifically, the entity shall disclose — (a) a description of the current and anticipated effects of climate-related risks and opportunities on the entity’s business model and value chain","An entity shall disclose information that enables users of general purpose financial reports to understand the current and anticipated effects of climate-related risks and opportunities on the entity’s business model and value chain. Specifically, the entity shall disclose: (a) a description of the current and anticipated effects of climate-related risks and opportunities on the entity’s business model and value chain; and (b) a description of where in the entity’s business model and value chain climate-related risks and opportunities are concentrated (for example, geographical areas, facilities and types of assets).",(a),mandatory,True,"[""business_model_value_chain""]",medium,1.0,1.0
IFRS_S2_13_C02,IFRS S2,13,9,Strategy,Strategy,Business model and value chain,"An entity shall disclose information that enables users of general purpose financial reports to understand the current and anticipated effects of climate-related risks and opportunities on the entity’s business model and value chain. Specifically, the entity shall disclose — (b) a description of where in the entity’s business model and value chain climate-related risks and opportunities are concentrated (for example, geographical areas, facilities and types of assets).","An entity shall disclose information that enables users of general purpose financial reports to understand the current and anticipated effects of climate-related risks and opportunities on the entity’s business model and value chain. Specifically, the entity shall disclose: (a) a description of the current and anticipated effects of climate-related risks and opportunities on the entity’s business model and value chain; and (b) a description of where in the entity’s business model and value chain climate-related risks and opportunities are concentrated (for example, geographical areas, facilities and types of assets).",(b),mandatory,True,"[""business_model_value_chain""]",medium,1.0,1.0
IFRS_S2_14_C02,IFRS S2,14,9,Strategy,Strategy,Strategy and decision-making,"An entity shall disclose information that enables users of general purpose financial reports to understand the effects of climate-related risks and opportunities on its strategy and decision-making. Specifically, the entity shall disclose — (a) information about how the entity has responded to, and plans to respond to, climate-related risks and opportunities in its strategy and decision-making, including how the entity plans to achieve any climate-related targets it has set and any targets it is required to meet by law or regulation. Specifically, the entity shall disclose information about: — (i) current and anticipated changes to the entity’s business model, including its resource allocation, to address climate-related risks and opportunities (for example, these changes could include plans to manage or decommission carbon-, energy-or water-intensive operations; resource allocations resulting from demand or supply-chain changes; resource allocations arising from business development through capital expenditure or additional expenditure on research and development; and acquisitions or divestments)","An entity shall disclose information that enables users of general purpose financial reports to understand the effects of climate-related risks and opportunities on its strategy and decision-making. Specifically, the entity shall disclose: (a) information about how the entity has responded to, and plans to respond to, climate-related risks and opportunities in its strategy and decision-making, including how the entity plans to achieve any climate-related targets it has set and any targets it is required to meet by law or regulation. Specifically, the entity shall disclose information about: (i) current and anticipated changes to the entity’s business model, including its resource allocation, to address climate-related risks and opportunities (for example, these changes could include plans to manage or decommission carbon-, energy-or water-intensive operations; resource allocations resulting from demand or supply-chain changes; resource allocations arising from business development through capital expenditure or additional expenditure on research and development; and acquisitions or divestments); (ii) current and anticipated direct mitigation and adaptation efforts (for example, through changes in production processes or equipment, relocation of facilities, workforce adjustments, and changes in product specifications); (iii) current and anticipated indirect mitigation and adaptation efforts (for example, through working with customers and supply chains); (iv) any climate-related transition plan the entity has, including information about key assumptions used in developing its transition plan, and dependencies on which the entity’s transition plan relies; and (v) how the entity plans to achieve any climate-related targets, including any greenhouse gas emissions targets, described in accordance with paragraphs 33–36. (b) information about how the entity is resourcing, and plans to resource, the activities disclosed in accordance with paragraph 14(a). (c) quantitative and qualitative information about the progress of plans disclosed in previous reporting periods in accordance with paragraph 14(a).",(a)>(i),mandatory,True,"[""strategy_decision_making"", ""business_model_value_chain"", ""targets""]",medium,1.0,1.0
IFRS_S2_14_C03,IFRS S2,14,9,Strategy,Strategy,Strategy and decision-making,"An entity shall disclose information that enables users of general purpose financial reports to understand the effects of climate-related risks and opportunities on its strategy and decision-making. Specifically, the entity shall disclose — (a) information about how the entity has responded to, and plans to respond to, climate-related risks and opportunities in its strategy and decision-making, including how the entity plans to achieve any climate-related targets it has set and any targets it is required to meet by law or regulation. Specifically, the entity shall disclose information about: — (ii) current and anticipated direct mitigation and adaptation efforts (for example, through changes in production processes or equipment, relocation of facilities, workforce adjustments, and changes in product specifications)","An entity shall disclose information that enables users of general purpose financial reports to understand the effects of climate-related risks and opportunities on its strategy and decision-making. Specifically, the entity shall disclose: (a) information about how the entity has responded to, and plans to respond to, climate-related risks and opportunities in its strategy and decision-making, including how the entity plans to achieve any climate-related targets it has set and any targets it is required to meet by law or regulation. Specifically, the entity shall disclose information about: (i) current and anticipated changes to the entity’s business model, including its resource allocation, to address climate-related risks and opportunities (for example, these changes could include plans to manage or decommission carbon-, energy-or water-intensive operations; resource allocations resulting from demand or supply-chain changes; resource allocations arising from business development through capital expenditure or additional expenditure on research and development; and acquisitions or divestments); (ii) current and anticipated direct mitigation and adaptation efforts (for example, through changes in production processes or equipment, relocation of facilities, workforce adjustments, and changes in product specifications); (iii) current and anticipated indirect mitigation and adaptation efforts (for example, through working with customers and supply chains); (iv) any climate-related transition plan the entity has, including information about key assumptions used in developing its transition plan, and dependencies on which the entity’s transition plan relies; and (v) how the entity plans to achieve any climate-related targets, including any greenhouse gas emissions targets, described in accordance with paragraphs 33–36. (b) information about how the entity is resourcing, and plans to resource, the activities disclosed in accordance with paragraph 14(a). (c) quantitative and qualitative information about the progress of plans disclosed in previous reporting periods in accordance with paragraph 14(a).",(a)>(ii),mandatory,True,"[""strategy_decision_making"", ""targets""]",medium,1.0,1.0
IFRS_S2_14_C04,IFRS S2,14,9,Strategy,Strategy,Strategy and decision-making,"An entity shall disclose information that enables users of general purpose financial reports to understand the effects of climate-related risks and opportunities on its strategy and decision-making. Specifically, the entity shall disclose — (a) information about how the entity has responded to, and plans to respond to, climate-related risks and opportunities in its strategy and decision-making, including how the entity plans to achieve any climate-related targets it has set and any targets it is required to meet by law or regulation. Specifically, the entity shall disclose information about: — (iii) current and anticipated indirect mitigation and adaptation efforts (for example, through working with customers and supply chains)","An entity shall disclose information that enables users of general purpose financial reports to understand the effects of climate-related risks and opportunities on its strategy and decision-making. Specifically, the entity shall disclose: (a) information about how the entity has responded to, and plans to respond to, climate-related risks and opportunities in its strategy and decision-making, including how the entity plans to achieve any climate-related targets it has set and any targets it is required to meet by law or regulation. Specifically, the entity shall disclose information about: (i) current and anticipated changes to the entity’s business model, including its resource allocation, to address climate-related risks and opportunities (for example, these changes could include plans to manage or decommission carbon-, energy-or water-intensive operations; resource allocations resulting from demand or supply-chain changes; resource allocations arising from business development through capital expenditure or additional expenditure on research and development; and acquisitions or divestments); (ii) current and anticipated direct mitigation and adaptation efforts (for example, through changes in production processes or equipment, relocation of facilities, workforce adjustments, and changes in product specifications); (iii) current and anticipated indirect mitigation and adaptation efforts (for example, through working with customers and supply chains); (iv) any climate-related transition plan the entity has, including information about key assumptions used in developing its transition plan, and dependencies on which the entity’s transition plan relies; and (v) how the entity plans to achieve any climate-related targets, including any greenhouse gas emissions targets, described in accordance with paragraphs 33–36. (b) information about how the entity is resourcing, and plans to resource, the activities disclosed in accordance with paragraph 14(a). (c) quantitative and qualitative information about the progress of plans disclosed in previous reporting periods in accordance with paragraph 14(a).",(a)>(iii),mandatory,True,"[""strategy_decision_making"", ""targets""]",medium,1.0,1.0
IFRS_S2_14_C05,IFRS S2,14,9,Strategy,Strategy,Strategy and decision-making,"An entity shall disclose information that enables users of general purpose financial reports to understand the effects of climate-related risks and opportunities on its strategy and decision-making. Specifically, the entity shall disclose — (a) information about how the entity has responded to, and plans to respond to, climate-related risks and opportunities in its strategy and decision-making, including how the entity plans to achieve any climate-related targets it has set and any targets it is required to meet by law or regulation. Specifically, the entity shall disclose information about: — (iv) any climate-related transition plan the entity has, including information about key assumptions used in developing its transition plan, and dependencies on which the entity’s transition plan relies","An entity shall disclose information that enables users of general purpose financial reports to understand the effects of climate-related risks and opportunities on its strategy and decision-making. Specifically, the entity shall disclose: (a) information about how the entity has responded to, and plans to respond to, climate-related risks and opportunities in its strategy and decision-making, including how the entity plans to achieve any climate-related targets it has set and any targets it is required to meet by law or regulation. Specifically, the entity shall disclose information about: (i) current and anticipated changes to the entity’s business model, including its resource allocation, to address climate-related risks and opportunities (for example, these changes could include plans to manage or decommission carbon-, energy-or water-intensive operations; resource allocations resulting from demand or supply-chain changes; resource allocations arising from business development through capital expenditure or additional expenditure on research and development; and acquisitions or divestments); (ii) current and anticipated direct mitigation and adaptation efforts (for example, through changes in production processes or equipment, relocation of facilities, workforce adjustments, and changes in product specifications); (iii) current and anticipated indirect mitigation and adaptation efforts (for example, through working with customers and supply chains); (iv) any climate-related transition plan the entity has, including information about key assumptions used in developing its transition plan, and dependencies on which the entity’s transition plan relies; and (v) how the entity plans to achieve any climate-related targets, including any greenhouse gas emissions targets, described in accordance with paragraphs 33–36. (b) information about how the entity is resourcing, and plans to resource, the activities disclosed in accordance with paragraph 14(a). (c) quantitative and qualitative information about the progress of plans disclosed in previous reporting periods in accordance with paragraph 14(a).",(a)>(iv),mandatory,True,"[""strategy_decision_making"", ""targets""]",medium,1.0,1.0
IFRS_S2_14_C06,IFRS S2,14,9,Strategy,Strategy,Strategy and decision-making,"An entity shall disclose information that enables users of general purpose financial reports to understand the effects of climate-related risks and opportunities on its strategy and decision-making. Specifically, the entity shall disclose — (a) information about how the entity has responded to, and plans to respond to, climate-related risks and opportunities in its strategy and decision-making, including how the entity plans to achieve any climate-related targets it has set and any targets it is required to meet by law or regulation. Specifically, the entity shall disclose information about: — (v) how the entity plans to achieve any climate-related targets, including any greenhouse gas emissions targets, described in accordance with paragraphs 33–36.","An entity shall disclose information that enables users of general purpose financial reports to understand the effects of climate-related risks and opportunities on its strategy and decision-making. Specifically, the entity shall disclose: (a) information about how the entity has responded to, and plans to respond to, climate-related risks and opportunities in its strategy and decision-making, including how the entity plans to achieve any climate-related targets it has set and any targets it is required to meet by law or regulation. Specifically, the entity shall disclose information about: (i) current and anticipated changes to the entity’s business model, including its resource allocation, to address climate-related risks and opportunities (for example, these changes could include plans to manage or decommission carbon-, energy-or water-intensive operations; resource allocations resulting from demand or supply-chain changes; resource allocations arising from business development through capital expenditure or additional expenditure on research and development; and acquisitions or divestments); (ii) current and anticipated direct mitigation and adaptation efforts (for example, through changes in production processes or equipment, relocation of facilities, workforce adjustments, and changes in product specifications); (iii) current and anticipated indirect mitigation and adaptation efforts (for example, through working with customers and supply chains); (iv) any climate-related transition plan the entity has, including information about key assumptions used in developing its transition plan, and dependencies on which the entity’s transition plan relies; and (v) how the entity plans to achieve any climate-related targets, including any greenhouse gas emissions targets, described in accordance with paragraphs 33–36. (b) information about how the entity is resourcing, and plans to resource, the activities disclosed in accordance with paragraph 14(a). (c) quantitative and qualitative information about the progress of plans disclosed in previous reporting periods in accordance with paragraph 14(a).",(a)>(v),mandatory,True,"[""strategy_decision_making"", ""targets"", ""ghg_emissions""]",medium,1.0,1.0
IFRS_S2_14_C07,IFRS S2,14,9,Strategy,Strategy,Strategy and decision-making,"An entity shall disclose information that enables users of general purpose financial reports to understand the effects of climate-related risks and opportunities on its strategy and decision-making. Specifically, the entity shall disclose — (b) information about how the entity is resourcing, and plans to resource, the activities disclosed in accordance with paragraph 14(a).","An entity shall disclose information that enables users of general purpose financial reports to understand the effects of climate-related risks and opportunities on its strategy and decision-making. Specifically, the entity shall disclose: (a) information about how the entity has responded to, and plans to respond to, climate-related risks and opportunities in its strategy and decision-making, including how the entity plans to achieve any climate-related targets it has set and any targets it is required to meet by law or regulation. Specifically, the entity shall disclose information about: (i) current and anticipated changes to the entity’s business model, including its resource allocation, to address climate-related risks and opportunities (for example, these changes could include plans to manage or decommission carbon-, energy-or water-intensive operations; resource allocations resulting from demand or supply-chain changes; resource allocations arising from business development through capital expenditure or additional expenditure on research and development; and acquisitions or divestments); (ii) current and anticipated direct mitigation and adaptation efforts (for example, through changes in production processes or equipment, relocation of facilities, workforce adjustments, and changes in product specifications); (iii) current and anticipated indirect mitigation and adaptation efforts (for example, through working with customers and supply chains); (iv) any climate-related transition plan the entity has, including information about key assumptions used in developing its transition plan, and dependencies on which the entity’s transition plan relies; and (v) how the entity plans to achieve any climate-related targets, including any greenhouse gas emissions targets, described in accordance with paragraphs 33–36. (b) information about how the entity is resourcing, and plans to resource, the activities disclosed in accordance with paragraph 14(a). (c) quantitative and qualitative information about the progress of plans disclosed in previous reporting periods in accordance with paragraph 14(a).",(b),mandatory,True,"[""strategy_decision_making""]",medium,1.0,1.0
IFRS_S2_14_C08,IFRS S2,14,9,Strategy,Strategy,Strategy and decision-making,"An entity shall disclose information that enables users of general purpose financial reports to understand the effects of climate-related risks and opportunities on its strategy and decision-making. Specifically, the entity shall disclose — (c) quantitative and qualitative information about the progress of plans disclosed in previous reporting periods in accordance with paragraph 14(a).","An entity shall disclose information that enables users of general purpose financial reports to understand the effects of climate-related risks and opportunities on its strategy and decision-making. Specifically, the entity shall disclose: (a) information about how the entity has responded to, and plans to respond to, climate-related risks and opportunities in its strategy and decision-making, including how the entity plans to achieve any climate-related targets it has set and any targets it is required to meet by law or regulation. Specifically, the entity shall disclose information about: (i) current and anticipated changes to the entity’s business model, including its resource allocation, to address climate-related risks and opportunities (for example, these changes could include plans to manage or decommission carbon-, energy-or water-intensive operations; resource allocations resulting from demand or supply-chain changes; resource allocations arising from business development through capital expenditure or additional expenditure on research and development; and acquisitions or divestments); (ii) current and anticipated direct mitigation and adaptation efforts (for example, through changes in production processes or equipment, relocation of facilities, workforce adjustments, and changes in product specifications); (iii) current and anticipated indirect mitigation and adaptation efforts (for example, through working with customers and supply chains); (iv) any climate-related transition plan the entity has, including information about key assumptions used in developing its transition plan, and dependencies on which the entity’s transition plan relies; and (v) how the entity plans to achieve any climate-related targets, including any greenhouse gas emissions targets, described in accordance with paragraphs 33–36. (b) information about how the entity is resourcing, and plans to resource, the activities disclosed in accordance with paragraph 14(a). (c) quantitative and qualitative information about the progress of plans disclosed in previous reporting periods in accordance with paragraph 14(a).",(c),mandatory,True,"[""strategy_decision_making""]",medium,1.0,1.0
IFRS_S2_15_C01,IFRS S2,15,10,Strategy,Strategy,"Financial position, financial performance and cash flows","An entity shall disclose information that enables users of general purpose financial reports to understand — (a) the effects of climate-related risks and opportunities on the entity’s financial position, financial performance and cash flows for the reporting period (current financial effects)","An entity shall disclose information that enables users of general purpose financial reports to understand: (a) the effects of climate-related risks and opportunities on the entity’s financial position, financial performance and cash flows for the reporting period (current financial effects); and (b) the anticipated effects of climate-related risks and opportunities on the entity’s financial position, financial performance and cash flows over the short, medium and long term, taking into consideration how climate-related risks and opportunities are included in the entity’s financial planning (anticipated financial effects).",(a),mandatory,True,"[""financial_effects""]",medium,1.0,1.0
IFRS_S2_15_C02,IFRS S2,15,10,Strategy,Strategy,"Financial position, financial performance and cash flows","An entity shall disclose information that enables users of general purpose financial reports to understand — (b) the anticipated effects of climate-related risks and opportunities on the entity’s financial position, financial performance and cash flows over the short, medium and long term, taking into consideration how climate-related risks and opportunities are included in the entity’s financial planning (anticipated financial effects).","An entity shall disclose information that enables users of general purpose financial reports to understand: (a) the effects of climate-related risks and opportunities on the entity’s financial position, financial performance and cash flows for the reporting period (current financial effects); and (b) the anticipated effects of climate-related risks and opportunities on the entity’s financial position, financial performance and cash flows over the short, medium and long term, taking into consideration how climate-related risks and opportunities are included in the entity’s financial planning (anticipated financial effects).",(b),mandatory,True,"[""financial_effects""]",medium,1.0,1.0
IFRS_S2_16_C01,IFRS S2,16,10,Strategy,Strategy,"Financial position, financial performance and cash flows","Specifically, an entity shall disclose quantitative and qualitative information about — (a) how climate-related risks and opportunities have affected its financial position, financial performance and cash flows for the reporting period","Specifically, an entity shall disclose quantitative and qualitative information about: (a) how climate-related risks and opportunities have affected its financial position, financial performance and cash flows for the reporting period; (b) the climate-related risks and opportunities identified in paragraph 16(a) for which there is a significant risk of a material adjustment within the next annual reporting period to the carrying amounts of assets and liabilities reported in the related financial statements; (c) how the entity expects its financial position to change over the short, medium and long term, given its strategy to manage climate-related risks and opportunities, taking into consideration: (i) its investment and disposal plans (for example, plans for capital expenditure, major acquisitions and divestments, joint ventures, business transformation, innovation, new business areas, and asset retirements), including plans the entity is not contractually committed to; and (ii) its planned sources of funding to implement its strategy; and (d) how the entity expects its financial performance and cash flows to change over the short, medium and long term, given its strategy to manage climate-related risks and opportunities (for example, increased revenue from products and services aligned with a lower-carbon economy; costs arising from physical damage to assets from climate events; and expenses associated with climate adaptation or mitigation).",(a),mandatory,True,"[""financial_effects""]",medium,1.0,1.0
IFRS_S2_16_C02,IFRS S2,16,10,Strategy,Strategy,"Financial position, financial performance and cash flows","Specifically, an entity shall disclose quantitative and qualitative information about — (b) the climate-related risks and opportunities identified in paragraph 16(a) for which there is a significant risk of a material adjustment within the next annual reporting period to the carrying amounts of assets and liabilities reported in the related financial statements","Specifically, an entity shall disclose quantitative and qualitative information about: (a) how climate-related risks and opportunities have affected its financial position, financial performance and cash flows for the reporting period; (b) the climate-related risks and opportunities identified in paragraph 16(a) for which there is a significant risk of a material adjustment within the next annual reporting period to the carrying amounts of assets and liabilities reported in the related financial statements; (c) how the entity expects its financial position to change over the short, medium and long term, given its strategy to manage climate-related risks and opportunities, taking into consideration: (i) its investment and disposal plans (for example, plans for capital expenditure, major acquisitions and divestments, joint ventures, business transformation, innovation, new business areas, and asset retirements), including plans the entity is not contractually committed to; and (ii) its planned sources of funding to implement its strategy; and (d) how the entity expects its financial performance and cash flows to change over the short, medium and long term, given its strategy to manage climate-related risks and opportunities (for example, increased revenue from products and services aligned with a lower-carbon economy; costs arising from physical damage to assets from climate events; and expenses associated with climate adaptation or mitigation).",(b),mandatory,True,"[""financial_effects"", ""materiality"", ""connected_information""]",medium,1.0,1.0
IFRS_S2_16_C04,IFRS S2,16,10,Strategy,Strategy,"Financial position, financial performance and cash flows","Specifically, an entity shall disclose quantitative and qualitative information about — (c) how the entity expects its financial position to change over the short, medium and long term, given its strategy to manage climate-related risks and opportunities, taking into consideration: — (i) its investment and disposal plans (for example, plans for capital expenditure, major acquisitions and divestments, joint ventures, business transformation, innovation, new business areas, and asset retirements), including plans the entity is not contractually committed to","Specifically, an entity shall disclose quantitative and qualitative information about: (a) how climate-related risks and opportunities have affected its financial position, financial performance and cash flows for the reporting period; (b) the climate-related risks and opportunities identified in paragraph 16(a) for which there is a significant risk of a material adjustment within the next annual reporting period to the carrying amounts of assets and liabilities reported in the related financial statements; (c) how the entity expects its financial position to change over the short, medium and long term, given its strategy to manage climate-related risks and opportunities, taking into consideration: (i) its investment and disposal plans (for example, plans for capital expenditure, major acquisitions and divestments, joint ventures, business transformation, innovation, new business areas, and asset retirements), including plans the entity is not contractually committed to; and (ii) its planned sources of funding to implement its strategy; and (d) how the entity expects its financial performance and cash flows to change over the short, medium and long term, given its strategy to manage climate-related risks and opportunities (for example, increased revenue from products and services aligned with a lower-carbon economy; costs arising from physical damage to assets from climate events; and expenses associated with climate adaptation or mitigation).",(c)>(i),mandatory,True,"[""financial_effects""]",medium,1.0,1.0
IFRS_S2_16_C05,IFRS S2,16,10,Strategy,Strategy,"Financial position, financial performance and cash flows","Specifically, an entity shall disclose quantitative and qualitative information about — (c) how the entity expects its financial position to change over the short, medium and long term, given its strategy to manage climate-related risks and opportunities, taking into consideration: — (ii) its planned sources of funding to implement its strategy","Specifically, an entity shall disclose quantitative and qualitative information about: (a) how climate-related risks and opportunities have affected its financial position, financial performance and cash flows for the reporting period; (b) the climate-related risks and opportunities identified in paragraph 16(a) for which there is a significant risk of a material adjustment within the next annual reporting period to the carrying amounts of assets and liabilities reported in the related financial statements; (c) how the entity expects its financial position to change over the short, medium and long term, given its strategy to manage climate-related risks and opportunities, taking into consideration: (i) its investment and disposal plans (for example, plans for capital expenditure, major acquisitions and divestments, joint ventures, business transformation, innovation, new business areas, and asset retirements), including plans the entity is not contractually committed to; and (ii) its planned sources of funding to implement its strategy; and (d) how the entity expects its financial performance and cash flows to change over the short, medium and long term, given its strategy to manage climate-related risks and opportunities (for example, increased revenue from products and services aligned with a lower-carbon economy; costs arising from physical damage to assets from climate events; and expenses associated with climate adaptation or mitigation).",(c)>(ii),mandatory,True,"[""financial_effects""]",medium,1.0,1.0
IFRS_S2_16_C06,IFRS S2,16,10,Strategy,Strategy,"Financial position, financial performance and cash flows","Specifically, an entity shall disclose quantitative and qualitative information about — (d) how the entity expects its financial performance and cash flows to change over the short, medium and long term, given its strategy to manage climate-related risks and opportunities (for example, increased revenue from products and services aligned with a lower-carbon economy; costs arising from physical damage to assets from climate events; and expenses associated with climate adaptation or mitigation).","Specifically, an entity shall disclose quantitative and qualitative information about: (a) how climate-related risks and opportunities have affected its financial position, financial performance and cash flows for the reporting period; (b) the climate-related risks and opportunities identified in paragraph 16(a) for which there is a significant risk of a material adjustment within the next annual reporting period to the carrying amounts of assets and liabilities reported in the related financial statements; (c) how the entity expects its financial position to change over the short, medium and long term, given its strategy to manage climate-related risks and opportunities, taking into consideration: (i) its investment and disposal plans (for example, plans for capital expenditure, major acquisitions and divestments, joint ventures, business transformation, innovation, new business areas, and asset retirements), including plans the entity is not contractually committed to; and (ii) its planned sources of funding to implement its strategy; and (d) how the entity expects its financial performance and cash flows to change over the short, medium and long term, given its strategy to manage climate-related risks and opportunities (for example, increased revenue from products and services aligned with a lower-carbon economy; costs arising from physical damage to assets from climate events; and expenses associated with climate adaptation or mitigation).",(d),mandatory,True,"[""financial_effects""]",medium,1.0,1.0
IFRS_S2_18_C01,IFRS S2,18,11,Strategy,Strategy,"Financial position, financial performance and cash flows","In preparing disclosures about the anticipated financial effects of a climate-related risk or opportunity, an entity shall — (a) use all reasonable and supportable information that is available to the entity at the reporting date without undue cost or effort","In preparing disclosures about the anticipated financial effects of a climate-related risk or opportunity, an entity shall: (a) use all reasonable and supportable information that is available to the entity at the reporting date without undue cost or effort; and (b) use an approach that is commensurate with the skills, capabilities and resources that are available to the entity for preparing those disclosures.",(a),mandatory,True,"[""financial_effects""]",medium,1.0,1.0
IFRS_S2_18_C02,IFRS S2,18,11,Strategy,Strategy,"Financial position, financial performance and cash flows","In preparing disclosures about the anticipated financial effects of a climate-related risk or opportunity, an entity shall — (b) use an approach that is commensurate with the skills, capabilities and resources that are available to the entity for preparing those disclosures.","In preparing disclosures about the anticipated financial effects of a climate-related risk or opportunity, an entity shall: (a) use all reasonable and supportable information that is available to the entity at the reporting date without undue cost or effort; and (b) use an approach that is commensurate with the skills, capabilities and resources that are available to the entity for preparing those disclosures.",(b),mandatory,True,"[""financial_effects""]",medium,1.0,1.0
IFRS_S2_23_C01,IFRS S2,23,13,Strategy,Strategy,Climate resilience,"In preparing disclosures to meet the requirements in paragraphs 13–22, an entity shall refer to and consider the applicability of cross-industry metric categories, as described in paragraph 29, and industry-based metrics associated with disclosure topics defined in the Industry-based Guidance on Implementing IFRS S2 as described in paragraph 32.","In preparing disclosures to meet the requirements in paragraphs 13–22, an entity shall refer to and consider the applicability of cross-industry metric categories, as described in paragraph 29, and industry-based metrics associated with disclosure topics defined in the Industry-based Guidance on Implementing IFRS S2 as described in paragraph 32.",,mandatory,True,"[""scenario_analysis"", ""metrics"", ""source_guidance""]",medium,1.0,1.0
IFRS_S2_B1_C01,IFRS S2,B1,25,Strategy,Climate resilience (paragraph 22),Climate resilience (paragraph 22),"Paragraph 22 requires an entity to use climate-related scenario analysis to assess its climate resilience, using an approach that is commensurate with its circumstances.2 The entity is required to use an approach to climate-related scenario analysis that enables it to consider all reasonable and supportable information that is available to the entity at the reporting date without undue cost or effort. Paragraphs B2–B18 provide guidance on how an entity uses scenario analysis to assess the entity’s climate resilience. Specifically — (a) paragraphs B2–B7 set out the factors the entity shall consider when assessing its circumstances","Paragraph 22 requires an entity to use climate-related scenario analysis to assess its climate resilience, using an approach that is commensurate with its circumstances.2 The entity is required to use an approach to climate-related scenario analysis that enables it to consider all reasonable and supportable information that is available to the entity at the reporting date without undue cost or effort. Paragraphs B2–B18 provide guidance on how an entity uses scenario analysis to assess the entity’s climate resilience. Specifically: (a) paragraphs B2–B7 set out the factors the entity shall consider when assessing its circumstances; (b) paragraphs B8–B15 set out the factors the entity shall consider when determining an appropriate approach to climate-related scenario analysis; and (c) paragraphs B16–B18 set out additional factors for the entity to consider when determining its approach to climate-related scenario analysis over time.",(a),mandatory,True,"[""scenario_analysis""]",medium,1.0,1.0
IFRS_S2_B1_C02,IFRS S2,B1,25,Strategy,Climate resilience (paragraph 22),Climate resilience (paragraph 22),"Paragraph 22 requires an entity to use climate-related scenario analysis to assess its climate resilience, using an approach that is commensurate with its circumstances.2 The entity is required to use an approach to climate-related scenario analysis that enables it to consider all reasonable and supportable information that is available to the entity at the reporting date without undue cost or effort. Paragraphs B2–B18 provide guidance on how an entity uses scenario analysis to assess the entity’s climate resilience. Specifically — (b) paragraphs B8–B15 set out the factors the entity shall consider when determining an appropriate approach to climate-related scenario analysis","Paragraph 22 requires an entity to use climate-related scenario analysis to assess its climate resilience, using an approach that is commensurate with its circumstances.2 The entity is required to use an approach to climate-related scenario analysis that enables it to consider all reasonable and supportable information that is available to the entity at the reporting date without undue cost or effort. Paragraphs B2–B18 provide guidance on how an entity uses scenario analysis to assess the entity’s climate resilience. Specifically: (a) paragraphs B2–B7 set out the factors the entity shall consider when assessing its circumstances; (b) paragraphs B8–B15 set out the factors the entity shall consider when determining an appropriate approach to climate-related scenario analysis; and (c) paragraphs B16–B18 set out additional factors for the entity to consider when determining its approach to climate-related scenario analysis over time.",(b),mandatory,True,"[""scenario_analysis""]",medium,1.0,1.0
IFRS_S2_B1_C03,IFRS S2,B1,25,Strategy,Climate resilience (paragraph 22),Climate resilience (paragraph 22),"Paragraph 22 requires an entity to use climate-related scenario analysis to assess its climate resilience, using an approach that is commensurate with its circumstances.2 The entity is required to use an approach to climate-related scenario analysis that enables it to consider all reasonable and supportable information that is available to the entity at the reporting date without undue cost or effort. Paragraphs B2–B18 provide guidance on how an entity uses scenario analysis to assess the entity’s climate resilience. Specifically — (c) paragraphs B16–B18 set out additional factors for the entity to consider when determining its approach to climate-related scenario analysis over time.","Paragraph 22 requires an entity to use climate-related scenario analysis to assess its climate resilience, using an approach that is commensurate with its circumstances.2 The entity is required to use an approach to climate-related scenario analysis that enables it to consider all reasonable and supportable information that is available to the entity at the reporting date without undue cost or effort. Paragraphs B2–B18 provide guidance on how an entity uses scenario analysis to assess the entity’s climate resilience. Specifically: (a) paragraphs B2–B7 set out the factors the entity shall consider when assessing its circumstances; (b) paragraphs B8–B15 set out the factors the entity shall consider when determining an appropriate approach to climate-related scenario analysis; and (c) paragraphs B16–B18 set out additional factors for the entity to consider when determining its approach to climate-related scenario analysis over time.",(c),mandatory,True,"[""scenario_analysis""]",medium,1.0,1.0
IFRS_S2_B2_C01,IFRS S2,B2,25,Strategy,Assessing the circumstances,Assessing the circumstances,An entity shall use an approach to climate-related scenario analysis that is commensurate with its circumstances as at the time the entity carries out its climate-related scenario analysis (see paragraph B3). To assess its circumstances the entity shall consider — (a) the entity’s exposure to climate-related risks and opportunities (see paragraphs B4–B5),"An entity shall use an approach to climate-related scenario analysis that is commensurate with its circumstances as at the time the entity carries out its climate-related scenario analysis (see paragraph B3). To assess its circumstances the entity shall consider: (a) the entity’s exposure to climate-related risks and opportunities (see paragraphs B4–B5); and (b) the skills, capabilities and resources available to the entity for the climate-related scenario analysis (see paragraphs B6–B7).",(a),mandatory,True,"[""scenario_analysis""]",medium,1.0,1.0
IFRS_S2_B2_C02,IFRS S2,B2,25,Strategy,Assessing the circumstances,Assessing the circumstances,"An entity shall use an approach to climate-related scenario analysis that is commensurate with its circumstances as at the time the entity carries out its climate-related scenario analysis (see paragraph B3). To assess its circumstances the entity shall consider — (b) the skills, capabilities and resources available to the entity for the climate-related scenario analysis (see paragraphs B6–B7).","An entity shall use an approach to climate-related scenario analysis that is commensurate with its circumstances as at the time the entity carries out its climate-related scenario analysis (see paragraph B3). To assess its circumstances the entity shall consider: (a) the entity’s exposure to climate-related risks and opportunities (see paragraphs B4–B5); and (b) the skills, capabilities and resources available to the entity for the climate-related scenario analysis (see paragraphs B6–B7).",(b),mandatory,True,"[""scenario_analysis""]",medium,1.0,1.0
IFRS_S2_B3_C01,IFRS S2,B3,25,Strategy,Assessing the circumstances,Assessing the circumstances,"An entity shall assess its circumstances each time it carries out its climate-related scenario analysis. For example, an entity that carries out its climate-related scenario analysis every three years to align with its strategic planning cycle (see paragraph B18) would be required to reconsider for this purpose its exposure to climate-related risks and opportunities and the skills, capabilities and resources available at that time.","An entity shall assess its circumstances each time it carries out its climate-related scenario analysis. For example, an entity that carries out its climate-related scenario analysis every three years to align with its strategic planning cycle (see paragraph B18) would be required to reconsider for this purpose its exposure to climate-related risks and opportunities and the skills, capabilities and resources available at that time.",,mandatory,True,"[""scenario_analysis""]",medium,1.0,1.0
IFRS_S2_B4_C01,IFRS S2,B4,26,Strategy,Exposure to climate-related risks and opportunities,Exposure to climate-related risks and opportunities,"An entity shall consider its exposure to climate-related risks and opportunities in its assessment of its circumstances and when determining the approach to use for its climate-related scenario analysis. This consideration provides essential context for understanding the potential benefits of using a particular approach to climate-related scenario analysis. For example, if an entity has a high degree of exposure to climate-related risk then a more quantitative or technically sophisticated approach to climate-related scenario analysis would be of greater benefit to the entity and users of general purpose financial reports. Users of general purpose financial reports would be less likely to benefit from quantitative or technically sophisticated climate-related scenario analysis if the entity is exposed to few or relatively less severe climate-related risks and opportunities. This means that—with all else being equal—the greater the entity’s exposure to climate-related risks or opportunities, the more likely it is the entity would determine that a more technically sophisticated form of climate-related scenario analysis is required.","An entity shall consider its exposure to climate-related risks and opportunities in its assessment of its circumstances and when determining the approach to use for its climate-related scenario analysis. This consideration provides essential context for understanding the potential benefits of using a particular approach to climate-related scenario analysis. For example, if an entity has a high degree of exposure to climate-related risk then a more quantitative or technically sophisticated approach to climate-related scenario analysis would be of greater benefit to the entity and users of general purpose financial reports. Users of general purpose financial reports would be less likely to benefit from quantitative or technically sophisticated climate-related scenario analysis if the entity is exposed to few or relatively less severe climate-related risks and opportunities. This means that—with all else being equal—the greater the entity’s exposure to climate-related risks or opportunities, the more likely it is the entity would determine that a more technically sophisticated form of climate-related scenario analysis is required.",,mandatory,True,"[""scenario_analysis""]",medium,1.0,1.0
IFRS_S2_B5_C01,IFRS S2,B5,26,Strategy,Exposure to climate-related risks and opportunities,Exposure to climate-related risks and opportunities,"This Standard requires an entity to identify the climate-related risks and opportunities to which it is exposed (see paragraph 10) and to disclose information about the process the entity uses to identify, assess, prioritise and monitor those risks and opportunities (see paragraph 25). The information the entity discloses in accordance with paragraphs 10 and 25 can inform the entity’s consideration of its exposure to climate-related risks and opportunities.","This Standard requires an entity to identify the climate-related risks and opportunities to which it is exposed (see paragraph 10) and to disclose information about the process the entity uses to identify, assess, prioritise and monitor those risks and opportunities (see paragraph 25). The information the entity discloses in accordance with paragraphs 10 and 25 can inform the entity’s consideration of its exposure to climate-related risks and opportunities.",,mandatory,True,"[""risk_process""]",medium,1.0,1.0
IFRS_S2_B6_C01,IFRS S2,B6,26,Strategy,"Skills, capabilities and resources available","Skills, capabilities and resources available","An entity shall consider the available skills, capabilities and resources when determining an appropriate approach to use for its climate-related scenario analysis. These skills, capabilities and resources might include both internal and external skills, capabilities and resources. The entity’s available skills, capabilities and resources provide context to inform its consideration of the potential cost and level of effort required by a particular approach to climate-related scenario analysis. For example, if an entity has only just begun to explore the use of climate-related scenario analysis to assess its climate resilience, it might be unable to use a quantitative or technically sophisticated approach to climate-related scenario analysis without undue cost or effort. For the avoidance of doubt, if resources are available to the entity then it will be able to invest in obtaining or developing the necessary skills and capabilities.","An entity shall consider the available skills, capabilities and resources when determining an appropriate approach to use for its climate-related scenario analysis. These skills, capabilities and resources might include both internal and external skills, capabilities and resources. The entity’s available skills, capabilities and resources provide context to inform its consideration of the potential cost and level of effort required by a particular approach to climate-related scenario analysis. For example, if an entity has only just begun to explore the use of climate-related scenario analysis to assess its climate resilience, it might be unable to use a quantitative or technically sophisticated approach to climate-related scenario analysis without undue cost or effort. For the avoidance of doubt, if resources are available to the entity then it will be able to invest in obtaining or developing the necessary skills and capabilities.",,mandatory,True,"[""scenario_analysis""]",medium,1.0,1.0
IFRS_S2_B8_C01,IFRS S2,B8,27,Strategy,Determining the appropriate approach,Determining the appropriate approach,"An entity shall determine an approach to climate-related scenario analysis that enables it to consider all reasonable and supportable information that is available to the entity at the reporting date without undue cost or effort. The determination of the approach shall be informed by the assessments of the entity’s exposure to climate-related risks and opportunities (see paragraphs B4–B5) and its available skills, capabilities and resources (see paragraphs B6–B7). Making such a determination involves — (a) selecting inputs to the climate-related scenario analysis (see paragraphs B11–B13)","An entity shall determine an approach to climate-related scenario analysis that enables it to consider all reasonable and supportable information that is available to the entity at the reporting date without undue cost or effort. The determination of the approach shall be informed by the assessments of the entity’s exposure to climate-related risks and opportunities (see paragraphs B4–B5) and its available skills, capabilities and resources (see paragraphs B6–B7). Making such a determination involves: (a) selecting inputs to the climate-related scenario analysis (see paragraphs B11–B13); and (b) making analytical choices about how to carry out the climate-related scenario analysis (see paragraphs B14–B15).",(a),mandatory,True,"[""scenario_analysis""]",medium,1.0,1.0
IFRS_S2_B8_C02,IFRS S2,B8,27,Strategy,Determining the appropriate approach,Determining the appropriate approach,"An entity shall determine an approach to climate-related scenario analysis that enables it to consider all reasonable and supportable information that is available to the entity at the reporting date without undue cost or effort. The determination of the approach shall be informed by the assessments of the entity’s exposure to climate-related risks and opportunities (see paragraphs B4–B5) and its available skills, capabilities and resources (see paragraphs B6–B7). Making such a determination involves — (b) making analytical choices about how to carry out the climate-related scenario analysis (see paragraphs B14–B15).","An entity shall determine an approach to climate-related scenario analysis that enables it to consider all reasonable and supportable information that is available to the entity at the reporting date without undue cost or effort. The determination of the approach shall be informed by the assessments of the entity’s exposure to climate-related risks and opportunities (see paragraphs B4–B5) and its available skills, capabilities and resources (see paragraphs B6–B7). Making such a determination involves: (a) selecting inputs to the climate-related scenario analysis (see paragraphs B11–B13); and (b) making analytical choices about how to carry out the climate-related scenario analysis (see paragraphs B14–B15).",(b),mandatory,True,"[""scenario_analysis""]",medium,1.0,1.0
IFRS_S2_B11_C01,IFRS S2,B11,27,Strategy,Selecting inputs,Selecting inputs,"When an entity selects the inputs to use in its climate-related scenario analysis, the entity shall consider all reasonable and supportable information —including scenarios, variables and other inputs—available to the entity at the reporting date without undue cost or effort. The inputs used in scenario analysis might include information that is qualitative or quantitative, and is obtained from an external source or developed internally. For example, publicly available climate-related scenarios—from authoritative sources—that describe future trends and a range of pathways to plausible outcomes are considered to be available to the entity without undue cost or effort.","When an entity selects the inputs to use in its climate-related scenario analysis, the entity shall consider all reasonable and supportable information —including scenarios, variables and other inputs—available to the entity at the reporting date without undue cost or effort. The inputs used in scenario analysis might include information that is qualitative or quantitative, and is obtained from an external source or developed internally. For example, publicly available climate-related scenarios—from authoritative sources—that describe future trends and a range of pathways to plausible outcomes are considered to be available to the entity without undue cost or effort.",,mandatory,True,"[""scenario_analysis""]",medium,1.0,1.0
IFRS_S2_B12_C01,IFRS S2,B12,27,Strategy,Selecting inputs,Selecting inputs,"When selecting scenarios, variables and other inputs to use in climate-related scenario analysis, an entity might, for example, use one or more climate-related scenarios—including international and regional scenarios—that are publicly and freely available from authoritative sources. The entity shall have a reasonable and supportable basis for using a particular scenario or set of scenarios. For example, an entity with operations concentrated in a jurisdiction where emissions are regulated—or are likely to be regulated in the future—might determine that it is appropriate to carry out its analysis using a scenario consistent with an orderly transition to a lower-carbon economy or consistent with relevant jurisdictional commitments to the latest international agreement on climate change. Elsewhere, for example, an entity with heightened exposure to physical climate-related risks might determine that it is appropriate to carry out its analysis using a localised climate-related scenario that takes into account current policies.","When selecting scenarios, variables and other inputs to use in climate-related scenario analysis, an entity might, for example, use one or more climate-related scenarios—including international and regional scenarios—that are publicly and freely available from authoritative sources. The entity shall have a reasonable and supportable basis for using a particular scenario or set of scenarios. For example, an entity with operations concentrated in a jurisdiction where emissions are regulated—or are likely to be regulated in the future—might determine that it is appropriate to carry out its analysis using a scenario consistent with an orderly transition to a lower-carbon economy or consistent with relevant jurisdictional commitments to the latest international agreement on climate change. Elsewhere, for example, an entity with heightened exposure to physical climate-related risks might determine that it is appropriate to carry out its analysis using a localised climate-related scenario that takes into account current policies.",,mandatory,True,"[""scenario_analysis""]",medium,1.0,1.0
IFRS_S2_B13_C01,IFRS S2,B13,28,Strategy,Selecting inputs,Selecting inputs,"In considering whether the selected inputs are reasonable and supportable, an entity shall consider the objective of paragraph 22, which requires the entity to disclose information that enables users of general purpose financial reports to understand the resilience of the entity’s strategy and business model to climate-related changes, developments and uncertainties, taking into consideration the entity’s identified climate-related risks and opportunities. This means that the inputs to the entity’s climate-related scenario analysis shall be relevant to the entity’s circumstances, for example, to the particular activities the entity undertakes and the geographical location of those activities.","In considering whether the selected inputs are reasonable and supportable, an entity shall consider the objective of paragraph 22, which requires the entity to disclose information that enables users of general purpose financial reports to understand the resilience of the entity’s strategy and business model to climate-related changes, developments and uncertainties, taking into consideration the entity’s identified climate-related risks and opportunities. This means that the inputs to the entity’s climate-related scenario analysis shall be relevant to the entity’s circumstances, for example, to the particular activities the entity undertakes and the geographical location of those activities.",,mandatory,True,"[""business_model_value_chain"", ""scenario_analysis""]",medium,1.0,1.0
IFRS_S2_B14_C01,IFRS S2,B14,28,Strategy,Making analytical choices,Making analytical choices,"An entity’s resilience assessment will be informed not only by the individual inputs to its climate-related scenario analysis, but also by the information it develops in combining those inputs to carry out the analysis. The entity shall prioritise the analytical choices (for example, whether to use qualitative analysis or quantitative modelling) that will enable it to consider all reasonable and supportable information that is available to the entity at the reporting date without undue cost or effort. For example, if an entity is able— without undue cost or effort—to incorporate multiple carbon price pathways associated with a given outcome (for example, a 1.5 degree Celsius outcome), this analysis is likely to strengthen the entity’s resilience assessment, assuming such an approach is warranted by the entity’s risk exposure.","An entity’s resilience assessment will be informed not only by the individual inputs to its climate-related scenario analysis, but also by the information it develops in combining those inputs to carry out the analysis. The entity shall prioritise the analytical choices (for example, whether to use qualitative analysis or quantitative modelling) that will enable it to consider all reasonable and supportable information that is available to the entity at the reporting date without undue cost or effort. For example, if an entity is able— without undue cost or effort—to incorporate multiple carbon price pathways associated with a given outcome (for example, a 1.5 degree Celsius outcome), this analysis is likely to strengthen the entity’s resilience assessment, assuming such an approach is warranted by the entity’s risk exposure.",,mandatory,True,"[""scenario_analysis""]",medium,1.0,1.0
IFRS_S2_B17_C01,IFRS S2,B17,29,Strategy,Additional considerations,Additional considerations,"An entity might use a simpler approach to climate-related scenario analysis, such as qualitative scenario narratives, if such an approach is appropriate to the entity’s circumstances. For example, if an entity does not currently have the skills, capabilities or resources to carry out quantitative climate-related scenario analysis but has a high degree of exposure to climate-related risk, the entity might initially use a simpler approach to climate-related scenario analysis, but would build its capabilities through experience and, therefore, would apply a more advanced quantitative approach to climate-related scenario analysis over time. An entity with a high degree of exposure to climate-related risks and opportunities, and with access to the necessary skills, capabilities or resources, is required to apply a more advanced quantitative approach to climate-related scenario analysis.","An entity might use a simpler approach to climate-related scenario analysis, such as qualitative scenario narratives, if such an approach is appropriate to the entity’s circumstances. For example, if an entity does not currently have the skills, capabilities or resources to carry out quantitative climate-related scenario analysis but has a high degree of exposure to climate-related risk, the entity might initially use a simpler approach to climate-related scenario analysis, but would build its capabilities through experience and, therefore, would apply a more advanced quantitative approach to climate-related scenario analysis over time. An entity with a high degree of exposure to climate-related risks and opportunities, and with access to the necessary skills, capabilities or resources, is required to apply a more advanced quantitative approach to climate-related scenario analysis.",,mandatory,True,"[""scenario_analysis""]",medium,1.0,1.0
IFRS_S2_B18_C01,IFRS S2,B18,29,Strategy,Additional considerations,Additional considerations,"Although paragraph 22 requires an entity to disclose information about its climate resilience at each reporting date, the entity might carry out its climate-related scenario analysis in line with its strategic planning cycle, including a multi-year strategic planning cycle (for example, every three to five years). Therefore, in some reporting periods the entity’s disclosures in accordance with paragraph 22(b) could remain unchanged from the previous reporting period if the entity does not conduct a scenario analysis annually. The entity shall—at a minimum—update its climate-related scenario analysis in line with its strategic planning cycle. However, an assessment of the entity’s resilience is required to be carried out annually to reflect updated insight into the implications of climate uncertainty for the entity’s business model and strategy. As such, an entity’s disclosure in accordance with paragraph 22(a)— that is, the results of the entity’s resilience assessment—shall be updated at each reporting period. Permission to use information from a reporting period that is different from the entity’s reporting period, in specific circumstances","Although paragraph 22 requires an entity to disclose information about its climate resilience at each reporting date, the entity might carry out its climate-related scenario analysis in line with its strategic planning cycle, including a multi-year strategic planning cycle (for example, every three to five years). Therefore, in some reporting periods the entity’s disclosures in accordance with paragraph 22(b) could remain unchanged from the previous reporting period if the entity does not conduct a scenario analysis annually. The entity shall—at a minimum—update its climate-related scenario analysis in line with its strategic planning cycle. However, an assessment of the entity’s resilience is required to be carried out annually to reflect updated insight into the implications of climate uncertainty for the entity’s business model and strategy. As such, an entity’s disclosure in accordance with paragraph 22(a)— that is, the results of the entity’s resilience assessment—shall be updated at each reporting period. Permission to use information from a reporting period that is different from the entity’s reporting period, in specific circumstances",,mandatory,True,"[""business_model_value_chain"", ""scenario_analysis""]",medium,1.0,1.0
