invoice_id,facility_id,bank_id,invoice_year,invoice_month,electricity_kwh,electricity_cost_eur,renewable_share_pct,natural_gas_kwh,natural_gas_cost_eur,water_m3,water_cost_eur,rec_volume_kwh,rec_registry,grid_emission_factor_tco2e_per_mwh,scope2_location_tco2e,scope2_market_tco2e,scope1_gas_tco2e
UI0000001,FAC0001,BANK01,2022,2022-01,360139,112705.06,50,155810,20432.19,1098,5025.03,180069.5,I-REC,0.2987,107.5735,53.7868,31.4736
UI0000002,FAC0001,BANK01,2022,2022-02,354996,64592.6,40,180250,22602.68,658,2844.89,141998.4,GO,0.2987,106.0373,63.6224,36.4105
UI0000003,FAC0001,BANK01,2022,2022-03,254865,46460.49,20,128207,13213.04,684,2422.58,50973.0,I-REC,0.2987,76.1282,60.9025,25.8978
UI0000004,FAC0001,BANK01,2022,2022-04,256227,54290.27,40,125800,13090.43,665,2957.56,102490.8,I-REC,0.2987,76.535,45.921,25.4116
UI0000005,FAC0001,BANK01,2022,2022-05,269050,61739.37,20,137128,10616.56,666,3267.33,53810.0,I-REC,0.2987,80.3652,64.2922,27.6999
UI0000006,FAC0001,BANK01,2022,2022-06,347049,101514.29,50,157155,15581.0,653,1975.94,173524.5,GO,0.2987,103.6635,51.8318,31.7453
UI0000007,FAC0001,BANK01,2022,2022-07,320516,85137.94,50,143334,16044.54,1010,4099.87,160258.0,GO,0.2987,95.7381,47.8691,28.9535
UI0000008,FAC0001,BANK01,2022,2022-08,322722,74787.42,30,149941,20681.38,1053,3291.94,96816.6,GO,0.2987,96.3971,67.4779,30.2881
UI0000009,FAC0001,BANK01,2022,2022-09,269826,74568.96,40,123778,16550.38,702,3373.19,107930.4,GO,0.2987,80.597,48.3582,25.0032
UI0000010,FAC0001,BANK01,2022,2022-10,280014,72159.44,40,135983,15013.26,898,3288.59,112005.6,GO,0.2987,83.6402,50.1841,27.4686
UI0000011,FAC0001,BANK01,2022,2022-11,256043,71470.48,30,116481,13122.41,785,3631.92,76812.9,I-REC,0.2987,76.48,53.536,23.5292
UI0000012,FAC0001,BANK01,2022,2022-12,345370,86872.46,40,169948,13033.45,1201,5404.96,138148.0,GO,0.2987,103.162,61.8972,34.3295
UI0000013,FAC0001,BANK01,2023,2023-01,365153,69148.86,50,150694,14658.06,908,3074.82,182576.5,GO,0.29,105.8944,52.9472,30.4402
UI0000014,FAC0001,BANK01,2023,2023-02,375583,92515.32,30,171437,14680.72,815,2449.98,112674.9,I-REC,0.29,108.9191,76.2433,34.6303
UI0000015,FAC0001,BANK01,2023,2023-03,259570,81487.71,50,126326,13128.91,960,3483.2,129785.0,I-REC,0.29,75.2753,37.6376,25.5179
UI0000016,FAC0001,BANK01,2023,2023-04,287742,90374.47,40,115950,12966.82,1142,3700.91,115096.8,I-REC,0.29,83.4452,50.0671,23.4219
UI0000017,FAC0001,BANK01,2023,2023-05,279735,60073.57,50,129160,12440.77,692,3045.69,139867.5,GO,0.29,81.1231,40.5616,26.0903
UI0000018,FAC0001,BANK01,2023,2023-06,349691,64182.19,50,144676,16726.64,699,3162.8,174845.5,I-REC,0.29,101.4104,50.7052,29.2246
UI0000019,FAC0001,BANK01,2023,2023-07,299126,72548.8,40,149704,14482.57,1215,4026.46,119650.4,I-REC,0.29,86.7465,52.0479,30.2402
UI0000020,FAC0001,BANK01,2023,2023-08,322999,70618.22,60,145155,17337.43,1235,4824.73,193799.4,I-REC,0.29,93.6697,37.4679,29.3213
UI0000021,FAC0001,BANK01,2023,2023-09,249240,46692.44,30,114186,10603.05,1249,4938.8,74772.0,I-REC,0.29,72.2796,50.5957,23.0656
UI0000022,FAC0001,BANK01,2023,2023-10,248109,66504.29,30,131536,15158.6,824,3123.85,74432.7,I-REC,0.29,71.9516,50.3661,26.5703
UI0000023,FAC0001,BANK01,2023,2023-11,257990,58141.14,50,131641,16185.84,574,1767.21,128995.0,GO,0.29,74.8171,37.4085,26.5915
UI0000024,FAC0001,BANK01,2023,2023-12,357179,67486.44,60,171794,12842.05,1071,3537.66,214307.4,GO,0.29,103.5819,41.4328,34.7024
UI0000025,FAC0001,BANK01,2024,2024-01,350808,110899.08,60,175365,16426.63,721,2758.03,210484.8,GO,0.2816,98.7875,39.515,35.4237
UI0000026,FAC0001,BANK01,2024,2024-02,366738,98965.94,70,160934,15726.36,948,3137.85,256716.6,GO,0.2816,103.2734,30.982,32.5087
UI0000027,FAC0001,BANK01,2024,2024-03,278824,79963.09,40,128483,16806.42,877,3029.85,111529.6,GO,0.2816,78.5168,47.1101,25.9536
UI0000028,FAC0001,BANK01,2024,2024-04,238682,58958.52,50,125320,9142.38,567,2561.17,119341.0,GO,0.2816,67.2129,33.6064,25.3146
UI0000029,FAC0001,BANK01,2024,2024-05,285483,64294.49,60,131869,16209.0,650,2821.34,171289.8,GO,0.2816,80.392,32.1568,26.6375
UI0000030,FAC0001,BANK01,2024,2024-06,289337,74360.87,70,155592,11328.51,909,3799.02,202535.9,GO,0.2816,81.4773,24.4432,31.4296
UI0000031,FAC0001,BANK01,2024,2024-07,301475,78812.09,40,150191,14383.53,554,2657.63,120590.0,I-REC,0.2816,84.8954,50.9372,30.3386
UI0000032,FAC0001,BANK01,2024,2024-08,298616,64856.57,60,139259,13396.86,942,3557.78,179169.6,I-REC,0.2816,84.0903,33.6361,28.1303
UI0000033,FAC0001,BANK01,2024,2024-09,279452,63096.94,50,127028,11206.91,737,2386.65,139726.0,I-REC,0.2816,78.6937,39.3468,25.6597
UI0000034,FAC0001,BANK01,2024,2024-10,250671,52300.65,70,109491,8528.09,991,3740.93,175469.7,I-REC,0.2816,70.589,21.1767,22.1172
UI0000035,FAC0001,BANK01,2024,2024-11,241312,71575.59,60,131353,15393.84,699,3336.54,144787.2,GO,0.2816,67.9535,27.1814,26.5333
UI0000036,FAC0001,BANK01,2024,2024-12,371418,96330.42,50,156694,20668.98,589,2064.25,185709.0,GO,0.2816,104.5913,52.2957,31.6522
UI0000037,FAC0002,BANK01,2022,2022-01,22311,6703.34,30,9884,834.65,746,3650.62,6693.3,GO,0.3914,8.7325,6.1128,1.9966
UI0000038,FAC0002,BANK01,2022,2022-02,21766,6723.84,30,9920,1027.83,1339,5615.07,6529.8,I-REC,0.3914,8.5192,5.9634,2.0038
UI0000039,FAC0002,BANK01,2022,2022-03,17681,4708.31,20,7963,1050.39,1303,6131.09,3536.2,GO,0.3914,6.9203,5.5363,1.6085
UI0000040,FAC0002,BANK01,2022,2022-04,17095,3803.34,20,8256,798.35,1310,5418.45,3419.0,I-REC,0.3914,6.691,5.3528,1.6677
UI0000041,FAC0002,BANK01,2022,2022-05,15559,4915.58,30,7018,855.7,745,2790.5,4667.7,I-REC,0.3914,6.0898,4.2629,1.4176
UI0000042,FAC0002,BANK01,2022,2022-06,19509,5965.72,20,9708,884.82,809,2852.09,3901.8,I-REC,0.3914,7.6358,6.1087,1.961
UI0000043,FAC0002,BANK01,2022,2022-07,22162,4362.49,30,10148,1162.65,1197,5871.11,6648.6,I-REC,0.3914,8.6742,6.0719,2.0499
UI0000044,FAC0002,BANK01,2022,2022-08,21602,3931.74,30,10135,770.53,1299,4507.02,6480.6,I-REC,0.3914,8.455,5.9185,2.0473
UI0000045,FAC0002,BANK01,2022,2022-09,17931,3284.21,40,7829,856.7,1009,3154.71,7172.4,GO,0.3914,7.0182,4.2109,1.5815
UI0000046,FAC0002,BANK01,2022,2022-10,17337,3193.23,50,7268,761.83,886,4129.56,8668.5,I-REC,0.3914,6.7857,3.3929,1.4681
UI0000047,FAC0002,BANK01,2022,2022-11,16404,4460.66,20,8435,1156.94,1024,4866.82,3280.8,I-REC,0.3914,6.4205,5.1364,1.7039
UI0000048,FAC0002,BANK01,2022,2022-12,23196,4254.56,40,10724,954.84,735,3486.83,9278.4,I-REC,0.3914,9.0789,5.4473,2.1662
UI0000049,FAC0002,BANK01,2023,2023-01,20660,6245.37,30,9964,1280.15,581,2248.87,6198.0,I-REC,0.38,7.8508,5.4956,2.0127
UI0000050,FAC0002,BANK01,2023,2023-02,23789,5236.25,30,10046,765.4,758,2830.82,7136.7,GO,0.38,9.0398,6.3279,2.0293
UI0000051,FAC0002,BANK01,2023,2023-03,17412,4904.4,50,7619,821.74,867,3157.11,8706.0,I-REC,0.38,6.6166,3.3083,1.539
UI0000052,FAC0002,BANK01,2023,2023-04,16818,4127.94,50,7411,699.01,1027,3681.69,8409.0,GO,0.38,6.3908,3.1954,1.497
UI0000053,FAC0002,BANK01,2023,2023-05,17391,4007.69,60,7932,794.94,961,4040.34,10434.6,I-REC,0.38,6.6086,2.6434,1.6023
UI0000054,FAC0002,BANK01,2023,2023-06,21538,5236.05,60,8921,961.19,856,3732.74,12922.8,I-REC,0.38,8.1844,3.2738,1.802
UI0000055,FAC0002,BANK01,2023,2023-07,21557,5687.4,40,8941,963.97,1288,6007.27,8622.8,I-REC,0.38,8.1917,4.915,1.8061
UI0000056,FAC0002,BANK01,2023,2023-08,18636,5506.12,40,9782,956.14,687,3192.41,7454.4,I-REC,0.38,7.0817,4.249,1.976
UI0000057,FAC0002,BANK01,2023,2023-09,17608,4588.03,30,8293,728.38,999,4096.8,5282.4,GO,0.38,6.691,4.6837,1.6752
UI0000058,FAC0002,BANK01,2023,2023-10,17810,4425.52,50,7914,734.29,1107,5172.94,8905.0,I-REC,0.38,6.7678,3.3839,1.5986
UI0000059,FAC0002,BANK01,2023,2023-11,15948,3359.77,60,8212,776.69,983,3751.12,9568.8,GO,0.38,6.0602,2.4241,1.6588
UI0000060,FAC0002,BANK01,2023,2023-12,22914,4624.0,60,9277,1100.03,1073,4835.62,13748.4,GO,0.38,8.7073,3.4829,1.874
UI0000061,FAC0002,BANK01,2024,2024-01,22305,5561.27,40,10644,1427.46,1327,5825.36,8922.0,GO,0.3689,8.2283,4.937,2.1501
UI0000062,FAC0002,BANK01,2024,2024-02,20553,5259.01,50,10373,796.24,813,3763.37,10276.5,I-REC,0.3689,7.582,3.791,2.0953
UI0000063,FAC0002,BANK01,2024,2024-03,14507,4292.21,50,6707,788.97,672,2106.08,7253.5,I-REC,0.3689,5.3516,2.6758,1.3548
UI0000064,FAC0002,BANK01,2024,2024-04,15883,2882.44,70,6837,764.58,1308,4821.73,11118.1,GO,0.3689,5.8592,1.7578,1.3811
UI0000065,FAC0002,BANK01,2024,2024-05,15634,4204.46,70,7110,793.0,1057,4606.65,10943.8,GO,0.3689,5.7674,1.7302,1.4362
UI0000066,FAC0002,BANK01,2024,2024-06,21468,5970.0,60,9045,1178.4,850,3202.38,12880.8,GO,0.3689,7.9195,3.1678,1.8271
UI0000067,FAC0002,BANK01,2024,2024-07,19752,6179.95,60,8318,981.02,1111,5543.09,11851.2,GO,0.3689,7.2865,2.9146,1.6802
UI0000068,FAC0002,BANK01,2024,2024-08,19128,4714.71,40,9883,1067.97,1165,3688.31,7651.2,I-REC,0.3689,7.0563,4.2338,1.9964
UI0000069,FAC0002,BANK01,2024,2024-09,16754,3906.68,70,7720,722.72,1291,5431.52,11727.8,GO,0.3689,6.1806,1.8542,1.5594
UI0000070,FAC0002,BANK01,2024,2024-10,15937,3351.83,70,7139,704.92,1006,3038.71,11155.9,I-REC,0.3689,5.8792,1.7637,1.4421
UI0000071,FAC0002,BANK01,2024,2024-11,14843,2815.33,70,7938,656.36,1182,4195.49,10390.1,GO,0.3689,5.4756,1.6427,1.6035
UI0000072,FAC0002,BANK01,2024,2024-12,21658,4666.19,40,10462,818.51,993,4005.24,8663.2,GO,0.3689,7.9896,4.7938,2.1133
UI0000073,FAC0003,BANK01,2022,2022-01,74262,16385.18,20,36312,3384.25,388,1249.11,14852.4,I-REC,0.3914,29.0661,23.2529,7.335
UI0000074,FAC0003,BANK01,2022,2022-02,73958,15891.06,50,39140,3800.93,230,1032.48,36979.0,I-REC,0.3914,28.9472,14.4736,7.9063
UI0000075,FAC0003,BANK01,2022,2022-03,61416,12625.59,40,25721,2412.76,273,1191.94,24566.4,GO,0.3914,24.0382,14.4229,5.1956
UI0000076,FAC0003,BANK01,2022,2022-04,63700,12371.51,20,26008,2073.99,289,1294.93,12740.0,GO,0.3914,24.9322,19.9457,5.2536
UI0000077,FAC0003,BANK01,2022,2022-05,64905,18900.81,40,27845,2787.23,288,1272.04,25962.0,GO,0.3914,25.4038,15.2423,5.6247
UI0000078,FAC0003,BANK01,2022,2022-06,78615,19363.83,50,32725,2929.65,313,1287.86,39307.5,GO,0.3914,30.7699,15.385,6.6105
UI0000079,FAC0003,BANK01,2022,2022-07,71690,17667.83,40,30688,3237.52,245,854.18,28676.0,GO,0.3914,28.0595,16.8357,6.199
UI0000080,FAC0003,BANK01,2022,2022-08,79054,20542.88,20,31174,3632.55,187,727.84,15810.8,GO,0.3914,30.9417,24.7534,6.2971
UI0000081,FAC0003,BANK01,2022,2022-09,65499,20692.52,20,26803,3107.5,245,1020.24,13099.8,GO,0.3914,25.6363,20.509,5.4142
UI0000082,FAC0003,BANK01,2022,2022-10,55005,10926.75,40,24968,2973.77,230,695.15,22002.0,GO,0.3914,21.529,12.9174,5.0435
UI0000083,FAC0003,BANK01,2022,2022-11,54339,14235.74,40,29084,2053.91,209,995.0,21735.6,I-REC,0.3914,21.2683,12.761,5.875
UI0000084,FAC0003,BANK01,2022,2022-12,73676,15207.71,30,39751,4103.62,390,1543.41,22102.8,I-REC,0.3914,28.8368,20.1858,8.0297
UI0000085,FAC0003,BANK01,2023,2023-01,71611,14354.84,30,35127,2771.06,335,1346.61,21483.3,I-REC,0.38,27.2122,19.0485,7.0957
UI0000086,FAC0003,BANK01,2023,2023-02,83478,21642.68,30,32828,2865.71,306,1379.09,25043.4,GO,0.38,31.7216,22.2051,6.6313
UI0000087,FAC0003,BANK01,2023,2023-03,62358,14772.29,50,26204,3214.34,236,728.25,31179.0,GO,0.38,23.696,11.848,5.2932
UI0000088,FAC0003,BANK01,2023,2023-04,56294,13212.69,50,26382,2966.67,228,1079.32,28147.0,GO,0.38,21.3917,10.6959,5.3292
UI0000089,FAC0003,BANK01,2023,2023-05,61294,16576.7,60,24941,3064.75,330,1093.81,36776.4,I-REC,0.38,23.2917,9.3167,5.0381
UI0000090,FAC0003,BANK01,2023,2023-06,72779,19211.84,60,31539,3129.05,369,1521.52,43667.4,GO,0.38,27.656,11.0624,6.3709
UI0000091,FAC0003,BANK01,2023,2023-07,74285,17214.28,30,34763,3390.39,369,1449.81,22285.5,I-REC,0.38,28.2283,19.7598,7.0221
UI0000092,FAC0003,BANK01,2023,2023-08,75745,23382.92,50,35686,4634.77,255,1004.66,37872.5,I-REC,0.38,28.7831,14.3916,7.2086
UI0000093,FAC0003,BANK01,2023,2023-09,58248,14311.88,40,28337,2164.07,385,1532.05,23299.2,I-REC,0.38,22.1342,13.2805,5.7241
UI0000094,FAC0003,BANK01,2023,2023-10,56550,15159.75,50,27041,3661.12,334,1586.33,28275.0,GO,0.38,21.489,10.7445,5.4623
UI0000095,FAC0003,BANK01,2023,2023-11,59493,18264.97,50,25483,2793.47,406,1500.99,29746.5,I-REC,0.38,22.6073,11.3037,5.1476
UI0000096,FAC0003,BANK01,2023,2023-12,74839,16389.22,60,38274,4280.69,307,1332.19,44903.4,GO,0.38,28.4388,11.3755,7.7313
UI0000097,FAC0003,BANK01,2024,2024-01,71542,14780.24,60,36010,4249.85,372,1646.19,42925.2,I-REC,0.3689,26.3918,10.5567,7.274
UI0000098,FAC0003,BANK01,2024,2024-02,77104,15143.96,50,33133,3995.57,293,1049.8,38552.0,GO,0.3689,28.4437,14.2218,6.6929
UI0000099,FAC0003,BANK01,2024,2024-03,54328,11171.52,60,26929,3105.54,335,1337.96,32596.8,I-REC,0.3689,20.0416,8.0166,5.4397
UI0000100,FAC0003,BANK01,2024,2024-04,54312,13862.44,70,26328,2112.66,247,1040.36,38018.4,I-REC,0.3689,20.0357,6.0107,5.3183
UI0000101,FAC0003,BANK01,2024,2024-05,54391,9815.26,70,28875,2403.12,378,1840.2,38073.7,GO,0.3689,20.0648,6.0195,5.8328
UI0000102,FAC0003,BANK01,2024,2024-06,75923,19098.93,60,31987,3180.61,421,1486.72,45553.8,GO,0.3689,28.008,11.2032,6.4614
UI0000103,FAC0003,BANK01,2024,2024-07,76675,18915.07,40,33107,3214.09,300,971.67,30670.0,I-REC,0.3689,28.2854,16.9712,6.6876
UI0000104,FAC0003,BANK01,2024,2024-08,65478,12162.2,40,31384,2351.28,375,1205.6,26191.2,I-REC,0.3689,24.1548,14.4929,6.3396
UI0000105,FAC0003,BANK01,2024,2024-09,57626,12025.68,70,24443,3236.05,205,847.29,40338.2,I-REC,0.3689,21.2582,6.3775,4.9375
UI0000106,FAC0003,BANK01,2024,2024-10,51613,11343.83,60,25553,2219.22,333,1145.81,30967.8,I-REC,0.3689,19.04,7.616,5.1617
UI0000107,FAC0003,BANK01,2024,2024-11,58409,17388.8,60,27740,2236.38,406,1667.61,35045.4,I-REC,0.3689,21.5471,8.6188,5.6035
UI0000108,FAC0003,BANK01,2024,2024-12,73500,15320.32,70,33241,3760.91,376,1845.76,51450.0,I-REC,0.3689,27.1142,8.1342,6.7147
UI0000109,FAC0004,BANK01,2022,2022-01,93500,27427.01,40,49257,3877.48,1915,6687.92,37400.0,I-REC,0.3914,36.5959,21.9575,9.9499
UI0000110,FAC0004,BANK01,2022,2022-02,99920,30822.08,30,44572,3992.0,1506,4527.54,29976.0,GO,0.3914,39.1087,27.3761,9.0035
UI0000111,FAC0004,BANK01,2022,2022-03,78984,19150.71,50,34791,3000.82,1785,8379.8,39492.0,I-REC,0.3914,30.9143,15.4572,7.0278
UI0000112,FAC0004,BANK01,2022,2022-04,74972,22422.78,50,34854,4271.31,998,3039.96,37486.0,I-REC,0.3914,29.344,14.672,7.0405
UI0000113,FAC0004,BANK01,2022,2022-05,80418,23364.83,50,33169,3538.32,1577,5746.84,40209.0,GO,0.3914,31.4756,15.7378,6.7001
UI0000114,FAC0004,BANK01,2022,2022-06,93322,21670.73,30,44076,5255.71,1760,7395.36,27996.6,GO,0.3914,36.5262,25.5684,8.9034
UI0000115,FAC0004,BANK01,2022,2022-07,97054,20430.83,30,42026,3981.06,1704,6046.28,29116.2,I-REC,0.3914,37.9869,26.5909,8.4893
UI0000116,FAC0004,BANK01,2022,2022-08,97353,30616.71,50,46513,5491.07,1251,5162.4,48676.5,GO,0.3914,38.104,19.052,9.3956
UI0000117,FAC0004,BANK01,2022,2022-09,78591,18425.01,20,32179,3030.07,1621,6098.11,15718.2,I-REC,0.3914,30.7605,24.6084,6.5002
UI0000118,FAC0004,BANK01,2022,2022-10,76231,18389.26,20,36828,3475.68,1838,6503.29,15246.2,I-REC,0.3914,29.8368,23.8695,7.4393
UI0000119,FAC0004,BANK01,2022,2022-11,82656,24756.35,30,33555,3863.88,1006,4223.4,24796.8,I-REC,0.3914,32.3516,22.6461,6.7781
UI0000120,FAC0004,BANK01,2022,2022-12,108142,20191.95,40,50248,4321.36,1916,8457.62,43256.8,GO,0.3914,42.3268,25.3961,10.1501
UI0000121,FAC0004,BANK01,2023,2023-01,92979,17767.89,50,47120,6372.54,1444,5640.56,46489.5,GO,0.38,35.332,17.666,9.5182
UI0000122,FAC0004,BANK01,2023,2023-02,95661,20287.06,40,49359,4531.74,1140,4606.76,38264.4,GO,0.38,36.3512,21.8107,9.9705
UI0000123,FAC0004,BANK01,2023,2023-03,70828,15607.23,40,31726,3265.16,889,3419.56,28331.2,GO,0.38,26.9146,16.1488,6.4087
UI0000124,FAC0004,BANK01,2023,2023-04,69871,13235.91,30,31207,2406.24,1896,8787.16,20961.3,I-REC,0.38,26.551,18.5857,6.3038
UI0000125,FAC0004,BANK01,2023,2023-05,70033,19696.72,50,31946,2577.73,1343,6532.76,35016.5,GO,0.38,26.6125,13.3063,6.4531
UI0000126,FAC0004,BANK01,2023,2023-06,86820,21866.0,50,38071,2720.18,1779,7132.05,43410.0,I-REC,0.38,32.9916,16.4958,7.6903
UI0000127,FAC0004,BANK01,2023,2023-07,83366,24886.02,40,39136,3402.28,885,3732.88,33346.4,GO,0.38,31.6791,19.0074,7.9055
UI0000128,FAC0004,BANK01,2023,2023-08,89044,18211.31,60,44609,3465.73,1343,4695.7,53426.4,GO,0.38,33.8367,13.5347,9.011
UI0000129,FAC0004,BANK01,2023,2023-09,76940,15313.11,60,36301,3270.87,905,3672.3,46164.0,GO,0.38,29.2372,11.6949,7.3328
UI0000130,FAC0004,BANK01,2023,2023-10,74692,22738.56,60,36299,3726.58,1441,6188.67,44815.2,I-REC,0.38,28.383,11.3532,7.3324
UI0000131,FAC0004,BANK01,2023,2023-11,75136,21430.92,60,36521,3894.71,1471,5612.39,45081.6,I-REC,0.38,28.5517,11.4207,7.3772
UI0000132,FAC0004,BANK01,2023,2023-12,99852,18999.68,40,46054,6430.52,1723,8070.35,39940.8,I-REC,0.38,37.9438,22.7663,9.3029
UI0000133,FAC0004,BANK01,2024,2024-01,90274,20971.31,60,48784,4489.01,1255,4263.74,54164.4,GO,0.3689,33.3021,13.3208,9.8544
UI0000134,FAC0004,BANK01,2024,2024-02,88328,21462.97,50,44554,4960.2,1538,6947.93,44164.0,I-REC,0.3689,32.5842,16.2921,8.9999
UI0000135,FAC0004,BANK01,2024,2024-03,68062,12407.22,50,35840,3078.48,1270,4925.13,34031.0,I-REC,0.3689,25.1081,12.554,7.2397
UI0000136,FAC0004,BANK01,2024,2024-04,73151,17911.89,50,33624,3332.34,1346,4176.22,36575.5,GO,0.3689,26.9854,13.4927,6.792
UI0000137,FAC0004,BANK01,2024,2024-05,79913,18568.98,60,36540,3454.45,1853,8929.21,47947.8,GO,0.3689,29.4799,11.792,7.3811
UI0000138,FAC0004,BANK01,2024,2024-06,96583,22182.06,60,44453,4706.65,918,3629.97,57949.8,I-REC,0.3689,35.6295,14.2518,8.9795
UI0000139,FAC0004,BANK01,2024,2024-07,97425,22057.34,60,44424,4074.74,1362,5466.3,58455.0,GO,0.3689,35.9401,14.376,8.9736
UI0000140,FAC0004,BANK01,2024,2024-08,80878,15236.14,60,38075,4023.21,1656,7056.79,48526.8,GO,0.3689,29.8359,11.9344,7.6912
UI0000141,FAC0004,BANK01,2024,2024-09,71457,16332.9,70,33502,3110.93,1201,4486.86,50019.9,GO,0.3689,26.3605,7.9081,6.7674
UI0000142,FAC0004,BANK01,2024,2024-10,77764,18716.02,70,34431,3648.93,1810,7842.08,54434.8,I-REC,0.3689,28.6871,8.6061,6.9551
UI0000143,FAC0004,BANK01,2024,2024-11,74049,23000.56,50,35537,3427.71,1392,6015.16,37024.5,I-REC,0.3689,27.3167,13.6583,7.1785
UI0000144,FAC0004,BANK01,2024,2024-12,96617,27699.63,50,47144,3948.0,1127,4771.43,48308.5,GO,0.3689,35.642,17.821,9.5231
UI0000145,FAC0005,BANK01,2022,2022-01,18596,5829.82,20,8483,709.3,507,2098.27,3719.2,GO,0.3914,7.2785,5.8228,1.7136
UI0000146,FAC0005,BANK01,2022,2022-02,19148,6101.7,40,9571,811.08,575,2864.68,7659.2,GO,0.3914,7.4945,4.4967,1.9333
UI0000147,FAC0005,BANK01,2022,2022-03,13619,2869.16,20,6116,819.91,942,3138.0,2723.8,I-REC,0.3914,5.3305,4.2644,1.2354
UI0000148,FAC0005,BANK01,2022,2022-04,15106,4023.51,40,6219,861.72,906,4259.28,6042.4,I-REC,0.3914,5.9125,3.5475,1.2562
UI0000149,FAC0005,BANK01,2022,2022-05,15932,4276.36,40,6413,595.49,835,2764.85,6372.8,I-REC,0.3914,6.2358,3.7415,1.2954
UI0000150,FAC0005,BANK01,2022,2022-06,18496,5416.86,40,8594,1069.79,810,2827.38,7398.4,GO,0.3914,7.2393,4.3436,1.736
UI0000151,FAC0005,BANK01,2022,2022-07,18970,4739.51,40,8128,981.04,652,2483.74,7588.0,GO,0.3914,7.4249,4.4549,1.6419
UI0000152,FAC0005,BANK01,2022,2022-08,19460,5747.89,20,7908,860.79,1029,4824.96,3892.0,I-REC,0.3914,7.6166,6.0933,1.5974
UI0000153,FAC0005,BANK01,2022,2022-09,13781,4267.25,30,7354,873.78,775,3109.06,4134.3,GO,0.3914,5.3939,3.7757,1.4855
UI0000154,FAC0005,BANK01,2022,2022-10,14346,2745.22,40,6604,537.38,840,3328.37,5738.4,I-REC,0.3914,5.615,3.369,1.334
UI0000155,FAC0005,BANK01,2022,2022-11,15853,3820.37,20,6155,782.02,679,2246.19,3170.6,GO,0.3914,6.2049,4.9639,1.2433
UI0000156,FAC0005,BANK01,2022,2022-12,19364,4320.52,20,8142,847.23,1077,5380.26,3872.8,I-REC,0.3914,7.5791,6.0633,1.6447
UI0000157,FAC0005,BANK01,2023,2023-01,20712,6191.29,60,8623,776.52,615,2596.0,12427.2,I-REC,0.38,7.8706,3.1482,1.7418
UI0000158,FAC0005,BANK01,2023,2023-02,17801,5330.47,60,8206,632.24,687,2174.09,10680.6,GO,0.38,6.7644,2.7058,1.6576
UI0000159,FAC0005,BANK01,2023,2023-03,14989,4658.77,30,6142,771.14,752,3304.86,4496.7,GO,0.38,5.6958,3.9871,1.2407
UI0000160,FAC0005,BANK01,2023,2023-04,13313,2645.13,30,6012,834.82,779,2908.42,3993.9,GO,0.38,5.0589,3.5413,1.2144
UI0000161,FAC0005,BANK01,2023,2023-05,14841,2755.38,30,7036,932.28,706,2584.16,4452.3,I-REC,0.38,5.6396,3.9477,1.4213
UI0000162,FAC0005,BANK01,2023,2023-06,15877,4683.72,30,8206,684.85,1109,3703.91,4763.1,GO,0.38,6.0333,4.2233,1.6576
UI0000163,FAC0005,BANK01,2023,2023-07,17108,4553.48,50,8869,947.44,547,2550.99,8554.0,I-REC,0.38,6.501,3.2505,1.7915
UI0000164,FAC0005,BANK01,2023,2023-08,16735,3381.06,50,7370,916.28,865,3485.76,8367.5,I-REC,0.38,6.3593,3.1797,1.4887
UI0000165,FAC0005,BANK01,2023,2023-09,14299,4279.72,60,6240,727.28,659,2892.89,8579.4,I-REC,0.38,5.4336,2.1734,1.2605
UI0000166,FAC0005,BANK01,2023,2023-10,15198,4126.08,50,6418,815.24,803,3080.26,7599.0,GO,0.38,5.7752,2.8876,1.2964
UI0000167,FAC0005,BANK01,2023,2023-11,15542,3255.69,50,6993,715.31,1019,4490.19,7771.0,GO,0.38,5.906,2.953,1.4126
UI0000168,FAC0005,BANK01,2023,2023-12,17312,3377.13,40,8029,814.34,1037,3420.7,6924.8,I-REC,0.38,6.5786,3.9471,1.6219
UI0000169,FAC0005,BANK01,2024,2024-01,17103,4799.27,50,9096,913.91,917,2975.88,8551.5,GO,0.3689,6.3093,3.1546,1.8374
UI0000170,FAC0005,BANK01,2024,2024-02,19237,5987.34,60,9394,795.52,831,3279.51,11542.2,I-REC,0.3689,7.0965,2.8386,1.8976
UI0000171,FAC0005,BANK01,2024,2024-03,12716,2375.96,40,6028,776.88,601,2768.96,5086.4,I-REC,0.3689,4.6909,2.8146,1.2177
UI0000172,FAC0005,BANK01,2024,2024-04,13714,3973.24,70,6877,896.62,774,3018.0,9599.8,GO,0.3689,5.0591,1.5177,1.3892
UI0000173,FAC0005,BANK01,2024,2024-05,14909,4683.35,60,6790,832.49,930,4404.73,8945.4,GO,0.3689,5.4999,2.2,1.3716
UI0000174,FAC0005,BANK01,2024,2024-06,16056,3824.73,60,8495,884.18,583,2901.44,9633.6,I-REC,0.3689,5.9231,2.3692,1.716
UI0000175,FAC0005,BANK01,2024,2024-07,15934,5003.1,70,8519,1137.38,632,2807.07,11153.8,I-REC,0.3689,5.8781,1.7634,1.7208
UI0000176,FAC0005,BANK01,2024,2024-08,16858,4923.03,60,8339,801.48,881,2647.82,10114.8,GO,0.3689,6.2189,2.4876,1.6845
UI0000177,FAC0005,BANK01,2024,2024-09,13975,2804.68,50,6892,810.67,798,3763.01,6987.5,I-REC,0.3689,5.1554,2.5777,1.3922
UI0000178,FAC0005,BANK01,2024,2024-10,14708,3543.03,50,6179,843.35,728,3349.21,7354.0,GO,0.3689,5.4258,2.7129,1.2482
UI0000179,FAC0005,BANK01,2024,2024-11,13897,2588.06,70,6756,630.22,828,3158.55,9727.9,GO,0.3689,5.1266,1.538,1.3647
UI0000180,FAC0005,BANK01,2024,2024-12,19173,5944.91,70,9133,1223.71,781,3293.88,13421.1,I-REC,0.3689,7.0729,2.1219,1.8449
UI0000181,FAC0006,BANK01,2022,2022-01,16303,3538.7,50,7658,1013.96,936,4403.25,8151.5,I-REC,0.3914,6.381,3.1905,1.5469
UI0000182,FAC0006,BANK01,2022,2022-02,18322,3978.64,50,8220,880.79,928,2859.25,9161.0,GO,0.3914,7.1712,3.5856,1.6604
UI0000183,FAC0006,BANK01,2022,2022-03,14091,2630.61,50,5904,444.73,801,3689.86,7045.5,GO,0.3914,5.5152,2.7576,1.1926
UI0000184,FAC0006,BANK01,2022,2022-04,13014,3256.69,20,6441,880.37,1180,5415.33,2602.8,GO,0.3914,5.0937,4.0749,1.3011
UI0000185,FAC0006,BANK01,2022,2022-05,13285,3314.99,20,5733,634.14,942,3832.23,2657.0,GO,0.3914,5.1997,4.1598,1.1581
UI0000186,FAC0006,BANK01,2022,2022-06,15960,4125.75,50,7697,715.83,1120,4580.94,7980.0,I-REC,0.3914,6.2467,3.1234,1.5548
UI0000187,FAC0006,BANK01,2022,2022-07,14848,4640.31,30,7560,540.15,579,1887.4,4454.4,I-REC,0.3914,5.8115,4.0681,1.5271
UI0000188,FAC0006,BANK01,2022,2022-08,16582,3949.51,40,6937,925.51,982,3346.84,6632.8,I-REC,0.3914,6.4902,3.8941,1.4013
UI0000189,FAC0006,BANK01,2022,2022-09,12054,3853.71,40,5484,649.36,1174,5022.43,4821.6,I-REC,0.3914,4.7179,2.8308,1.1078
UI0000190,FAC0006,BANK01,2022,2022-10,11827,3707.79,20,5553,414.36,608,2760.73,2365.4,GO,0.3914,4.6291,3.7033,1.1217
UI0000191,FAC0006,BANK01,2022,2022-11,13591,3088.61,50,5690,597.63,648,3026.41,6795.5,I-REC,0.3914,5.3195,2.6598,1.1494
UI0000192,FAC0006,BANK01,2022,2022-12,17349,5030.68,40,7970,756.66,859,2735.11,6939.6,I-REC,0.3914,6.7904,4.0742,1.6099
UI0000193,FAC0006,BANK01,2023,2023-01,15793,4446.43,50,8271,1106.37,904,3833.58,7896.5,GO,0.38,6.0013,3.0007,1.6707
UI0000194,FAC0006,BANK01,2023,2023-02,18471,3701.84,40,8209,666.77,1216,5630.61,7388.4,I-REC,0.38,7.019,4.2114,1.6582
UI0000195,FAC0006,BANK01,2023,2023-03,12752,2348.54,50,5820,755.12,1169,5360.25,6376.0,GO,0.38,4.8458,2.4229,1.1756
UI0000196,FAC0006,BANK01,2023,2023-04,12493,2620.16,60,6204,516.86,1065,4552.85,7495.8,GO,0.38,4.7473,1.8989,1.2532
UI0000197,FAC0006,BANK01,2023,2023-05,13357,3964.78,40,6135,830.47,570,2600.07,5342.8,GO,0.38,5.0757,3.0454,1.2393
UI0000198,FAC0006,BANK01,2023,2023-06,15656,3254.5,50,7084,516.69,748,2921.55,7828.0,GO,0.38,5.9493,2.9746,1.431
UI0000199,FAC0006,BANK01,2023,2023-07,13942,3775.78,50,6937,687.37,1213,5670.82,6971.0,I-REC,0.38,5.298,2.649,1.4013
UI0000200,FAC0006,BANK01,2023,2023-08,16932,4457.36,30,7661,837.34,583,1884.83,5079.6,I-REC,0.38,6.4342,4.5039,1.5475
UI0000201,FAC0006,BANK01,2023,2023-09,11742,2310.42,50,5838,740.01,1219,5573.62,5871.0,I-REC,0.38,4.462,2.231,1.1793
UI0000202,FAC0006,BANK01,2023,2023-10,13014,2877.18,60,5548,721.83,898,2792.62,7808.4,I-REC,0.38,4.9453,1.9781,1.1207
UI0000203,FAC0006,BANK01,2023,2023-11,12158,3576.85,50,6388,894.0,619,2204.47,6079.0,I-REC,0.38,4.62,2.31,1.2904
UI0000204,FAC0006,BANK01,2023,2023-12,18067,3442.05,50,8544,782.52,1204,4333.97,9033.5,I-REC,0.38,6.8655,3.4327,1.7259
UI0000205,FAC0006,BANK01,2024,2024-01,14968,4516.3,40,8373,1132.02,752,3162.77,5987.2,I-REC,0.3689,5.5217,3.313,1.6913
UI0000206,FAC0006,BANK01,2024,2024-02,17711,5092.26,60,7428,685.47,590,1916.0,10626.6,I-REC,0.3689,6.5336,2.6134,1.5005
UI0000207,FAC0006,BANK01,2024,2024-03,12601,2755.99,40,5822,750.47,579,2374.14,5040.4,GO,0.3689,4.6485,2.7891,1.176
UI0000208,FAC0006,BANK01,2024,2024-04,12513,3840.05,60,6140,712.57,1090,3488.95,7507.8,I-REC,0.3689,4.616,1.8464,1.2403
UI0000209,FAC0006,BANK01,2024,2024-05,12172,2349.38,70,6222,580.69,741,3321.3,8520.4,GO,0.3689,4.4903,1.3471,1.2568
UI0000210,FAC0006,BANK01,2024,2024-06,14067,2742.45,40,6433,665.1,1183,4659.18,5626.8,GO,0.3689,5.1893,3.1136,1.2995
UI0000211,FAC0006,BANK01,2024,2024-07,14748,2823.97,50,7060,577.41,708,3042.26,7374.0,GO,0.3689,5.4405,2.7203,1.4261
UI0000212,FAC0006,BANK01,2024,2024-08,15378,3780.59,40,7514,909.29,964,3136.2,6151.2,I-REC,0.3689,5.6729,3.4038,1.5178
UI0000213,FAC0006,BANK01,2024,2024-09,13001,4141.48,50,6097,429.05,1000,4045.95,6500.5,I-REC,0.3689,4.7961,2.398,1.2316
UI0000214,FAC0006,BANK01,2024,2024-10,11848,2949.81,50,6066,525.64,1065,4110.31,5924.0,I-REC,0.3689,4.3707,2.1854,1.2253
UI0000215,FAC0006,BANK01,2024,2024-11,12692,2896.28,60,5600,550.57,1099,4595.51,7615.2,GO,0.3689,4.6821,1.8728,1.1312
UI0000216,FAC0006,BANK01,2024,2024-12,17907,4995.46,40,7313,642.45,697,2934.73,7162.8,GO,0.3689,6.6059,3.9635,1.4772
UI0000217,FAC0007,BANK01,2022,2022-01,9852,2726.86,40,4661,514.4,1502,6952.6,3940.8,GO,0.2987,2.9428,1.7657,0.9415
UI0000218,FAC0007,BANK01,2022,2022-02,11119,2360.78,20,5523,483.26,1119,3461.21,2223.8,I-REC,0.2987,3.3212,2.657,1.1156
UI0000219,FAC0007,BANK01,2022,2022-03,7505,2358.94,40,3708,408.7,1921,8267.42,3002.0,GO,0.2987,2.2417,1.345,0.749
UI0000220,FAC0007,BANK01,2022,2022-04,8564,1950.79,20,4038,409.03,855,2816.35,1712.8,I-REC,0.2987,2.5581,2.0465,0.8157
UI0000221,FAC0007,BANK01,2022,2022-05,8450,1969.03,50,3503,372.44,1253,4448.31,4225.0,I-REC,0.2987,2.524,1.262,0.7076
UI0000222,FAC0007,BANK01,2022,2022-06,10359,2376.82,50,4961,649.38,1003,4730.38,5179.5,GO,0.2987,3.0942,1.5471,1.0021
UI0000223,FAC0007,BANK01,2022,2022-07,10357,1935.21,50,4621,324.46,1903,7473.4,5178.5,I-REC,0.2987,3.0936,1.5468,0.9334
UI0000224,FAC0007,BANK01,2022,2022-08,9152,2319.11,50,4990,420.5,907,2921.3,4576.0,I-REC,0.2987,2.7337,1.3669,1.008
UI0000225,FAC0007,BANK01,2022,2022-09,7858,1935.05,20,3624,447.14,1038,3249.55,1571.6,I-REC,0.2987,2.3472,1.8777,0.732
UI0000226,FAC0007,BANK01,2022,2022-10,8133,2247.8,30,3639,324.94,1091,4313.45,2439.9,I-REC,0.2987,2.4293,1.7005,0.7351
UI0000227,FAC0007,BANK01,2022,2022-11,8028,1464.31,30,3531,305.11,1087,4317.35,2408.4,I-REC,0.2987,2.398,1.6786,0.7133
UI0000228,FAC0007,BANK01,2022,2022-12,10328,2017.84,30,5504,663.16,1411,5706.16,3098.4,I-REC,0.2987,3.085,2.1595,1.1118
UI0000229,FAC0007,BANK01,2023,2023-01,11132,3167.01,50,4724,337.39,1577,6519.81,5566.0,I-REC,0.29,3.2283,1.6141,0.9542
UI0000230,FAC0007,BANK01,2023,2023-02,11550,3304.26,40,4694,548.22,1157,4757.49,4620.0,GO,0.29,3.3495,2.0097,0.9482
UI0000231,FAC0007,BANK01,2023,2023-03,8226,2203.36,40,3934,544.55,1434,4311.67,3290.4,I-REC,0.29,2.3855,1.4313,0.7947
UI0000232,FAC0007,BANK01,2023,2023-04,8781,2278.78,60,3584,251.25,1612,5459.58,5268.6,I-REC,0.29,2.5465,1.0186,0.724
UI0000233,FAC0007,BANK01,2023,2023-05,7414,2056.97,50,3569,317.77,1696,5764.59,3707.0,I-REC,0.29,2.1501,1.075,0.7209
UI0000234,FAC0007,BANK01,2023,2023-06,9638,1864.5,50,4848,499.49,1514,5136.3,4819.0,I-REC,0.29,2.795,1.3975,0.9793
UI0000235,FAC0007,BANK01,2023,2023-07,9329,2670.42,60,4125,442.51,1216,4847.34,5597.4,GO,0.29,2.7054,1.0822,0.8333
UI0000236,FAC0007,BANK01,2023,2023-08,9695,2512.19,30,4594,365.64,1612,6160.21,2908.5,GO,0.29,2.8115,1.9681,0.928
UI0000237,FAC0007,BANK01,2023,2023-09,7310,1420.82,30,3688,513.68,1439,5895.78,2193.0,I-REC,0.29,2.1199,1.4839,0.745
UI0000238,FAC0007,BANK01,2023,2023-10,8395,1624.94,50,3505,308.27,1080,5223.32,4197.5,GO,0.29,2.4345,1.2173,0.708
UI0000239,FAC0007,BANK01,2023,2023-11,7897,2408.86,60,4077,312.07,1560,7561.53,4738.2,GO,0.29,2.2901,0.9161,0.8236
UI0000240,FAC0007,BANK01,2023,2023-12,10964,2041.32,40,4547,537.59,1120,4572.01,4385.6,I-REC,0.29,3.1796,1.9077,0.9185
UI0000241,FAC0007,BANK01,2024,2024-01,10841,3191.47,70,5041,429.22,847,3238.6,7588.7,I-REC,0.2816,3.0528,0.9158,1.0183
UI0000242,FAC0007,BANK01,2024,2024-02,10154,1827.85,60,4452,528.66,1493,7269.88,6092.4,GO,0.2816,2.8594,1.1437,0.8993
UI0000243,FAC0007,BANK01,2024,2024-03,8282,2627.87,40,3679,404.76,1024,4438.63,3312.8,I-REC,0.2816,2.3322,1.3993,0.7432
UI0000244,FAC0007,BANK01,2024,2024-04,7398,2090.24,40,3873,324.21,1102,3766.79,2959.2,GO,0.2816,2.0833,1.25,0.7823
UI0000245,FAC0007,BANK01,2024,2024-05,7303,1947.06,50,3610,260.66,1581,7037.8,3651.5,I-REC,0.2816,2.0565,1.0283,0.7292
UI0000246,FAC0007,BANK01,2024,2024-06,10066,2988.24,60,4328,433.78,1687,7382.03,6039.6,I-REC,0.2816,2.8346,1.1338,0.8743
UI0000247,FAC0007,BANK01,2024,2024-07,10277,2388.73,50,4143,444.59,1263,5517.89,5138.5,GO,0.2816,2.894,1.447,0.8369
UI0000248,FAC0007,BANK01,2024,2024-08,10391,1976.89,50,4098,405.92,1696,6562.23,5195.5,GO,0.2816,2.9261,1.4631,0.8278
UI0000249,FAC0007,BANK01,2024,2024-09,8197,2492.66,60,3395,275.06,1639,8185.88,4918.2,GO,0.2816,2.3083,0.9233,0.6858
UI0000250,FAC0007,BANK01,2024,2024-10,7934,1619.32,70,3687,474.03,1908,7422.41,5553.8,GO,0.2816,2.2342,0.6703,0.7448
UI0000251,FAC0007,BANK01,2024,2024-11,7592,1575.17,40,3715,336.9,1877,8531.18,3036.8,I-REC,0.2816,2.1379,1.2827,0.7504
UI0000252,FAC0007,BANK01,2024,2024-12,10436,3194.63,50,4454,383.41,1491,6561.2,5218.0,I-REC,0.2816,2.9388,1.4694,0.8997
UI0000253,FAC0008,BANK01,2022,2022-01,53235,9976.05,30,20799,1717.7,484,2299.77,15970.5,I-REC,0.3914,20.8362,14.5853,4.2014
UI0000254,FAC0008,BANK01,2022,2022-02,51764,11067.62,20,21373,2322.38,315,1158.64,10352.8,I-REC,0.3914,20.2604,16.2083,4.3173
UI0000255,FAC0008,BANK01,2022,2022-03,36908,10922.38,30,16095,1176.24,426,1695.91,11072.4,GO,0.3914,14.4458,10.1121,3.2512
UI0000256,FAC0008,BANK01,2022,2022-04,39108,9875.31,20,15689,1784.45,607,1907.72,7821.6,GO,0.3914,15.3069,12.2455,3.1692
UI0000257,FAC0008,BANK01,2022,2022-05,38251,9353.36,40,17065,2008.44,586,2921.51,15300.4,I-REC,0.3914,14.9714,8.9829,3.4471
UI0000258,FAC0008,BANK01,2022,2022-06,43320,12499.67,20,18735,2217.51,300,1417.73,8664.0,GO,0.3914,16.9554,13.5644,3.7845
UI0000259,FAC0008,BANK01,2022,2022-07,46771,8959.85,20,18944,1578.59,360,1766.22,9354.2,GO,0.3914,18.3062,14.6449,3.8267
UI0000260,FAC0008,BANK01,2022,2022-08,41176,7741.69,40,21837,2492.89,508,2508.14,16470.4,GO,0.3914,16.1163,9.6698,4.4111
UI0000261,FAC0008,BANK01,2022,2022-09,33159,9089.05,50,15723,1975.25,435,1743.5,16579.5,GO,0.3914,12.9784,6.4892,3.176
UI0000262,FAC0008,BANK01,2022,2022-10,35093,9266.26,30,16205,1788.17,358,1415.37,10527.9,GO,0.3914,13.7354,9.6148,3.2734
UI0000263,FAC0008,BANK01,2022,2022-11,36568,10802.55,30,18295,1650.73,326,1383.32,10970.4,GO,0.3914,14.3127,10.0189,3.6956
UI0000264,FAC0008,BANK01,2022,2022-12,44374,10890.44,50,22000,1607.99,311,963.39,22187.0,GO,0.3914,17.368,8.684,4.444
UI0000265,FAC0008,BANK01,2023,2023-01,49418,9508.83,50,23797,2871.65,444,1576.27,24709.0,GO,0.38,18.7788,9.3894,4.807
UI0000266,FAC0008,BANK01,2023,2023-02,44516,8943.19,60,21552,1915.08,344,1188.76,26709.6,GO,0.38,16.9161,6.7664,4.3535
UI0000267,FAC0008,BANK01,2023,2023-03,34619,10036.73,40,17104,1646.65,440,1356.85,13847.6,I-REC,0.38,13.1552,7.8931,3.455
UI0000268,FAC0008,BANK01,2023,2023-04,37439,7999.01,40,16984,1904.71,316,1336.18,14975.6,GO,0.38,14.2268,8.5361,3.4308
UI0000269,FAC0008,BANK01,2023,2023-05,35613,7037.39,40,16089,1194.61,689,3172.15,14245.2,GO,0.38,13.5329,8.1198,3.25
UI0000270,FAC0008,BANK01,2023,2023-06,47635,14510.99,30,21731,2913.4,395,1768.42,14290.5,GO,0.38,18.1013,12.6709,4.3897
UI0000271,FAC0008,BANK01,2023,2023-07,41786,10724.25,40,21196,2186.47,675,3213.61,16714.4,I-REC,0.38,15.8787,9.5272,4.2816
UI0000272,FAC0008,BANK01,2023,2023-08,41675,10583.99,40,19011,1416.16,578,2043.58,16670.0,GO,0.38,15.8365,9.5019,3.8402
UI0000273,FAC0008,BANK01,2023,2023-09,33422,9412.92,50,15129,1611.55,570,2445.51,16711.0,I-REC,0.38,12.7004,6.3502,3.0561
UI0000274,FAC0008,BANK01,2023,2023-10,37099,7938.45,30,15931,1583.32,413,1831.23,11129.7,I-REC,0.38,14.0976,9.8683,3.2181
UI0000275,FAC0008,BANK01,2023,2023-11,34954,6801.1,40,17316,2376.69,504,1765.86,13981.6,GO,0.38,13.2825,7.9695,3.4978
UI0000276,FAC0008,BANK01,2023,2023-12,47503,9592.47,60,20063,2733.18,449,1682.55,28501.8,GO,0.38,18.0511,7.2205,4.0527
UI0000277,FAC0008,BANK01,2024,2024-01,44945,12627.63,50,23268,2229.85,369,1508.08,22472.5,I-REC,0.3689,16.5802,8.2901,4.7001
UI0000278,FAC0008,BANK01,2024,2024-02,43972,12031.31,40,20315,2090.17,636,2299.43,17588.8,I-REC,0.3689,16.2213,9.7328,4.1036
UI0000279,FAC0008,BANK01,2024,2024-03,37237,10727.43,40,17417,2110.15,498,1860.9,14894.8,I-REC,0.3689,13.7367,8.242,3.5182
UI0000280,FAC0008,BANK01,2024,2024-04,35577,8055.24,60,16241,2242.45,366,1438.88,21346.2,I-REC,0.3689,13.1244,5.2497,3.2807
UI0000281,FAC0008,BANK01,2024,2024-05,37516,8274.43,40,14814,1699.69,567,2827.2,15006.4,GO,0.3689,13.8397,8.3038,2.9924
UI0000282,FAC0008,BANK01,2024,2024-06,41206,8538.13,60,18674,1995.03,381,1590.39,24723.6,I-REC,0.3689,15.2009,6.0804,3.7721
UI0000283,FAC0008,BANK01,2024,2024-07,46298,13557.57,50,18347,1399.95,583,2578.38,23149.0,I-REC,0.3689,17.0793,8.5397,3.7061
UI0000284,FAC0008,BANK01,2024,2024-08,42611,10917.49,40,19713,2216.77,642,2181.03,17044.4,I-REC,0.3689,15.7192,9.4315,3.982
UI0000285,FAC0008,BANK01,2024,2024-09,35839,7126.91,50,16663,1917.61,374,1869.58,17919.5,GO,0.3689,13.221,6.6105,3.3659
UI0000286,FAC0008,BANK01,2024,2024-10,31940,10024.99,40,15935,2139.58,309,1305.14,12776.0,I-REC,0.3689,11.7827,7.0696,3.2189
UI0000287,FAC0008,BANK01,2024,2024-11,35216,6808.77,70,17077,2343.85,425,2004.62,24651.2,I-REC,0.3689,12.9912,3.8974,3.4496
UI0000288,FAC0008,BANK01,2024,2024-12,49526,8988.68,40,22604,1874.73,502,2329.63,19810.4,GO,0.3689,18.2701,10.9621,4.566
UI0000289,FAC0009,BANK01,2022,2022-01,113107,22133.01,50,43012,3395.95,125,524.3,56553.5,I-REC,0.2802,31.6926,15.8463,8.6884
UI0000290,FAC0009,BANK01,2022,2022-02,111606,30039.5,50,45054,4722.32,165,735.66,55803.0,GO,0.2802,31.272,15.636,9.1009
UI0000291,FAC0009,BANK01,2022,2022-03,82142,25327.18,50,36295,4782.22,250,1090.06,41071.0,GO,0.2802,23.0162,11.5081,7.3316
UI0000292,FAC0009,BANK01,2022,2022-04,75486,14393.31,20,36392,4085.31,160,738.72,15097.2,GO,0.2802,21.1512,16.9209,7.3512
UI0000293,FAC0009,BANK01,2022,2022-05,82879,21174.93,20,36603,3140.87,193,732.24,16575.8,GO,0.2802,23.2227,18.5782,7.3938
UI0000294,FAC0009,BANK01,2022,2022-06,93875,19456.42,50,46467,5903.46,195,646.49,46937.5,GO,0.2802,26.3038,13.1519,9.3863
UI0000295,FAC0009,BANK01,2022,2022-07,88938,21628.02,30,44412,4150.9,131,502.59,26681.4,I-REC,0.2802,24.9204,17.4443,8.9712
UI0000296,FAC0009,BANK01,2022,2022-08,86612,17167.13,40,47300,5086.04,211,1029.96,34644.8,I-REC,0.2802,24.2687,14.5612,9.5546
UI0000297,FAC0009,BANK01,2022,2022-09,70102,14950.71,40,34662,4696.41,113,435.88,28040.8,I-REC,0.2802,19.6426,11.7855,7.0017
UI0000298,FAC0009,BANK01,2022,2022-10,84352,16559.29,20,37347,2950.98,185,843.71,16870.4,GO,0.2802,23.6354,18.9083,7.5441
UI0000299,FAC0009,BANK01,2022,2022-11,69718,17627.21,20,32350,2724.61,138,521.8,13943.6,I-REC,0.2802,19.535,15.628,6.5347
UI0000300,FAC0009,BANK01,2022,2022-12,110787,25933.0,20,43572,5139.04,237,745.45,22157.4,GO,0.2802,31.0425,24.834,8.8015
UI0000301,FAC0009,BANK01,2023,2023-01,109696,23646.48,40,43859,4115.61,249,772.92,43878.4,I-REC,0.272,29.8373,17.9024,8.8595
UI0000302,FAC0009,BANK01,2023,2023-02,99402,24647.13,30,46999,6077.92,173,665.87,29820.6,I-REC,0.272,27.0373,18.9261,9.4938
UI0000303,FAC0009,BANK01,2023,2023-03,76542,16889.46,50,37707,5181.66,200,646.33,38271.0,GO,0.272,20.8194,10.4097,7.6168
UI0000304,FAC0009,BANK01,2023,2023-04,72650,21012.85,60,35279,3315.61,225,781.84,43590.0,GO,0.272,19.7608,7.9043,7.1264
UI0000305,FAC0009,BANK01,2023,2023-05,81101,19224.51,40,37779,3205.07,217,930.99,32440.4,I-REC,0.272,22.0595,13.2357,7.6314
UI0000306,FAC0009,BANK01,2023,2023-06,94533,22991.82,50,39447,4677.53,124,522.21,47266.5,I-REC,0.272,25.713,12.8565,7.9683
UI0000307,FAC0009,BANK01,2023,2023-07,84053,24582.15,30,41530,3737.85,192,645.8,25215.9,I-REC,0.272,22.8624,16.0037,8.3891
UI0000308,FAC0009,BANK01,2023,2023-08,83466,19731.34,40,46880,5243.51,254,1052.98,33386.4,GO,0.272,22.7028,13.6217,9.4698
UI0000309,FAC0009,BANK01,2023,2023-09,82307,24835.41,60,34345,3983.13,201,936.77,49384.2,I-REC,0.272,22.3875,8.955,6.9377
UI0000310,FAC0009,BANK01,2023,2023-10,77757,14972.24,60,36710,3911.63,218,717.3,46654.2,GO,0.272,21.1499,8.46,7.4154
UI0000311,FAC0009,BANK01,2023,2023-11,79901,16025.78,40,35452,3884.61,202,724.94,31960.4,GO,0.272,21.7331,13.0398,7.1613
UI0000312,FAC0009,BANK01,2023,2023-12,106309,33323.66,40,50136,6634.89,193,620.82,42523.6,I-REC,0.272,28.916,17.3496,10.1275
UI0000313,FAC0009,BANK01,2024,2024-01,105504,30456.64,50,48401,4844.52,142,586.15,52752.0,GO,0.2641,27.8636,13.9318,9.777
UI0000314,FAC0009,BANK01,2024,2024-02,107904,34378.56,40,41540,4283.12,200,759.2,43161.6,I-REC,0.2641,28.4974,17.0985,8.3911
UI0000315,FAC0009,BANK01,2024,2024-03,68436,18468.89,40,36005,2958.68,251,861.39,27374.4,I-REC,0.2641,18.0739,10.8444,7.273
UI0000316,FAC0009,BANK01,2024,2024-04,75015,16924.05,50,37584,4373.95,143,688.65,37507.5,I-REC,0.2641,19.8115,9.9057,7.592
UI0000317,FAC0009,BANK01,2024,2024-05,76327,22671.86,40,36926,5120.36,185,861.37,30530.8,I-REC,0.2641,20.158,12.0948,7.4591
UI0000318,FAC0009,BANK01,2024,2024-06,97764,31032.61,40,45647,6078.24,239,987.68,39105.6,I-REC,0.2641,25.8195,15.4917,9.2207
UI0000319,FAC0009,BANK01,2024,2024-07,89375,21170.46,50,37871,4673.94,227,928.2,44687.5,I-REC,0.2641,23.6039,11.802,7.6499
UI0000320,FAC0009,BANK01,2024,2024-08,84167,21900.91,70,43146,4061.34,123,524.07,58916.9,I-REC,0.2641,22.2285,6.6686,8.7155
UI0000321,FAC0009,BANK01,2024,2024-09,80377,15573.48,70,32262,4134.15,192,914.8,56263.9,I-REC,0.2641,21.2276,6.3683,6.5169
UI0000322,FAC0009,BANK01,2024,2024-10,78051,24762.96,60,36302,4448.07,155,543.1,46830.6,GO,0.2641,20.6133,8.2453,7.333
UI0000323,FAC0009,BANK01,2024,2024-11,69537,18237.16,50,32607,4047.19,189,888.21,34768.5,I-REC,0.2641,18.3647,9.1824,6.5866
UI0000324,FAC0009,BANK01,2024,2024-12,94294,23288.58,50,49240,4217.97,234,705.05,47147.0,I-REC,0.2641,24.903,12.4515,9.9465
UI0000325,FAC0010,BANK01,2022,2022-01,73767,13924.61,50,31388,2318.34,910,4247.35,36883.5,I-REC,0.3914,28.8724,14.4362,6.3404
UI0000326,FAC0010,BANK01,2022,2022-02,72541,21327.34,30,31831,2974.25,658,3249.85,21762.3,I-REC,0.3914,28.3925,19.8748,6.4299
UI0000327,FAC0010,BANK01,2022,2022-03,55349,14705.65,20,21698,1943.0,651,2334.53,11069.8,GO,0.3914,21.6636,17.3309,4.383
UI0000328,FAC0010,BANK01,2022,2022-04,52786,12515.07,50,25562,2106.39,855,3641.51,26393.0,I-REC,0.3914,20.6604,10.3302,5.1635
UI0000329,FAC0010,BANK01,2022,2022-05,48541,12998.16,50,24248,1782.74,952,3557.36,24270.5,GO,0.3914,18.9989,9.4995,4.8981
UI0000330,FAC0010,BANK01,2022,2022-06,64907,15706.02,50,27815,2495.15,1313,4365.23,32453.5,GO,0.3914,25.4046,12.7023,5.6186
UI0000331,FAC0010,BANK01,2022,2022-07,65878,18894.82,50,28858,2851.61,710,2314.64,32939.0,GO,0.3914,25.7846,12.8923,5.8293
UI0000332,FAC0010,BANK01,2022,2022-08,58587,16492.14,50,26353,3368.45,1236,5989.23,29293.5,GO,0.3914,22.931,11.4655,5.3233
UI0000333,FAC0010,BANK01,2022,2022-09,56058,16126.53,20,26154,2313.27,1050,3984.29,11211.6,I-REC,0.3914,21.9411,17.5529,5.2831
UI0000334,FAC0010,BANK01,2022,2022-10,51933,10790.72,30,24014,2443.92,652,2072.3,15579.9,GO,0.3914,20.3266,14.2286,4.8508
UI0000335,FAC0010,BANK01,2022,2022-11,47888,9978.26,30,25913,3475.12,884,3361.52,14366.4,I-REC,0.3914,18.7434,13.1204,5.2344
UI0000336,FAC0010,BANK01,2022,2022-12,68461,20465.48,30,34523,4589.42,969,3225.36,20538.3,I-REC,0.3914,26.7956,18.7569,6.9736
UI0000337,FAC0010,BANK01,2023,2023-01,62154,13092.24,30,31812,3166.34,599,2785.55,18646.2,I-REC,0.38,23.6185,16.533,6.426
UI0000338,FAC0010,BANK01,2023,2023-02,74012,17217.96,50,30034,2502.65,972,3785.92,37006.0,I-REC,0.38,28.1246,14.0623,6.0669
UI0000339,FAC0010,BANK01,2023,2023-03,54616,15381.95,30,23589,1929.78,844,3509.03,16384.8,GO,0.38,20.7541,14.5279,4.765
UI0000340,FAC0010,BANK01,2023,2023-04,46070,14568.76,30,25080,1921.53,833,2957.8,13821.0,GO,0.38,17.5066,12.2546,5.0662
UI0000341,FAC0010,BANK01,2023,2023-05,55665,16503.56,50,22145,2167.67,762,3100.09,27832.5,GO,0.38,21.1527,10.5763,4.4733
UI0000342,FAC0010,BANK01,2023,2023-06,67202,18374.28,60,30887,2530.33,1190,4014.22,40321.2,I-REC,0.38,25.5368,10.2147,6.2392
UI0000343,FAC0010,BANK01,2023,2023-07,55890,17057.48,60,26638,2962.93,672,3127.92,33534.0,GO,0.38,21.2382,8.4953,5.3809
UI0000344,FAC0010,BANK01,2023,2023-08,56983,11626.06,60,26820,2902.7,1013,4527.19,34189.8,I-REC,0.38,21.6535,8.6614,5.4176
UI0000345,FAC0010,BANK01,2023,2023-09,50563,14466.23,40,24459,3195.83,1082,3747.24,20225.2,GO,0.38,19.2139,11.5284,4.9407
UI0000346,FAC0010,BANK01,2023,2023-10,53918,13807.95,40,22176,3098.3,690,2633.63,21567.2,GO,0.38,20.4888,12.2933,4.4796
UI0000347,FAC0010,BANK01,2023,2023-11,49015,12204.52,30,23716,2826.88,957,3913.36,14704.5,GO,0.38,18.6257,13.038,4.7906
UI0000348,FAC0010,BANK01,2023,2023-12,69380,16894.05,30,30564,3637.35,1338,5091.52,20814.0,I-REC,0.38,26.3644,18.4551,6.1739
UI0000349,FAC0010,BANK01,2024,2024-01,71984,21625.01,50,28933,2056.62,922,4175.8,35992.0,I-REC,0.3689,26.5549,13.2774,5.8445
UI0000350,FAC0010,BANK01,2024,2024-02,64544,13248.49,50,28369,3235.26,1124,4109.1,32272.0,GO,0.3689,23.8103,11.9051,5.7305
UI0000351,FAC0010,BANK01,2024,2024-03,46255,8421.95,60,25165,2351.76,1140,5674.63,27753.0,I-REC,0.3689,17.0635,6.8254,5.0833
UI0000352,FAC0010,BANK01,2024,2024-04,53977,15251.12,50,23766,2533.42,922,4186.05,26988.5,GO,0.3689,19.9121,9.9561,4.8007
UI0000353,FAC0010,BANK01,2024,2024-05,46404,14647.34,70,25117,3085.56,709,3481.04,32482.8,I-REC,0.3689,17.1184,5.1355,5.0736
UI0000354,FAC0010,BANK01,2024,2024-06,61367,14740.02,50,28193,3175.3,1143,4089.21,30683.5,I-REC,0.3689,22.6383,11.3191,5.695
UI0000355,FAC0010,BANK01,2024,2024-07,61236,18317.04,40,25291,3183.81,725,3554.53,24494.4,GO,0.3689,22.59,13.554,5.1088
UI0000356,FAC0010,BANK01,2024,2024-08,62996,19938.32,70,26488,2963.36,1270,5566.17,44097.2,I-REC,0.3689,23.2392,6.9718,5.3506
UI0000357,FAC0010,BANK01,2024,2024-09,49711,14836.69,60,21956,2474.03,702,2883.17,29826.6,I-REC,0.3689,18.3384,7.3354,4.4351
UI0000358,FAC0010,BANK01,2024,2024-10,45330,14267.17,70,21004,2574.72,875,2687.65,31731.0,GO,0.3689,16.7222,5.0167,4.2428
UI0000359,FAC0010,BANK01,2024,2024-11,51175,15625.13,50,21039,2064.26,1336,5051.41,25587.5,I-REC,0.3689,18.8785,9.4392,4.2499
UI0000360,FAC0010,BANK01,2024,2024-12,62160,19316.01,40,32191,3271.91,1123,4223.49,24864.0,I-REC,0.3689,22.9308,13.7585,6.5026
UI0000361,FAC0011,BANK01,2022,2022-01,27362,6820.96,50,14107,1513.03,276,1040.23,13681.0,I-REC,0.2575,7.0457,3.5229,2.8496
UI0000362,FAC0011,BANK01,2022,2022-02,27792,7798.31,50,14134,1141.66,313,1461.14,13896.0,GO,0.2575,7.1564,3.5782,2.8551
UI0000363,FAC0011,BANK01,2022,2022-03,21607,6280.59,20,10504,1126.55,234,1020.97,4321.4,I-REC,0.2575,5.5638,4.451,2.1218
UI0000364,FAC0011,BANK01,2022,2022-04,20175,4672.84,30,10642,1263.05,269,1282.07,6052.5,I-REC,0.2575,5.1951,3.6365,2.1497
UI0000365,FAC0011,BANK01,2022,2022-05,23147,5400.92,50,11106,1259.06,283,1237.06,11573.5,I-REC,0.2575,5.9604,2.9802,2.2434
UI0000366,FAC0011,BANK01,2022,2022-06,27773,8497.63,40,11457,943.07,164,736.84,11109.2,I-REC,0.2575,7.1515,4.2909,2.3143
UI0000367,FAC0011,BANK01,2022,2022-07,29325,7169.85,50,12058,1176.68,175,574.12,14662.5,I-REC,0.2575,7.5512,3.7756,2.4357
UI0000368,FAC0011,BANK01,2022,2022-08,29183,7843.01,30,12925,1025.17,176,715.51,8754.9,GO,0.2575,7.5146,5.2602,2.6109
UI0000369,FAC0011,BANK01,2022,2022-09,22754,6855.35,30,9867,825.08,215,1058.0,6826.2,GO,0.2575,5.8592,4.1014,1.9931
UI0000370,FAC0011,BANK01,2022,2022-10,24313,5263.81,30,11244,1325.81,205,990.56,7293.9,GO,0.2575,6.2606,4.3824,2.2713
UI0000371,FAC0011,BANK01,2022,2022-11,21008,4304.66,50,10886,1482.15,277,1046.55,10504.0,I-REC,0.2575,5.4096,2.7048,2.199
UI0000372,FAC0011,BANK01,2022,2022-12,32685,9856.71,30,12888,1102.68,319,1294.97,9805.5,GO,0.2575,8.4164,5.8915,2.6034
UI0000373,FAC0011,BANK01,2023,2023-01,30937,7993.83,30,13166,1282.18,183,682.88,9281.1,I-REC,0.25,7.7343,5.414,2.6595
UI0000374,FAC0011,BANK01,2023,2023-02,31932,9992.83,60,13489,1471.76,190,575.94,19159.2,I-REC,0.25,7.983,3.1932,2.7248
UI0000375,FAC0011,BANK01,2023,2023-03,21176,4476.37,50,10113,845.36,269,1144.93,10588.0,GO,0.25,5.294,2.647,2.0428
UI0000376,FAC0011,BANK01,2023,2023-04,20296,6285.36,30,10493,817.65,237,939.1,6088.8,GO,0.25,5.074,3.5518,2.1196
UI0000377,FAC0011,BANK01,2023,2023-05,21896,5725.3,50,9219,819.01,239,735.02,10948.0,GO,0.25,5.474,2.737,1.8622
UI0000378,FAC0011,BANK01,2023,2023-06,28664,6337.93,50,11672,904.89,199,926.38,14332.0,I-REC,0.25,7.166,3.583,2.3577
UI0000379,FAC0011,BANK01,2023,2023-07,25248,7434.41,40,11688,1207.49,174,816.36,10099.2,GO,0.25,6.312,3.7872,2.361
UI0000380,FAC0011,BANK01,2023,2023-08,26978,5028.99,50,11742,1610.84,221,780.46,13489.0,GO,0.25,6.7445,3.3723,2.3719
UI0000381,FAC0011,BANK01,2023,2023-09,23488,5160.01,30,10537,1305.36,262,831.66,7046.4,GO,0.25,5.872,4.1104,2.1285
UI0000382,FAC0011,BANK01,2023,2023-10,23179,6431.04,30,9483,1011.46,213,878.19,6953.7,GO,0.25,5.7947,4.0563,1.9156
UI0000383,FAC0011,BANK01,2023,2023-11,22427,4889.88,30,10817,855.46,283,1327.1,6728.1,GO,0.25,5.6067,3.9247,2.185
UI0000384,FAC0011,BANK01,2023,2023-12,29444,8969.41,40,14481,1961.63,206,847.65,11777.6,I-REC,0.25,7.361,4.4166,2.9252
UI0000385,FAC0011,BANK01,2024,2024-01,31071,9351.28,60,13977,1549.35,219,838.99,18642.6,GO,0.2427,7.5409,3.0164,2.8234
UI0000386,FAC0011,BANK01,2024,2024-02,30161,6012.62,50,13350,1594.35,194,779.96,15080.5,GO,0.2427,7.3201,3.66,2.6967
UI0000387,FAC0011,BANK01,2024,2024-03,23606,6671.16,60,10716,1066.64,194,723.12,14163.6,I-REC,0.2427,5.7292,2.2917,2.1646
UI0000388,FAC0011,BANK01,2024,2024-04,23105,4733.95,60,10506,830.21,299,1469.89,13863.0,GO,0.2427,5.6076,2.243,2.1222
UI0000389,FAC0011,BANK01,2024,2024-05,23293,7406.1,70,10864,779.79,294,1430.35,16305.1,I-REC,0.2427,5.6532,1.696,2.1945
UI0000390,FAC0011,BANK01,2024,2024-06,23711,5504.52,60,11024,948.84,170,730.1,14226.6,GO,0.2427,5.7547,2.3019,2.2268
UI0000391,FAC0011,BANK01,2024,2024-07,24900,7268.4,40,13256,1733.8,166,520.99,9960.0,GO,0.2427,6.0432,3.6259,2.6777
UI0000392,FAC0011,BANK01,2024,2024-08,23708,6369.83,50,11754,1173.02,147,658.02,11854.0,I-REC,0.2427,5.7539,2.877,2.3743
UI0000393,FAC0011,BANK01,2024,2024-09,22309,5220.65,70,9506,1077.96,194,860.09,15616.3,I-REC,0.2427,5.4144,1.6243,1.9202
UI0000394,FAC0011,BANK01,2024,2024-10,19993,4782.93,50,10855,1442.86,271,1240.54,9996.5,I-REC,0.2427,4.8523,2.4262,2.1927
UI0000395,FAC0011,BANK01,2024,2024-11,22470,4452.73,40,9523,1230.54,219,1088.34,8988.0,I-REC,0.2427,5.4535,3.2721,1.9236
UI0000396,FAC0011,BANK01,2024,2024-12,29870,7575.51,40,14357,1814.39,195,652.42,11948.0,GO,0.2427,7.2494,4.3497,2.9001
UI0000397,FAC0012,BANK01,2022,2022-01,75234,22351.07,30,36603,2885.81,684,2881.8,22570.2,GO,0.3914,29.4466,20.6126,7.3938
UI0000398,FAC0012,BANK01,2022,2022-02,80236,15105.06,20,35424,4310.42,633,3020.02,16047.2,GO,0.3914,31.4044,25.1235,7.1556
UI0000399,FAC0012,BANK01,2022,2022-03,56160,15750.42,30,25382,2599.7,570,1737.62,16848.0,I-REC,0.3914,21.981,15.3867,5.1272
UI0000400,FAC0012,BANK01,2022,2022-04,52193,14255.06,20,25672,2115.01,584,1963.02,10438.6,I-REC,0.3914,20.4283,16.3427,5.1857
UI0000401,FAC0012,BANK01,2022,2022-05,54263,14037.07,40,25634,2271.02,465,1521.17,21705.2,I-REC,0.3914,21.2385,12.7431,5.1781
UI0000402,FAC0012,BANK01,2022,2022-06,63651,16969.71,30,32006,3385.11,360,1638.37,19095.3,I-REC,0.3914,24.913,17.4391,6.4652
UI0000403,FAC0012,BANK01,2022,2022-07,70694,19945.45,30,31263,3047.35,759,3110.95,21208.2,I-REC,0.3914,27.6696,19.3687,6.3151
UI0000404,FAC0012,BANK01,2022,2022-08,64019,13096.81,50,31175,3179.9,401,1375.48,32009.5,GO,0.3914,25.057,12.5285,6.2974
UI0000405,FAC0012,BANK01,2022,2022-09,55302,17361.33,30,26940,3632.22,445,1624.98,16590.6,I-REC,0.3914,21.6452,15.1516,5.4419
UI0000406,FAC0012,BANK01,2022,2022-10,52277,14833.04,30,26215,3452.75,606,2975.87,15683.1,I-REC,0.3914,20.4612,14.3229,5.2954
UI0000407,FAC0012,BANK01,2022,2022-11,58545,15786.66,20,27365,2368.14,647,2653.55,11709.0,GO,0.3914,22.9145,18.3316,5.5277
UI0000408,FAC0012,BANK01,2022,2022-12,70656,20526.22,30,32129,4173.52,646,2635.89,21196.8,I-REC,0.3914,27.6548,19.3583,6.4901
UI0000409,FAC0012,BANK01,2023,2023-01,70467,17509.25,30,36703,4225.34,468,2093.94,21140.1,I-REC,0.38,26.7775,18.7442,7.414
UI0000410,FAC0012,BANK01,2023,2023-02,78688,16886.36,50,31840,2272.4,717,2627.98,39344.0,GO,0.38,29.9014,14.9507,6.4317
UI0000411,FAC0012,BANK01,2023,2023-03,58829,15623.21,60,25695,3102.72,783,2631.6,35297.4,I-REC,0.38,22.355,8.942,5.1904
UI0000412,FAC0012,BANK01,2023,2023-04,54239,9783.43,60,26946,2963.33,741,2875.29,32543.4,GO,0.38,20.6108,8.2443,5.4431
UI0000413,FAC0012,BANK01,2023,2023-05,51117,14638.09,60,24448,3269.83,652,2893.27,30670.2,GO,0.38,19.4245,7.7698,4.9385
UI0000414,FAC0012,BANK01,2023,2023-06,63175,16497.58,40,32211,3513.64,721,3482.4,25270.0,GO,0.38,24.0065,14.4039,6.5066
UI0000415,FAC0012,BANK01,2023,2023-07,63561,12639.76,30,28756,2746.24,719,3205.59,19068.3,I-REC,0.38,24.1532,16.9072,5.8087
UI0000416,FAC0012,BANK01,2023,2023-08,70035,21267.67,30,28168,2494.89,432,1774.84,21010.5,I-REC,0.38,26.6133,18.6293,5.6899
UI0000417,FAC0012,BANK01,2023,2023-09,55990,12816.32,60,27528,2332.75,752,3368.93,33594.0,I-REC,0.38,21.2762,8.5105,5.5607
UI0000418,FAC0012,BANK01,2023,2023-10,57069,12164.34,40,24656,2649.27,582,2821.89,22827.6,GO,0.38,21.6862,13.0117,4.9805
UI0000419,FAC0012,BANK01,2023,2023-11,58097,12100.4,30,27441,2455.12,709,2555.38,17429.1,GO,0.38,22.0769,15.4538,5.5431
UI0000420,FAC0012,BANK01,2023,2023-12,79273,15484.18,50,34718,2591.65,720,3362.67,39636.5,GO,0.38,30.1237,15.0619,7.013
UI0000421,FAC0012,BANK01,2024,2024-01,66806,12238.7,40,31145,2505.46,680,2824.98,26722.4,I-REC,0.3689,24.6447,14.7868,6.2913
UI0000422,FAC0012,BANK01,2024,2024-02,75634,20645.15,60,34581,2644.52,615,2089.57,45380.4,I-REC,0.3689,27.9014,11.1606,6.9854
UI0000423,FAC0012,BANK01,2024,2024-03,51331,13638.2,40,26621,2229.33,580,1745.7,20532.4,GO,0.3689,18.936,11.3616,5.3774
UI0000424,FAC0012,BANK01,2024,2024-04,52818,10194.41,70,24648,3394.5,442,1454.34,36972.6,GO,0.3689,19.4846,5.8454,4.9789
UI0000425,FAC0012,BANK01,2024,2024-05,48873,9874.14,50,23065,3013.93,415,2011.91,24436.5,I-REC,0.3689,18.0292,9.0146,4.6591
UI0000426,FAC0012,BANK01,2024,2024-06,71707,13444.38,50,29762,3345.51,691,3104.0,35853.5,GO,0.3689,26.4527,13.2264,6.0119
UI0000427,FAC0012,BANK01,2024,2024-07,60270,18554.72,50,27959,2039.04,530,2244.56,30135.0,GO,0.3689,22.2336,11.1168,5.6477
UI0000428,FAC0012,BANK01,2024,2024-08,59517,18482.19,70,28100,2356.37,503,2135.71,41661.9,GO,0.3689,21.9558,6.5867,5.6762
UI0000429,FAC0012,BANK01,2024,2024-09,56193,13106.44,70,22500,1903.23,608,1840.31,39335.1,I-REC,0.3689,20.7296,6.2189,4.545
UI0000430,FAC0012,BANK01,2024,2024-10,50274,14515.65,60,25543,1973.3,651,2948.2,30164.4,GO,0.3689,18.5461,7.4184,5.1597
UI0000431,FAC0012,BANK01,2024,2024-11,51383,13747.46,70,22815,1821.61,476,1748.97,35968.1,I-REC,0.3689,18.9552,5.6866,4.6086
UI0000432,FAC0012,BANK01,2024,2024-12,64596,17020.09,50,34152,3288.51,797,2418.28,32298.0,GO,0.3689,23.8295,11.9147,6.8987
UI0000433,FAC0013,BANK01,2022,2022-01,117256,32951.33,40,47718,6144.9,1143,3579.92,46902.4,GO,0.3914,45.894,27.5364,9.639
UI0000434,FAC0013,BANK01,2022,2022-02,115469,32353.75,30,52409,5755.6,1114,4111.19,34640.7,GO,0.3914,45.1946,31.6362,10.5866
UI0000435,FAC0013,BANK01,2022,2022-03,87215,18493.14,20,38760,3944.27,1127,3700.8,17443.0,I-REC,0.3914,34.136,27.3088,7.8295
UI0000436,FAC0013,BANK01,2022,2022-04,77493,18151.31,40,41442,5113.12,931,3035.68,30997.2,I-REC,0.3914,30.3308,18.1985,8.3713
UI0000437,FAC0013,BANK01,2022,2022-05,88324,16215.44,30,36289,5055.31,591,2872.48,26497.2,I-REC,0.3914,34.57,24.199,7.3304
UI0000438,FAC0013,BANK01,2022,2022-06,99392,25648.5,30,45308,4053.03,653,2176.26,29817.6,I-REC,0.3914,38.902,27.2314,9.1522
UI0000439,FAC0013,BANK01,2022,2022-07,103369,24846.92,20,46066,6004.13,1054,3209.18,20673.8,I-REC,0.3914,40.4586,32.3669,9.3053
UI0000440,FAC0013,BANK01,2022,2022-08,95470,21760.92,20,43115,3805.95,738,3489.35,19094.0,I-REC,0.3914,37.367,29.8936,8.7092
UI0000441,FAC0013,BANK01,2022,2022-09,88017,24483.53,30,39530,5164.67,997,3055.57,26405.1,I-REC,0.3914,34.4499,24.1149,7.9851
UI0000442,FAC0013,BANK01,2022,2022-10,75311,23641.82,50,34440,3771.52,797,3615.85,37655.5,GO,0.3914,29.4767,14.7384,6.9569
UI0000443,FAC0013,BANK01,2022,2022-11,81800,18971.41,20,37538,4178.3,1100,5012.44,16360.0,GO,0.3914,32.0165,25.6132,7.5827
UI0000444,FAC0013,BANK01,2022,2022-12,106789,22978.79,30,48647,6271.11,1141,3735.31,32036.7,I-REC,0.3914,41.7972,29.2581,9.8267
UI0000445,FAC0013,BANK01,2023,2023-01,114627,29538.44,30,49434,6121.96,539,2476.45,34388.1,GO,0.38,43.5583,30.4908,9.9857
UI0000446,FAC0013,BANK01,2023,2023-02,108239,27875.66,60,45220,3483.13,556,2111.29,64943.4,GO,0.38,41.1308,16.4523,9.1344
UI0000447,FAC0013,BANK01,2023,2023-03,85215,21833.12,30,34298,3641.75,653,3019.91,25564.5,GO,0.38,32.3817,22.6672,6.9282
UI0000448,FAC0013,BANK01,2023,2023-04,83705,25243.8,30,36971,2867.94,643,2369.74,25111.5,I-REC,0.38,31.8079,22.2655,7.4681
UI0000449,FAC0013,BANK01,2023,2023-05,73839,17973.51,60,34256,2989.01,901,3535.43,44303.4,I-REC,0.38,28.0588,11.2235,6.9197
UI0000450,FAC0013,BANK01,2023,2023-06,93580,21575.52,50,41826,4481.6,571,2027.68,46790.0,GO,0.38,35.5604,17.7802,8.4489
UI0000451,FAC0013,BANK01,2023,2023-07,94986,17427.14,40,48413,5304.09,662,2226.61,37994.4,GO,0.38,36.0947,21.6568,9.7794
UI0000452,FAC0013,BANK01,2023,2023-08,99566,27726.85,60,45921,5130.81,791,3157.95,59739.6,I-REC,0.38,37.8351,15.134,9.276
UI0000453,FAC0013,BANK01,2023,2023-09,76167,20182.33,40,37819,3061.86,776,3584.91,30466.8,GO,0.38,28.9435,17.3661,7.6394
UI0000454,FAC0013,BANK01,2023,2023-10,88053,21234.27,60,40515,3258.38,1137,4214.25,52831.8,GO,0.38,33.4601,13.3841,8.184
UI0000455,FAC0013,BANK01,2023,2023-11,73892,13496.91,60,35423,2622.39,636,2246.36,44335.2,I-REC,0.38,28.079,11.2316,7.1554
UI0000456,FAC0013,BANK01,2023,2023-12,106094,30312.48,30,45832,5759.12,1228,3808.22,31828.2,GO,0.38,40.3157,28.221,9.2581
UI0000457,FAC0013,BANK01,2024,2024-01,107647,19939.36,60,50445,6176.06,626,2206.89,64588.2,GO,0.3689,39.711,15.8844,10.1899
UI0000458,FAC0013,BANK01,2024,2024-02,100189,26087.58,60,51438,4735.04,932,4040.61,60113.4,GO,0.3689,36.9597,14.7839,10.3905
UI0000459,FAC0013,BANK01,2024,2024-03,82627,21935.67,60,35272,3708.09,660,3046.34,49576.2,I-REC,0.3689,30.4811,12.1924,7.1249
UI0000460,FAC0013,BANK01,2024,2024-04,76120,22049.35,70,39032,4178.11,1125,4483.85,53284.0,GO,0.3689,28.0807,8.4242,7.8845
UI0000461,FAC0013,BANK01,2024,2024-05,74947,20679.51,70,33430,4244.16,869,3271.3,52462.9,GO,0.3689,27.6479,8.2944,6.7529
UI0000462,FAC0013,BANK01,2024,2024-06,98057,30766.69,70,42895,3448.36,831,3299.0,68639.9,I-REC,0.3689,36.1732,10.852,8.6648
UI0000463,FAC0013,BANK01,2024,2024-07,105736,22486.01,50,44617,3667.24,946,3447.83,52868.0,I-REC,0.3689,39.006,19.503,9.0126
UI0000464,FAC0013,BANK01,2024,2024-08,90813,23756.77,60,46872,6273.25,1229,6134.36,54487.8,I-REC,0.3689,33.5009,13.4004,9.4681
UI0000465,FAC0013,BANK01,2024,2024-09,78475,15939.84,60,33060,3311.13,1046,5204.99,47085.0,I-REC,0.3689,28.9494,11.5798,6.6781
UI0000466,FAC0013,BANK01,2024,2024-10,81875,24134.61,70,33146,3574.42,872,2915.15,57312.5,GO,0.3689,30.2037,9.0611,6.6955
UI0000467,FAC0013,BANK01,2024,2024-11,72810,19536.05,40,33355,3876.88,650,2287.34,29124.0,GO,0.3689,26.8596,16.1158,6.7377
UI0000468,FAC0013,BANK01,2024,2024-12,113171,24097.44,40,52743,6218.62,928,4177.72,45268.4,GO,0.3689,41.7488,25.0493,10.6541
UI0000469,FAC0014,BANK01,2022,2022-01,40918,12525.68,50,18974,2520.15,2070,6555.69,20459.0,GO,0.2802,11.4652,5.7326,3.8327
UI0000470,FAC0014,BANK01,2022,2022-02,39892,12362.23,40,16840,1777.89,2008,9298.32,15956.8,I-REC,0.2802,11.1777,6.7066,3.4017
UI0000471,FAC0014,BANK01,2022,2022-03,32382,7207.46,40,15278,1217.3,2124,9591.27,12952.8,I-REC,0.2802,9.0734,5.4441,3.0862
UI0000472,FAC0014,BANK01,2022,2022-04,29960,7788.17,30,15026,1514.99,1400,5619.17,8988.0,GO,0.2802,8.3948,5.8764,3.0353
UI0000473,FAC0014,BANK01,2022,2022-05,29878,6463.51,20,12600,923.3,1168,4611.98,5975.6,GO,0.2802,8.3718,6.6975,2.5452
UI0000474,FAC0014,BANK01,2022,2022-06,36781,8578.62,30,15680,1191.04,2016,8449.78,11034.3,GO,0.2802,10.306,7.2142,3.1674
UI0000475,FAC0014,BANK01,2022,2022-07,33957,8541.06,30,17572,1844.67,1056,4893.8,10187.1,GO,0.2802,9.5148,6.6603,3.5495
UI0000476,FAC0014,BANK01,2022,2022-08,35281,8639.27,30,15925,1953.22,1798,7474.63,10584.3,GO,0.2802,9.8857,6.92,3.2169
UI0000477,FAC0014,BANK01,2022,2022-09,33275,7233.95,20,15165,1686.63,1554,5374.78,6655.0,I-REC,0.2802,9.3237,7.4589,3.0633
UI0000478,FAC0014,BANK01,2022,2022-10,27943,5469.81,50,15094,1507.9,1061,4232.02,13971.5,GO,0.2802,7.8296,3.9148,3.049
UI0000479,FAC0014,BANK01,2022,2022-11,30569,6928.86,30,13260,1278.49,1567,5036.37,9170.7,GO,0.2802,8.5654,5.9958,2.6785
UI0000480,FAC0014,BANK01,2022,2022-12,43818,9002.04,50,18920,2172.01,2037,9715.54,21909.0,I-REC,0.2802,12.2778,6.1389,3.8218
UI0000481,FAC0014,BANK01,2023,2023-01,42904,10027.62,60,18983,1659.23,1308,4616.8,25742.4,I-REC,0.272,11.6699,4.668,3.8346
UI0000482,FAC0014,BANK01,2023,2023-02,40417,8133.38,50,16515,1669.27,1523,5034.88,20208.5,GO,0.272,10.9934,5.4967,3.336
UI0000483,FAC0014,BANK01,2023,2023-03,28690,7493.82,50,13372,1163.65,1152,4908.25,14345.0,GO,0.272,7.8037,3.9018,2.7011
UI0000484,FAC0014,BANK01,2023,2023-04,28317,6151.26,40,13813,1353.8,950,4173.71,11326.8,I-REC,0.272,7.7022,4.6213,2.7902
UI0000485,FAC0014,BANK01,2023,2023-05,28037,6597.85,50,12429,1001.7,1501,7467.54,14018.5,I-REC,0.272,7.6261,3.813,2.5107
UI0000486,FAC0014,BANK01,2023,2023-06,36436,9737.65,30,17067,1270.45,1036,3729.39,10930.8,GO,0.272,9.9106,6.9374,3.4475
UI0000487,FAC0014,BANK01,2023,2023-07,34169,7861.76,40,17829,2190.91,1692,7105.35,13667.6,I-REC,0.272,9.294,5.5764,3.6015
UI0000488,FAC0014,BANK01,2023,2023-08,38521,7516.0,60,18394,1562.28,2055,9123.03,23112.6,I-REC,0.272,10.4777,4.1911,3.7156
UI0000489,FAC0014,BANK01,2023,2023-09,31989,9870.82,30,13251,1225.52,2191,8812.39,9596.7,GO,0.272,8.701,6.0907,2.6767
UI0000490,FAC0014,BANK01,2023,2023-10,29061,6696.94,40,14450,1978.64,1836,8263.75,11624.4,I-REC,0.272,7.9046,4.7428,2.9189
UI0000491,FAC0014,BANK01,2023,2023-11,29624,6650.7,60,13034,941.18,1730,5858.64,17774.4,I-REC,0.272,8.0577,3.2231,2.6329
UI0000492,FAC0014,BANK01,2023,2023-12,37866,11296.11,60,16525,1700.48,1668,7473.76,22719.6,GO,0.272,10.2996,4.1198,3.338
UI0000493,FAC0014,BANK01,2024,2024-01,41816,11625.99,50,19424,2168.07,1032,4279.16,20908.0,GO,0.2641,11.0436,5.5218,3.9236
UI0000494,FAC0014,BANK01,2024,2024-02,39104,11781.32,40,16243,1662.0,1634,6703.17,15641.6,I-REC,0.2641,10.3274,6.1964,3.2811
UI0000495,FAC0014,BANK01,2024,2024-03,26715,7753.19,40,12283,1581.82,1292,5484.66,10686.0,I-REC,0.2641,7.0554,4.2333,2.4812
UI0000496,FAC0014,BANK01,2024,2024-04,31493,8386.76,70,13751,1480.82,2149,9905.89,22045.1,I-REC,0.2641,8.3173,2.4952,2.7777
UI0000497,FAC0014,BANK01,2024,2024-05,27598,6171.64,70,14686,1548.94,1451,5999.08,19318.6,I-REC,0.2641,7.2886,2.1866,2.9666
UI0000498,FAC0014,BANK01,2024,2024-06,36854,11684.39,60,17593,2221.13,1364,4226.49,22112.4,I-REC,0.2641,9.7331,3.8933,3.5538
UI0000499,FAC0014,BANK01,2024,2024-07,32844,6181.32,50,15194,1794.74,1708,6756.02,16422.0,I-REC,0.2641,8.6741,4.3371,3.0692
UI0000500,FAC0014,BANK01,2024,2024-08,34529,7913.24,40,17037,1276.53,1432,4521.13,13811.6,GO,0.2641,9.1191,5.4715,3.4415
UI0000501,FAC0014,BANK01,2024,2024-09,30119,6294.87,70,12236,1125.8,2003,7654.62,21083.3,GO,0.2641,7.9544,2.3863,2.4717
UI0000502,FAC0014,BANK01,2024,2024-10,30274,6838.03,60,12407,1389.14,1601,6016.5,18164.4,GO,0.2641,7.9954,3.1981,2.5062
UI0000503,FAC0014,BANK01,2024,2024-11,26196,7674.88,60,12136,1103.28,1780,8797.74,15717.6,I-REC,0.2641,6.9184,2.7673,2.4515
UI0000504,FAC0014,BANK01,2024,2024-12,36807,10141.7,70,16261,1450.12,2115,10164.82,25764.9,GO,0.2641,9.7207,2.9162,3.2847
UI0000505,FAC0015,BANK01,2022,2022-01,224660,42011.49,50,98889,12385.1,2228,7852.05,112330.0,GO,0.3914,87.9319,43.966,19.9756
UI0000506,FAC0015,BANK01,2022,2022-02,189160,56960.8,50,102315,10671.66,2001,7776.27,94580.0,GO,0.3914,74.0372,37.0186,20.6676
UI0000507,FAC0015,BANK01,2022,2022-03,158311,45517.7,40,65694,9035.1,2264,7662.68,63324.4,GO,0.3914,61.9629,37.1778,13.2702
UI0000508,FAC0015,BANK01,2022,2022-04,157334,47197.88,30,74098,7103.56,2216,10188.86,47200.2,GO,0.3914,61.5805,43.1064,14.9678
UI0000509,FAC0015,BANK01,2022,2022-05,168945,48632.42,30,76631,7169.25,3026,10828.18,50683.5,I-REC,0.3914,66.1251,46.2876,15.4795
UI0000510,FAC0015,BANK01,2022,2022-06,177009,37534.1,40,90990,6711.33,2553,11206.61,70803.6,GO,0.3914,69.2813,41.5688,18.38
UI0000511,FAC0015,BANK01,2022,2022-07,198782,40015.18,30,82616,6830.12,1767,7994.04,59634.6,I-REC,0.3914,77.8033,54.4623,16.6884
UI0000512,FAC0015,BANK01,2022,2022-08,190204,42507.98,50,96870,7691.82,2317,8415.37,95102.0,GO,0.3914,74.4458,37.2229,19.5677
UI0000513,FAC0015,BANK01,2022,2022-09,143535,40086.42,40,65673,5056.43,1564,5857.21,57414.0,GO,0.3914,56.1796,33.7078,13.2659
UI0000514,FAC0015,BANK01,2022,2022-10,171978,54873.41,50,72571,5111.06,3219,15479.77,85989.0,GO,0.3914,67.3122,33.6561,14.6593
UI0000515,FAC0015,BANK01,2022,2022-11,158290,39155.89,50,66842,6992.84,2525,10397.09,79145.0,I-REC,0.3914,61.9547,30.9774,13.5021
UI0000516,FAC0015,BANK01,2022,2022-12,196766,47651.29,40,88557,11068.88,2504,7580.21,78706.4,GO,0.3914,77.0142,46.2085,17.8885
UI0000517,FAC0015,BANK01,2023,2023-01,217717,63345.62,60,93741,12157.45,3290,14071.95,130630.2,GO,0.38,82.7325,33.093,18.9357
UI0000518,FAC0015,BANK01,2023,2023-02,202239,37916.98,40,88078,9425.52,1624,5615.17,80895.6,I-REC,0.38,76.8508,46.1105,17.7918
UI0000519,FAC0015,BANK01,2023,2023-03,161988,44951.8,50,70770,8567.75,1844,8727.28,80994.0,GO,0.38,61.5554,30.7777,14.2955
UI0000520,FAC0015,BANK01,2023,2023-04,154984,35892.65,40,70521,6243.29,2075,8358.33,61993.6,GO,0.38,58.8939,35.3364,14.2452
UI0000521,FAC0015,BANK01,2023,2023-05,148130,37104.31,40,65719,8642.41,2466,9183.53,59252.0,I-REC,0.38,56.2894,33.7736,13.2752
UI0000522,FAC0015,BANK01,2023,2023-06,197711,42631.45,60,94684,10954.7,1503,5366.33,118626.6,GO,0.38,75.1302,30.0521,19.1262
UI0000523,FAC0015,BANK01,2023,2023-07,186975,36571.66,30,91031,12390.46,3055,10106.94,56092.5,I-REC,0.38,71.0505,49.7353,18.3883
UI0000524,FAC0015,BANK01,2023,2023-08,196224,54060.52,60,85953,9751.82,2866,13273.01,117734.4,GO,0.38,74.5651,29.826,17.3625
UI0000525,FAC0015,BANK01,2023,2023-09,141204,30218.43,40,70196,6355.75,2873,12305.15,56481.6,GO,0.38,53.6575,32.1945,14.1796
UI0000526,FAC0015,BANK01,2023,2023-10,161450,44545.93,60,70920,9033.46,1472,7058.94,96870.0,I-REC,0.38,61.351,24.5404,14.3258
UI0000527,FAC0015,BANK01,2023,2023-11,149481,39604.05,30,64144,6227.85,2438,8518.07,44844.3,I-REC,0.38,56.8028,39.7619,12.9571
UI0000528,FAC0015,BANK01,2023,2023-12,186500,43664.47,30,91521,12776.62,2613,12954.53,55950.0,GO,0.38,70.87,49.609,18.4872
UI0000529,FAC0015,BANK01,2024,2024-01,194170,51916.8,60,93709,8064.65,2979,13988.02,116502.0,I-REC,0.3689,71.6293,28.6517,18.9292
UI0000530,FAC0015,BANK01,2024,2024-02,216549,54582.98,40,83800,10061.1,3032,11499.4,86619.6,GO,0.3689,79.8849,47.931,16.9276
UI0000531,FAC0015,BANK01,2024,2024-03,150130,34281.83,70,66678,5471.43,3121,10949.11,105091.0,GO,0.3689,55.383,16.6149,13.469
UI0000532,FAC0015,BANK01,2024,2024-04,163489,30652.26,70,75996,8148.41,1908,8851.02,114442.3,I-REC,0.3689,60.3111,18.0933,15.3512
UI0000533,FAC0015,BANK01,2024,2024-05,162349,39458.45,50,72275,9027.11,2311,7428.26,81174.5,I-REC,0.3689,59.8905,29.9453,14.5996
UI0000534,FAC0015,BANK01,2024,2024-06,189675,40539.1,60,87698,9796.13,3131,10314.04,113805.0,I-REC,0.3689,69.9711,27.9884,17.715
UI0000535,FAC0015,BANK01,2024,2024-07,182840,53489.24,70,85168,9347.43,2661,10247.96,127988.0,I-REC,0.3689,67.4497,20.2349,17.2039
UI0000536,FAC0015,BANK01,2024,2024-08,187629,41813.22,40,85375,11864.55,1707,6763.96,75051.6,I-REC,0.3689,69.2163,41.5298,17.2458
UI0000537,FAC0015,BANK01,2024,2024-09,157039,43239.64,70,74352,6525.54,1612,5585.75,109927.3,GO,0.3689,57.9317,17.3795,15.0191
UI0000538,FAC0015,BANK01,2024,2024-10,160273,44790.88,70,74691,6143.49,3275,10690.92,112191.1,I-REC,0.3689,59.1247,17.7374,15.0876
UI0000539,FAC0015,BANK01,2024,2024-11,141968,28788.66,70,70441,6091.92,1841,7614.42,99377.6,GO,0.3689,52.372,15.7116,14.2291
UI0000540,FAC0015,BANK01,2024,2024-12,185245,34124.3,70,101704,13668.67,3273,10847.48,129671.5,I-REC,0.3689,68.3369,20.5011,20.5442
UI0000541,FAC0016,BANK01,2022,2022-01,112556,31474.79,20,45467,4955.59,1592,5451.3,22511.2,GO,0.2802,31.5382,25.2306,9.1843
UI0000542,FAC0016,BANK01,2022,2022-02,97166,20618.89,30,43872,5801.08,1496,4536.7,29149.8,GO,0.2802,27.2259,19.0581,8.8621
UI0000543,FAC0016,BANK01,2022,2022-03,81438,15175.43,20,35374,2549.97,2044,9571.13,16287.6,I-REC,0.2802,22.8189,18.2551,7.1455
UI0000544,FAC0016,BANK01,2022,2022-04,79951,22392.77,50,38862,3051.41,2882,11803.18,39975.5,GO,0.2802,22.4023,11.2011,7.8501
UI0000545,FAC0016,BANK01,2022,2022-05,83418,18387.57,20,33950,4556.39,1957,6791.7,16683.6,GO,0.2802,23.3737,18.699,6.8579
UI0000546,FAC0016,BANK01,2022,2022-06,96878,25435.18,20,48036,5901.62,2416,11046.77,19375.6,GO,0.2802,27.1452,21.7162,9.7033
UI0000547,FAC0016,BANK01,2022,2022-07,91574,18983.13,30,46748,4284.6,2617,12385.5,27472.2,GO,0.2802,25.659,17.9613,9.4431
UI0000548,FAC0016,BANK01,2022,2022-08,97562,17611.01,20,47182,5724.76,2658,13261.21,19512.4,I-REC,0.2802,27.3369,21.8695,9.5308
UI0000549,FAC0016,BANK01,2022,2022-09,77758,18024.94,20,38021,4832.11,2876,14054.77,15551.6,I-REC,0.2802,21.7878,17.4302,7.6802
UI0000550,FAC0016,BANK01,2022,2022-10,85530,19363.74,20,36839,4907.17,2050,6338.92,17106.0,GO,0.2802,23.9655,19.1724,7.4415
UI0000551,FAC0016,BANK01,2022,2022-11,77379,14925.16,40,39073,2770.78,1968,8451.79,30951.6,I-REC,0.2802,21.6816,13.009,7.8927
UI0000552,FAC0016,BANK01,2022,2022-12,113280,31556.54,20,46326,6134.8,1444,7054.22,22656.0,GO,0.2802,31.7411,25.3928,9.3579
UI0000553,FAC0016,BANK01,2023,2023-01,112462,21826.63,50,42585,4811.61,2066,10009.34,56231.0,I-REC,0.272,30.5897,15.2948,8.6022
UI0000554,FAC0016,BANK01,2023,2023-02,104359,24150.74,30,49878,5452.61,2105,7134.47,31307.7,I-REC,0.272,28.3856,19.87,10.0754
UI0000555,FAC0016,BANK01,2023,2023-03,75629,19270.38,60,33363,3660.68,2251,9552.48,45377.4,GO,0.272,20.5711,8.2284,6.7393
UI0000556,FAC0016,BANK01,2023,2023-04,71626,18306.96,40,36234,3951.76,2649,10702.17,28650.4,GO,0.272,19.4823,11.6894,7.3193
UI0000557,FAC0016,BANK01,2023,2023-05,78943,22847.88,60,32767,2460.32,2208,6759.28,47365.8,GO,0.272,21.4725,8.589,6.6189
UI0000558,FAC0016,BANK01,2023,2023-06,99634,25875.84,30,42741,5674.96,1921,5852.8,29890.2,I-REC,0.272,27.1004,18.9703,8.6337
UI0000559,FAC0016,BANK01,2023,2023-07,95723,23014.28,40,40120,4778.61,2923,14546.32,38289.2,GO,0.272,26.0367,15.622,8.1042
UI0000560,FAC0016,BANK01,2023,2023-08,93090,21710.42,40,47377,4320.35,2195,6930.31,37236.0,I-REC,0.272,25.3205,15.1923,9.5702
UI0000561,FAC0016,BANK01,2023,2023-09,82317,25586.87,50,37328,5071.09,2987,13644.41,41158.5,I-REC,0.272,22.3902,11.1951,7.5403
UI0000562,FAC0016,BANK01,2023,2023-10,74730,18269.98,30,35550,3625.54,2971,13108.45,22419.0,GO,0.272,20.3266,14.2286,7.1811
UI0000563,FAC0016,BANK01,2023,2023-11,79491,23033.96,40,32907,2525.94,1807,7853.13,31796.4,I-REC,0.272,21.6216,12.9729,6.6472
UI0000564,FAC0016,BANK01,2023,2023-12,109346,34071.68,60,47787,4802.69,1778,5963.51,65607.6,I-REC,0.272,29.7421,11.8968,9.653
UI0000565,FAC0016,BANK01,2024,2024-01,93222,22643.54,40,50462,6397.64,1871,8912.1,37288.8,I-REC,0.2641,24.6199,14.772,10.1933
UI0000566,FAC0016,BANK01,2024,2024-02,108739,33521.48,60,44170,3417.28,2557,10501.87,65243.4,GO,0.2641,28.718,11.4872,8.9223
UI0000567,FAC0016,BANK01,2024,2024-03,78053,17534.95,40,33882,4220.52,2733,8890.01,31221.2,GO,0.2641,20.6138,12.3683,6.8442
UI0000568,FAC0016,BANK01,2024,2024-04,80522,20096.06,60,32273,2259.25,2752,11418.17,48313.2,I-REC,0.2641,21.2659,8.5063,6.5191
UI0000569,FAC0016,BANK01,2024,2024-05,81926,25360.01,50,31635,4204.08,2386,9114.56,40963.0,I-REC,0.2641,21.6367,10.8183,6.3903
UI0000570,FAC0016,BANK01,2024,2024-06,100363,21977.74,50,42146,5500.73,1659,8268.06,50181.5,GO,0.2641,26.5059,13.2529,8.5135
UI0000571,FAC0016,BANK01,2024,2024-07,92122,16647.18,60,46057,3510.79,2349,9490.76,55273.2,GO,0.2641,24.3294,9.7318,9.3035
UI0000572,FAC0016,BANK01,2024,2024-08,100265,28113.38,60,45184,3923.14,1610,5268.72,60159.0,GO,0.2641,26.48,10.592,9.1272
UI0000573,FAC0016,BANK01,2024,2024-09,74116,13405.7,60,33997,2536.64,2907,13292.56,44469.6,GO,0.2641,19.574,7.8296,6.8674
UI0000574,FAC0016,BANK01,2024,2024-10,81999,15809.85,40,35750,3939.84,2594,12838.87,32799.6,GO,0.2641,21.6559,12.9936,7.2215
UI0000575,FAC0016,BANK01,2024,2024-11,76989,24432.28,40,37157,4309.68,2824,10251.03,30795.6,I-REC,0.2641,20.3328,12.1997,7.5057
UI0000576,FAC0016,BANK01,2024,2024-12,98976,20966.86,60,48649,6187.46,1370,6285.41,59385.6,I-REC,0.2641,26.1396,10.4558,9.8271
UI0000577,FAC0017,BANK01,2022,2022-01,11501,2814.67,20,5910,748.66,1255,5255.06,2300.2,GO,0.3914,4.5015,3.6012,1.1938
UI0000578,FAC0017,BANK01,2022,2022-02,13085,3962.35,20,5251,578.56,1631,5911.59,2617.0,I-REC,0.3914,5.1215,4.0972,1.0607
UI0000579,FAC0017,BANK01,2022,2022-03,9873,2879.39,30,4546,484.3,1292,4943.72,2961.9,I-REC,0.3914,3.8643,2.705,0.9183
UI0000580,FAC0017,BANK01,2022,2022-04,9577,1900.18,40,4121,362.63,2125,10440.34,3830.8,I-REC,0.3914,3.7484,2.2491,0.8324
UI0000581,FAC0017,BANK01,2022,2022-05,9976,3160.76,30,4296,361.52,1960,7098.55,2992.8,GO,0.3914,3.9046,2.7332,0.8678
UI0000582,FAC0017,BANK01,2022,2022-06,11666,2157.9,20,5037,469.75,2010,6647.99,2333.2,I-REC,0.3914,4.5661,3.6529,1.0175
UI0000583,FAC0017,BANK01,2022,2022-07,12213,2315.84,30,5518,730.96,1525,5225.67,3663.9,I-REC,0.3914,4.7802,3.3461,1.1146
UI0000584,FAC0017,BANK01,2022,2022-08,12461,3157.15,40,5654,744.58,1467,5110.9,4984.4,I-REC,0.3914,4.8772,2.9263,1.1421
UI0000585,FAC0017,BANK01,2022,2022-09,10176,3059.78,50,4067,563.41,1692,6549.47,5088.0,GO,0.3914,3.9829,1.9914,0.8215
UI0000586,FAC0017,BANK01,2022,2022-10,9937,3165.55,30,4326,604.57,1769,8459.34,2981.1,GO,0.3914,3.8893,2.7225,0.8739
UI0000587,FAC0017,BANK01,2022,2022-11,10289,2309.97,30,4375,376.03,1715,8304.5,3086.7,I-REC,0.3914,4.0271,2.819,0.8838
UI0000588,FAC0017,BANK01,2022,2022-12,13382,4123.0,50,5981,644.83,2115,7744.49,6691.0,I-REC,0.3914,5.2377,2.6189,1.2082
UI0000589,FAC0017,BANK01,2023,2023-01,11271,2649.66,30,6074,616.08,2217,8138.89,3381.3,I-REC,0.38,4.283,2.9981,1.2269
UI0000590,FAC0017,BANK01,2023,2023-02,11337,3198.01,40,6239,440.98,1202,3687.77,4534.8,I-REC,0.38,4.3081,2.5848,1.2603
UI0000591,FAC0017,BANK01,2023,2023-03,10094,2514.15,30,4629,550.8,1421,6339.42,3028.2,I-REC,0.38,3.8357,2.685,0.9351
UI0000592,FAC0017,BANK01,2023,2023-04,9591,3003.38,30,4370,610.82,2167,8506.34,2877.3,I-REC,0.38,3.6446,2.5512,0.8827
UI0000593,FAC0017,BANK01,2023,2023-05,9297,1858.71,30,4188,529.28,1786,7873.26,2789.1,GO,0.38,3.5329,2.473,0.846
UI0000594,FAC0017,BANK01,2023,2023-06,11221,2284.0,40,5120,366.93,1899,8420.5,4488.4,GO,0.38,4.264,2.5584,1.0342
UI0000595,FAC0017,BANK01,2023,2023-07,11053,3070.62,50,4958,375.92,2072,6950.01,5526.5,I-REC,0.38,4.2001,2.1001,1.0015
UI0000596,FAC0017,BANK01,2023,2023-08,10212,3126.47,60,4799,599.61,1170,5616.23,6127.2,GO,0.38,3.8806,1.5522,0.9694
UI0000597,FAC0017,BANK01,2023,2023-09,9018,2582.18,60,4680,556.8,1005,3117.06,5410.8,I-REC,0.38,3.4268,1.3707,0.9454
UI0000598,FAC0017,BANK01,2023,2023-10,8948,2746.24,40,4145,390.84,2132,9798.45,3579.2,GO,0.38,3.4002,2.0401,0.8373
UI0000599,FAC0017,BANK01,2023,2023-11,9629,1776.35,50,4360,391.42,1573,7726.14,4814.5,I-REC,0.38,3.659,1.8295,0.8807
UI0000600,FAC0017,BANK01,2023,2023-12,12358,3026.69,40,6015,652.94,1922,9343.8,4943.2,GO,0.38,4.696,2.8176,1.215
UI0000601,FAC0017,BANK01,2024,2024-01,12635,3890.11,40,5699,664.79,1476,6875.9,5054.0,I-REC,0.3689,4.6611,2.7966,1.1512
UI0000602,FAC0017,BANK01,2024,2024-02,11033,3483.97,50,6138,761.73,1372,4149.49,5516.5,I-REC,0.3689,4.0701,2.035,1.2399
UI0000603,FAC0017,BANK01,2024,2024-03,9443,1866.39,60,4265,307.93,995,3411.88,5665.8,I-REC,0.3689,3.4835,1.3934,0.8615
UI0000604,FAC0017,BANK01,2024,2024-04,8270,1563.17,60,4292,463.51,2277,9685.72,4962.0,GO,0.3689,3.0508,1.2203,0.867
UI0000605,FAC0017,BANK01,2024,2024-05,9843,2985.09,60,4581,518.39,2301,7704.96,5905.8,I-REC,0.3689,3.6311,1.4524,0.9254
UI0000606,FAC0017,BANK01,2024,2024-06,11220,3097.21,60,4974,466.72,1983,6130.26,6732.0,I-REC,0.3689,4.1391,1.6556,1.0047
UI0000607,FAC0017,BANK01,2024,2024-07,10869,2822.84,70,4653,513.84,1530,6561.02,7608.3,I-REC,0.3689,4.0096,1.2029,0.9399
UI0000608,FAC0017,BANK01,2024,2024-08,10891,2072.73,40,5058,491.03,2200,8532.62,4356.4,I-REC,0.3689,4.0177,2.4106,1.0217
UI0000609,FAC0017,BANK01,2024,2024-09,8665,2167.41,70,4432,525.67,2175,7070.08,6065.5,GO,0.3689,3.1965,0.959,0.8953
UI0000610,FAC0017,BANK01,2024,2024-10,9806,2186.21,60,3962,471.17,1248,6206.43,5883.6,I-REC,0.3689,3.6174,1.447,0.8003
UI0000611,FAC0017,BANK01,2024,2024-11,9755,2270.74,70,3796,491.07,1511,5007.98,6828.5,GO,0.3689,3.5986,1.0796,0.7668
UI0000612,FAC0017,BANK01,2024,2024-12,11712,2227.66,40,5282,448.32,1828,6871.39,4684.8,GO,0.3689,4.3206,2.5923,1.067
UI0000613,FAC0018,BANK01,2022,2022-01,22507,5498.75,20,11794,1035.91,1255,5226.1,4501.4,I-REC,0.3914,8.8092,7.0474,2.3824
UI0000614,FAC0018,BANK01,2022,2022-02,24271,5112.37,30,11276,964.01,1778,6511.14,7281.3,I-REC,0.3914,9.4997,6.6498,2.2778
UI0000615,FAC0018,BANK01,2022,2022-03,16313,4405.18,20,7398,979.97,2066,9664.46,3262.6,GO,0.3914,6.3849,5.1079,1.4944
UI0000616,FAC0018,BANK01,2022,2022-04,16140,4058.58,50,7773,676.32,1864,6156.67,8070.0,I-REC,0.3914,6.3172,3.1586,1.5701
UI0000617,FAC0018,BANK01,2022,2022-05,19180,5586.0,30,7518,850.58,1536,4627.95,5754.0,GO,0.3914,7.5071,5.2549,1.5186
UI0000618,FAC0018,BANK01,2022,2022-06,23414,5309.63,50,9681,1271.62,2319,9566.21,11707.0,I-REC,0.3914,9.1642,4.5821,1.9556
UI0000619,FAC0018,BANK01,2022,2022-07,22952,4413.25,30,10099,1126.44,1442,6037.93,6885.6,GO,0.3914,8.9834,6.2884,2.04
UI0000620,FAC0018,BANK01,2022,2022-08,21362,5098.49,30,9347,1180.41,1070,3593.45,6408.6,I-REC,0.3914,8.3611,5.8528,1.8881
UI0000621,FAC0018,BANK01,2022,2022-09,16005,4047.54,40,8510,642.01,1623,6368.47,6402.0,GO,0.3914,6.2644,3.7586,1.719
UI0000622,FAC0018,BANK01,2022,2022-10,17620,5409.8,20,7413,578.34,1809,8325.57,3524.0,I-REC,0.3914,6.8965,5.5172,1.4974
UI0000623,FAC0018,BANK01,2022,2022-11,18963,3893.68,20,7743,775.86,2019,9923.12,3792.6,I-REC,0.3914,7.4221,5.9377,1.5641
UI0000624,FAC0018,BANK01,2022,2022-12,21768,4124.02,30,11568,1544.13,1983,8028.9,6530.4,I-REC,0.3914,8.52,5.964,2.3367
UI0000625,FAC0018,BANK01,2023,2023-01,21451,5922.52,30,10861,1190.24,1665,6439.34,6435.3,I-REC,0.38,8.1514,5.706,2.1939
UI0000626,FAC0018,BANK01,2023,2023-02,24459,5540.56,50,10711,1162.59,1292,5763.17,12229.5,GO,0.38,9.2944,4.6472,2.1636
UI0000627,FAC0018,BANK01,2023,2023-03,18719,3808.33,60,8139,963.26,1631,6138.17,11231.4,I-REC,0.38,7.1132,2.8453,1.6441
UI0000628,FAC0018,BANK01,2023,2023-04,17453,5382.57,50,8364,865.78,2017,9139.38,8726.5,I-REC,0.38,6.6321,3.3161,1.6895
UI0000629,FAC0018,BANK01,2023,2023-05,18088,4797.15,60,8603,695.3,1098,5289.32,10852.8,GO,0.38,6.8734,2.7494,1.7378
UI0000630,FAC0018,BANK01,2023,2023-06,21174,6661.39,50,9170,841.53,1692,5256.77,10587.0,GO,0.38,8.0461,4.0231,1.8523
UI0000631,FAC0018,BANK01,2023,2023-07,19542,3962.18,60,9840,725.98,1234,5062.36,11725.2,I-REC,0.38,7.426,2.9704,1.9877
UI0000632,FAC0018,BANK01,2023,2023-08,21750,4326.9,40,9884,1346.06,1848,5762.65,8700.0,I-REC,0.38,8.265,4.959,1.9966
UI0000633,FAC0018,BANK01,2023,2023-09,15964,4507.59,40,7673,1033.7,2335,11022.39,6385.6,I-REC,0.38,6.0663,3.6398,1.5499
UI0000634,FAC0018,BANK01,2023,2023-10,18257,4761.76,50,7332,877.92,2317,10199.9,9128.5,I-REC,0.38,6.9377,3.4688,1.4811
UI0000635,FAC0018,BANK01,2023,2023-11,17997,3330.46,40,8407,710.81,1996,6190.43,7198.8,GO,0.38,6.8389,4.1033,1.6982
UI0000636,FAC0018,BANK01,2023,2023-12,25221,5000.87,40,11124,1120.45,1302,4841.29,10088.4,I-REC,0.38,9.584,5.7504,2.247
UI0000637,FAC0018,BANK01,2024,2024-01,24686,6924.41,60,10901,794.68,1147,5223.08,14811.6,I-REC,0.3689,9.1067,3.6427,2.202
UI0000638,FAC0018,BANK01,2024,2024-02,21050,4988.89,40,9638,941.74,1459,4385.42,8420.0,I-REC,0.3689,7.7653,4.6592,1.9469
UI0000639,FAC0018,BANK01,2024,2024-03,18698,5812.95,50,7171,722.82,1969,7716.9,9349.0,GO,0.3689,6.8977,3.4488,1.4485
UI0000640,FAC0018,BANK01,2024,2024-04,16699,3314.46,50,8001,599.86,1829,5570.83,8349.5,I-REC,0.3689,6.1603,3.0801,1.6162
UI0000641,FAC0018,BANK01,2024,2024-05,15894,3906.03,40,8022,773.87,1567,6606.84,6357.6,GO,0.3689,5.8633,3.518,1.6204
UI0000642,FAC0018,BANK01,2024,2024-06,22338,4394.03,50,8961,1119.78,2015,7107.59,11169.0,I-REC,0.3689,8.2405,4.1202,1.8101
UI0000643,FAC0018,BANK01,2024,2024-07,22261,5939.51,40,10081,982.21,2112,6973.13,8904.4,I-REC,0.3689,8.2121,4.9272,2.0364
UI0000644,FAC0018,BANK01,2024,2024-08,19090,4737.35,70,10325,1084.91,2270,8475.69,13363.0,I-REC,0.3689,7.0423,2.1127,2.0856
UI0000645,FAC0018,BANK01,2024,2024-09,17242,4215.16,70,7661,940.16,2139,10228.38,12069.4,GO,0.3689,6.3606,1.9082,1.5475
UI0000646,FAC0018,BANK01,2024,2024-10,16649,4326.17,40,8183,1033.45,2258,8409.02,6659.6,I-REC,0.3689,6.1418,3.6851,1.653
UI0000647,FAC0018,BANK01,2024,2024-11,15548,3452.75,60,7996,579.97,2055,10132.43,9328.8,GO,0.3689,5.7357,2.2943,1.6152
UI0000648,FAC0018,BANK01,2024,2024-12,22236,6235.4,50,9853,1081.16,1419,5232.68,11118.0,GO,0.3689,8.2029,4.1014,1.9903
UI0000649,FAC0019,BANK01,2022,2022-01,44528,8822.18,30,21844,1787.41,1809,5914.31,13358.4,I-REC,0.3914,17.4283,12.1998,4.4125
UI0000650,FAC0019,BANK01,2022,2022-02,49903,10769.15,30,19760,2470.16,2062,8930.38,14970.9,GO,0.3914,19.532,13.6724,3.9915
UI0000651,FAC0019,BANK01,2022,2022-03,37689,8190.49,40,16814,1355.06,3334,14530.76,15075.6,I-REC,0.3914,14.7515,8.8509,3.3964
UI0000652,FAC0019,BANK01,2022,2022-04,37205,11640.7,50,16485,1839.53,3362,14707.02,18602.5,GO,0.3914,14.562,7.281,3.33
UI0000653,FAC0019,BANK01,2022,2022-05,31976,8998.36,30,16442,2195.35,2283,10096.41,9592.8,GO,0.3914,12.5154,8.7608,3.3213
UI0000654,FAC0019,BANK01,2022,2022-06,43840,9124.94,30,19892,1864.25,2229,7754.34,13152.0,GO,0.3914,17.159,12.0113,4.0182
UI0000655,FAC0019,BANK01,2022,2022-07,39386,12460.75,50,21441,1781.02,3430,12798.24,19693.0,I-REC,0.3914,15.4157,7.7078,4.3311
UI0000656,FAC0019,BANK01,2022,2022-08,38737,12120.53,40,19738,2693.36,1923,5902.59,15494.8,GO,0.3914,15.1617,9.097,3.9871
UI0000657,FAC0019,BANK01,2022,2022-09,36088,10781.92,40,14692,1572.49,2872,10946.16,14435.2,I-REC,0.3914,14.1248,8.4749,2.9678
UI0000658,FAC0019,BANK01,2022,2022-10,33893,9794.08,50,16750,1630.25,2208,9670.28,16946.5,GO,0.3914,13.2657,6.6329,3.3835
UI0000659,FAC0019,BANK01,2022,2022-11,35988,9434.46,50,16046,2128.41,3049,14010.08,17994.0,GO,0.3914,14.0857,7.0429,3.2413
UI0000660,FAC0019,BANK01,2022,2022-12,44212,13819.72,40,22562,2148.68,3257,11333.9,17684.8,I-REC,0.3914,17.3046,10.3827,4.5575
UI0000661,FAC0019,BANK01,2023,2023-01,44259,10362.46,60,20853,2522.57,3169,14431.12,26555.4,I-REC,0.38,16.8184,6.7274,4.2123
UI0000662,FAC0019,BANK01,2023,2023-02,44364,8771.04,50,22256,1833.8,2329,8317.1,22182.0,GO,0.38,16.8583,8.4292,4.4957
UI0000663,FAC0019,BANK01,2023,2023-03,30818,9539.44,50,16349,2216.59,1495,7227.02,15409.0,I-REC,0.38,11.7108,5.8554,3.3025
UI0000664,FAC0019,BANK01,2023,2023-04,32755,8628.72,60,14430,1336.46,2153,10506.43,19653.0,GO,0.38,12.4469,4.9788,2.9149
UI0000665,FAC0019,BANK01,2023,2023-05,34591,6772.84,40,15403,2073.01,3144,9517.18,13836.4,I-REC,0.38,13.1446,7.8867,3.1114
UI0000666,FAC0019,BANK01,2023,2023-06,44730,9715.24,30,18361,1779.85,1951,9494.05,13419.0,I-REC,0.38,16.9974,11.8982,3.7089
UI0000667,FAC0019,BANK01,2023,2023-07,39864,8558.55,40,21135,2806.9,3360,16403.24,15945.6,I-REC,0.38,15.1483,9.089,4.2693
UI0000668,FAC0019,BANK01,2023,2023-08,44284,9294.71,50,18457,2337.98,2104,8217.4,22142.0,GO,0.38,16.8279,8.414,3.7283
UI0000669,FAC0019,BANK01,2023,2023-09,33480,10531.04,30,16223,1908.59,2382,7232.09,10044.0,GO,0.38,12.7224,8.9057,3.277
UI0000670,FAC0019,BANK01,2023,2023-10,34308,10593.12,50,16313,1304.16,1720,5573.65,17154.0,I-REC,0.38,13.037,6.5185,3.2952
UI0000671,FAC0019,BANK01,2023,2023-11,33178,7450.68,50,15881,1344.14,1661,7692.57,16589.0,I-REC,0.38,12.6076,6.3038,3.208
UI0000672,FAC0019,BANK01,2023,2023-12,46869,10140.89,60,21972,2836.36,1827,7857.88,28121.4,I-REC,0.38,17.8102,7.1241,4.4383
UI0000673,FAC0019,BANK01,2024,2024-01,46116,13915.83,50,18695,2530.61,2460,10709.39,23058.0,I-REC,0.3689,17.0122,8.5061,3.7764
UI0000674,FAC0019,BANK01,2024,2024-02,46230,9761.88,50,20184,2041.2,2152,8405.57,23115.0,GO,0.3689,17.0542,8.5271,4.0772
UI0000675,FAC0019,BANK01,2024,2024-03,33910,7029.44,50,15105,1060.95,2118,7534.39,16955.0,GO,0.3689,12.5094,6.2547,3.0512
UI0000676,FAC0019,BANK01,2024,2024-04,30468,8961.88,60,16422,2084.89,3303,16068.63,18280.8,GO,0.3689,11.2396,4.4959,3.3172
UI0000677,FAC0019,BANK01,2024,2024-05,30474,5640.47,40,16730,2249.42,2204,8744.79,12189.6,GO,0.3689,11.2419,6.7451,3.3795
UI0000678,FAC0019,BANK01,2024,2024-06,42303,9508.46,50,19702,2292.91,1609,7869.18,21151.5,GO,0.3689,15.6056,7.8028,3.9798
UI0000679,FAC0019,BANK01,2024,2024-07,37712,10849.5,40,17053,1453.48,2073,7869.09,15084.8,GO,0.3689,13.912,8.3472,3.4447
UI0000680,FAC0019,BANK01,2024,2024-08,43313,13304.91,50,19569,1641.69,2454,8334.35,21656.5,I-REC,0.3689,15.9782,7.9891,3.9529
UI0000681,FAC0019,BANK01,2024,2024-09,34211,7000.99,70,14953,1801.23,1783,7491.93,23947.7,I-REC,0.3689,12.6204,3.7861,3.0205
UI0000682,FAC0019,BANK01,2024,2024-10,31300,7141.27,50,16110,1938.67,3167,15621.93,15650.0,GO,0.3689,11.5466,5.7733,3.2542
UI0000683,FAC0019,BANK01,2024,2024-11,32407,9959.85,50,16625,1336.4,2779,9175.01,16203.5,GO,0.3689,11.9549,5.9775,3.3583
UI0000684,FAC0019,BANK01,2024,2024-12,46245,14109.67,50,21843,2451.6,1926,6449.43,23122.5,I-REC,0.3689,17.0598,8.5299,4.4123
UI0000685,FAC0020,BANK01,2022,2022-01,54942,15903.52,30,28353,2432.27,896,3094.13,16482.6,I-REC,0.3914,21.5043,15.053,5.7273
UI0000686,FAC0020,BANK01,2022,2022-02,56543,13321.16,50,26523,3541.29,1071,4393.73,28271.5,I-REC,0.3914,22.1309,11.0655,5.3576
UI0000687,FAC0020,BANK01,2022,2022-03,42685,12391.78,50,19909,1561.97,709,2844.03,21342.5,I-REC,0.3914,16.7069,8.3535,4.0216
UI0000688,FAC0020,BANK01,2022,2022-04,40097,7296.95,20,21268,1674.38,704,2670.17,8019.4,I-REC,0.3914,15.694,12.5552,4.2961
UI0000689,FAC0020,BANK01,2022,2022-05,41782,12744.04,30,21235,2316.3,979,4033.91,12534.6,I-REC,0.3914,16.3535,11.4474,4.2895
UI0000690,FAC0020,BANK01,2022,2022-06,57460,15702.15,50,25278,3259.02,1066,4124.87,28730.0,I-REC,0.3914,22.4898,11.2449,5.1062
UI0000691,FAC0020,BANK01,2022,2022-07,54783,13530.67,50,23122,2143.45,1001,4512.01,27391.5,I-REC,0.3914,21.4421,10.721,4.6706
UI0000692,FAC0020,BANK01,2022,2022-08,48719,15468.35,30,22868,3173.46,1070,3513.1,14615.7,I-REC,0.3914,19.0686,13.348,4.6193
UI0000693,FAC0020,BANK01,2022,2022-09,40122,11459.38,20,20706,1872.7,477,2382.27,8024.4,GO,0.3914,15.7038,12.563,4.1826
UI0000694,FAC0020,BANK01,2022,2022-10,41712,11697.28,30,21811,2542.08,1000,4370.66,12513.6,I-REC,0.3914,16.3261,11.4283,4.4058
UI0000695,FAC0020,BANK01,2022,2022-11,46138,8674.05,50,18587,1539.24,1063,5077.8,23069.0,GO,0.3914,18.0584,9.0292,3.7546
UI0000696,FAC0020,BANK01,2022,2022-12,63039,19291.86,20,25624,2228.19,698,3346.34,12607.8,GO,0.3914,24.6735,19.7388,5.176
UI0000697,FAC0020,BANK01,2023,2023-01,59501,17833.15,30,25845,2016.73,963,2995.74,17850.3,GO,0.38,22.6104,15.8273,5.2207
UI0000698,FAC0020,BANK01,2023,2023-02,55075,9962.18,40,27475,3209.91,638,2206.35,22030.0,GO,0.38,20.9285,12.5571,5.55
UI0000699,FAC0020,BANK01,2023,2023-03,42673,8568.29,50,18706,2472.81,542,1703.76,21336.5,GO,0.38,16.2157,8.1079,3.7786
UI0000700,FAC0020,BANK01,2023,2023-04,44494,12144.9,50,18199,1565.96,878,4088.27,22247.0,I-REC,0.38,16.9077,8.4539,3.6762
UI0000701,FAC0020,BANK01,2023,2023-05,41953,12195.97,50,18942,1385.65,506,1840.24,20976.5,GO,0.38,15.9421,7.9711,3.8263
UI0000702,FAC0020,BANK01,2023,2023-06,52257,12100.64,30,25216,2520.8,1049,4658.36,15677.1,GO,0.38,19.8577,13.9004,5.0936
UI0000703,FAC0020,BANK01,2023,2023-07,47136,10661.82,50,24107,2145.84,1038,4296.44,23568.0,I-REC,0.38,17.9117,8.9558,4.8696
UI0000704,FAC0020,BANK01,2023,2023-08,53307,14005.39,40,24154,2453.08,700,2795.31,21322.8,GO,0.38,20.2567,12.154,4.8791
UI0000705,FAC0020,BANK01,2023,2023-09,44748,8168.41,40,17754,1452.47,966,4784.39,17899.2,GO,0.38,17.0042,10.2025,3.5863
UI0000706,FAC0020,BANK01,2023,2023-10,43582,8431.08,60,17796,2153.81,1006,3198.69,26149.2,GO,0.38,16.5612,6.6245,3.5948
UI0000707,FAC0020,BANK01,2023,2023-11,40552,12442.62,60,21182,2402.49,822,3226.77,24331.2,I-REC,0.38,15.4098,6.1639,4.2788
UI0000708,FAC0020,BANK01,2023,2023-12,56983,11977.07,60,25715,2097.01,489,1946.76,34189.8,GO,0.38,21.6535,8.6614,5.1944
UI0000709,FAC0020,BANK01,2024,2024-01,54933,10901.96,50,23298,2694.24,841,3658.27,27466.5,GO,0.3689,20.2648,10.1324,4.7062
UI0000710,FAC0020,BANK01,2024,2024-02,49911,13517.13,70,27771,2761.13,899,3123.54,34937.7,I-REC,0.3689,18.4122,5.5237,5.6097
UI0000711,FAC0020,BANK01,2024,2024-03,42469,8851.48,60,17963,2015.15,859,3659.28,25481.4,GO,0.3689,15.6668,6.2667,3.6285
UI0000712,FAC0020,BANK01,2024,2024-04,40359,8291.21,60,18347,1444.43,486,1502.4,24215.4,I-REC,0.3689,14.8884,5.9554,3.7061
UI0000713,FAC0020,BANK01,2024,2024-05,38200,9476.68,60,17433,1681.75,990,4936.51,22920.0,I-REC,0.3689,14.092,5.6368,3.5215
UI0000714,FAC0020,BANK01,2024,2024-06,51155,9257.23,70,23111,1698.56,1040,3411.78,35808.5,I-REC,0.3689,18.8711,5.6613,4.6684
UI0000715,FAC0020,BANK01,2024,2024-07,55248,13784.25,70,23149,2102.9,657,2559.44,38673.6,GO,0.3689,20.381,6.1143,4.6761
UI0000716,FAC0020,BANK01,2024,2024-08,50014,14717.63,70,22428,2175.43,1052,3887.26,35009.8,I-REC,0.3689,18.4502,5.535,4.5305
UI0000717,FAC0020,BANK01,2024,2024-09,42909,7862.11,40,17298,1506.63,1000,3629.47,17163.6,GO,0.3689,15.8291,9.4975,3.4942
UI0000718,FAC0020,BANK01,2024,2024-10,39023,12351.06,70,17929,1964.18,833,3526.02,27316.1,I-REC,0.3689,14.3956,4.3187,3.6217
UI0000719,FAC0020,BANK01,2024,2024-11,45159,8997.0,60,18853,2238.16,535,1843.33,27095.4,I-REC,0.3689,16.6592,6.6637,3.8083
UI0000720,FAC0020,BANK01,2024,2024-12,51869,10638.05,40,26426,2496.82,836,2778.05,20747.6,GO,0.3689,19.1345,11.4807,5.3381
UI0000721,FAC0021,BANK01,2022,2022-01,127829,27210.69,40,62193,4694.66,1695,6149.51,51131.6,I-REC,0.2575,32.916,19.7496,12.563
UI0000722,FAC0021,BANK01,2022,2022-02,131363,34895.45,40,63598,6004.14,2835,10102.2,52545.2,GO,0.2575,33.826,20.2956,12.8468
UI0000723,FAC0021,BANK01,2022,2022-03,106081,32084.44,40,45073,6127.53,3052,10939.34,42432.4,I-REC,0.2575,27.3159,16.3895,9.1047
UI0000724,FAC0021,BANK01,2022,2022-04,97112,25800.54,40,49450,4830.6,2721,13213.19,38844.8,GO,0.2575,25.0063,15.0038,9.9889
UI0000725,FAC0021,BANK01,2022,2022-05,104674,22882.82,40,49867,5064.61,1759,6073.53,41869.6,GO,0.2575,26.9536,16.1721,10.0731
UI0000726,FAC0021,BANK01,2022,2022-06,135272,27115.89,30,62389,4575.74,1796,6566.85,40581.6,GO,0.2575,34.8325,24.3828,12.6026
UI0000727,FAC0021,BANK01,2022,2022-07,123688,39378.03,30,59237,6920.69,2174,8840.26,37106.4,GO,0.2575,31.8497,22.2948,11.9659
UI0000728,FAC0021,BANK01,2022,2022-08,132497,25699.95,40,58273,4722.36,2850,14063.83,52998.8,I-REC,0.2575,34.118,20.4708,11.7711
UI0000729,FAC0021,BANK01,2022,2022-09,113079,31297.79,20,49936,3898.01,2119,8385.89,22615.8,GO,0.2575,29.1178,23.2943,10.0871
UI0000730,FAC0021,BANK01,2022,2022-10,93449,19342.1,40,45822,5229.24,2922,13349.85,37379.6,GO,0.2575,24.0631,14.4379,9.256
UI0000731,FAC0021,BANK01,2022,2022-11,100179,18555.25,30,47206,3338.0,2367,8529.59,30053.7,I-REC,0.2575,25.7961,18.0573,9.5356
UI0000732,FAC0021,BANK01,2022,2022-12,138952,27897.87,20,67695,7633.67,2005,8286.96,27790.4,I-REC,0.2575,35.7801,28.6241,13.6744
UI0000733,FAC0021,BANK01,2023,2023-01,143060,27886.55,50,57574,7168.82,2635,8980.29,71530.0,I-REC,0.25,35.765,17.8825,11.6299
UI0000734,FAC0021,BANK01,2023,2023-02,144157,36619.78,50,59954,6693.47,2026,6849.15,72078.5,I-REC,0.25,36.0393,18.0196,12.1107
UI0000735,FAC0021,BANK01,2023,2023-03,102445,26405.49,30,47707,4776.29,2817,12992.93,30733.5,GO,0.25,25.6112,17.9279,9.6368
UI0000736,FAC0021,BANK01,2023,2023-04,109306,30476.07,50,47535,5166.03,3002,10141.67,54653.0,I-REC,0.25,27.3265,13.6632,9.6021
UI0000737,FAC0021,BANK01,2023,2023-05,104731,22118.68,30,45554,4917.23,1721,6439.94,31419.3,I-REC,0.25,26.1827,18.3279,9.2019
UI0000738,FAC0021,BANK01,2023,2023-06,132667,26806.69,60,54541,6378.7,1654,5411.0,79600.2,GO,0.25,33.1668,13.2667,11.0173
UI0000739,FAC0021,BANK01,2023,2023-07,132001,28659.69,40,53384,4513.82,2140,6881.3,52800.4,I-REC,0.25,33.0003,19.8002,10.7836
UI0000740,FAC0021,BANK01,2023,2023-08,118286,29644.94,60,58710,6958.32,2595,11942.17,70971.6,I-REC,0.25,29.5715,11.8286,11.8594
UI0000741,FAC0021,BANK01,2023,2023-09,98694,25394.33,30,49508,6590.13,2802,13727.23,29608.2,I-REC,0.25,24.6735,17.2715,10.0006
UI0000742,FAC0021,BANK01,2023,2023-10,97032,22647.28,50,48450,5367.27,1579,4895.29,48516.0,GO,0.25,24.258,12.129,9.7869
UI0000743,FAC0021,BANK01,2023,2023-11,108568,26201.97,60,47947,4316.34,2475,9730.79,65140.8,GO,0.25,27.142,10.8568,9.6853
UI0000744,FAC0021,BANK01,2023,2023-12,126004,23711.73,50,56285,4839.76,1697,7785.63,63002.0,I-REC,0.25,31.501,15.7505,11.3696
UI0000745,FAC0021,BANK01,2024,2024-01,140509,33595.34,60,66218,6203.56,1618,6305.2,84305.4,I-REC,0.2427,34.1015,13.6406,13.376
UI0000746,FAC0021,BANK01,2024,2024-02,127394,26479.59,50,65305,5181.52,2963,14779.54,63697.0,GO,0.2427,30.9185,15.4593,13.1916
UI0000747,FAC0021,BANK01,2024,2024-03,101211,22896.61,50,43159,4754.1,1571,5051.73,50605.5,I-REC,0.2427,24.5639,12.282,8.7181
UI0000748,FAC0021,BANK01,2024,2024-04,92930,20027.29,50,41118,4226.57,1368,4289.28,46465.0,GO,0.2427,22.5541,11.2771,8.3058
UI0000749,FAC0021,BANK01,2024,2024-05,102567,23706.11,70,47139,5991.6,2087,8087.29,71796.9,GO,0.2427,24.893,7.4679,9.5221
UI0000750,FAC0021,BANK01,2024,2024-06,118953,33916.66,60,58791,5412.49,2409,11556.67,71371.8,GO,0.2427,28.8699,11.548,11.8758
UI0000751,FAC0021,BANK01,2024,2024-07,110015,21007.79,40,53242,7094.27,1985,9568.63,44006.0,I-REC,0.2427,26.7006,16.0204,10.7549
UI0000752,FAC0021,BANK01,2024,2024-08,126385,25768.36,70,56342,4058.49,1787,6329.03,88469.5,GO,0.2427,30.6736,9.2021,11.3811
UI0000753,FAC0021,BANK01,2024,2024-09,107025,26133.73,60,48252,6574.74,1412,6493.94,64215.0,GO,0.2427,25.975,10.39,9.7469
UI0000754,FAC0021,BANK01,2024,2024-10,104883,20213.2,40,48295,5806.94,2954,14519.57,41953.2,GO,0.2427,25.4551,15.2731,9.7556
UI0000755,FAC0021,BANK01,2024,2024-11,101968,19189.21,60,42234,5363.83,1421,6315.53,61180.8,GO,0.2427,24.7476,9.8991,8.5313
UI0000756,FAC0021,BANK01,2024,2024-12,142657,40250.76,70,57851,7930.85,2894,13495.86,99859.9,GO,0.2427,34.6229,10.3869,11.6859
UI0000757,FAC0022,BANK01,2022,2022-01,104379,24836.86,40,49722,5646.48,144,671.73,41751.6,GO,0.3914,40.8539,24.5124,10.0438
UI0000758,FAC0022,BANK01,2022,2022-02,114015,26265.24,50,45334,4892.16,118,480.69,57007.5,I-REC,0.3914,44.6255,22.3127,9.1575
UI0000759,FAC0022,BANK01,2022,2022-03,85272,19401.68,30,33792,4428.6,166,519.28,25581.6,GO,0.3914,33.3755,23.3628,6.826
UI0000760,FAC0022,BANK01,2022,2022-04,73238,17133.21,40,37021,4556.45,180,641.43,29295.2,I-REC,0.3914,28.6654,17.1992,7.4782
UI0000761,FAC0022,BANK01,2022,2022-05,74799,18547.57,30,36355,4140.98,173,675.17,22439.7,GO,0.3914,29.2763,20.4934,7.3437
UI0000762,FAC0022,BANK01,2022,2022-06,101317,19436.16,30,40611,5626.77,109,352.99,30395.1,I-REC,0.3914,39.6555,27.7588,8.2034
UI0000763,FAC0022,BANK01,2022,2022-07,95327,30271.36,40,44491,4835.99,114,526.07,38130.8,I-REC,0.3914,37.311,22.3866,8.9872
UI0000764,FAC0022,BANK01,2022,2022-08,100804,24557.67,20,40377,2966.25,193,897.21,20160.8,I-REC,0.3914,39.4547,31.5637,8.1562
UI0000765,FAC0022,BANK01,2022,2022-09,75375,19880.68,30,32935,3118.17,160,668.08,22612.5,GO,0.3914,29.5018,20.6512,6.6529
UI0000766,FAC0022,BANK01,2022,2022-10,80536,22786.1,40,34501,4582.35,128,412.0,32214.4,GO,0.3914,31.5218,18.9131,6.9692
UI0000767,FAC0022,BANK01,2022,2022-11,72396,20617.03,50,33947,2969.82,192,790.1,36198.0,GO,0.3914,28.3358,14.1679,6.8573
UI0000768,FAC0022,BANK01,2022,2022-12,98202,19660.81,30,43772,4215.14,186,698.2,29460.6,I-REC,0.3914,38.4363,26.9054,8.8419
UI0000769,FAC0022,BANK01,2023,2023-01,99089,29627.57,60,50386,4205.47,156,528.93,59453.4,GO,0.38,37.6538,15.0615,10.178
UI0000770,FAC0022,BANK01,2023,2023-02,107629,34082.09,40,49261,4463.54,182,707.19,43051.6,I-REC,0.38,40.899,24.5394,9.9507
UI0000771,FAC0022,BANK01,2023,2023-03,83325,20931.28,60,32151,3556.15,145,530.87,49995.0,I-REC,0.38,31.6635,12.6654,6.4945
UI0000772,FAC0022,BANK01,2023,2023-04,73553,19560.61,50,32168,3101.85,106,425.59,36776.5,GO,0.38,27.9501,13.9751,6.4979
UI0000773,FAC0022,BANK01,2023,2023-05,74762,21705.14,40,36375,3687.47,188,660.77,29904.8,I-REC,0.38,28.4096,17.0457,7.3478
UI0000774,FAC0022,BANK01,2023,2023-06,98020,19838.68,40,40715,5351.39,137,614.06,39208.0,I-REC,0.38,37.2476,22.3486,8.2244
UI0000775,FAC0022,BANK01,2023,2023-07,92595,22813.85,60,41466,5209.59,139,461.48,55557.0,GO,0.38,35.1861,14.0744,8.3761
UI0000776,FAC0022,BANK01,2023,2023-08,91551,20956.07,60,40471,3070.13,136,628.19,54930.6,GO,0.38,34.7894,13.9158,8.1751
UI0000777,FAC0022,BANK01,2023,2023-09,71439,14368.33,40,36674,3300.98,153,480.83,28575.6,GO,0.38,27.1468,16.2881,7.4081
UI0000778,FAC0022,BANK01,2023,2023-10,83622,15544.14,40,38815,4323.95,176,639.16,33448.8,I-REC,0.38,31.7764,19.0658,7.8406
UI0000779,FAC0022,BANK01,2023,2023-11,79625,19496.83,40,36158,4353.93,114,377.15,31850.0,GO,0.38,30.2575,18.1545,7.3039
UI0000780,FAC0022,BANK01,2023,2023-12,100900,18765.82,40,50535,4871.01,171,627.65,40360.0,I-REC,0.38,38.342,23.0052,10.2081
UI0000781,FAC0022,BANK01,2024,2024-01,95872,18560.19,60,46621,3931.71,162,520.66,57523.2,GO,0.3689,35.3672,14.1469,9.4174
UI0000782,FAC0022,BANK01,2024,2024-02,103840,27034.28,60,48908,6339.3,92,317.3,62304.0,I-REC,0.3689,38.3066,15.3226,9.8794
UI0000783,FAC0022,BANK01,2024,2024-03,80914,24198.99,50,31827,2438.12,162,754.54,40457.0,I-REC,0.3689,29.8492,14.9246,6.4291
UI0000784,FAC0022,BANK01,2024,2024-04,79805,22311.25,40,33974,3658.42,121,573.47,31922.0,GO,0.3689,29.4401,17.664,6.8627
UI0000785,FAC0022,BANK01,2024,2024-05,76199,23248.93,60,35115,2713.64,202,841.47,45719.4,GO,0.3689,28.1098,11.2439,7.0932
UI0000786,FAC0022,BANK01,2024,2024-06,92899,20744.58,70,40586,3709.22,149,486.8,65029.3,GO,0.3689,34.2704,10.2811,8.1984
UI0000787,FAC0022,BANK01,2024,2024-07,98549,25603.27,50,38360,4034.45,179,870.81,49274.5,GO,0.3689,36.3547,18.1774,7.7487
UI0000788,FAC0022,BANK01,2024,2024-08,91263,23081.26,60,42822,5323.45,115,565.75,54757.8,GO,0.3689,33.6669,13.4668,8.65
UI0000789,FAC0022,BANK01,2024,2024-09,77624,22395.29,60,33344,2611.26,188,727.69,46574.4,I-REC,0.3689,28.6355,11.4542,6.7355
UI0000790,FAC0022,BANK01,2024,2024-10,69942,19589.37,50,33445,3362.17,108,355.28,34971.0,GO,0.3689,25.8016,12.9008,6.7559
UI0000791,FAC0022,BANK01,2024,2024-11,69123,12882.18,40,32655,2658.66,122,427.72,27649.2,GO,0.3689,25.4995,15.2997,6.5963
UI0000792,FAC0022,BANK01,2024,2024-12,95021,29577.43,70,50881,6827.85,120,496.4,66514.7,I-REC,0.3689,35.0532,10.516,10.278
UI0000793,FAC0023,BANK01,2022,2022-01,100843,20317.79,50,46577,5739.43,786,3282.54,50421.5,GO,0.3914,39.47,19.735,9.4086
UI0000794,FAC0023,BANK01,2022,2022-02,95806,25986.06,20,44382,4702.63,1241,4217.32,19161.2,GO,0.3914,37.4985,29.9988,8.9652
UI0000795,FAC0023,BANK01,2022,2022-03,73847,17657.91,50,29426,2102.95,907,3969.37,36923.5,GO,0.3914,28.9037,14.4519,5.9441
UI0000796,FAC0023,BANK01,2022,2022-04,65846,18747.63,30,29310,3158.06,707,2394.46,19753.8,GO,0.3914,25.7721,18.0405,5.9206
UI0000797,FAC0023,BANK01,2022,2022-05,69061,15589.09,20,34979,2887.94,706,2462.91,13812.2,GO,0.3914,27.0305,21.6244,7.0658
UI0000798,FAC0023,BANK01,2022,2022-06,86708,22322.2,40,37676,3064.14,1366,5239.78,34683.2,GO,0.3914,33.9375,20.3625,7.6106
UI0000799,FAC0023,BANK01,2022,2022-07,91550,17243.42,20,37166,3637.34,1431,6289.26,18310.0,I-REC,0.3914,35.8327,28.6661,7.5075
UI0000800,FAC0023,BANK01,2022,2022-08,80408,24129.74,30,39446,3250.81,1110,4563.9,24122.4,GO,0.3914,31.4717,22.0302,7.9681
UI0000801,FAC0023,BANK01,2022,2022-09,76022,20848.61,50,35038,4617.78,1171,3990.41,38011.0,I-REC,0.3914,29.755,14.8775,7.0777
UI0000802,FAC0023,BANK01,2022,2022-10,74965,20158.09,40,31949,4211.81,1401,6902.66,29986.0,I-REC,0.3914,29.3413,17.6048,6.4537
UI0000803,FAC0023,BANK01,2022,2022-11,76354,17994.42,30,34179,2643.16,1421,5496.58,22906.2,I-REC,0.3914,29.885,20.9195,6.9042
UI0000804,FAC0023,BANK01,2022,2022-12,90364,18667.58,20,45806,5334.92,703,3221.29,18072.8,I-REC,0.3914,35.3685,28.2948,9.2528
UI0000805,FAC0023,BANK01,2023,2023-01,86647,23760.67,30,40199,5203.37,1272,5675.89,25994.1,GO,0.38,32.9259,23.0481,8.1202
UI0000806,FAC0023,BANK01,2023,2023-02,87065,22111.87,30,45917,4259.98,1134,5529.15,26119.5,I-REC,0.38,33.0847,23.1593,9.2752
UI0000807,FAC0023,BANK01,2023,2023-03,72383,18024.9,60,33178,2543.03,1082,3340.02,43429.8,I-REC,0.38,27.5055,11.0022,6.702
UI0000808,FAC0023,BANK01,2023,2023-04,72649,13140.63,40,33325,4429.55,1475,6012.77,29059.6,I-REC,0.38,27.6066,16.564,6.7317
UI0000809,FAC0023,BANK01,2023,2023-05,63594,16977.3,30,32884,3377.06,951,3698.62,19078.2,I-REC,0.38,24.1657,16.916,6.6426
UI0000810,FAC0023,BANK01,2023,2023-06,82952,19023.22,30,38682,4314.57,1173,4878.64,24885.6,GO,0.38,31.5218,22.0652,7.8138
UI0000811,FAC0023,BANK01,2023,2023-07,85038,23173.17,50,37016,3052.84,1350,5874.0,42519.0,GO,0.38,32.3144,16.1572,7.4772
UI0000812,FAC0023,BANK01,2023,2023-08,92766,21592.39,60,41499,4926.56,843,3914.85,55659.6,I-REC,0.38,35.2511,14.1004,8.3828
UI0000813,FAC0023,BANK01,2023,2023-09,69585,18124.42,50,33583,2572.26,1274,4646.72,34792.5,GO,0.38,26.4423,13.2211,6.7838
UI0000814,FAC0023,BANK01,2023,2023-10,65027,14831.36,40,32645,2795.92,1257,4456.89,26010.8,I-REC,0.38,24.7103,14.8262,6.5943
UI0000815,FAC0023,BANK01,2023,2023-11,68221,20747.59,50,32771,3622.94,1417,5973.59,34110.5,I-REC,0.38,25.924,12.962,6.6197
UI0000816,FAC0023,BANK01,2023,2023-12,91143,21803.88,60,43617,6071.15,836,3017.15,54685.8,I-REC,0.38,34.6343,13.8537,8.8106
UI0000817,FAC0023,BANK01,2024,2024-01,95090,24603.68,40,42301,4599.27,1073,4496.49,38036.0,GO,0.3689,35.0787,21.0472,8.5448
UI0000818,FAC0023,BANK01,2024,2024-02,86827,23962.67,60,43181,5593.78,941,3357.91,52096.2,I-REC,0.3689,32.0305,12.8122,8.7226
UI0000819,FAC0023,BANK01,2024,2024-03,64697,12664.84,60,34098,3489.69,883,3159.33,38818.2,I-REC,0.3689,23.8667,9.5467,6.8878
UI0000820,FAC0023,BANK01,2024,2024-04,67170,18984.3,70,34037,3660.69,1023,4159.96,47019.0,I-REC,0.3689,24.779,7.4337,6.8755
UI0000821,FAC0023,BANK01,2024,2024-05,74471,16169.96,40,29968,2760.73,1249,5726.25,29788.4,I-REC,0.3689,27.4724,16.4834,6.0535
UI0000822,FAC0023,BANK01,2024,2024-06,77268,17441.97,40,39279,3219.43,1457,6806.21,30907.2,GO,0.3689,28.5042,17.1025,7.9344
UI0000823,FAC0023,BANK01,2024,2024-07,90843,16848.82,70,35642,3493.45,833,3420.09,63590.1,GO,0.3689,33.512,10.0536,7.1997
UI0000824,FAC0023,BANK01,2024,2024-08,89438,22793.25,60,34527,3027.55,1212,4896.68,53662.8,GO,0.3689,32.9937,13.1975,6.9745
UI0000825,FAC0023,BANK01,2024,2024-09,71395,21596.33,50,28139,3554.37,1523,5573.81,35697.5,GO,0.3689,26.3376,13.1688,5.6841
UI0000826,FAC0023,BANK01,2024,2024-10,65095,14103.98,70,33230,4314.01,1218,6077.44,45566.5,I-REC,0.3689,24.0135,7.2041,6.7125
UI0000827,FAC0023,BANK01,2024,2024-11,68457,13753.89,40,30737,4217.4,1512,6919.83,27382.8,I-REC,0.3689,25.2538,15.1523,6.2089
UI0000828,FAC0023,BANK01,2024,2024-12,97813,27468.68,60,37908,4669.66,901,3429.74,58687.8,I-REC,0.3689,36.0832,14.4333,7.6574
UI0000829,FAC0024,BANK01,2022,2022-01,190652,34778.78,30,92785,12783.63,633,2351.51,57195.6,GO,0.2987,56.9478,39.8634,18.7426
UI0000830,FAC0024,BANK01,2022,2022-02,179443,53037.16,30,87402,12106.26,713,3087.24,53832.9,GO,0.2987,53.5996,37.5197,17.6552
UI0000831,FAC0024,BANK01,2022,2022-03,151555,37945.05,20,62133,6436.34,563,2500.86,30311.0,I-REC,0.2987,45.2695,36.2156,12.5509
UI0000832,FAC0024,BANK01,2022,2022-04,126909,38446.59,50,59854,7556.88,574,1757.85,63454.5,GO,0.2987,37.9077,18.9539,12.0905
UI0000833,FAC0024,BANK01,2022,2022-05,144080,26894.66,20,60965,5425.69,528,1896.18,28816.0,GO,0.2987,43.0367,34.4294,12.3149
UI0000834,FAC0024,BANK01,2022,2022-06,187035,43967.3,20,75273,6714.21,635,2340.54,37407.0,GO,0.2987,55.8674,44.6939,15.2051
UI0000835,FAC0024,BANK01,2022,2022-07,168922,34304.15,40,85574,11620.94,541,2031.81,67568.8,I-REC,0.2987,50.457,30.2742,17.2859
UI0000836,FAC0024,BANK01,2022,2022-08,181465,48193.38,40,73277,7366.77,505,1997.46,72586.0,GO,0.2987,54.2036,32.5222,14.802
UI0000837,FAC0024,BANK01,2022,2022-09,135218,26703.36,30,63835,4503.82,436,1513.72,40565.4,GO,0.2987,40.3896,28.2727,12.8947
UI0000838,FAC0024,BANK01,2022,2022-10,152528,32977.59,20,66712,6104.9,491,2357.55,30505.6,GO,0.2987,45.5601,36.4481,13.4758
UI0000839,FAC0024,BANK01,2022,2022-11,134885,35558.42,40,62060,6954.12,722,2637.12,53954.0,I-REC,0.2987,40.2901,24.1741,12.5361
UI0000840,FAC0024,BANK01,2022,2022-12,172090,38506.1,30,92001,9589.9,461,1458.45,51627.0,GO,0.2987,51.4033,35.9823,18.5842
UI0000841,FAC0024,BANK01,2023,2023-01,170145,34585.61,30,81845,10478.04,516,2476.25,51043.5,GO,0.29,49.3421,34.5394,16.5327
UI0000842,FAC0024,BANK01,2023,2023-02,167179,52245.22,40,88754,11993.89,538,1687.16,66871.6,GO,0.29,48.4819,29.0891,17.9283
UI0000843,FAC0024,BANK01,2023,2023-03,143568,38571.41,40,63153,6468.89,786,2604.89,57427.2,I-REC,0.29,41.6347,24.9808,12.7569
UI0000844,FAC0024,BANK01,2023,2023-04,145089,38658.67,40,63963,6965.44,609,2694.66,58035.6,GO,0.29,42.0758,25.2455,12.9205
UI0000845,FAC0024,BANK01,2023,2023-05,132673,27044.54,50,61278,7899.89,438,1436.59,66336.5,I-REC,0.29,38.4752,19.2376,12.3782
UI0000846,FAC0024,BANK01,2023,2023-06,180251,44791.56,50,71429,8074.79,407,1586.18,90125.5,GO,0.29,52.2728,26.1364,14.4287
UI0000847,FAC0024,BANK01,2023,2023-07,153193,35365.86,30,84078,9412.54,601,2113.51,45957.9,GO,0.29,44.426,31.0982,16.9838
UI0000848,FAC0024,BANK01,2023,2023-08,166626,44890.38,50,74034,7030.53,461,1513.14,83313.0,I-REC,0.29,48.3215,24.1608,14.9549
UI0000849,FAC0024,BANK01,2023,2023-09,135897,26594.89,50,63872,8000.8,702,2753.59,67948.5,GO,0.29,39.4101,19.7051,12.9021
UI0000850,FAC0024,BANK01,2023,2023-10,133641,27786.83,60,60968,5502.79,731,3510.7,80184.6,GO,0.29,38.7559,15.5024,12.3155
UI0000851,FAC0024,BANK01,2023,2023-11,129425,27323.48,30,61388,4833.5,582,1999.49,38827.5,I-REC,0.29,37.5333,26.2733,12.4004
UI0000852,FAC0024,BANK01,2023,2023-12,168162,49703.6,40,89542,9534.57,676,2840.38,67264.8,I-REC,0.29,48.767,29.2602,18.0875
UI0000853,FAC0024,BANK01,2024,2024-01,168362,49446.56,50,90221,9832.03,594,2200.92,84181.0,I-REC,0.2816,47.4107,23.7054,18.2246
UI0000854,FAC0024,BANK01,2024,2024-02,168069,49716.39,60,83698,8406.26,445,1616.21,100841.4,I-REC,0.2816,47.3282,18.9313,16.907
UI0000855,FAC0024,BANK01,2024,2024-03,123045,29186.66,60,58271,7471.58,562,1925.08,73827.0,GO,0.2816,34.6495,13.8598,11.7707
UI0000856,FAC0024,BANK01,2024,2024-04,130187,25284.11,40,58829,6442.76,734,2359.63,52074.8,I-REC,0.2816,36.6607,21.9964,11.8835
UI0000857,FAC0024,BANK01,2024,2024-05,132815,33139.86,70,61965,7526.61,490,1903.84,92970.5,I-REC,0.2816,37.4007,11.2202,12.5169
UI0000858,FAC0024,BANK01,2024,2024-06,160814,51166.38,40,70931,6079.77,733,3391.79,64325.6,I-REC,0.2816,45.2852,27.1711,14.3281
UI0000859,FAC0024,BANK01,2024,2024-07,152826,40968.78,70,77655,7773.33,473,2338.2,106978.2,I-REC,0.2816,43.0358,12.9107,15.6863
UI0000860,FAC0024,BANK01,2024,2024-08,159580,44128.52,40,77731,6051.48,623,2532.2,63832.0,GO,0.2816,44.9377,26.9626,15.7017
UI0000861,FAC0024,BANK01,2024,2024-09,136300,40422.82,50,61982,7305.39,624,2296.8,68150.0,I-REC,0.2816,38.3821,19.191,12.5204
UI0000862,FAC0024,BANK01,2024,2024-10,123924,38000.59,60,57069,4674.75,632,2268.64,74354.4,GO,0.2816,34.897,13.9588,11.5279
UI0000863,FAC0024,BANK01,2024,2024-11,128825,34357.04,60,67685,9187.66,717,3354.66,77295.0,I-REC,0.2816,36.2771,14.5108,13.6724
UI0000864,FAC0024,BANK01,2024,2024-12,183926,47553.26,50,82279,10809.73,527,2449.38,91963.0,I-REC,0.2816,51.7936,25.8968,16.6204
UI0000865,FAC0025,BANK01,2022,2022-01,11824,3376.85,40,4889,385.49,1104,4456.43,4729.6,GO,0.3914,4.6279,2.7767,0.9876
UI0000866,FAC0025,BANK01,2022,2022-02,10116,2445.59,20,5156,571.63,702,3132.5,2023.2,GO,0.3914,3.9594,3.1675,1.0415
UI0000867,FAC0025,BANK01,2022,2022-03,8406,2478.09,20,4098,372.7,1206,4921.56,1681.2,GO,0.3914,3.2901,2.6321,0.8278
UI0000868,FAC0025,BANK01,2022,2022-04,8456,2069.16,20,4106,553.64,909,4091.61,1691.2,I-REC,0.3914,3.3097,2.6477,0.8294
UI0000869,FAC0025,BANK01,2022,2022-05,8274,2428.62,40,4113,515.33,766,3515.64,3309.6,GO,0.3914,3.2384,1.9431,0.8308
UI0000870,FAC0025,BANK01,2022,2022-06,9464,3004.69,50,4637,358.61,1228,4131.55,4732.0,GO,0.3914,3.7042,1.8521,0.9367
UI0000871,FAC0025,BANK01,2022,2022-07,9487,2706.43,40,4204,544.1,966,3118.4,3794.8,GO,0.3914,3.7132,2.2279,0.8492
UI0000872,FAC0025,BANK01,2022,2022-08,9214,2734.72,50,4405,332.95,1312,6416.36,4607.0,GO,0.3914,3.6064,1.8032,0.8898
UI0000873,FAC0025,BANK01,2022,2022-09,7958,2360.94,30,3426,346.61,1188,4935.17,2387.4,I-REC,0.3914,3.1148,2.1803,0.6921
UI0000874,FAC0025,BANK01,2022,2022-10,8013,2098.83,50,3529,301.63,1218,5576.78,4006.5,I-REC,0.3914,3.1363,1.5681,0.7129
UI0000875,FAC0025,BANK01,2022,2022-11,7551,2156.84,20,4047,414.93,804,3616.4,1510.2,I-REC,0.3914,2.9555,2.3644,0.8175
UI0000876,FAC0025,BANK01,2022,2022-12,11558,2112.76,50,5234,639.12,715,2319.26,5779.0,I-REC,0.3914,4.5238,2.2619,1.0573
UI0000877,FAC0025,BANK01,2023,2023-01,10193,3051.75,40,5045,700.92,575,2078.48,4077.2,I-REC,0.38,3.8733,2.324,1.0191
UI0000878,FAC0025,BANK01,2023,2023-02,11064,2056.98,60,4778,354.22,659,2677.01,6638.4,GO,0.38,4.2043,1.6817,0.9652
UI0000879,FAC0025,BANK01,2023,2023-03,8588,1597.2,30,3942,366.38,1214,5776.99,2576.4,GO,0.38,3.2634,2.2844,0.7963
UI0000880,FAC0025,BANK01,2023,2023-04,7738,2374.09,30,3881,525.05,723,3318.68,2321.4,GO,0.38,2.9404,2.0583,0.784
UI0000881,FAC0025,BANK01,2023,2023-05,8112,2499.32,40,3502,264.47,1140,4993.67,3244.8,GO,0.38,3.0826,1.8495,0.7074
UI0000882,FAC0025,BANK01,2023,2023-06,9873,2265.38,40,4638,583.89,997,3111.35,3949.2,GO,0.38,3.7517,2.251,0.9369
UI0000883,FAC0025,BANK01,2023,2023-07,8882,1711.11,60,4397,502.58,810,2902.88,5329.2,GO,0.38,3.3752,1.3501,0.8882
UI0000884,FAC0025,BANK01,2023,2023-08,10180,3001.65,60,4171,361.87,820,3259.24,6108.0,I-REC,0.38,3.8684,1.5474,0.8425
UI0000885,FAC0025,BANK01,2023,2023-09,7556,1761.88,30,3607,314.63,1230,6043.04,2266.8,GO,0.38,2.8713,2.0099,0.7286
UI0000886,FAC0025,BANK01,2023,2023-10,8245,2028.39,40,3840,317.64,1201,3670.67,3298.0,I-REC,0.38,3.1331,1.8799,0.7757
UI0000887,FAC0025,BANK01,2023,2023-11,7511,1782.96,60,3791,356.42,1321,4621.85,4506.6,I-REC,0.38,2.8542,1.1417,0.7658
UI0000888,FAC0025,BANK01,2023,2023-12,10055,1906.59,50,4547,542.62,1177,4501.34,5027.5,I-REC,0.38,3.8209,1.9104,0.9185
UI0000889,FAC0025,BANK01,2024,2024-01,9555,3002.62,70,4478,414.81,1322,6323.51,6688.5,I-REC,0.3689,3.5248,1.0575,0.9046
UI0000890,FAC0025,BANK01,2024,2024-02,10186,2417.58,60,5224,462.8,1047,5183.31,6111.6,I-REC,0.3689,3.7576,1.503,1.0552
UI0000891,FAC0025,BANK01,2024,2024-03,8633,1717.55,40,3309,458.66,1073,3236.75,3453.2,GO,0.3689,3.1847,1.9108,0.6684
UI0000892,FAC0025,BANK01,2024,2024-04,7336,1590.9,40,3588,316.25,886,3137.48,2934.4,I-REC,0.3689,2.7063,1.6238,0.7248
UI0000893,FAC0025,BANK01,2024,2024-05,7294,2123.97,60,3832,516.78,741,3075.66,4376.4,GO,0.3689,2.6908,1.0763,0.7741
UI0000894,FAC0025,BANK01,2024,2024-06,9802,2718.33,60,4051,527.6,941,4063.76,5881.2,GO,0.3689,3.616,1.4464,0.8183
UI0000895,FAC0025,BANK01,2024,2024-07,9863,2014.41,50,4872,524.04,1262,5952.09,4931.5,I-REC,0.3689,3.6385,1.8192,0.9841
UI0000896,FAC0025,BANK01,2024,2024-08,10503,2999.82,60,4465,422.13,1146,5399.22,6301.8,GO,0.3689,3.8746,1.5498,0.9019
UI0000897,FAC0025,BANK01,2024,2024-09,7485,1489.59,70,3888,405.78,815,3184.23,5239.5,GO,0.3689,2.7612,0.8284,0.7854
UI0000898,FAC0025,BANK01,2024,2024-10,8514,2472.78,40,3297,405.63,1299,6077.1,3405.6,I-REC,0.3689,3.1408,1.8845,0.666
UI0000899,FAC0025,BANK01,2024,2024-11,8408,1752.51,40,3848,524.47,1146,4791.76,3363.2,GO,0.3689,3.1017,1.861,0.7773
UI0000900,FAC0025,BANK01,2024,2024-12,11082,2845.56,50,5252,530.57,950,4270.08,5541.0,GO,0.3689,4.0881,2.0441,1.0609
UI0000901,FAC0026,BANK01,2022,2022-01,31181,6852.18,50,12443,1284.65,167,505.65,15590.5,I-REC,0.3914,12.2042,6.1021,2.5135
UI0000902,FAC0026,BANK01,2022,2022-02,27124,7246.89,20,12470,971.29,129,632.49,5424.8,I-REC,0.3914,10.6163,8.4931,2.5189
UI0000903,FAC0026,BANK01,2022,2022-03,20094,4140.98,20,10525,830.84,276,901.55,4018.8,GO,0.3914,7.8648,6.2918,2.1261
UI0000904,FAC0026,BANK01,2022,2022-04,20400,3865.69,40,9223,1192.69,134,633.11,8160.0,GO,0.3914,7.9846,4.7907,1.863
UI0000905,FAC0026,BANK01,2022,2022-05,20264,4924.75,40,9061,719.23,133,470.43,8105.6,GO,0.3914,7.9313,4.7588,1.8303
UI0000906,FAC0026,BANK01,2022,2022-06,25012,6916.45,50,10916,1405.11,248,878.97,12506.0,I-REC,0.3914,9.7897,4.8948,2.205
UI0000907,FAC0026,BANK01,2022,2022-07,26506,7888.89,30,11254,1294.52,191,595.73,7951.8,GO,0.3914,10.3744,7.2621,2.2733
UI0000908,FAC0026,BANK01,2022,2022-08,26076,5220.1,30,12357,1104.63,144,706.21,7822.8,GO,0.3914,10.2061,7.1443,2.4961
UI0000909,FAC0026,BANK01,2022,2022-09,19388,5510.4,30,10336,1434.71,222,1050.3,5816.4,GO,0.3914,7.5885,5.3119,2.0879
UI0000910,FAC0026,BANK01,2022,2022-10,21727,6927.87,20,9297,1198.74,158,724.73,4345.4,I-REC,0.3914,8.5039,6.8032,1.878
UI0000911,FAC0026,BANK01,2022,2022-11,20062,4095.35,30,8920,686.64,269,1094.06,6018.6,I-REC,0.3914,7.8523,5.4966,1.8018
UI0000912,FAC0026,BANK01,2022,2022-12,29240,5669.35,50,11950,1155.61,179,554.99,14620.0,I-REC,0.3914,11.4445,5.7223,2.4139
UI0000913,FAC0026,BANK01,2023,2023-01,25244,4742.15,40,13030,1760.32,204,929.85,10097.6,I-REC,0.38,9.5927,5.7556,2.6321
UI0000914,FAC0026,BANK01,2023,2023-02,25354,7734.41,60,12486,1235.96,262,857.02,15212.4,GO,0.38,9.6345,3.8538,2.5222
UI0000915,FAC0026,BANK01,2023,2023-03,21279,3859.94,30,9096,932.7,290,1220.85,6383.7,GO,0.38,8.086,5.6602,1.8374
UI0000916,FAC0026,BANK01,2023,2023-04,19008,5963.65,50,8900,973.8,169,511.17,9504.0,I-REC,0.38,7.223,3.6115,1.7978
UI0000917,FAC0026,BANK01,2023,2023-05,22233,6344.61,40,9134,661.51,206,804.01,8893.2,I-REC,0.38,8.4485,5.0691,1.8451
UI0000918,FAC0026,BANK01,2023,2023-06,23900,6197.08,60,10910,1331.32,219,864.0,14340.0,GO,0.38,9.082,3.6328,2.2038
UI0000919,FAC0026,BANK01,2023,2023-07,23466,4305.85,30,11574,1477.47,152,552.13,7039.8,GO,0.38,8.9171,6.242,2.3379
UI0000920,FAC0026,BANK01,2023,2023-08,27807,8893.54,30,12482,970.69,254,846.93,8342.1,I-REC,0.38,10.5667,7.3967,2.5214
UI0000921,FAC0026,BANK01,2023,2023-09,22272,5427.03,30,10583,967.79,208,793.34,6681.6,GO,0.38,8.4634,5.9244,2.1378
UI0000922,FAC0026,BANK01,2023,2023-10,23008,5085.67,50,8995,1124.88,166,797.59,11504.0,GO,0.38,8.743,4.3715,1.817
UI0000923,FAC0026,BANK01,2023,2023-11,19653,3933.94,30,8994,743.59,238,1147.81,5895.9,GO,0.38,7.4681,5.2277,1.8168
UI0000924,FAC0026,BANK01,2023,2023-12,26686,6982.87,30,11832,1080.93,290,1347.51,8005.8,I-REC,0.38,10.1407,7.0985,2.3901
UI0000925,FAC0026,BANK01,2024,2024-01,29047,6075.3,40,12588,1042.09,158,676.73,11618.8,I-REC,0.3689,10.7154,6.4293,2.5428
UI0000926,FAC0026,BANK01,2024,2024-02,26609,6313.16,70,11626,1344.06,284,1194.32,18626.3,GO,0.3689,9.8161,2.9448,2.3485
UI0000927,FAC0026,BANK01,2024,2024-03,19739,4300.12,50,9598,903.62,292,1280.15,9869.5,GO,0.3689,7.2817,3.6409,1.9388
UI0000928,FAC0026,BANK01,2024,2024-04,20908,4073.04,50,9206,1014.94,192,618.41,10454.0,I-REC,0.3689,7.713,3.8565,1.8596
UI0000929,FAC0026,BANK01,2024,2024-05,22432,4573.93,40,9560,956.87,284,1352.32,8972.8,I-REC,0.3689,8.2752,4.9651,1.9311
UI0000930,FAC0026,BANK01,2024,2024-06,27609,5956.42,70,12070,1314.67,252,1154.75,19326.3,GO,0.3689,10.185,3.0555,2.4381
UI0000931,FAC0026,BANK01,2024,2024-07,27182,6657.01,50,11630,1627.49,199,958.33,13591.0,GO,0.3689,10.0274,5.0137,2.3493
UI0000932,FAC0026,BANK01,2024,2024-08,25131,6322.06,40,11063,953.08,205,951.55,10052.4,GO,0.3689,9.2708,5.5625,2.2347
UI0000933,FAC0026,BANK01,2024,2024-09,20797,5172.16,40,8709,987.42,223,922.0,8318.8,GO,0.3689,7.672,4.6032,1.7592
UI0000934,FAC0026,BANK01,2024,2024-10,18857,4431.87,50,9111,1251.27,136,578.09,9428.5,GO,0.3689,6.9563,3.4782,1.8404
UI0000935,FAC0026,BANK01,2024,2024-11,21933,5607.1,60,10031,1060.18,294,1041.01,13159.8,I-REC,0.3689,8.0911,3.2364,2.0263
UI0000936,FAC0026,BANK01,2024,2024-12,29852,7772.62,50,11486,1228.37,154,560.12,14926.0,GO,0.3689,11.0124,5.5062,2.3202
UI0000937,FAC0027,BANK01,2022,2022-01,59370,11234.5,30,25826,2108.82,292,1310.19,17811.0,GO,0.3914,23.2374,16.2662,5.2169
UI0000938,FAC0027,BANK01,2022,2022-02,60092,13839.14,20,30219,2810.96,164,780.2,12018.4,I-REC,0.3914,23.52,18.816,6.1042
UI0000939,FAC0027,BANK01,2022,2022-03,47504,10204.49,50,18761,1696.34,140,620.01,23752.0,I-REC,0.3914,18.5931,9.2965,3.7897
UI0000940,FAC0027,BANK01,2022,2022-04,44271,7989.6,20,19749,2102.8,157,712.19,8854.2,I-REC,0.3914,17.3277,13.8621,3.9893
UI0000941,FAC0027,BANK01,2022,2022-05,45760,13351.17,50,19127,1369.88,182,893.6,22880.0,I-REC,0.3914,17.9105,8.9552,3.8637
UI0000942,FAC0027,BANK01,2022,2022-06,59043,17409.18,30,24878,1983.29,274,1092.97,17712.9,I-REC,0.3914,23.1094,16.1766,5.0254
UI0000943,FAC0027,BANK01,2022,2022-07,59964,17005.9,50,26699,3023.51,242,913.89,29982.0,GO,0.3914,23.4699,11.735,5.3932
UI0000944,FAC0027,BANK01,2022,2022-08,55638,17358.63,20,26653,3482.54,191,782.19,11127.6,I-REC,0.3914,21.7767,17.4214,5.3839
UI0000945,FAC0027,BANK01,2022,2022-09,44964,8238.67,20,19827,2216.08,181,847.5,8992.8,GO,0.3914,17.5989,14.0791,4.0051
UI0000946,FAC0027,BANK01,2022,2022-10,45952,9035.25,50,19908,1528.43,176,821.93,22976.0,I-REC,0.3914,17.9856,8.9928,4.0214
UI0000947,FAC0027,BANK01,2022,2022-11,49235,11056.59,20,19096,2221.83,154,633.03,9847.0,GO,0.3914,19.2706,15.4165,3.8574
UI0000948,FAC0027,BANK01,2022,2022-12,58620,11783.29,40,26443,1884.64,228,973.98,23448.0,I-REC,0.3914,22.9439,13.7663,5.3415
UI0000949,FAC0027,BANK01,2023,2023-01,62586,14103.87,40,28123,2439.45,149,570.04,25034.4,GO,0.38,23.7827,14.2696,5.6808
UI0000950,FAC0027,BANK01,2023,2023-02,53443,11740.02,50,26254,3474.45,308,1092.38,26721.5,I-REC,0.38,20.3083,10.1542,5.3033
UI0000951,FAC0027,BANK01,2023,2023-03,43396,8167.06,30,20181,1607.55,267,1271.58,13018.8,GO,0.38,16.4905,11.5433,4.0766
UI0000952,FAC0027,BANK01,2023,2023-04,46197,12769.8,30,21686,1749.07,265,868.02,13859.1,I-REC,0.38,17.5549,12.2884,4.3806
UI0000953,FAC0027,BANK01,2023,2023-05,41786,13185.17,50,20202,1625.26,304,1453.54,20893.0,I-REC,0.38,15.8787,7.9393,4.0808
UI0000954,FAC0027,BANK01,2023,2023-06,50188,12525.08,30,25111,2968.57,228,1096.6,15056.4,I-REC,0.38,19.0714,13.35,5.0724
UI0000955,FAC0027,BANK01,2023,2023-07,53722,12765.53,40,26403,2143.5,202,981.94,21488.8,GO,0.38,20.4144,12.2486,5.3334
UI0000956,FAC0027,BANK01,2023,2023-08,52391,10600.05,30,24729,1894.96,138,626.96,15717.3,I-REC,0.38,19.9086,13.936,4.9953
UI0000957,FAC0027,BANK01,2023,2023-09,48227,13316.76,30,20630,2799.05,197,838.57,14468.1,I-REC,0.38,18.3263,12.8284,4.1673
UI0000958,FAC0027,BANK01,2023,2023-10,46775,10298.03,30,22357,2920.71,199,755.24,14032.5,GO,0.38,17.7745,12.4421,4.5161
UI0000959,FAC0027,BANK01,2023,2023-11,47634,8943.45,40,18626,1859.86,246,749.58,19053.6,GO,0.38,18.1009,10.8606,3.7625
UI0000960,FAC0027,BANK01,2023,2023-12,54096,10393.64,60,27561,2102.39,232,1103.85,32457.6,GO,0.38,20.5565,8.2226,5.5673
UI0000961,FAC0027,BANK01,2024,2024-01,62519,11854.24,70,25083,1913.08,301,920.68,43763.3,I-REC,0.3689,23.0633,6.919,5.0668
UI0000962,FAC0027,BANK01,2024,2024-02,62485,15601.64,40,29064,2908.05,267,1202.26,24994.0,I-REC,0.3689,23.0507,13.8304,5.8709
UI0000963,FAC0027,BANK01,2024,2024-03,40967,9163.82,60,21271,2569.08,299,1477.45,24580.2,I-REC,0.3689,15.1127,6.0451,4.2967
UI0000964,FAC0027,BANK01,2024,2024-04,41670,9944.74,70,18721,1597.15,163,695.69,29169.0,GO,0.3689,15.3721,4.6116,3.7816
UI0000965,FAC0027,BANK01,2024,2024-05,42341,9594.7,40,21877,1541.87,156,623.76,16936.4,GO,0.3689,15.6196,9.3718,4.4192
UI0000966,FAC0027,BANK01,2024,2024-06,55572,13829.34,60,25074,2016.53,174,603.74,33343.2,I-REC,0.3689,20.5005,8.2002,5.0649
UI0000967,FAC0027,BANK01,2024,2024-07,53610,13663.37,70,24075,1960.25,226,821.67,37527.0,I-REC,0.3689,19.7767,5.933,4.8632
UI0000968,FAC0027,BANK01,2024,2024-08,48769,11470.16,50,25335,3523.61,287,1153.39,24384.5,I-REC,0.3689,17.9909,8.9954,5.1177
UI0000969,FAC0027,BANK01,2024,2024-09,46368,14395.57,60,20826,2599.54,207,1015.42,27820.8,I-REC,0.3689,17.1052,6.8421,4.2069
UI0000970,FAC0027,BANK01,2024,2024-10,46443,14106.71,70,19115,1885.0,150,613.73,32510.1,GO,0.3689,17.1328,5.1398,3.8612
UI0000971,FAC0027,BANK01,2024,2024-11,43449,10699.87,60,21389,2739.74,280,1210.94,26069.4,I-REC,0.3689,16.0283,6.4113,4.3206
UI0000972,FAC0027,BANK01,2024,2024-12,58713,13961.33,40,27423,3709.93,202,931.74,23485.2,I-REC,0.3689,21.6592,12.9955,5.5394
UI0000973,FAC0028,BANK01,2022,2022-01,10708,2115.66,30,5212,479.11,467,1654.93,3212.4,GO,0.3914,4.1911,2.9338,1.0528
UI0000974,FAC0028,BANK01,2022,2022-02,10499,2694.84,50,4685,638.67,396,1307.45,5249.5,GO,0.3914,4.1093,2.0547,0.9464
UI0000975,FAC0028,BANK01,2022,2022-03,8086,1640.71,40,3964,348.73,427,1951.95,3234.4,GO,0.3914,3.1649,1.8989,0.8007
UI0000976,FAC0028,BANK01,2022,2022-04,7552,2039.0,40,3781,287.95,386,1253.52,3020.8,I-REC,0.3914,2.9559,1.7735,0.7638
UI0000977,FAC0028,BANK01,2022,2022-05,8645,2199.01,20,3945,404.17,408,1226.06,1729.0,GO,0.3914,3.3837,2.7069,0.7969
UI0000978,FAC0028,BANK01,2022,2022-06,10562,2641.15,40,4464,582.46,261,1203.88,4224.8,I-REC,0.3914,4.134,2.4804,0.9017
UI0000979,FAC0028,BANK01,2022,2022-07,10675,2723.81,50,4742,661.58,275,1047.83,5337.5,I-REC,0.3914,4.1782,2.0891,0.9579
UI0000980,FAC0028,BANK01,2022,2022-08,10966,3498.32,20,4261,352.48,428,1421.81,2193.2,I-REC,0.3914,4.2921,3.4337,0.8607
UI0000981,FAC0028,BANK01,2022,2022-09,8992,1722.12,40,3712,448.54,377,1317.34,3596.8,GO,0.3914,3.5195,2.1117,0.7498
UI0000982,FAC0028,BANK01,2022,2022-10,7573,1367.58,50,4019,547.46,215,858.57,3786.5,I-REC,0.3914,2.9641,1.482,0.8118
UI0000983,FAC0028,BANK01,2022,2022-11,7692,1441.5,50,4036,299.03,435,1446.95,3846.0,I-REC,0.3914,3.0106,1.5053,0.8153
UI0000984,FAC0028,BANK01,2022,2022-12,12260,2344.42,20,4837,612.03,360,1103.35,2452.0,I-REC,0.3914,4.7986,3.8389,0.9771
UI0000985,FAC0028,BANK01,2023,2023-01,9860,2107.06,30,4838,592.73,452,1804.73,2958.0,I-REC,0.38,3.7468,2.6228,0.9773
UI0000986,FAC0028,BANK01,2023,2023-02,10047,1872.58,60,5367,657.16,405,1931.55,6028.2,I-REC,0.38,3.8179,1.5271,1.0841
UI0000987,FAC0028,BANK01,2023,2023-03,8615,2375.36,50,4072,460.86,243,1094.11,4307.5,I-REC,0.38,3.2737,1.6369,0.8225
UI0000988,FAC0028,BANK01,2023,2023-04,7457,2224.84,50,3787,433.72,227,1053.95,3728.5,I-REC,0.38,2.8337,1.4168,0.765
UI0000989,FAC0028,BANK01,2023,2023-05,7912,1509.5,30,3679,504.3,204,751.02,2373.6,GO,0.38,3.0066,2.1046,0.7432
UI0000990,FAC0028,BANK01,2023,2023-06,9688,2995.21,60,4312,470.3,233,1014.01,5812.8,GO,0.38,3.6814,1.4726,0.871
UI0000991,FAC0028,BANK01,2023,2023-07,10688,3090.06,40,4642,519.5,202,628.72,4275.2,GO,0.38,4.0614,2.4369,0.9377
UI0000992,FAC0028,BANK01,2023,2023-08,9466,1740.31,60,4263,504.39,312,1005.31,5679.6,GO,0.38,3.5971,1.4388,0.8611
UI0000993,FAC0028,BANK01,2023,2023-09,8382,2303.03,40,4141,544.7,242,1010.63,3352.8,I-REC,0.38,3.1852,1.9111,0.8365
UI0000994,FAC0028,BANK01,2023,2023-10,8992,2292.66,30,3593,373.53,332,1552.1,2697.6,GO,0.38,3.417,2.3919,0.7258
UI0000995,FAC0028,BANK01,2023,2023-11,7439,2275.99,30,4067,286.68,351,1613.38,2231.7,I-REC,0.38,2.8268,1.9788,0.8215
UI0000996,FAC0028,BANK01,2023,2023-12,11026,3195.48,50,5217,535.19,393,1941.64,5513.0,GO,0.38,4.1899,2.0949,1.0538
UI0000997,FAC0028,BANK01,2024,2024-01,9702,2010.08,60,4614,571.04,270,925.18,5821.2,GO,0.3689,3.5791,1.4316,0.932
UI0000998,FAC0028,BANK01,2024,2024-02,10481,2459.87,40,4631,336.51,461,2298.84,4192.4,GO,0.3689,3.8664,2.3199,0.9355
UI0000999,FAC0028,BANK01,2024,2024-03,8193,1772.49,70,3901,455.04,349,1060.91,5735.1,I-REC,0.3689,3.0224,0.9067,0.788
UI0001000,FAC0028,BANK01,2024,2024-04,8512,2270.7,70,3841,300.7,297,1234.37,5958.4,I-REC,0.3689,3.1401,0.942,0.7759
UI0001001,FAC0028,BANK01,2024,2024-05,8803,1694.77,50,4025,297.22,388,1253.58,4401.5,I-REC,0.3689,3.2474,1.6237,0.8131
UI0001002,FAC0028,BANK01,2024,2024-06,9629,1739.17,40,4346,586.46,240,824.44,3851.6,I-REC,0.3689,3.5521,2.1313,0.8779
UI0001003,FAC0028,BANK01,2024,2024-07,9546,2911.44,60,4963,401.79,457,2146.56,5727.6,I-REC,0.3689,3.5215,1.4086,1.0025
UI0001004,FAC0028,BANK01,2024,2024-08,10211,2664.09,50,4705,424.39,367,1728.78,5105.5,I-REC,0.3689,3.7668,1.8834,0.9504
UI0001005,FAC0028,BANK01,2024,2024-09,8034,2276.86,40,3498,391.94,204,942.27,3213.6,I-REC,0.3689,2.9637,1.7782,0.7066
UI0001006,FAC0028,BANK01,2024,2024-10,8533,1656.52,50,3569,477.57,262,983.58,4266.5,I-REC,0.3689,3.1478,1.5739,0.7209
UI0001007,FAC0028,BANK01,2024,2024-11,8381,2327.91,70,3901,383.47,392,1798.64,5866.7,I-REC,0.3689,3.0918,0.9275,0.788
UI0001008,FAC0028,BANK01,2024,2024-12,10129,2153.16,60,5304,575.47,366,1166.42,6077.4,I-REC,0.3689,3.7366,1.4946,1.0714
