invoice_id,facility_id,bank_id,invoice_year,invoice_month,electricity_kwh,electricity_cost_eur,renewable_share_pct,natural_gas_kwh,natural_gas_cost_eur,water_m3,water_cost_eur,rec_volume_kwh,rec_registry,grid_emission_factor_tco2e_per_mwh,scope2_location_tco2e,scope2_market_tco2e,scope1_gas_tco2e
UI0000001,FAC0001,BANK01,2022,2022-01,360139,112705.06,50,155810,20432.19,1098,5025.03,180069.5,I-REC,0.2987,107.5735,53.7868,31.4736
UI0000002,FAC0001,BANK01,2022,2022-02,354996,64592.6,40,180250,22602.68,658,2844.89,141998.4,GO,0.2987,106.0373,63.6224,36.4105
UI0000003,FAC0001,BANK01,2022,2022-03,254865,46460.49,20,128207,13213.04,684,2422.58,50973.0,I-REC,0.2987,76.1282,60.9025,25.8978
UI0000004,FAC0001,BANK01,2022,2022-04,256227,54290.27,40,125800,13090.43,665,2957.56,102490.8,I-REC,0.2987,76.535,45.921,25.4116
UI0000005,FAC0001,BANK01,2022,2022-05,269050,61739.37,20,137128,10616.56,666,3267.33,53810.0,I-REC,0.2987,80.3652,64.2922,27.6999
UI0000006,FAC0001,BANK01,2022,2022-06,347049,101514.29,50,157155,15581.0,653,1975.94,173524.5,GO,0.2987,103.6635,51.8318,31.7453
UI0000007,FAC0001,BANK01,2022,2022-07,320516,85137.94,50,143334,16044.54,1010,4099.87,160258.0,GO,0.2987,95.7381,47.8691,28.9535
UI0000008,FAC0001,BANK01,2022,2022-08,322722,74787.42,30,149941,20681.38,1053,3291.94,96816.6,GO,0.2987,96.3971,67.4779,30.2881
UI0000009,FAC0001,BANK01,2022,2022-09,269826,74568.96,40,123778,16550.38,702,3373.19,107930.4,GO,0.2987,80.597,48.3582,25.0032
UI0000010,FAC0001,BANK01,2022,2022-10,280014,72159.44,40,135983,15013.26,898,3288.59,112005.6,GO,0.2987,83.6402,50.1841,27.4686
UI0000011,FAC0001,BANK01,2022,2022-11,256043,71470.48,30,116481,13122.41,785,3631.92,76812.9,I-REC,0.2987,76.48,53.536,23.5292
UI0000012,FAC0001,BANK01,2022,2022-12,345370,86872.46,40,169948,13033.45,1201,5404.96,138148.0,GO,0.2987,103.162,61.8972,34.3295
UI0000013,FAC0001,BANK01,2023,2023-01,365153,69148.86,50,150694,14658.06,908,3074.82,182576.5,GO,0.29,105.8944,52.9472,30.4402
UI0000014,FAC0001,BANK01,2023,2023-02,375583,92515.32,30,171437,14680.72,815,2449.98,112674.9,I-REC,0.29,108.9191,76.2433,34.6303
UI0000015,FAC0001,BANK01,2023,2023-03,259570,81487.71,50,126326,13128.91,960,3483.2,129785.0,I-REC,0.29,75.2753,37.6376,25.5179
UI0000016,FAC0001,BANK01,2023,2023-04,287742,90374.47,40,115950,12966.82,1142,3700.91,115096.8,I-REC,0.29,83.4452,50.0671,23.4219
UI0000017,FAC0001,BANK01,2023,2023-05,279735,60073.57,50,129160,12440.77,692,3045.69,139867.5,GO,0.29,81.1231,40.5616,26.0903
UI0000018,FAC0001,BANK01,2023,2023-06,349691,64182.19,50,144676,16726.64,699,3162.8,174845.5,I-REC,0.29,101.4104,50.7052,29.2246
UI0000019,FAC0001,BANK01,2023,2023-07,299126,72548.8,40,149704,14482.57,1215,4026.46,119650.4,I-REC,0.29,86.7465,52.0479,30.2402
UI0000020,FAC0001,BANK01,2023,2023-08,322999,70618.22,60,145155,17337.43,1235,4824.73,193799.4,I-REC,0.29,93.6697,37.4679,29.3213
UI0000021,FAC0001,BANK01,2023,2023-09,249240,46692.44,30,114186,10603.05,1249,4938.8,74772.0,I-REC,0.29,72.2796,50.5957,23.0656
UI0000022,FAC0001,BANK01,2023,2023-10,248109,66504.29,30,131536,15158.6,824,3123.85,74432.7,I-REC,0.29,71.9516,50.3661,26.5703
UI0000023,FAC0001,BANK01,2023,2023-11,257990,58141.14,50,131641,16185.84,574,1767.21,128995.0,GO,0.29,74.8171,37.4085,26.5915
UI0000024,FAC0001,BANK01,2023,2023-12,357179,67486.44,60,171794,12842.05,1071,3537.66,214307.4,GO,0.29,103.5819,41.4328,34.7024
UI0000025,FAC0001,BANK01,2024,2024-01,350808,110899.08,60,175365,16426.63,721,2758.03,210484.8,GO,0.2816,98.7875,39.515,35.4237
UI0000026,FAC0001,BANK01,2024,2024-02,366738,98965.94,70,160934,15726.36,948,3137.85,256716.6,GO,0.2816,103.2734,30.982,32.5087
UI0000027,FAC0001,BANK01,2024,2024-03,278824,79963.09,40,128483,16806.42,877,3029.85,111529.6,GO,0.2816,78.5168,47.1101,25.9536
UI0000028,FAC0001,BANK01,2024,2024-04,238682,58958.52,50,125320,9142.38,567,2561.17,119341.0,GO,0.2816,67.2129,33.6064,25.3146
UI0000029,FAC0001,BANK01,2024,2024-05,285483,64294.49,60,131869,16209.0,650,2821.34,171289.8,GO,0.2816,80.392,32.1568,26.6375
UI0000030,FAC0001,BANK01,2024,2024-06,289337,74360.87,70,155592,11328.51,909,3799.02,202535.9,GO,0.2816,81.4773,24.4432,31.4296
UI0000031,FAC0001,BANK01,2024,2024-07,301475,78812.09,40,150191,14383.53,554,2657.63,120590.0,I-REC,0.2816,84.8954,50.9372,30.3386
UI0000032,FAC0001,BANK01,2024,2024-08,298616,64856.57,60,139259,13396.86,942,3557.78,179169.6,I-REC,0.2816,84.0903,33.6361,28.1303
UI0000033,FAC0001,BANK01,2024,2024-09,279452,63096.94,50,127028,11206.91,737,2386.65,139726.0,I-REC,0.2816,78.6937,39.3468,25.6597
UI0000034,FAC0001,BANK01,2024,2024-10,250671,52300.65,70,109491,8528.09,991,3740.93,175469.7,I-REC,0.2816,70.589,21.1767,22.1172
UI0000035,FAC0001,BANK01,2024,2024-11,241312,71575.59,60,131353,15393.84,699,3336.54,144787.2,GO,0.2816,67.9535,27.1814,26.5333
UI0000036,FAC0001,BANK01,2024,2024-12,371418,96330.42,50,156694,20668.98,589,2064.25,185709.0,GO,0.2816,104.5913,52.2957,31.6522
UI0000037,FAC0002,BANK01,2022,2022-01,22311,6703.34,30,9884,834.65,746,3650.62,6693.3,GO,0.3914,8.7325,6.1128,1.9966
UI0000038,FAC0002,BANK01,2022,2022-02,21766,6723.84,30,9920,1027.83,1339,5615.07,6529.8,I-REC,0.3914,8.5192,5.9634,2.0038
UI0000039,FAC0002,BANK01,2022,2022-03,17681,4708.31,20,7963,1050.39,1303,6131.09,3536.2,GO,0.3914,6.9203,5.5363,1.6085
UI0000040,FAC0002,BANK01,2022,2022-04,17095,3803.34,20,8256,798.35,1310,5418.45,3419.0,I-REC,0.3914,6.691,5.3528,1.6677
UI0000041,FAC0002,BANK01,2022,2022-05,15559,4915.58,30,7018,855.7,745,2790.5,4667.7,I-REC,0.3914,6.0898,4.2629,1.4176
UI0000042,FAC0002,BANK01,2022,2022-06,19509,5965.72,20,9708,884.82,809,2852.09,3901.8,I-REC,0.3914,7.6358,6.1087,1.961
UI0000043,FAC0002,BANK01,2022,2022-07,22162,4362.49,30,10148,1162.65,1197,5871.11,6648.6,I-REC,0.3914,8.6742,6.0719,2.0499
UI0000044,FAC0002,BANK01,2022,2022-08,21602,3931.74,30,10135,770.53,1299,4507.02,6480.6,I-REC,0.3914,8.455,5.9185,2.0473
UI0000045,FAC0002,BANK01,2022,2022-09,17931,3284.21,40,7829,856.7,1009,3154.71,7172.4,GO,0.3914,7.0182,4.2109,1.5815
UI0000046,FAC0002,BANK01,2022,2022-10,17337,3193.23,50,7268,761.83,886,4129.56,8668.5,I-REC,0.3914,6.7857,3.3929,1.4681
UI0000047,FAC0002,BANK01,2022,2022-11,16404,4460.66,20,8435,1156.94,1024,4866.82,3280.8,I-REC,0.3914,6.4205,5.1364,1.7039
UI0000048,FAC0002,BANK01,2022,2022-12,23196,4254.56,40,10724,954.84,735,3486.83,9278.4,I-REC,0.3914,9.0789,5.4473,2.1662
UI0000049,FAC0002,BANK01,2023,2023-01,20660,6245.37,30,9964,1280.15,581,2248.87,6198.0,I-REC,0.38,7.8508,5.4956,2.0127
UI0000050,FAC0002,BANK01,2023,2023-02,23789,5236.25,30,10046,765.4,758,2830.82,7136.7,GO,0.38,9.0398,6.3279,2.0293
UI0000051,FAC0002,BANK01,2023,2023-03,17412,4904.4,50,7619,821.74,867,3157.11,8706.0,I-REC,0.38,6.6166,3.3083,1.539
UI0000052,FAC0002,BANK01,2023,2023-04,16818,4127.94,50,7411,699.01,1027,3681.69,8409.0,GO,0.38,6.3908,3.1954,1.497
UI0000053,FAC0002,BANK01,2023,2023-05,17391,4007.69,60,7932,794.94,961,4040.34,10434.6,I-REC,0.38,6.6086,2.6434,1.6023
UI0000054,FAC0002,BANK01,2023,2023-06,21538,5236.05,60,8921,961.19,856,3732.74,12922.8,I-REC,0.38,8.1844,3.2738,1.802
UI0000055,FAC0002,BANK01,2023,2023-07,21557,5687.4,40,8941,963.97,1288,6007.27,8622.8,I-REC,0.38,8.1917,4.915,1.8061
UI0000056,FAC0002,BANK01,2023,2023-08,18636,5506.12,40,9782,956.14,687,3192.41,7454.4,I-REC,0.38,7.0817,4.249,1.976
UI0000057,FAC0002,BANK01,2023,2023-09,17608,4588.03,30,8293,728.38,999,4096.8,5282.4,GO,0.38,6.691,4.6837,1.6752
UI0000058,FAC0002,BANK01,2023,2023-10,17810,4425.52,50,7914,734.29,1107,5172.94,8905.0,I-REC,0.38,6.7678,3.3839,1.5986
UI0000059,FAC0002,BANK01,2023,2023-11,15948,3359.77,60,8212,776.69,983,3751.12,9568.8,GO,0.38,6.0602,2.4241,1.6588
UI0000060,FAC0002,BANK01,2023,2023-12,22914,4624.0,60,9277,1100.03,1073,4835.62,13748.4,GO,0.38,8.7073,3.4829,1.874
UI0000061,FAC0002,BANK01,2024,2024-01,22305,5561.27,40,10644,1427.46,1327,5825.36,8922.0,GO,0.3689,8.2283,4.937,2.1501
UI0000062,FAC0002,BANK01,2024,2024-02,20553,5259.01,50,10373,796.24,813,3763.37,10276.5,I-REC,0.3689,7.582,3.791,2.0953
UI0000063,FAC0002,BANK01,2024,2024-03,14507,4292.21,50,6707,788.97,672,2106.08,7253.5,I-REC,0.3689,5.3516,2.6758,1.3548
UI0000064,FAC0002,BANK01,2024,2024-04,15883,2882.44,70,6837,764.58,1308,4821.73,11118.1,GO,0.3689,5.8592,1.7578,1.3811
UI0000065,FAC0002,BANK01,2024,2024-05,15634,4204.46,70,7110,793.0,1057,4606.65,10943.8,GO,0.3689,5.7674,1.7302,1.4362
UI0000066,FAC0002,BANK01,2024,2024-06,21468,5970.0,60,9045,1178.4,850,3202.38,12880.8,GO,0.3689,7.9195,3.1678,1.8271
UI0000067,FAC0002,BANK01,2024,2024-07,19752,6179.95,60,8318,981.02,1111,5543.09,11851.2,GO,0.3689,7.2865,2.9146,1.6802
UI0000068,FAC0002,BANK01,2024,2024-08,19128,4714.71,40,9883,1067.97,1165,3688.31,7651.2,I-REC,0.3689,7.0563,4.2338,1.9964
UI0000069,FAC0002,BANK01,2024,2024-09,16754,3906.68,70,7720,722.72,1291,5431.52,11727.8,GO,0.3689,6.1806,1.8542,1.5594
UI0000070,FAC0002,BANK01,2024,2024-10,15937,3351.83,70,7139,704.92,1006,3038.71,11155.9,I-REC,0.3689,5.8792,1.7637,1.4421
UI0000071,FAC0002,BANK01,2024,2024-11,14843,2815.33,70,7938,656.36,1182,4195.49,10390.1,GO,0.3689,5.4756,1.6427,1.6035
UI0000072,FAC0002,BANK01,2024,2024-12,21658,4666.19,40,10462,818.51,993,4005.24,8663.2,GO,0.3689,7.9896,4.7938,2.1133
UI0000073,FAC0003,BANK01,2022,2022-01,74262,16385.18,20,36312,3384.25,388,1249.11,14852.4,I-REC,0.3914,29.0661,23.2529,7.335
UI0000074,FAC0003,BANK01,2022,2022-02,73958,15891.06,50,39140,3800.93,230,1032.48,36979.0,I-REC,0.3914,28.9472,14.4736,7.9063
UI0000075,FAC0003,BANK01,2022,2022-03,61416,12625.59,40,25721,2412.76,273,1191.94,24566.4,GO,0.3914,24.0382,14.4229,5.1956
UI0000076,FAC0003,BANK01,2022,2022-04,63700,12371.51,20,26008,2073.99,289,1294.93,12740.0,GO,0.3914,24.9322,19.9457,5.2536
UI0000077,FAC0003,BANK01,2022,2022-05,64905,18900.81,40,27845,2787.23,288,1272.04,25962.0,GO,0.3914,25.4038,15.2423,5.6247
UI0000078,FAC0003,BANK01,2022,2022-06,78615,19363.83,50,32725,2929.65,313,1287.86,39307.5,GO,0.3914,30.7699,15.385,6.6105
UI0000079,FAC0003,BANK01,2022,2022-07,71690,17667.83,40,30688,3237.52,245,854.18,28676.0,GO,0.3914,28.0595,16.8357,6.199
UI0000080,FAC0003,BANK01,2022,2022-08,79054,20542.88,20,31174,3632.55,187,727.84,15810.8,GO,0.3914,30.9417,24.7534,6.2971
UI0000081,FAC0003,BANK01,2022,2022-09,65499,20692.52,20,26803,3107.5,245,1020.24,13099.8,GO,0.3914,25.6363,20.509,5.4142
UI0000082,FAC0003,BANK01,2022,2022-10,55005,10926.75,40,24968,2973.77,230,695.15,22002.0,GO,0.3914,21.529,12.9174,5.0435
UI0000083,FAC0003,BANK01,2022,2022-11,54339,14235.74,40,29084,2053.91,209,995.0,21735.6,I-REC,0.3914,21.2683,12.761,5.875
UI0000084,FAC0003,BANK01,2022,2022-12,73676,15207.71,30,39751,4103.62,390,1543.41,22102.8,I-REC,0.3914,28.8368,20.1858,8.0297
UI0000085,FAC0003,BANK01,2023,2023-01,71611,14354.84,30,35127,2771.06,335,1346.61,21483.3,I-REC,0.38,27.2122,19.0485,7.0957
UI0000086,FAC0003,BANK01,2023,2023-02,83478,21642.68,30,32828,2865.71,306,1379.09,25043.4,GO,0.38,31.7216,22.2051,6.6313
UI0000087,FAC0003,BANK01,2023,2023-03,62358,14772.29,50,26204,3214.34,236,728.25,31179.0,GO,0.38,23.696,11.848,5.2932
UI0000088,FAC0003,BANK01,2023,2023-04,56294,13212.69,50,26382,2966.67,228,1079.32,28147.0,GO,0.38,21.3917,10.6959,5.3292
UI0000089,FAC0003,BANK01,2023,2023-05,61294,16576.7,60,24941,3064.75,330,1093.81,36776.4,I-REC,0.38,23.2917,9.3167,5.0381
UI0000090,FAC0003,BANK01,2023,2023-06,72779,19211.84,60,31539,3129.05,369,1521.52,43667.4,GO,0.38,27.656,11.0624,6.3709
UI0000091,FAC0003,BANK01,2023,2023-07,74285,17214.28,30,34763,3390.39,369,1449.81,22285.5,I-REC,0.38,28.2283,19.7598,7.0221
UI0000092,FAC0003,BANK01,2023,2023-08,75745,23382.92,50,35686,4634.77,255,1004.66,37872.5,I-REC,0.38,28.7831,14.3916,7.2086
UI0000093,FAC0003,BANK01,2023,2023-09,58248,14311.88,40,28337,2164.07,385,1532.05,23299.2,I-REC,0.38,22.1342,13.2805,5.7241
UI0000094,FAC0003,BANK01,2023,2023-10,56550,15159.75,50,27041,3661.12,334,1586.33,28275.0,GO,0.38,21.489,10.7445,5.4623
UI0000095,FAC0003,BANK01,2023,2023-11,59493,18264.97,50,25483,2793.47,406,1500.99,29746.5,I-REC,0.38,22.6073,11.3037,5.1476
UI0000096,FAC0003,BANK01,2023,2023-12,74839,16389.22,60,38274,4280.69,307,1332.19,44903.4,GO,0.38,28.4388,11.3755,7.7313
UI0000097,FAC0003,BANK01,2024,2024-01,71542,14780.24,60,36010,4249.85,372,1646.19,42925.2,I-REC,0.3689,26.3918,10.5567,7.274
UI0000098,FAC0003,BANK01,2024,2024-02,77104,15143.96,50,33133,3995.57,293,1049.8,38552.0,GO,0.3689,28.4437,14.2218,6.6929
UI0000099,FAC0003,BANK01,2024,2024-03,54328,11171.52,60,26929,3105.54,335,1337.96,32596.8,I-REC,0.3689,20.0416,8.0166,5.4397
UI0000100,FAC0003,BANK01,2024,2024-04,54312,13862.44,70,26328,2112.66,247,1040.36,38018.4,I-REC,0.3689,20.0357,6.0107,5.3183
UI0000101,FAC0003,BANK01,2024,2024-05,54391,9815.26,70,28875,2403.12,378,1840.2,38073.7,GO,0.3689,20.0648,6.0195,5.8328
UI0000102,FAC0003,BANK01,2024,2024-06,75923,19098.93,60,31987,3180.61,421,1486.72,45553.8,GO,0.3689,28.008,11.2032,6.4614
UI0000103,FAC0003,BANK01,2024,2024-07,76675,18915.07,40,33107,3214.09,300,971.67,30670.0,I-REC,0.3689,28.2854,16.9712,6.6876
UI0000104,FAC0003,BANK01,2024,2024-08,65478,12162.2,40,31384,2351.28,375,1205.6,26191.2,I-REC,0.3689,24.1548,14.4929,6.3396
UI0000105,FAC0003,BANK01,2024,2024-09,57626,12025.68,70,24443,3236.05,205,847.29,40338.2,I-REC,0.3689,21.2582,6.3775,4.9375
UI0000106,FAC0003,BANK01,2024,2024-10,51613,11343.83,60,25553,2219.22,333,1145.81,30967.8,I-REC,0.3689,19.04,7.616,5.1617
UI0000107,FAC0003,BANK01,2024,2024-11,58409,17388.8,60,27740,2236.38,406,1667.61,35045.4,I-REC,0.3689,21.5471,8.6188,5.6035
UI0000108,FAC0003,BANK01,2024,2024-12,73500,15320.32,70,33241,3760.91,376,1845.76,51450.0,I-REC,0.3689,27.1142,8.1342,6.7147
UI0000109,FAC0004,BANK01,2022,2022-01,93500,27427.01,40,49257,3877.48,1915,6687.92,37400.0,I-REC,0.3914,36.5959,21.9575,9.9499
UI0000110,FAC0004,BANK01,2022,2022-02,99920,30822.08,30,44572,3992.0,1506,4527.54,29976.0,GO,0.3914,39.1087,27.3761,9.0035
UI0000111,FAC0004,BANK01,2022,2022-03,78984,19150.71,50,34791,3000.82,1785,8379.8,39492.0,I-REC,0.3914,30.9143,15.4572,7.0278
UI0000112,FAC0004,BANK01,2022,2022-04,74972,22422.78,50,34854,4271.31,998,3039.96,37486.0,I-REC,0.3914,29.344,14.672,7.0405
UI0000113,FAC0004,BANK01,2022,2022-05,80418,23364.83,50,33169,3538.32,1577,5746.84,40209.0,GO,0.3914,31.4756,15.7378,6.7001
UI0000114,FAC0004,BANK01,2022,2022-06,93322,21670.73,30,44076,5255.71,1760,7395.36,27996.6,GO,0.3914,36.5262,25.5684,8.9034
UI0000115,FAC0004,BANK01,2022,2022-07,97054,20430.83,30,42026,3981.06,1704,6046.28,29116.2,I-REC,0.3914,37.9869,26.5909,8.4893
UI0000116,FAC0004,BANK01,2022,2022-08,97353,30616.71,50,46513,5491.07,1251,5162.4,48676.5,GO,0.3914,38.104,19.052,9.3956
UI0000117,FAC0004,BANK01,2022,2022-09,78591,18425.01,20,32179,3030.07,1621,6098.11,15718.2,I-REC,0.3914,30.7605,24.6084,6.5002
UI0000118,FAC0004,BANK01,2022,2022-10,76231,18389.26,20,36828,3475.68,1838,6503.29,15246.2,I-REC,0.3914,29.8368,23.8695,7.4393
UI0000119,FAC0004,BANK01,2022,2022-11,82656,24756.35,30,33555,3863.88,1006,4223.4,24796.8,I-REC,0.3914,32.3516,22.6461,6.7781
UI0000120,FAC0004,BANK01,2022,2022-12,108142,20191.95,40,50248,4321.36,1916,8457.62,43256.8,GO,0.3914,42.3268,25.3961,10.1501
UI0000121,FAC0004,BANK01,2023,2023-01,92979,17767.89,50,47120,6372.54,1444,5640.56,46489.5,GO,0.38,35.332,17.666,9.5182
UI0000122,FAC0004,BANK01,2023,2023-02,95661,20287.06,40,49359,4531.74,1140,4606.76,38264.4,GO,0.38,36.3512,21.8107,9.9705
UI0000123,FAC0004,BANK01,2023,2023-03,70828,15607.23,40,31726,3265.16,889,3419.56,28331.2,GO,0.38,26.9146,16.1488,6.4087
UI0000124,FAC0004,BANK01,2023,2023-04,69871,13235.91,30,31207,2406.24,1896,8787.16,20961.3,I-REC,0.38,26.551,18.5857,6.3038
UI0000125,FAC0004,BANK01,2023,2023-05,70033,19696.72,50,31946,2577.73,1343,6532.76,35016.5,GO,0.38,26.6125,13.3063,6.4531
UI0000126,FAC0004,BANK01,2023,2023-06,86820,21866.0,50,38071,2720.18,1779,7132.05,43410.0,I-REC,0.38,32.9916,16.4958,7.6903
UI0000127,FAC0004,BANK01,2023,2023-07,83366,24886.02,40,39136,3402.28,885,3732.88,33346.4,GO,0.38,31.6791,19.0074,7.9055
UI0000128,FAC0004,BANK01,2023,2023-08,89044,18211.31,60,44609,3465.73,1343,4695.7,53426.4,GO,0.38,33.8367,13.5347,9.011
UI0000129,FAC0004,BANK01,2023,2023-09,76940,15313.11,60,36301,3270.87,905,3672.3,46164.0,GO,0.38,29.2372,11.6949,7.3328
UI0000130,FAC0004,BANK01,2023,2023-10,74692,22738.56,60,36299,3726.58,1441,6188.67,44815.2,I-REC,0.38,28.383,11.3532,7.3324
UI0000131,FAC0004,BANK01,2023,2023-11,75136,21430.92,60,36521,3894.71,1471,5612.39,45081.6,I-REC,0.38,28.5517,11.4207,7.3772
UI0000132,FAC0004,BANK01,2023,2023-12,99852,18999.68,40,46054,6430.52,1723,8070.35,39940.8,I-REC,0.38,37.9438,22.7663,9.3029
UI0000133,FAC0004,BANK01,2024,2024-01,90274,20971.31,60,48784,4489.01,1255,4263.74,54164.4,GO,0.3689,33.3021,13.3208,9.8544
UI0000134,FAC0004,BANK01,2024,2024-02,88328,21462.97,50,44554,4960.2,1538,6947.93,44164.0,I-REC,0.3689,32.5842,16.2921,8.9999
UI0000135,FAC0004,BANK01,2024,2024-03,68062,12407.22,50,35840,3078.48,1270,4925.13,34031.0,I-REC,0.3689,25.1081,12.554,7.2397
UI0000136,FAC0004,BANK01,2024,2024-04,73151,17911.89,50,33624,3332.34,1346,4176.22,36575.5,GO,0.3689,26.9854,13.4927,6.792
UI0000137,FAC0004,BANK01,2024,2024-05,79913,18568.98,60,36540,3454.45,1853,8929.21,47947.8,GO,0.3689,29.4799,11.792,7.3811
UI0000138,FAC0004,BANK01,2024,2024-06,96583,22182.06,60,44453,4706.65,918,3629.97,57949.8,I-REC,0.3689,35.6295,14.2518,8.9795
UI0000139,FAC0004,BANK01,2024,2024-07,97425,22057.34,60,44424,4074.74,1362,5466.3,58455.0,GO,0.3689,35.9401,14.376,8.9736
UI0000140,FAC0004,BANK01,2024,2024-08,80878,15236.14,60,38075,4023.21,1656,7056.79,48526.8,GO,0.3689,29.8359,11.9344,7.6912
UI0000141,FAC0004,BANK01,2024,2024-09,71457,16332.9,70,33502,3110.93,1201,4486.86,50019.9,GO,0.3689,26.3605,7.9081,6.7674
UI0000142,FAC0004,BANK01,2024,2024-10,77764,18716.02,70,34431,3648.93,1810,7842.08,54434.8,I-REC,0.3689,28.6871,8.6061,6.9551
UI0000143,FAC0004,BANK01,2024,2024-11,74049,23000.56,50,35537,3427.71,1392,6015.16,37024.5,I-REC,0.3689,27.3167,13.6583,7.1785
UI0000144,FAC0004,BANK01,2024,2024-12,96617,27699.63,50,47144,3948.0,1127,4771.43,48308.5,GO,0.3689,35.642,17.821,9.5231
UI0000145,FAC0005,BANK01,2022,2022-01,18596,5829.82,20,8483,709.3,507,2098.27,3719.2,GO,0.3914,7.2785,5.8228,1.7136
UI0000146,FAC0005,BANK01,2022,2022-02,19148,6101.7,40,9571,811.08,575,2864.68,7659.2,GO,0.3914,7.4945,4.4967,1.9333
UI0000147,FAC0005,BANK01,2022,2022-03,13619,2869.16,20,6116,819.91,942,3138.0,2723.8,I-REC,0.3914,5.3305,4.2644,1.2354
UI0000148,FAC0005,BANK01,2022,2022-04,15106,4023.51,40,6219,861.72,906,4259.28,6042.4,I-REC,0.3914,5.9125,3.5475,1.2562
UI0000149,FAC0005,BANK01,2022,2022-05,15932,4276.36,40,6413,595.49,835,2764.85,6372.8,I-REC,0.3914,6.2358,3.7415,1.2954
UI0000150,FAC0005,BANK01,2022,2022-06,18496,5416.86,40,8594,1069.79,810,2827.38,7398.4,GO,0.3914,7.2393,4.3436,1.736
UI0000151,FAC0005,BANK01,2022,2022-07,18970,4739.51,40,8128,981.04,652,2483.74,7588.0,GO,0.3914,7.4249,4.4549,1.6419
UI0000152,FAC0005,BANK01,2022,2022-08,19460,5747.89,20,7908,860.79,1029,4824.96,3892.0,I-REC,0.3914,7.6166,6.0933,1.5974
UI0000153,FAC0005,BANK01,2022,2022-09,13781,4267.25,30,7354,873.78,775,3109.06,4134.3,GO,0.3914,5.3939,3.7757,1.4855
UI0000154,FAC0005,BANK01,2022,2022-10,14346,2745.22,40,6604,537.38,840,3328.37,5738.4,I-REC,0.3914,5.615,3.369,1.334
UI0000155,FAC0005,BANK01,2022,2022-11,15853,3820.37,20,6155,782.02,679,2246.19,3170.6,GO,0.3914,6.2049,4.9639,1.2433
UI0000156,FAC0005,BANK01,2022,2022-12,19364,4320.52,20,8142,847.23,1077,5380.26,3872.8,I-REC,0.3914,7.5791,6.0633,1.6447
UI0000157,FAC0005,BANK01,2023,2023-01,20712,6191.29,60,8623,776.52,615,2596.0,12427.2,I-REC,0.38,7.8706,3.1482,1.7418
UI0000158,FAC0005,BANK01,2023,2023-02,17801,5330.47,60,8206,632.24,687,2174.09,10680.6,GO,0.38,6.7644,2.7058,1.6576
UI0000159,FAC0005,BANK01,2023,2023-03,14989,4658.77,30,6142,771.14,752,3304.86,4496.7,GO,0.38,5.6958,3.9871,1.2407
UI0000160,FAC0005,BANK01,2023,2023-04,13313,2645.13,30,6012,834.82,779,2908.42,3993.9,GO,0.38,5.0589,3.5413,1.2144
UI0000161,FAC0005,BANK01,2023,2023-05,14841,2755.38,30,7036,932.28,706,2584.16,4452.3,I-REC,0.38,5.6396,3.9477,1.4213
UI0000162,FAC0005,BANK01,2023,2023-06,15877,4683.72,30,8206,684.85,1109,3703.91,4763.1,GO,0.38,6.0333,4.2233,1.6576
UI0000163,FAC0005,BANK01,2023,2023-07,17108,4553.48,50,8869,947.44,547,2550.99,8554.0,I-REC,0.38,6.501,3.2505,1.7915
UI0000164,FAC0005,BANK01,2023,2023-08,16735,3381.06,50,7370,916.28,865,3485.76,8367.5,I-REC,0.38,6.3593,3.1797,1.4887
UI0000165,FAC0005,BANK01,2023,2023-09,14299,4279.72,60,6240,727.28,659,2892.89,8579.4,I-REC,0.38,5.4336,2.1734,1.2605
UI0000166,FAC0005,BANK01,2023,2023-10,15198,4126.08,50,6418,815.24,803,3080.26,7599.0,GO,0.38,5.7752,2.8876,1.2964
UI0000167,FAC0005,BANK01,2023,2023-11,15542,3255.69,50,6993,715.31,1019,4490.19,7771.0,GO,0.38,5.906,2.953,1.4126
UI0000168,FAC0005,BANK01,2023,2023-12,17312,3377.13,40,8029,814.34,1037,3420.7,6924.8,I-REC,0.38,6.5786,3.9471,1.6219
UI0000169,FAC0005,BANK01,2024,2024-01,17103,4799.27,50,9096,913.91,917,2975.88,8551.5,GO,0.3689,6.3093,3.1546,1.8374
UI0000170,FAC0005,BANK01,2024,2024-02,19237,5987.34,60,9394,795.52,831,3279.51,11542.2,I-REC,0.3689,7.0965,2.8386,1.8976
UI0000171,FAC0005,BANK01,2024,2024-03,12716,2375.96,40,6028,776.88,601,2768.96,5086.4,I-REC,0.3689,4.6909,2.8146,1.2177
UI0000172,FAC0005,BANK01,2024,2024-04,13714,3973.24,70,6877,896.62,774,3018.0,9599.8,GO,0.3689,5.0591,1.5177,1.3892
UI0000173,FAC0005,BANK01,2024,2024-05,14909,4683.35,60,6790,832.49,930,4404.73,8945.4,GO,0.3689,5.4999,2.2,1.3716
UI0000174,FAC0005,BANK01,2024,2024-06,16056,3824.73,60,8495,884.18,583,2901.44,9633.6,I-REC,0.3689,5.9231,2.3692,1.716
UI0000175,FAC0005,BANK01,2024,2024-07,15934,5003.1,70,8519,1137.38,632,2807.07,11153.8,I-REC,0.3689,5.8781,1.7634,1.7208
UI0000176,FAC0005,BANK01,2024,2024-08,16858,4923.03,60,8339,801.48,881,2647.82,10114.8,GO,0.3689,6.2189,2.4876,1.6845
UI0000177,FAC0005,BANK01,2024,2024-09,13975,2804.68,50,6892,810.67,798,3763.01,6987.5,I-REC,0.3689,5.1554,2.5777,1.3922
UI0000178,FAC0005,BANK01,2024,2024-10,14708,3543.03,50,6179,843.35,728,3349.21,7354.0,GO,0.3689,5.4258,2.7129,1.2482
UI0000179,FAC0005,BANK01,2024,2024-11,13897,2588.06,70,6756,630.22,828,3158.55,9727.9,GO,0.3689,5.1266,1.538,1.3647
UI0000180,FAC0005,BANK01,2024,2024-12,19173,5944.91,70,9133,1223.71,781,3293.88,13421.1,I-REC,0.3689,7.0729,2.1219,1.8449
UI0000181,FAC0006,BANK01,2022,2022-01,16303,3538.7,50,7658,1013.96,936,4403.25,8151.5,I-REC,0.3914,6.381,3.1905,1.5469
UI0000182,FAC0006,BANK01,2022,2022-02,18322,3978.64,50,8220,880.79,928,2859.25,9161.0,GO,0.3914,7.1712,3.5856,1.6604
UI0000183,FAC0006,BANK01,2022,2022-03,14091,2630.61,50,5904,444.73,801,3689.86,7045.5,GO,0.3914,5.5152,2.7576,1.1926
UI0000184,FAC0006,BANK01,2022,2022-04,13014,3256.69,20,6441,880.37,1180,5415.33,2602.8,GO,0.3914,5.0937,4.0749,1.3011
UI0000185,FAC0006,BANK01,2022,2022-05,13285,3314.99,20,5733,634.14,942,3832.23,2657.0,GO,0.3914,5.1997,4.1598,1.1581
UI0000186,FAC0006,BANK01,2022,2022-06,15960,4125.75,50,7697,715.83,1120,4580.94,7980.0,I-REC,0.3914,6.2467,3.1234,1.5548
UI0000187,FAC0006,BANK01,2022,2022-07,14848,4640.31,30,7560,540.15,579,1887.4,4454.4,I-REC,0.3914,5.8115,4.0681,1.5271
UI0000188,FAC0006,BANK01,2022,2022-08,16582,3949.51,40,6937,925.51,982,3346.84,6632.8,I-REC,0.3914,6.4902,3.8941,1.4013
UI0000189,FAC0006,BANK01,2022,2022-09,12054,3853.71,40,5484,649.36,1174,5022.43,4821.6,I-REC,0.3914,4.7179,2.8308,1.1078
UI0000190,FAC0006,BANK01,2022,2022-10,11827,3707.79,20,5553,414.36,608,2760.73,2365.4,GO,0.3914,4.6291,3.7033,1.1217
UI0000191,FAC0006,BANK01,2022,2022-11,13591,3088.61,50,5690,597.63,648,3026.41,6795.5,I-REC,0.3914,5.3195,2.6598,1.1494
UI0000192,FAC0006,BANK01,2022,2022-12,17349,5030.68,40,7970,756.66,859,2735.11,6939.6,I-REC,0.3914,6.7904,4.0742,1.6099
UI0000193,FAC0006,BANK01,2023,2023-01,15793,4446.43,50,8271,1106.37,904,3833.58,7896.5,GO,0.38,6.0013,3.0007,1.6707
UI0000194,FAC0006,BANK01,2023,2023-02,18471,3701.84,40,8209,666.77,1216,5630.61,7388.4,I-REC,0.38,7.019,4.2114,1.6582
UI0000195,FAC0006,BANK01,2023,2023-03,12752,2348.54,50,5820,755.12,1169,5360.25,6376.0,GO,0.38,4.8458,2.4229,1.1756
UI0000196,FAC0006,BANK01,2023,2023-04,12493,2620.16,60,6204,516.86,1065,4552.85,7495.8,GO,0.38,4.7473,1.8989,1.2532
UI0000197,FAC0006,BANK01,2023,2023-05,13357,3964.78,40,6135,830.47,570,2600.07,5342.8,GO,0.38,5.0757,3.0454,1.2393
UI0000198,FAC0006,BANK01,2023,2023-06,15656,3254.5,50,7084,516.69,748,2921.55,7828.0,GO,0.38,5.9493,2.9746,1.431
UI0000199,FAC0006,BANK01,2023,2023-07,13942,3775.78,50,6937,687.37,1213,5670.82,6971.0,I-REC,0.38,5.298,2.649,1.4013
UI0000200,FAC0006,BANK01,2023,2023-08,16932,4457.36,30,7661,837.34,583,1884.83,5079.6,I-REC,0.38,6.4342,4.5039,1.5475
UI0000201,FAC0006,BANK01,2023,2023-09,11742,2310.42,50,5838,740.01,1219,5573.62,5871.0,I-REC,0.38,4.462,2.231,1.1793
UI0000202,FAC0006,BANK01,2023,2023-10,13014,2877.18,60,5548,721.83,898,2792.62,7808.4,I-REC,0.38,4.9453,1.9781,1.1207
UI0000203,FAC0006,BANK01,2023,2023-11,12158,3576.85,50,6388,894.0,619,2204.47,6079.0,I-REC,0.38,4.62,2.31,1.2904
UI0000204,FAC0006,BANK01,2023,2023-12,18067,3442.05,50,8544,782.52,1204,4333.97,9033.5,I-REC,0.38,6.8655,3.4327,1.7259
UI0000205,FAC0006,BANK01,2024,2024-01,14968,4516.3,40,8373,1132.02,752,3162.77,5987.2,I-REC,0.3689,5.5217,3.313,1.6913
UI0000206,FAC0006,BANK01,2024,2024-02,17711,5092.26,60,7428,685.47,590,1916.0,10626.6,I-REC,0.3689,6.5336,2.6134,1.5005
UI0000207,FAC0006,BANK01,2024,2024-03,12601,2755.99,40,5822,750.47,579,2374.14,5040.4,GO,0.3689,4.6485,2.7891,1.176
UI0000208,FAC0006,BANK01,2024,2024-04,12513,3840.05,60,6140,712.57,1090,3488.95,7507.8,I-REC,0.3689,4.616,1.8464,1.2403
UI0000209,FAC0006,BANK01,2024,2024-05,12172,2349.38,70,6222,580.69,741,3321.3,8520.4,GO,0.3689,4.4903,1.3471,1.2568
UI0000210,FAC0006,BANK01,2024,2024-06,14067,2742.45,40,6433,665.1,1183,4659.18,5626.8,GO,0.3689,5.1893,3.1136,1.2995
UI0000211,FAC0006,BANK01,2024,2024-07,14748,2823.97,50,7060,577.41,708,3042.26,7374.0,GO,0.3689,5.4405,2.7203,1.4261
UI0000212,FAC0006,BANK01,2024,2024-08,15378,3780.59,40,7514,909.29,964,3136.2,6151.2,I-REC,0.3689,5.6729,3.4038,1.5178
UI0000213,FAC0006,BANK01,2024,2024-09,13001,4141.48,50,6097,429.05,1000,4045.95,6500.5,I-REC,0.3689,4.7961,2.398,1.2316
UI0000214,FAC0006,BANK01,2024,2024-10,11848,2949.81,50,6066,525.64,1065,4110.31,5924.0,I-REC,0.3689,4.3707,2.1854,1.2253
UI0000215,FAC0006,BANK01,2024,2024-11,12692,2896.28,60,5600,550.57,1099,4595.51,7615.2,GO,0.3689,4.6821,1.8728,1.1312
UI0000216,FAC0006,BANK01,2024,2024-12,17907,4995.46,40,7313,642.45,697,2934.73,7162.8,GO,0.3689,6.6059,3.9635,1.4772
UI0000217,FAC0007,BANK01,2022,2022-01,9852,2726.86,40,4661,514.4,1502,6952.6,3940.8,GO,0.2987,2.9428,1.7657,0.9415
UI0000218,FAC0007,BANK01,2022,2022-02,11119,2360.78,20,5523,483.26,1119,3461.21,2223.8,I-REC,0.2987,3.3212,2.657,1.1156
UI0000219,FAC0007,BANK01,2022,2022-03,7505,2358.94,40,3708,408.7,1921,8267.42,3002.0,GO,0.2987,2.2417,1.345,0.749
UI0000220,FAC0007,BANK01,2022,2022-04,8564,1950.79,20,4038,409.03,855,2816.35,1712.8,I-REC,0.2987,2.5581,2.0465,0.8157
UI0000221,FAC0007,BANK01,2022,2022-05,8450,1969.03,50,3503,372.44,1253,4448.31,4225.0,I-REC,0.2987,2.524,1.262,0.7076
UI0000222,FAC0007,BANK01,2022,2022-06,10359,2376.82,50,4961,649.38,1003,4730.38,5179.5,GO,0.2987,3.0942,1.5471,1.0021
UI0000223,FAC0007,BANK01,2022,2022-07,10357,1935.21,50,4621,324.46,1903,7473.4,5178.5,I-REC,0.2987,3.0936,1.5468,0.9334
UI0000224,FAC0007,BANK01,2022,2022-08,9152,2319.11,50,4990,420.5,907,2921.3,4576.0,I-REC,0.2987,2.7337,1.3669,1.008
UI0000225,FAC0007,BANK01,2022,2022-09,7858,1935.05,20,3624,447.14,1038,3249.55,1571.6,I-REC,0.2987,2.3472,1.8777,0.732
UI0000226,FAC0007,BANK01,2022,2022-10,8133,2247.8,30,3639,324.94,1091,4313.45,2439.9,I-REC,0.2987,2.4293,1.7005,0.7351
UI0000227,FAC0007,BANK01,2022,2022-11,8028,1464.31,30,3531,305.11,1087,4317.35,2408.4,I-REC,0.2987,2.398,1.6786,0.7133
UI0000228,FAC0007,BANK01,2022,2022-12,10328,2017.84,30,5504,663.16,1411,5706.16,3098.4,I-REC,0.2987,3.085,2.1595,1.1118
UI0000229,FAC0007,BANK01,2023,2023-01,11132,3167.01,50,4724,337.39,1577,6519.81,5566.0,I-REC,0.29,3.2283,1.6141,0.9542
UI0000230,FAC0007,BANK01,2023,2023-02,11550,3304.26,40,4694,548.22,1157,4757.49,4620.0,GO,0.29,3.3495,2.0097,0.9482
UI0000231,FAC0007,BANK01,2023,2023-03,8226,2203.36,40,3934,544.55,1434,4311.67,3290.4,I-REC,0.29,2.3855,1.4313,0.7947
UI0000232,FAC0007,BANK01,2023,2023-04,8781,2278.78,60,3584,251.25,1612,5459.58,5268.6,I-REC,0.29,2.5465,1.0186,0.724
UI0000233,FAC0007,BANK01,2023,2023-05,7414,2056.97,50,3569,317.77,1696,5764.59,3707.0,I-REC,0.29,2.1501,1.075,0.7209
UI0000234,FAC0007,BANK01,2023,2023-06,9638,1864.5,50,4848,499.49,1514,5136.3,4819.0,I-REC,0.29,2.795,1.3975,0.9793
UI0000235,FAC0007,BANK01,2023,2023-07,9329,2670.42,60,4125,442.51,1216,4847.34,5597.4,GO,0.29,2.7054,1.0822,0.8333
UI0000236,FAC0007,BANK01,2023,2023-08,9695,2512.19,30,4594,365.64,1612,6160.21,2908.5,GO,0.29,2.8115,1.9681,0.928
UI0000237,FAC0007,BANK01,2023,2023-09,7310,1420.82,30,3688,513.68,1439,5895.78,2193.0,I-REC,0.29,2.1199,1.4839,0.745
UI0000238,FAC0007,BANK01,2023,2023-10,8395,1624.94,50,3505,308.27,1080,5223.32,4197.5,GO,0.29,2.4345,1.2173,0.708
UI0000239,FAC0007,BANK01,2023,2023-11,7897,2408.86,60,4077,312.07,1560,7561.53,4738.2,GO,0.29,2.2901,0.9161,0.8236
UI0000240,FAC0007,BANK01,2023,2023-12,10964,2041.32,40,4547,537.59,1120,4572.01,4385.6,I-REC,0.29,3.1796,1.9077,0.9185
UI0000241,FAC0007,BANK01,2024,2024-01,10841,3191.47,70,5041,429.22,847,3238.6,7588.7,I-REC,0.2816,3.0528,0.9158,1.0183
UI0000242,FAC0007,BANK01,2024,2024-02,10154,1827.85,60,4452,528.66,1493,7269.88,6092.4,GO,0.2816,2.8594,1.1437,0.8993
UI0000243,FAC0007,BANK01,2024,2024-03,8282,2627.87,40,3679,404.76,1024,4438.63,3312.8,I-REC,0.2816,2.3322,1.3993,0.7432
UI0000244,FAC0007,BANK01,2024,2024-04,7398,2090.24,40,3873,324.21,1102,3766.79,2959.2,GO,0.2816,2.0833,1.25,0.7823
UI0000245,FAC0007,BANK01,2024,2024-05,7303,1947.06,50,3610,260.66,1581,7037.8,3651.5,I-REC,0.2816,2.0565,1.0283,0.7292
UI0000246,FAC0007,BANK01,2024,2024-06,10066,2988.24,60,4328,433.78,1687,7382.03,6039.6,I-REC,0.2816,2.8346,1.1338,0.8743
UI0000247,FAC0007,BANK01,2024,2024-07,10277,2388.73,50,4143,444.59,1263,5517.89,5138.5,GO,0.2816,2.894,1.447,0.8369
UI0000248,FAC0007,BANK01,2024,2024-08,10391,1976.89,50,4098,405.92,1696,6562.23,5195.5,GO,0.2816,2.9261,1.4631,0.8278
UI0000249,FAC0007,BANK01,2024,2024-09,8197,2492.66,60,3395,275.06,1639,8185.88,4918.2,GO,0.2816,2.3083,0.9233,0.6858
UI0000250,FAC0007,BANK01,2024,2024-10,7934,1619.32,70,3687,474.03,1908,7422.41,5553.8,GO,0.2816,2.2342,0.6703,0.7448
UI0000251,FAC0007,BANK01,2024,2024-11,7592,1575.17,40,3715,336.9,1877,8531.18,3036.8,I-REC,0.2816,2.1379,1.2827,0.7504
UI0000252,FAC0007,BANK01,2024,2024-12,10436,3194.63,50,4454,383.41,1491,6561.2,5218.0,I-REC,0.2816,2.9388,1.4694,0.8997
UI0000253,FAC0008,BANK01,2022,2022-01,53235,9976.05,30,20799,1717.7,484,2299.77,15970.5,I-REC,0.3914,20.8362,14.5853,4.2014
UI0000254,FAC0008,BANK01,2022,2022-02,51764,11067.62,20,21373,2322.38,315,1158.64,10352.8,I-REC,0.3914,20.2604,16.2083,4.3173
UI0000255,FAC0008,BANK01,2022,2022-03,36908,10922.38,30,16095,1176.24,426,1695.91,11072.4,GO,0.3914,14.4458,10.1121,3.2512
UI0000256,FAC0008,BANK01,2022,2022-04,39108,9875.31,20,15689,1784.45,607,1907.72,7821.6,GO,0.3914,15.3069,12.2455,3.1692
UI0000257,FAC0008,BANK01,2022,2022-05,38251,9353.36,40,17065,2008.44,586,2921.51,15300.4,I-REC,0.3914,14.9714,8.9829,3.4471
UI0000258,FAC0008,BANK01,2022,2022-06,43320,12499.67,20,18735,2217.51,300,1417.73,8664.0,GO,0.3914,16.9554,13.5644,3.7845
UI0000259,FAC0008,BANK01,2022,2022-07,46771,8959.85,20,18944,1578.59,360,1766.22,9354.2,GO,0.3914,18.3062,14.6449,3.8267
UI0000260,FAC0008,BANK01,2022,2022-08,41176,7741.69,40,21837,2492.89,508,2508.14,16470.4,GO,0.3914,16.1163,9.6698,4.4111
UI0000261,FAC0008,BANK01,2022,2022-09,33159,9089.05,50,15723,1975.25,435,1743.5,16579.5,GO,0.3914,12.9784,6.4892,3.176
UI0000262,FAC0008,BANK01,2022,2022-10,35093,9266.26,30,16205,1788.17,358,1415.37,10527.9,GO,0.3914,13.7354,9.6148,3.2734
UI0000263,FAC0008,BANK01,2022,2022-11,36568,10802.55,30,18295,1650.73,326,1383.32,10970.4,GO,0.3914,14.3127,10.0189,3.6956
UI0000264,FAC0008,BANK01,2022,2022-12,44374,10890.44,50,22000,1607.99,311,963.39,22187.0,GO,0.3914,17.368,8.684,4.444
UI0000265,FAC0008,BANK01,2023,2023-01,49418,9508.83,50,23797,2871.65,444,1576.27,24709.0,GO,0.38,18.7788,9.3894,4.807
UI0000266,FAC0008,BANK01,2023,2023-02,44516,8943.19,60,21552,1915.08,344,1188.76,26709.6,GO,0.38,16.9161,6.7664,4.3535
UI0000267,FAC0008,BANK01,2023,2023-03,34619,10036.73,40,17104,1646.65,440,1356.85,13847.6,I-REC,0.38,13.1552,7.8931,3.455
UI0000268,FAC0008,BANK01,2023,2023-04,37439,7999.01,40,16984,1904.71,316,1336.18,14975.6,GO,0.38,14.2268,8.5361,3.4308
UI0000269,FAC0008,BANK01,2023,2023-05,35613,7037.39,40,16089,1194.61,689,3172.15,14245.2,GO,0.38,13.5329,8.1198,3.25
UI0000270,FAC0008,BANK01,2023,2023-06,47635,14510.99,30,21731,2913.4,395,1768.42,14290.5,GO,0.38,18.1013,12.6709,4.3897
UI0000271,FAC0008,BANK01,2023,2023-07,41786,10724.25,40,21196,2186.47,675,3213.61,16714.4,I-REC,0.38,15.8787,9.5272,4.2816
UI0000272,FAC0008,BANK01,2023,2023-08,41675,10583.99,40,19011,1416.16,578,2043.58,16670.0,GO,0.38,15.8365,9.5019,3.8402
UI0000273,FAC0008,BANK01,2023,2023-09,33422,9412.92,50,15129,1611.55,570,2445.51,16711.0,I-REC,0.38,12.7004,6.3502,3.0561
UI0000274,FAC0008,BANK01,2023,2023-10,37099,7938.45,30,15931,1583.32,413,1831.23,11129.7,I-REC,0.38,14.0976,9.8683,3.2181
UI0000275,FAC0008,BANK01,2023,2023-11,34954,6801.1,40,17316,2376.69,504,1765.86,13981.6,GO,0.38,13.2825,7.9695,3.4978
UI0000276,FAC0008,BANK01,2023,2023-12,47503,9592.47,60,20063,2733.18,449,1682.55,28501.8,GO,0.38,18.0511,7.2205,4.0527
UI0000277,FAC0008,BANK01,2024,2024-01,44945,12627.63,50,23268,2229.85,369,1508.08,22472.5,I-REC,0.3689,16.5802,8.2901,4.7001
UI0000278,FAC0008,BANK01,2024,2024-02,43972,12031.31,40,20315,2090.17,636,2299.43,17588.8,I-REC,0.3689,16.2213,9.7328,4.1036
UI0000279,FAC0008,BANK01,2024,2024-03,37237,10727.43,40,17417,2110.15,498,1860.9,14894.8,I-REC,0.3689,13.7367,8.242,3.5182
UI0000280,FAC0008,BANK01,2024,2024-04,35577,8055.24,60,16241,2242.45,366,1438.88,21346.2,I-REC,0.3689,13.1244,5.2497,3.2807
UI0000281,FAC0008,BANK01,2024,2024-05,37516,8274.43,40,14814,1699.69,567,2827.2,15006.4,GO,0.3689,13.8397,8.3038,2.9924
UI0000282,FAC0008,BANK01,2024,2024-06,41206,8538.13,60,18674,1995.03,381,1590.39,24723.6,I-REC,0.3689,15.2009,6.0804,3.7721
UI0000283,FAC0008,BANK01,2024,2024-07,46298,13557.57,50,18347,1399.95,583,2578.38,23149.0,I-REC,0.3689,17.0793,8.5397,3.7061
UI0000284,FAC0008,BANK01,2024,2024-08,42611,10917.49,40,19713,2216.77,642,2181.03,17044.4,I-REC,0.3689,15.7192,9.4315,3.982
UI0000285,FAC0008,BANK01,2024,2024-09,35839,7126.91,50,16663,1917.61,374,1869.58,17919.5,GO,0.3689,13.221,6.6105,3.3659
UI0000286,FAC0008,BANK01,2024,2024-10,31940,10024.99,40,15935,2139.58,309,1305.14,12776.0,I-REC,0.3689,11.7827,7.0696,3.2189
UI0000287,FAC0008,BANK01,2024,2024-11,35216,6808.77,70,17077,2343.85,425,2004.62,24651.2,I-REC,0.3689,12.9912,3.8974,3.4496
UI0000288,FAC0008,BANK01,2024,2024-12,49526,8988.68,40,22604,1874.73,502,2329.63,19810.4,GO,0.3689,18.2701,10.9621,4.566
UI0000289,FAC0009,BANK01,2022,2022-01,113107,22133.01,50,43012,3395.95,125,524.3,56553.5,I-REC,0.2802,31.6926,15.8463,8.6884
UI0000290,FAC0009,BANK01,2022,2022-02,111606,30039.5,50,45054,4722.32,165,735.66,55803.0,GO,0.2802,31.272,15.636,9.1009
UI0000291,FAC0009,BANK01,2022,2022-03,82142,25327.18,50,36295,4782.22,250,1090.06,41071.0,GO,0.2802,23.0162,11.5081,7.3316
UI0000292,FAC0009,BANK01,2022,2022-04,75486,14393.31,20,36392,4085.31,160,738.72,15097.2,GO,0.2802,21.1512,16.9209,7.3512
UI0000293,FAC0009,BANK01,2022,2022-05,82879,21174.93,20,36603,3140.87,193,732.24,16575.8,GO,0.2802,23.2227,18.5782,7.3938
UI0000294,FAC0009,BANK01,2022,2022-06,93875,19456.42,50,46467,5903.46,195,646.49,46937.5,GO,0.2802,26.3038,13.1519,9.3863
UI0000295,FAC0009,BANK01,2022,2022-07,88938,21628.02,30,44412,4150.9,131,502.59,26681.4,I-REC,0.2802,24.9204,17.4443,8.9712
UI0000296,FAC0009,BANK01,2022,2022-08,86612,17167.13,40,47300,5086.04,211,1029.96,34644.8,I-REC,0.2802,24.2687,14.5612,9.5546
UI0000297,FAC0009,BANK01,2022,2022-09,70102,14950.71,40,34662,4696.41,113,435.88,28040.8,I-REC,0.2802,19.6426,11.7855,7.0017
UI0000298,FAC0009,BANK01,2022,2022-10,84352,16559.29,20,37347,2950.98,185,843.71,16870.4,GO,0.2802,23.6354,18.9083,7.5441
UI0000299,FAC0009,BANK01,2022,2022-11,69718,17627.21,20,32350,2724.61,138,521.8,13943.6,I-REC,0.2802,19.535,15.628,6.5347
UI0000300,FAC0009,BANK01,2022,2022-12,110787,25933.0,20,43572,5139.04,237,745.45,22157.4,GO,0.2802,31.0425,24.834,8.8015
UI0000301,FAC0009,BANK01,2023,2023-01,109696,23646.48,40,43859,4115.61,249,772.92,43878.4,I-REC,0.272,29.8373,17.9024,8.8595
UI0000302,FAC0009,BANK01,2023,2023-02,99402,24647.13,30,46999,6077.92,173,665.87,29820.6,I-REC,0.272,27.0373,18.9261,9.4938
UI0000303,FAC0009,BANK01,2023,2023-03,76542,16889.46,50,37707,5181.66,200,646.33,38271.0,GO,0.272,20.8194,10.4097,7.6168
UI0000304,FAC0009,BANK01,2023,2023-04,72650,21012.85,60,35279,3315.61,225,781.84,43590.0,GO,0.272,19.7608,7.9043,7.1264
UI0000305,FAC0009,BANK01,2023,2023-05,81101,19224.51,40,37779,3205.07,217,930.99,32440.4,I-REC,0.272,22.0595,13.2357,7.6314
UI0000306,FAC0009,BANK01,2023,2023-06,94533,22991.82,50,39447,4677.53,124,522.21,47266.5,I-REC,0.272,25.713,12.8565,7.9683
UI0000307,FAC0009,BANK01,2023,2023-07,84053,24582.15,30,41530,3737.85,192,645.8,25215.9,I-REC,0.272,22.8624,16.0037,8.3891
UI0000308,FAC0009,BANK01,2023,2023-08,83466,19731.34,40,46880,5243.51,254,1052.98,33386.4,GO,0.272,22.7028,13.6217,9.4698
UI0000309,FAC0009,BANK01,2023,2023-09,82307,24835.41,60,34345,3983.13,201,936.77,49384.2,I-REC,0.272,22.3875,8.955,6.9377
UI0000310,FAC0009,BANK01,2023,2023-10,77757,14972.24,60,36710,3911.63,218,717.3,46654.2,GO,0.272,21.1499,8.46,7.4154
UI0000311,FAC0009,BANK01,2023,2023-11,79901,16025.78,40,35452,3884.61,202,724.94,31960.4,GO,0.272,21.7331,13.0398,7.1613
UI0000312,FAC0009,BANK01,2023,2023-12,106309,33323.66,40,50136,6634.89,193,620.82,42523.6,I-REC,0.272,28.916,17.3496,10.1275
UI0000313,FAC0009,BANK01,2024,2024-01,105504,30456.64,50,48401,4844.52,142,586.15,52752.0,GO,0.2641,27.8636,13.9318,9.777
UI0000314,FAC0009,BANK01,2024,2024-02,107904,34378.56,40,41540,4283.12,200,759.2,43161.6,I-REC,0.2641,28.4974,17.0985,8.3911
UI0000315,FAC0009,BANK01,2024,2024-03,68436,18468.89,40,36005,2958.68,251,861.39,27374.4,I-REC,0.2641,18.0739,10.8444,7.273
UI0000316,FAC0009,BANK01,2024,2024-04,75015,16924.05,50,37584,4373.95,143,688.65,37507.5,I-REC,0.2641,19.8115,9.9057,7.592
UI0000317,FAC0009,BANK01,2024,2024-05,76327,22671.86,40,36926,5120.36,185,861.37,30530.8,I-REC,0.2641,20.158,12.0948,7.4591
UI0000318,FAC0009,BANK01,2024,2024-06,97764,31032.61,40,45647,6078.24,239,987.68,39105.6,I-REC,0.2641,25.8195,15.4917,9.2207
UI0000319,FAC0009,BANK01,2024,2024-07,89375,21170.46,50,37871,4673.94,227,928.2,44687.5,I-REC,0.2641,23.6039,11.802,7.6499
UI0000320,FAC0009,BANK01,2024,2024-08,84167,21900.91,70,43146,4061.34,123,524.07,58916.9,I-REC,0.2641,22.2285,6.6686,8.7155
UI0000321,FAC0009,BANK01,2024,2024-09,80377,15573.48,70,32262,4134.15,192,914.8,56263.9,I-REC,0.2641,21.2276,6.3683,6.5169
UI0000322,FAC0009,BANK01,2024,2024-10,78051,24762.96,60,36302,4448.07,155,543.1,46830.6,GO,0.2641,20.6133,8.2453,7.333
UI0000323,FAC0009,BANK01,2024,2024-11,69537,18237.16,50,32607,4047.19,189,888.21,34768.5,I-REC,0.2641,18.3647,9.1824,6.5866
UI0000324,FAC0009,BANK01,2024,2024-12,94294,23288.58,50,49240,4217.97,234,705.05,47147.0,I-REC,0.2641,24.903,12.4515,9.9465
UI0000325,FAC0010,BANK01,2022,2022-01,73767,13924.61,50,31388,2318.34,910,4247.35,36883.5,I-REC,0.3914,28.8724,14.4362,6.3404
UI0000326,FAC0010,BANK01,2022,2022-02,72541,21327.34,30,31831,2974.25,658,3249.85,21762.3,I-REC,0.3914,28.3925,19.8748,6.4299
UI0000327,FAC0010,BANK01,2022,2022-03,55349,14705.65,20,21698,1943.0,651,2334.53,11069.8,GO,0.3914,21.6636,17.3309,4.383
UI0000328,FAC0010,BANK01,2022,2022-04,52786,12515.07,50,25562,2106.39,855,3641.51,26393.0,I-REC,0.3914,20.6604,10.3302,5.1635
UI0000329,FAC0010,BANK01,2022,2022-05,48541,12998.16,50,24248,1782.74,952,3557.36,24270.5,GO,0.3914,18.9989,9.4995,4.8981
UI0000330,FAC0010,BANK01,2022,2022-06,64907,15706.02,50,27815,2495.15,1313,4365.23,32453.5,GO,0.3914,25.4046,12.7023,5.6186
UI0000331,FAC0010,BANK01,2022,2022-07,65878,18894.82,50,28858,2851.61,710,2314.64,32939.0,GO,0.3914,25.7846,12.8923,5.8293
UI0000332,FAC0010,BANK01,2022,2022-08,58587,16492.14,50,26353,3368.45,1236,5989.23,29293.5,GO,0.3914,22.931,11.4655,5.3233
UI0000333,FAC0010,BANK01,2022,2022-09,56058,16126.53,20,26154,2313.27,1050,3984.29,11211.6,I-REC,0.3914,21.9411,17.5529,5.2831
UI0000334,FAC0010,BANK01,2022,2022-10,51933,10790.72,30,24014,2443.92,652,2072.3,15579.9,GO,0.3914,20.3266,14.2286,4.8508
UI0000335,FAC0010,BANK01,2022,2022-11,47888,9978.26,30,25913,3475.12,884,3361.52,14366.4,I-REC,0.3914,18.7434,13.1204,5.2344
UI0000336,FAC0010,BANK01,2022,2022-12,68461,20465.48,30,34523,4589.42,969,3225.36,20538.3,I-REC,0.3914,26.7956,18.7569,6.9736
UI0000337,FAC0010,BANK01,2023,2023-01,62154,13092.24,30,31812,3166.34,599,2785.55,18646.2,I-REC,0.38,23.6185,16.533,6.426
UI0000338,FAC0010,BANK01,2023,2023-02,74012,17217.96,50,30034,2502.65,972,3785.92,37006.0,I-REC,0.38,28.1246,14.0623,6.0669
UI0000339,FAC0010,BANK01,2023,2023-03,54616,15381.95,30,23589,1929.78,844,3509.03,16384.8,GO,0.38,20.7541,14.5279,4.765
UI0000340,FAC0010,BANK01,2023,2023-04,46070,14568.76,30,25080,1921.53,833,2957.8,13821.0,GO,0.38,17.5066,12.2546,5.0662
UI0000341,FAC0010,BANK01,2023,2023-05,55665,16503.56,50,22145,2167.67,762,3100.09,27832.5,GO,0.38,21.1527,10.5763,4.4733
UI0000342,FAC0010,BANK01,2023,2023-06,67202,18374.28,60,30887,2530.33,1190,4014.22,40321.2,I-REC,0.38,25.5368,10.2147,6.2392
UI0000343,FAC0010,BANK01,2023,2023-07,55890,17057.48,60,26638,2962.93,672,3127.92,33534.0,GO,0.38,21.2382,8.4953,5.3809
UI0000344,FAC0010,BANK01,2023,2023-08,56983,11626.06,60,26820,2902.7,1013,4527.19,34189.8,I-REC,0.38,21.6535,8.6614,5.4176
UI0000345,FAC0010,BANK01,2023,2023-09,50563,14466.23,40,24459,3195.83,1082,3747.24,20225.2,GO,0.38,19.2139,11.5284,4.9407
UI0000346,FAC0010,BANK01,2023,2023-10,53918,13807.95,40,22176,3098.3,690,2633.63,21567.2,GO,0.38,20.4888,12.2933,4.4796
UI0000347,FAC0010,BANK01,2023,2023-11,49015,12204.52,30,23716,2826.88,957,3913.36,14704.5,GO,0.38,18.6257,13.038,4.7906
UI0000348,FAC0010,BANK01,2023,2023-12,69380,16894.05,30,30564,3637.35,1338,5091.52,20814.0,I-REC,0.38,26.3644,18.4551,6.1739
UI0000349,FAC0010,BANK01,2024,2024-01,71984,21625.01,50,28933,2056.62,922,4175.8,35992.0,I-REC,0.3689,26.5549,13.2774,5.8445
UI0000350,FAC0010,BANK01,2024,2024-02,64544,13248.49,50,28369,3235.26,1124,4109.1,32272.0,GO,0.3689,23.8103,11.9051,5.7305
UI0000351,FAC0010,BANK01,2024,2024-03,46255,8421.95,60,25165,2351.76,1140,5674.63,27753.0,I-REC,0.3689,17.0635,6.8254,5.0833
UI0000352,FAC0010,BANK01,2024,2024-04,53977,15251.12,50,23766,2533.42,922,4186.05,26988.5,GO,0.3689,19.9121,9.9561,4.8007
UI0000353,FAC0010,BANK01,2024,2024-05,46404,14647.34,70,25117,3085.56,709,3481.04,32482.8,I-REC,0.3689,17.1184,5.1355,5.0736
UI0000354,FAC0010,BANK01,2024,2024-06,61367,14740.02,50,28193,3175.3,1143,4089.21,30683.5,I-REC,0.3689,22.6383,11.3191,5.695
UI0000355,FAC0010,BANK01,2024,2024-07,61236,18317.04,40,25291,3183.81,725,3554.53,24494.4,GO,0.3689,22.59,13.554,5.1088
UI0000356,FAC0010,BANK01,2024,2024-08,62996,19938.32,70,26488,2963.36,1270,5566.17,44097.2,I-REC,0.3689,23.2392,6.9718,5.3506
UI0000357,FAC0010,BANK01,2024,2024-09,49711,14836.69,60,21956,2474.03,702,2883.17,29826.6,I-REC,0.3689,18.3384,7.3354,4.4351
UI0000358,FAC0010,BANK01,2024,2024-10,45330,14267.17,70,21004,2574.72,875,2687.65,31731.0,GO,0.3689,16.7222,5.0167,4.2428
UI0000359,FAC0010,BANK01,2024,2024-11,51175,15625.13,50,21039,2064.26,1336,5051.41,25587.5,I-REC,0.3689,18.8785,9.4392,4.2499
UI0000360,FAC0010,BANK01,2024,2024-12,62160,19316.01,40,32191,3271.91,1123,4223.49,24864.0,I-REC,0.3689,22.9308,13.7585,6.5026
UI0000361,FAC0011,BANK01,2022,2022-01,27362,6820.96,50,14107,1513.03,276,1040.23,13681.0,I-REC,0.2575,7.0457,3.5229,2.8496
UI0000362,FAC0011,BANK01,2022,2022-02,27792,7798.31,50,14134,1141.66,313,1461.14,13896.0,GO,0.2575,7.1564,3.5782,2.8551
UI0000363,FAC0011,BANK01,2022,2022-03,21607,6280.59,20,10504,1126.55,234,1020.97,4321.4,I-REC,0.2575,5.5638,4.451,2.1218
UI0000364,FAC0011,BANK01,2022,2022-04,20175,4672.84,30,10642,1263.05,269,1282.07,6052.5,I-REC,0.2575,5.1951,3.6365,2.1497
UI0000365,FAC0011,BANK01,2022,2022-05,23147,5400.92,50,11106,1259.06,283,1237.06,11573.5,I-REC,0.2575,5.9604,2.9802,2.2434
UI0000366,FAC0011,BANK01,2022,2022-06,27773,8497.63,40,11457,943.07,164,736.84,11109.2,I-REC,0.2575,7.1515,4.2909,2.3143
UI0000367,FAC0011,BANK01,2022,2022-07,29325,7169.85,50,12058,1176.68,175,574.12,14662.5,I-REC,0.2575,7.5512,3.7756,2.4357
UI0000368,FAC0011,BANK01,2022,2022-08,29183,7843.01,30,12925,1025.17,176,715.51,8754.9,GO,0.2575,7.5146,5.2602,2.6109
UI0000369,FAC0011,BANK01,2022,2022-09,22754,6855.35,30,9867,825.08,215,1058.0,6826.2,GO,0.2575,5.8592,4.1014,1.9931
UI0000370,FAC0011,BANK01,2022,2022-10,24313,5263.81,30,11244,1325.81,205,990.56,7293.9,GO,0.2575,6.2606,4.3824,2.2713
UI0000371,FAC0011,BANK01,2022,2022-11,21008,4304.66,50,10886,1482.15,277,1046.55,10504.0,I-REC,0.2575,5.4096,2.7048,2.199
UI0000372,FAC0011,BANK01,2022,2022-12,32685,9856.71,30,12888,1102.68,319,1294.97,9805.5,GO,0.2575,8.4164,5.8915,2.6034
UI0000373,FAC0011,BANK01,2023,2023-01,30937,7993.83,30,13166,1282.18,183,682.88,9281.1,I-REC,0.25,7.7343,5.414,2.6595
UI0000374,FAC0011,BANK01,2023,2023-02,31932,9992.83,60,13489,1471.76,190,575.94,19159.2,I-REC,0.25,7.983,3.1932,2.7248
UI0000375,FAC0011,BANK01,2023,2023-03,21176,4476.37,50,10113,845.36,269,1144.93,10588.0,GO,0.25,5.294,2.647,2.0428
UI0000376,FAC0011,BANK01,2023,2023-04,20296,6285.36,30,10493,817.65,237,939.1,6088.8,GO,0.25,5.074,3.5518,2.1196
UI0000377,FAC0011,BANK01,2023,2023-05,21896,5725.3,50,9219,819.01,239,735.02,10948.0,GO,0.25,5.474,2.737,1.8622
UI0000378,FAC0011,BANK01,2023,2023-06,28664,6337.93,50,11672,904.89,199,926.38,14332.0,I-REC,0.25,7.166,3.583,2.3577
UI0000379,FAC0011,BANK01,2023,2023-07,25248,7434.41,40,11688,1207.49,174,816.36,10099.2,GO,0.25,6.312,3.7872,2.361
UI0000380,FAC0011,BANK01,2023,2023-08,26978,5028.99,50,11742,1610.84,221,780.46,13489.0,GO,0.25,6.7445,3.3723,2.3719
UI0000381,FAC0011,BANK01,2023,2023-09,23488,5160.01,30,10537,1305.36,262,831.66,7046.4,GO,0.25,5.872,4.1104,2.1285
UI0000382,FAC0011,BANK01,2023,2023-10,23179,6431.04,30,9483,1011.46,213,878.19,6953.7,GO,0.25,5.7947,4.0563,1.9156
UI0000383,FAC0011,BANK01,2023,2023-11,22427,4889.88,30,10817,855.46,283,1327.1,6728.1,GO,0.25,5.6067,3.9247,2.185
UI0000384,FAC0011,BANK01,2023,2023-12,29444,8969.41,40,14481,1961.63,206,847.65,11777.6,I-REC,0.25,7.361,4.4166,2.9252
UI0000385,FAC0011,BANK01,2024,2024-01,31071,9351.28,60,13977,1549.35,219,838.99,18642.6,GO,0.2427,7.5409,3.0164,2.8234
UI0000386,FAC0011,BANK01,2024,2024-02,30161,6012.62,50,13350,1594.35,194,779.96,15080.5,GO,0.2427,7.3201,3.66,2.6967
UI0000387,FAC0011,BANK01,2024,2024-03,23606,6671.16,60,10716,1066.64,194,723.12,14163.6,I-REC,0.2427,5.7292,2.2917,2.1646
UI0000388,FAC0011,BANK01,2024,2024-04,23105,4733.95,60,10506,830.21,299,1469.89,13863.0,GO,0.2427,5.6076,2.243,2.1222
UI0000389,FAC0011,BANK01,2024,2024-05,23293,7406.1,70,10864,779.79,294,1430.35,16305.1,I-REC,0.2427,5.6532,1.696,2.1945
UI0000390,FAC0011,BANK01,2024,2024-06,23711,5504.52,60,11024,948.84,170,730.1,14226.6,GO,0.2427,5.7547,2.3019,2.2268
UI0000391,FAC0011,BANK01,2024,2024-07,24900,7268.4,40,13256,1733.8,166,520.99,9960.0,GO,0.2427,6.0432,3.6259,2.6777
UI0000392,FAC0011,BANK01,2024,2024-08,23708,6369.83,50,11754,1173.02,147,658.02,11854.0,I-REC,0.2427,5.7539,2.877,2.3743
UI0000393,FAC0011,BANK01,2024,2024-09,22309,5220.65,70,9506,1077.96,194,860.09,15616.3,I-REC,0.2427,5.4144,1.6243,1.9202
UI0000394,FAC0011,BANK01,2024,2024-10,19993,4782.93,50,10855,1442.86,271,1240.54,9996.5,I-REC,0.2427,4.8523,2.4262,2.1927
UI0000395,FAC0011,BANK01,2024,2024-11,22470,4452.73,40,9523,1230.54,219,1088.34,8988.0,I-REC,0.2427,5.4535,3.2721,1.9236
UI0000396,FAC0011,BANK01,2024,2024-12,29870,7575.51,40,14357,1814.39,195,652.42,11948.0,GO,0.2427,7.2494,4.3497,2.9001
UI0000397,FAC0012,BANK01,2022,2022-01,75234,22351.07,30,36603,2885.81,684,2881.8,22570.2,GO,0.3914,29.4466,20.6126,7.3938
UI0000398,FAC0012,BANK01,2022,2022-02,80236,15105.06,20,35424,4310.42,633,3020.02,16047.2,GO,0.3914,31.4044,25.1235,7.1556
UI0000399,FAC0012,BANK01,2022,2022-03,56160,15750.42,30,25382,2599.7,570,1737.62,16848.0,I-REC,0.3914,21.981,15.3867,5.1272
UI0000400,FAC0012,BANK01,2022,2022-04,52193,14255.06,20,25672,2115.01,584,1963.02,10438.6,I-REC,0.3914,20.4283,16.3427,5.1857
UI0000401,FAC0012,BANK01,2022,2022-05,54263,14037.07,40,25634,2271.02,465,1521.17,21705.2,I-REC,0.3914,21.2385,12.7431,5.1781
UI0000402,FAC0012,BANK01,2022,2022-06,63651,16969.71,30,32006,3385.11,360,1638.37,19095.3,I-REC,0.3914,24.913,17.4391,6.4652
UI0000403,FAC0012,BANK01,2022,2022-07,70694,19945.45,30,31263,3047.35,759,3110.95,21208.2,I-REC,0.3914,27.6696,19.3687,6.3151
UI0000404,FAC0012,BANK01,2022,2022-08,64019,13096.81,50,31175,3179.9,401,1375.48,32009.5,GO,0.3914,25.057,12.5285,6.2974
UI0000405,FAC0012,BANK01,2022,2022-09,55302,17361.33,30,26940,3632.22,445,1624.98,16590.6,I-REC,0.3914,21.6452,15.1516,5.4419
UI0000406,FAC0012,BANK01,2022,2022-10,52277,14833.04,30,26215,3452.75,606,2975.87,15683.1,I-REC,0.3914,20.4612,14.3229,5.2954
UI0000407,FAC0012,BANK01,2022,2022-11,58545,15786.66,20,27365,2368.14,647,2653.55,11709.0,GO,0.3914,22.9145,18.3316,5.5277
UI0000408,FAC0012,BANK01,2022,2022-12,70656,20526.22,30,32129,4173.52,646,2635.89,21196.8,I-REC,0.3914,27.6548,19.3583,6.4901
UI0000409,FAC0012,BANK01,2023,2023-01,70467,17509.25,30,36703,4225.34,468,2093.94,21140.1,I-REC,0.38,26.7775,18.7442,7.414
UI0000410,FAC0012,BANK01,2023,2023-02,78688,16886.36,50,31840,2272.4,717,2627.98,39344.0,GO,0.38,29.9014,14.9507,6.4317
UI0000411,FAC0012,BANK01,2023,2023-03,58829,15623.21,60,25695,3102.72,783,2631.6,35297.4,I-REC,0.38,22.355,8.942,5.1904
UI0000412,FAC0012,BANK01,2023,2023-04,54239,9783.43,60,26946,2963.33,741,2875.29,32543.4,GO,0.38,20.6108,8.2443,5.4431
UI0000413,FAC0012,BANK01,2023,2023-05,51117,14638.09,60,24448,3269.83,652,2893.27,30670.2,GO,0.38,19.4245,7.7698,4.9385
UI0000414,FAC0012,BANK01,2023,2023-06,63175,16497.58,40,32211,3513.64,721,3482.4,25270.0,GO,0.38,24.0065,14.4039,6.5066
UI0000415,FAC0012,BANK01,2023,2023-07,63561,12639.76,30,28756,2746.24,719,3205.59,19068.3,I-REC,0.38,24.1532,16.9072,5.8087
UI0000416,FAC0012,BANK01,2023,2023-08,70035,21267.67,30,28168,2494.89,432,1774.84,21010.5,I-REC,0.38,26.6133,18.6293,5.6899
UI0000417,FAC0012,BANK01,2023,2023-09,55990,12816.32,60,27528,2332.75,752,3368.93,33594.0,I-REC,0.38,21.2762,8.5105,5.5607
UI0000418,FAC0012,BANK01,2023,2023-10,57069,12164.34,40,24656,2649.27,582,2821.89,22827.6,GO,0.38,21.6862,13.0117,4.9805
UI0000419,FAC0012,BANK01,2023,2023-11,58097,12100.4,30,27441,2455.12,709,2555.38,17429.1,GO,0.38,22.0769,15.4538,5.5431
UI0000420,FAC0012,BANK01,2023,2023-12,79273,15484.18,50,34718,2591.65,720,3362.67,39636.5,GO,0.38,30.1237,15.0619,7.013
UI0000421,FAC0012,BANK01,2024,2024-01,66806,12238.7,40,31145,2505.46,680,2824.98,26722.4,I-REC,0.3689,24.6447,14.7868,6.2913
UI0000422,FAC0012,BANK01,2024,2024-02,75634,20645.15,60,34581,2644.52,615,2089.57,45380.4,I-REC,0.3689,27.9014,11.1606,6.9854
UI0000423,FAC0012,BANK01,2024,2024-03,51331,13638.2,40,26621,2229.33,580,1745.7,20532.4,GO,0.3689,18.936,11.3616,5.3774
UI0000424,FAC0012,BANK01,2024,2024-04,52818,10194.41,70,24648,3394.5,442,1454.34,36972.6,GO,0.3689,19.4846,5.8454,4.9789
UI0000425,FAC0012,BANK01,2024,2024-05,48873,9874.14,50,23065,3013.93,415,2011.91,24436.5,I-REC,0.3689,18.0292,9.0146,4.6591
UI0000426,FAC0012,BANK01,2024,2024-06,71707,13444.38,50,29762,3345.51,691,3104.0,35853.5,GO,0.3689,26.4527,13.2264,6.0119
UI0000427,FAC0012,BANK01,2024,2024-07,60270,18554.72,50,27959,2039.04,530,2244.56,30135.0,GO,0.3689,22.2336,11.1168,5.6477
UI0000428,FAC0012,BANK01,2024,2024-08,59517,18482.19,70,28100,2356.37,503,2135.71,41661.9,GO,0.3689,21.9558,6.5867,5.6762
UI0000429,FAC0012,BANK01,2024,2024-09,56193,13106.44,70,22500,1903.23,608,1840.31,39335.1,I-REC,0.3689,20.7296,6.2189,4.545
UI0000430,FAC0012,BANK01,2024,2024-10,50274,14515.65,60,25543,1973.3,651,2948.2,30164.4,GO,0.3689,18.5461,7.4184,5.1597
UI0000431,FAC0012,BANK01,2024,2024-11,51383,13747.46,70,22815,1821.61,476,1748.97,35968.1,I-REC,0.3689,18.9552,5.6866,4.6086
UI0000432,FAC0012,BANK01,2024,2024-12,64596,17020.09,50,34152,3288.51,797,2418.28,32298.0,GO,0.3689,23.8295,11.9147,6.8987
UI0000433,FAC0013,BANK01,2022,2022-01,117256,32951.33,40,47718,6144.9,1143,3579.92,46902.4,GO,0.3914,45.894,27.5364,9.639
UI0000434,FAC0013,BANK01,2022,2022-02,115469,32353.75,30,52409,5755.6,1114,4111.19,34640.7,GO,0.3914,45.1946,31.6362,10.5866
UI0000435,FAC0013,BANK01,2022,2022-03,87215,18493.14,20,38760,3944.27,1127,3700.8,17443.0,I-REC,0.3914,34.136,27.3088,7.8295
UI0000436,FAC0013,BANK01,2022,2022-04,77493,18151.31,40,41442,5113.12,931,3035.68,30997.2,I-REC,0.3914,30.3308,18.1985,8.3713
UI0000437,FAC0013,BANK01,2022,2022-05,88324,16215.44,30,36289,5055.31,591,2872.48,26497.2,I-REC,0.3914,34.57,24.199,7.3304
UI0000438,FAC0013,BANK01,2022,2022-06,99392,25648.5,30,45308,4053.03,653,2176.26,29817.6,I-REC,0.3914,38.902,27.2314,9.1522
UI0000439,FAC0013,BANK01,2022,2022-07,103369,24846.92,20,46066,6004.13,1054,3209.18,20673.8,I-REC,0.3914,40.4586,32.3669,9.3053
UI0000440,FAC0013,BANK01,2022,2022-08,95470,21760.92,20,43115,3805.95,738,3489.35,19094.0,I-REC,0.3914,37.367,29.8936,8.7092
UI0000441,FAC0013,BANK01,2022,2022-09,88017,24483.53,30,39530,5164.67,997,3055.57,26405.1,I-REC,0.3914,34.4499,24.1149,7.9851
UI0000442,FAC0013,BANK01,2022,2022-10,75311,23641.82,50,34440,3771.52,797,3615.85,37655.5,GO,0.3914,29.4767,14.7384,6.9569
UI0000443,FAC0013,BANK01,2022,2022-11,81800,18971.41,20,37538,4178.3,1100,5012.44,16360.0,GO,0.3914,32.0165,25.6132,7.5827
UI0000444,FAC0013,BANK01,2022,2022-12,106789,22978.79,30,48647,6271.11,1141,3735.31,32036.7,I-REC,0.3914,41.7972,29.2581,9.8267
UI0000445,FAC0013,BANK01,2023,2023-01,114627,29538.44,30,49434,6121.96,539,2476.45,34388.1,GO,0.38,43.5583,30.4908,9.9857
UI0000446,FAC0013,BANK01,2023,2023-02,108239,27875.66,60,45220,3483.13,556,2111.29,64943.4,GO,0.38,41.1308,16.4523,9.1344
UI0000447,FAC0013,BANK01,2023,2023-03,85215,21833.12,30,34298,3641.75,653,3019.91,25564.5,GO,0.38,32.3817,22.6672,6.9282
UI0000448,FAC0013,BANK01,2023,2023-04,83705,25243.8,30,36971,2867.94,643,2369.74,25111.5,I-REC,0.38,31.8079,22.2655,7.4681
UI0000449,FAC0013,BANK01,2023,2023-05,73839,17973.51,60,34256,2989.01,901,3535.43,44303.4,I-REC,0.38,28.0588,11.2235,6.9197
UI0000450,FAC0013,BANK01,2023,2023-06,93580,21575.52,50,41826,4481.6,571,2027.68,46790.0,GO,0.38,35.5604,17.7802,8.4489
UI0000451,FAC0013,BANK01,2023,2023-07,94986,17427.14,40,48413,5304.09,662,2226.61,37994.4,GO,0.38,36.0947,21.6568,9.7794
UI0000452,FAC0013,BANK01,2023,2023-08,99566,27726.85,60,45921,5130.81,791,3157.95,59739.6,I-REC,0.38,37.8351,15.134,9.276
UI0000453,FAC0013,BANK01,2023,2023-09,76167,20182.33,40,37819,3061.86,776,3584.91,30466.8,GO,0.38,28.9435,17.3661,7.6394
UI0000454,FAC0013,BANK01,2023,2023-10,88053,21234.27,60,40515,3258.38,1137,4214.25,52831.8,GO,0.38,33.4601,13.3841,8.184
UI0000455,FAC0013,BANK01,2023,2023-11,73892,13496.91,60,35423,2622.39,636,2246.36,44335.2,I-REC,0.38,28.079,11.2316,7.1554
UI0000456,FAC0013,BANK01,2023,2023-12,106094,30312.48,30,45832,5759.12,1228,3808.22,31828.2,GO,0.38,40.3157,28.221,9.2581
UI0000457,FAC0013,BANK01,2024,2024-01,107647,19939.36,60,50445,6176.06,626,2206.89,64588.2,GO,0.3689,39.711,15.8844,10.1899
UI0000458,FAC0013,BANK01,2024,2024-02,100189,26087.58,60,51438,4735.04,932,4040.61,60113.4,GO,0.3689,36.9597,14.7839,10.3905
UI0000459,FAC0013,BANK01,2024,2024-03,82627,21935.67,60,35272,3708.09,660,3046.34,49576.2,I-REC,0.3689,30.4811,12.1924,7.1249
UI0000460,FAC0013,BANK01,2024,2024-04,76120,22049.35,70,39032,4178.11,1125,4483.85,53284.0,GO,0.3689,28.0807,8.4242,7.8845
UI0000461,FAC0013,BANK01,2024,2024-05,74947,20679.51,70,33430,4244.16,869,3271.3,52462.9,GO,0.3689,27.6479,8.2944,6.7529
UI0000462,FAC0013,BANK01,2024,2024-06,98057,30766.69,70,42895,3448.36,831,3299.0,68639.9,I-REC,0.3689,36.1732,10.852,8.6648
UI0000463,FAC0013,BANK01,2024,2024-07,105736,22486.01,50,44617,3667.24,946,3447.83,52868.0,I-REC,0.3689,39.006,19.503,9.0126
UI0000464,FAC0013,BANK01,2024,2024-08,90813,23756.77,60,46872,6273.25,1229,6134.36,54487.8,I-REC,0.3689,33.5009,13.4004,9.4681
UI0000465,FAC0013,BANK01,2024,2024-09,78475,15939.84,60,33060,3311.13,1046,5204.99,47085.0,I-REC,0.3689,28.9494,11.5798,6.6781
UI0000466,FAC0013,BANK01,2024,2024-10,81875,24134.61,70,33146,3574.42,872,2915.15,57312.5,GO,0.3689,30.2037,9.0611,6.6955
UI0000467,FAC0013,BANK01,2024,2024-11,72810,19536.05,40,33355,3876.88,650,2287.34,29124.0,GO,0.3689,26.8596,16.1158,6.7377
UI0000468,FAC0013,BANK01,2024,2024-12,113171,24097.44,40,52743,6218.62,928,4177.72,45268.4,GO,0.3689,41.7488,25.0493,10.6541
UI0000469,FAC0014,BANK01,2022,2022-01,40918,12525.68,50,18974,2520.15,2070,6555.69,20459.0,GO,0.2802,11.4652,5.7326,3.8327
UI0000470,FAC0014,BANK01,2022,2022-02,39892,12362.23,40,16840,1777.89,2008,9298.32,15956.8,I-REC,0.2802,11.1777,6.7066,3.4017
UI0000471,FAC0014,BANK01,2022,2022-03,32382,7207.46,40,15278,1217.3,2124,9591.27,12952.8,I-REC,0.2802,9.0734,5.4441,3.0862
UI0000472,FAC0014,BANK01,2022,2022-04,29960,7788.17,30,15026,1514.99,1400,5619.17,8988.0,GO,0.2802,8.3948,5.8764,3.0353
UI0000473,FAC0014,BANK01,2022,2022-05,29878,6463.51,20,12600,923.3,1168,4611.98,5975.6,GO,0.2802,8.3718,6.6975,2.5452
UI0000474,FAC0014,BANK01,2022,2022-06,36781,8578.62,30,15680,1191.04,2016,8449.78,11034.3,GO,0.2802,10.306,7.2142,3.1674
UI0000475,FAC0014,BANK01,2022,2022-07,33957,8541.06,30,17572,1844.67,1056,4893.8,10187.1,GO,0.2802,9.5148,6.6603,3.5495
UI0000476,FAC0014,BANK01,2022,2022-08,35281,8639.27,30,15925,1953.22,1798,7474.63,10584.3,GO,0.2802,9.8857,6.92,3.2169
UI0000477,FAC0014,BANK01,2022,2022-09,33275,7233.95,20,15165,1686.63,1554,5374.78,6655.0,I-REC,0.2802,9.3237,7.4589,3.0633
UI0000478,FAC0014,BANK01,2022,2022-10,27943,5469.81,50,15094,1507.9,1061,4232.02,13971.5,GO,0.2802,7.8296,3.9148,3.049
UI0000479,FAC0014,BANK01,2022,2022-11,30569,6928.86,30,13260,1278.49,1567,5036.37,9170.7,GO,0.2802,8.5654,5.9958,2.6785
UI0000480,FAC0014,BANK01,2022,2022-12,43818,9002.04,50,18920,2172.01,2037,9715.54,21909.0,I-REC,0.2802,12.2778,6.1389,3.8218
UI0000481,FAC0014,BANK01,2023,2023-01,42904,10027.62,60,18983,1659.23,1308,4616.8,25742.4,I-REC,0.272,11.6699,4.668,3.8346
UI0000482,FAC0014,BANK01,2023,2023-02,40417,8133.38,50,16515,1669.27,1523,5034.88,20208.5,GO,0.272,10.9934,5.4967,3.336
UI0000483,FAC0014,BANK01,2023,2023-03,28690,7493.82,50,13372,1163.65,1152,4908.25,14345.0,GO,0.272,7.8037,3.9018,2.7011
UI0000484,FAC0014,BANK01,2023,2023-04,28317,6151.26,40,13813,1353.8,950,4173.71,11326.8,I-REC,0.272,7.7022,4.6213,2.7902
UI0000485,FAC0014,BANK01,2023,2023-05,28037,6597.85,50,12429,1001.7,1501,7467.54,14018.5,I-REC,0.272,7.6261,3.813,2.5107
UI0000486,FAC0014,BANK01,2023,2023-06,36436,9737.65,30,17067,1270.45,1036,3729.39,10930.8,GO,0.272,9.9106,6.9374,3.4475
UI0000487,FAC0014,BANK01,2023,2023-07,34169,7861.76,40,17829,2190.91,1692,7105.35,13667.6,I-REC,0.272,9.294,5.5764,3.6015
UI0000488,FAC0014,BANK01,2023,2023-08,38521,7516.0,60,18394,1562.28,2055,9123.03,23112.6,I-REC,0.272,10.4777,4.1911,3.7156
UI0000489,FAC0014,BANK01,2023,2023-09,31989,9870.82,30,13251,1225.52,2191,8812.39,9596.7,GO,0.272,8.701,6.0907,2.6767
UI0000490,FAC0014,BANK01,2023,2023-10,29061,6696.94,40,14450,1978.64,1836,8263.75,11624.4,I-REC,0.272,7.9046,4.7428,2.9189
UI0000491,FAC0014,BANK01,2023,2023-11,29624,6650.7,60,13034,941.18,1730,5858.64,17774.4,I-REC,0.272,8.0577,3.2231,2.6329
UI0000492,FAC0014,BANK01,2023,2023-12,37866,11296.11,60,16525,1700.48,1668,7473.76,22719.6,GO,0.272,10.2996,4.1198,3.338
UI0000493,FAC0014,BANK01,2024,2024-01,41816,11625.99,50,19424,2168.07,1032,4279.16,20908.0,GO,0.2641,11.0436,5.5218,3.9236
UI0000494,FAC0014,BANK01,2024,2024-02,39104,11781.32,40,16243,1662.0,1634,6703.17,15641.6,I-REC,0.2641,10.3274,6.1964,3.2811
UI0000495,FAC0014,BANK01,2024,2024-03,26715,7753.19,40,12283,1581.82,1292,5484.66,10686.0,I-REC,0.2641,7.0554,4.2333,2.4812
UI0000496,FAC0014,BANK01,2024,2024-04,31493,8386.76,70,13751,1480.82,2149,9905.89,22045.1,I-REC,0.2641,8.3173,2.4952,2.7777
UI0000497,FAC0014,BANK01,2024,2024-05,27598,6171.64,70,14686,1548.94,1451,5999.08,19318.6,I-REC,0.2641,7.2886,2.1866,2.9666
UI0000498,FAC0014,BANK01,2024,2024-06,36854,11684.39,60,17593,2221.13,1364,4226.49,22112.4,I-REC,0.2641,9.7331,3.8933,3.5538
UI0000499,FAC0014,BANK01,2024,2024-07,32844,6181.32,50,15194,1794.74,1708,6756.02,16422.0,I-REC,0.2641,8.6741,4.3371,3.0692
UI0000500,FAC0014,BANK01,2024,2024-08,34529,7913.24,40,17037,1276.53,1432,4521.13,13811.6,GO,0.2641,9.1191,5.4715,3.4415
UI0000501,FAC0014,BANK01,2024,2024-09,30119,6294.87,70,12236,1125.8,2003,7654.62,21083.3,GO,0.2641,7.9544,2.3863,2.4717
UI0000502,FAC0014,BANK01,2024,2024-10,30274,6838.03,60,12407,1389.14,1601,6016.5,18164.4,GO,0.2641,7.9954,3.1981,2.5062
UI0000503,FAC0014,BANK01,2024,2024-11,26196,7674.88,60,12136,1103.28,1780,8797.74,15717.6,I-REC,0.2641,6.9184,2.7673,2.4515
UI0000504,FAC0014,BANK01,2024,2024-12,36807,10141.7,70,16261,1450.12,2115,10164.82,25764.9,GO,0.2641,9.7207,2.9162,3.2847
UI0000505,FAC0015,BANK01,2022,2022-01,224660,42011.49,50,98889,12385.1,2228,7852.05,112330.0,GO,0.3914,87.9319,43.966,19.9756
UI0000506,FAC0015,BANK01,2022,2022-02,189160,56960.8,50,102315,10671.66,2001,7776.27,94580.0,GO,0.3914,74.0372,37.0186,20.6676
UI0000507,FAC0015,BANK01,2022,2022-03,158311,45517.7,40,65694,9035.1,2264,7662.68,63324.4,GO,0.3914,61.9629,37.1778,13.2702
UI0000508,FAC0015,BANK01,2022,2022-04,157334,47197.88,30,74098,7103.56,2216,10188.86,47200.2,GO,0.3914,61.5805,43.1064,14.9678
UI0000509,FAC0015,BANK01,2022,2022-05,168945,48632.42,30,76631,7169.25,3026,10828.18,50683.5,I-REC,0.3914,66.1251,46.2876,15.4795
UI0000510,FAC0015,BANK01,2022,2022-06,177009,37534.1,40,90990,6711.33,2553,11206.61,70803.6,GO,0.3914,69.2813,41.5688,18.38
UI0000511,FAC0015,BANK01,2022,2022-07,198782,40015.18,30,82616,6830.12,1767,7994.04,59634.6,I-REC,0.3914,77.8033,54.4623,16.6884
UI0000512,FAC0015,BANK01,2022,2022-08,190204,42507.98,50,96870,7691.82,2317,8415.37,95102.0,GO,0.3914,74.4458,37.2229,19.5677
UI0000513,FAC0015,BANK01,2022,2022-09,143535,40086.42,40,65673,5056.43,1564,5857.21,57414.0,GO,0.3914,56.1796,33.7078,13.2659
UI0000514,FAC0015,BANK01,2022,2022-10,171978,54873.41,50,72571,5111.06,3219,15479.77,85989.0,GO,0.3914,67.3122,33.6561,14.6593
UI0000515,FAC0015,BANK01,2022,2022-11,158290,39155.89,50,66842,6992.84,2525,10397.09,79145.0,I-REC,0.3914,61.9547,30.9774,13.5021
UI0000516,FAC0015,BANK01,2022,2022-12,196766,47651.29,40,88557,11068.88,2504,7580.21,78706.4,GO,0.3914,77.0142,46.2085,17.8885
UI0000517,FAC0015,BANK01,2023,2023-01,217717,63345.62,60,93741,12157.45,3290,14071.95,130630.2,GO,0.38,82.7325,33.093,18.9357
UI0000518,FAC0015,BANK01,2023,2023-02,202239,37916.98,40,88078,9425.52,1624,5615.17,80895.6,I-REC,0.38,76.8508,46.1105,17.7918
UI0000519,FAC0015,BANK01,2023,2023-03,161988,44951.8,50,70770,8567.75,1844,8727.28,80994.0,GO,0.38,61.5554,30.7777,14.2955
UI0000520,FAC0015,BANK01,2023,2023-04,154984,35892.65,40,70521,6243.29,2075,8358.33,61993.6,GO,0.38,58.8939,35.3364,14.2452
UI0000521,FAC0015,BANK01,2023,2023-05,148130,37104.31,40,65719,8642.41,2466,9183.53,59252.0,I-REC,0.38,56.2894,33.7736,13.2752
UI0000522,FAC0015,BANK01,2023,2023-06,197711,42631.45,60,94684,10954.7,1503,5366.33,118626.6,GO,0.38,75.1302,30.0521,19.1262
UI0000523,FAC0015,BANK01,2023,2023-07,186975,36571.66,30,91031,12390.46,3055,10106.94,56092.5,I-REC,0.38,71.0505,49.7353,18.3883
UI0000524,FAC0015,BANK01,2023,2023-08,196224,54060.52,60,85953,9751.82,2866,13273.01,117734.4,GO,0.38,74.5651,29.826,17.3625
UI0000525,FAC0015,BANK01,2023,2023-09,141204,30218.43,40,70196,6355.75,2873,12305.15,56481.6,GO,0.38,53.6575,32.1945,14.1796
UI0000526,FAC0015,BANK01,2023,2023-10,161450,44545.93,60,70920,9033.46,1472,7058.94,96870.0,I-REC,0.38,61.351,24.5404,14.3258
UI0000527,FAC0015,BANK01,2023,2023-11,149481,39604.05,30,64144,6227.85,2438,8518.07,44844.3,I-REC,0.38,56.8028,39.7619,12.9571
UI0000528,FAC0015,BANK01,2023,2023-12,186500,43664.47,30,91521,12776.62,2613,12954.53,55950.0,GO,0.38,70.87,49.609,18.4872
UI0000529,FAC0015,BANK01,2024,2024-01,194170,51916.8,60,93709,8064.65,2979,13988.02,116502.0,I-REC,0.3689,71.6293,28.6517,18.9292
UI0000530,FAC0015,BANK01,2024,2024-02,216549,54582.98,40,83800,10061.1,3032,11499.4,86619.6,GO,0.3689,79.8849,47.931,16.9276
UI0000531,FAC0015,BANK01,2024,2024-03,150130,34281.83,70,66678,5471.43,3121,10949.11,105091.0,GO,0.3689,55.383,16.6149,13.469
UI0000532,FAC0015,BANK01,2024,2024-04,163489,30652.26,70,75996,8148.41,1908,8851.02,114442.3,I-REC,0.3689,60.3111,18.0933,15.3512
UI0000533,FAC0015,BANK01,2024,2024-05,162349,39458.45,50,72275,9027.11,2311,7428.26,81174.5,I-REC,0.3689,59.8905,29.9453,14.5996
UI0000534,FAC0015,BANK01,2024,2024-06,189675,40539.1,60,87698,9796.13,3131,10314.04,113805.0,I-REC,0.3689,69.9711,27.9884,17.715
UI0000535,FAC0015,BANK01,2024,2024-07,182840,53489.24,70,85168,9347.43,2661,10247.96,127988.0,I-REC,0.3689,67.4497,20.2349,17.2039
UI0000536,FAC0015,BANK01,2024,2024-08,187629,41813.22,40,85375,11864.55,1707,6763.96,75051.6,I-REC,0.3689,69.2163,41.5298,17.2458
UI0000537,FAC0015,BANK01,2024,2024-09,157039,43239.64,70,74352,6525.54,1612,5585.75,109927.3,GO,0.3689,57.9317,17.3795,15.0191
UI0000538,FAC0015,BANK01,2024,2024-10,160273,44790.88,70,74691,6143.49,3275,10690.92,112191.1,I-REC,0.3689,59.1247,17.7374,15.0876
UI0000539,FAC0015,BANK01,2024,2024-11,141968,28788.66,70,70441,6091.92,1841,7614.42,99377.6,GO,0.3689,52.372,15.7116,14.2291
UI0000540,FAC0015,BANK01,2024,2024-12,185245,34124.3,70,101704,13668.67,3273,10847.48,129671.5,I-REC,0.3689,68.3369,20.5011,20.5442
UI0000541,FAC0016,BANK01,2022,2022-01,112556,31474.79,20,45467,4955.59,1592,5451.3,22511.2,GO,0.2802,31.5382,25.2306,9.1843
UI0000542,FAC0016,BANK01,2022,2022-02,97166,20618.89,30,43872,5801.08,1496,4536.7,29149.8,GO,0.2802,27.2259,19.0581,8.8621
UI0000543,FAC0016,BANK01,2022,2022-03,81438,15175.43,20,35374,2549.97,2044,9571.13,16287.6,I-REC,0.2802,22.8189,18.2551,7.1455
UI0000544,FAC0016,BANK01,2022,2022-04,79951,22392.77,50,38862,3051.41,2882,11803.18,39975.5,GO,0.2802,22.4023,11.2011,7.8501
UI0000545,FAC0016,BANK01,2022,2022-05,83418,18387.57,20,33950,4556.39,1957,6791.7,16683.6,GO,0.2802,23.3737,18.699,6.8579
UI0000546,FAC0016,BANK01,2022,2022-06,96878,25435.18,20,48036,5901.62,2416,11046.77,19375.6,GO,0.2802,27.1452,21.7162,9.7033
UI0000547,FAC0016,BANK01,2022,2022-07,91574,18983.13,30,46748,4284.6,2617,12385.5,27472.2,GO,0.2802,25.659,17.9613,9.4431
UI0000548,FAC0016,BANK01,2022,2022-08,97562,17611.01,20,47182,5724.76,2658,13261.21,19512.4,I-REC,0.2802,27.3369,21.8695,9.5308
UI0000549,FAC0016,BANK01,2022,2022-09,77758,18024.94,20,38021,4832.11,2876,14054.77,15551.6,I-REC,0.2802,21.7878,17.4302,7.6802
UI0000550,FAC0016,BANK01,2022,2022-10,85530,19363.74,20,36839,4907.17,2050,6338.92,17106.0,GO,0.2802,23.9655,19.1724,7.4415
UI0000551,FAC0016,BANK01,2022,2022-11,77379,14925.16,40,39073,2770.78,1968,8451.79,30951.6,I-REC,0.2802,21.6816,13.009,7.8927
UI0000552,FAC0016,BANK01,2022,2022-12,113280,31556.54,20,46326,6134.8,1444,7054.22,22656.0,GO,0.2802,31.7411,25.3928,9.3579
UI0000553,FAC0016,BANK01,2023,2023-01,112462,21826.63,50,42585,4811.61,2066,10009.34,56231.0,I-REC,0.272,30.5897,15.2948,8.6022
UI0000554,FAC0016,BANK01,2023,2023-02,104359,24150.74,30,49878,5452.61,2105,7134.47,31307.7,I-REC,0.272,28.3856,19.87,10.0754
UI0000555,FAC0016,BANK01,2023,2023-03,75629,19270.38,60,33363,3660.68,2251,9552.48,45377.4,GO,0.272,20.5711,8.2284,6.7393
UI0000556,FAC0016,BANK01,2023,2023-04,71626,18306.96,40,36234,3951.76,2649,10702.17,28650.4,GO,0.272,19.4823,11.6894,7.3193
UI0000557,FAC0016,BANK01,2023,2023-05,78943,22847.88,60,32767,2460.32,2208,6759.28,47365.8,GO,0.272,21.4725,8.589,6.6189
UI0000558,FAC0016,BANK01,2023,2023-06,99634,25875.84,30,42741,5674.96,1921,5852.8,29890.2,I-REC,0.272,27.1004,18.9703,8.6337
UI0000559,FAC0016,BANK01,2023,2023-07,95723,23014.28,40,40120,4778.61,2923,14546.32,38289.2,GO,0.272,26.0367,15.622,8.1042
UI0000560,FAC0016,BANK01,2023,2023-08,93090,21710.42,40,47377,4320.35,2195,6930.31,37236.0,I-REC,0.272,25.3205,15.1923,9.5702
UI0000561,FAC0016,BANK01,2023,2023-09,82317,25586.87,50,37328,5071.09,2987,13644.41,41158.5,I-REC,0.272,22.3902,11.1951,7.5403
UI0000562,FAC0016,BANK01,2023,2023-10,74730,18269.98,30,35550,3625.54,2971,13108.45,22419.0,GO,0.272,20.3266,14.2286,7.1811
UI0000563,FAC0016,BANK01,2023,2023-11,79491,23033.96,40,32907,2525.94,1807,7853.13,31796.4,I-REC,0.272,21.6216,12.9729,6.6472
UI0000564,FAC0016,BANK01,2023,2023-12,109346,34071.68,60,47787,4802.69,1778,5963.51,65607.6,I-REC,0.272,29.7421,11.8968,9.653
UI0000565,FAC0016,BANK01,2024,2024-01,93222,22643.54,40,50462,6397.64,1871,8912.1,37288.8,I-REC,0.2641,24.6199,14.772,10.1933
UI0000566,FAC0016,BANK01,2024,2024-02,108739,33521.48,60,44170,3417.28,2557,10501.87,65243.4,GO,0.2641,28.718,11.4872,8.9223
UI0000567,FAC0016,BANK01,2024,2024-03,78053,17534.95,40,33882,4220.52,2733,8890.01,31221.2,GO,0.2641,20.6138,12.3683,6.8442
UI0000568,FAC0016,BANK01,2024,2024-04,80522,20096.06,60,32273,2259.25,2752,11418.17,48313.2,I-REC,0.2641,21.2659,8.5063,6.5191
UI0000569,FAC0016,BANK01,2024,2024-05,81926,25360.01,50,31635,4204.08,2386,9114.56,40963.0,I-REC,0.2641,21.6367,10.8183,6.3903
UI0000570,FAC0016,BANK01,2024,2024-06,100363,21977.74,50,42146,5500.73,1659,8268.06,50181.5,GO,0.2641,26.5059,13.2529,8.5135
UI0000571,FAC0016,BANK01,2024,2024-07,92122,16647.18,60,46057,3510.79,2349,9490.76,55273.2,GO,0.2641,24.3294,9.7318,9.3035
UI0000572,FAC0016,BANK01,2024,2024-08,100265,28113.38,60,45184,3923.14,1610,5268.72,60159.0,GO,0.2641,26.48,10.592,9.1272
UI0000573,FAC0016,BANK01,2024,2024-09,74116,13405.7,60,33997,2536.64,2907,13292.56,44469.6,GO,0.2641,19.574,7.8296,6.8674
UI0000574,FAC0016,BANK01,2024,2024-10,81999,15809.85,40,35750,3939.84,2594,12838.87,32799.6,GO,0.2641,21.6559,12.9936,7.2215
UI0000575,FAC0016,BANK01,2024,2024-11,76989,24432.28,40,37157,4309.68,2824,10251.03,30795.6,I-REC,0.2641,20.3328,12.1997,7.5057
UI0000576,FAC0016,BANK01,2024,2024-12,98976,20966.86,60,48649,6187.46,1370,6285.41,59385.6,I-REC,0.2641,26.1396,10.4558,9.8271
UI0000577,FAC0017,BANK01,2022,2022-01,11501,2814.67,20,5910,748.66,1255,5255.06,2300.2,GO,0.3914,4.5015,3.6012,1.1938
UI0000578,FAC0017,BANK01,2022,2022-02,13085,3962.35,20,5251,578.56,1631,5911.59,2617.0,I-REC,0.3914,5.1215,4.0972,1.0607
UI0000579,FAC0017,BANK01,2022,2022-03,9873,2879.39,30,4546,484.3,1292,4943.72,2961.9,I-REC,0.3914,3.8643,2.705,0.9183
UI0000580,FAC0017,BANK01,2022,2022-04,9577,1900.18,40,4121,362.63,2125,10440.34,3830.8,I-REC,0.3914,3.7484,2.2491,0.8324
UI0000581,FAC0017,BANK01,2022,2022-05,9976,3160.76,30,4296,361.52,1960,7098.55,2992.8,GO,0.3914,3.9046,2.7332,0.8678
UI0000582,FAC0017,BANK01,2022,2022-06,11666,2157.9,20,5037,469.75,2010,6647.99,2333.2,I-REC,0.3914,4.5661,3.6529,1.0175
UI0000583,FAC0017,BANK01,2022,2022-07,12213,2315.84,30,5518,730.96,1525,5225.67,3663.9,I-REC,0.3914,4.7802,3.3461,1.1146
UI0000584,FAC0017,BANK01,2022,2022-08,12461,3157.15,40,5654,744.58,1467,5110.9,4984.4,I-REC,0.3914,4.8772,2.9263,1.1421
UI0000585,FAC0017,BANK01,2022,2022-09,10176,3059.78,50,4067,563.41,1692,6549.47,5088.0,GO,0.3914,3.9829,1.9914,0.8215
UI0000586,FAC0017,BANK01,2022,2022-10,9937,3165.55,30,4326,604.57,1769,8459.34,2981.1,GO,0.3914,3.8893,2.7225,0.8739
UI0000587,FAC0017,BANK01,2022,2022-11,10289,2309.97,30,4375,376.03,1715,8304.5,3086.7,I-REC,0.3914,4.0271,2.819,0.8838
UI0000588,FAC0017,BANK01,2022,2022-12,13382,4123.0,50,5981,644.83,2115,7744.49,6691.0,I-REC,0.3914,5.2377,2.6189,1.2082
UI0000589,FAC0017,BANK01,2023,2023-01,11271,2649.66,30,6074,616.08,2217,8138.89,3381.3,I-REC,0.38,4.283,2.9981,1.2269
UI0000590,FAC0017,BANK01,2023,2023-02,11337,3198.01,40,6239,440.98,1202,3687.77,4534.8,I-REC,0.38,4.3081,2.5848,1.2603
UI0000591,FAC0017,BANK01,2023,2023-03,10094,2514.15,30,4629,550.8,1421,6339.42,3028.2,I-REC,0.38,3.8357,2.685,0.9351
UI0000592,FAC0017,BANK01,2023,2023-04,9591,3003.38,30,4370,610.82,2167,8506.34,2877.3,I-REC,0.38,3.6446,2.5512,0.8827
UI0000593,FAC0017,BANK01,2023,2023-05,9297,1858.71,30,4188,529.28,1786,7873.26,2789.1,GO,0.38,3.5329,2.473,0.846
UI0000594,FAC0017,BANK01,2023,2023-06,11221,2284.0,40,5120,366.93,1899,8420.5,4488.4,GO,0.38,4.264,2.5584,1.0342
UI0000595,FAC0017,BANK01,2023,2023-07,11053,3070.62,50,4958,375.92,2072,6950.01,5526.5,I-REC,0.38,4.2001,2.1001,1.0015
UI0000596,FAC0017,BANK01,2023,2023-08,10212,3126.47,60,4799,599.61,1170,5616.23,6127.2,GO,0.38,3.8806,1.5522,0.9694
UI0000597,FAC0017,BANK01,2023,2023-09,9018,2582.18,60,4680,556.8,1005,3117.06,5410.8,I-REC,0.38,3.4268,1.3707,0.9454
UI0000598,FAC0017,BANK01,2023,2023-10,8948,2746.24,40,4145,390.84,2132,9798.45,3579.2,GO,0.38,3.4002,2.0401,0.8373
UI0000599,FAC0017,BANK01,2023,2023-11,9629,1776.35,50,4360,391.42,1573,7726.14,4814.5,I-REC,0.38,3.659,1.8295,0.8807
UI0000600,FAC0017,BANK01,2023,2023-12,12358,3026.69,40,6015,652.94,1922,9343.8,4943.2,GO,0.38,4.696,2.8176,1.215
UI0000601,FAC0017,BANK01,2024,2024-01,12635,3890.11,40,5699,664.79,1476,6875.9,5054.0,I-REC,0.3689,4.6611,2.7966,1.1512
UI0000602,FAC0017,BANK01,2024,2024-02,11033,3483.97,50,6138,761.73,1372,4149.49,5516.5,I-REC,0.3689,4.0701,2.035,1.2399
UI0000603,FAC0017,BANK01,2024,2024-03,9443,1866.39,60,4265,307.93,995,3411.88,5665.8,I-REC,0.3689,3.4835,1.3934,0.8615
UI0000604,FAC0017,BANK01,2024,2024-04,8270,1563.17,60,4292,463.51,2277,9685.72,4962.0,GO,0.3689,3.0508,1.2203,0.867
UI0000605,FAC0017,BANK01,2024,2024-05,9843,2985.09,60,4581,518.39,2301,7704.96,5905.8,I-REC,0.3689,3.6311,1.4524,0.9254
UI0000606,FAC0017,BANK01,2024,2024-06,11220,3097.21,60,4974,466.72,1983,6130.26,6732.0,I-REC,0.3689,4.1391,1.6556,1.0047
UI0000607,FAC0017,BANK01,2024,2024-07,10869,2822.84,70,4653,513.84,1530,6561.02,7608.3,I-REC,0.3689,4.0096,1.2029,0.9399
UI0000608,FAC0017,BANK01,2024,2024-08,10891,2072.73,40,5058,491.03,2200,8532.62,4356.4,I-REC,0.3689,4.0177,2.4106,1.0217
UI0000609,FAC0017,BANK01,2024,2024-09,8665,2167.41,70,4432,525.67,2175,7070.08,6065.5,GO,0.3689,3.1965,0.959,0.8953
UI0000610,FAC0017,BANK01,2024,2024-10,9806,2186.21,60,3962,471.17,1248,6206.43,5883.6,I-REC,0.3689,3.6174,1.447,0.8003
UI0000611,FAC0017,BANK01,2024,2024-11,9755,2270.74,70,3796,491.07,1511,5007.98,6828.5,GO,0.3689,3.5986,1.0796,0.7668
UI0000612,FAC0017,BANK01,2024,2024-12,11712,2227.66,40,5282,448.32,1828,6871.39,4684.8,GO,0.3689,4.3206,2.5923,1.067
UI0000613,FAC0018,BANK01,2022,2022-01,22507,5498.75,20,11794,1035.91,1255,5226.1,4501.4,I-REC,0.3914,8.8092,7.0474,2.3824
UI0000614,FAC0018,BANK01,2022,2022-02,24271,5112.37,30,11276,964.01,1778,6511.14,7281.3,I-REC,0.3914,9.4997,6.6498,2.2778
UI0000615,FAC0018,BANK01,2022,2022-03,16313,4405.18,20,7398,979.97,2066,9664.46,3262.6,GO,0.3914,6.3849,5.1079,1.4944
UI0000616,FAC0018,BANK01,2022,2022-04,16140,4058.58,50,7773,676.32,1864,6156.67,8070.0,I-REC,0.3914,6.3172,3.1586,1.5701
UI0000617,FAC0018,BANK01,2022,2022-05,19180,5586.0,30,7518,850.58,1536,4627.95,5754.0,GO,0.3914,7.5071,5.2549,1.5186
UI0000618,FAC0018,BANK01,2022,2022-06,23414,5309.63,50,9681,1271.62,2319,9566.21,11707.0,I-REC,0.3914,9.1642,4.5821,1.9556
UI0000619,FAC0018,BANK01,2022,2022-07,22952,4413.25,30,10099,1126.44,1442,6037.93,6885.6,GO,0.3914,8.9834,6.2884,2.04
UI0000620,FAC0018,BANK01,2022,2022-08,21362,5098.49,30,9347,1180.41,1070,3593.45,6408.6,I-REC,0.3914,8.3611,5.8528,1.8881
UI0000621,FAC0018,BANK01,2022,2022-09,16005,4047.54,40,8510,642.01,1623,6368.47,6402.0,GO,0.3914,6.2644,3.7586,1.719
UI0000622,FAC0018,BANK01,2022,2022-10,17620,5409.8,20,7413,578.34,1809,8325.57,3524.0,I-REC,0.3914,6.8965,5.5172,1.4974
UI0000623,FAC0018,BANK01,2022,2022-11,18963,3893.68,20,7743,775.86,2019,9923.12,3792.6,I-REC,0.3914,7.4221,5.9377,1.5641
UI0000624,FAC0018,BANK01,2022,2022-12,21768,4124.02,30,11568,1544.13,1983,8028.9,6530.4,I-REC,0.3914,8.52,5.964,2.3367
UI0000625,FAC0018,BANK01,2023,2023-01,21451,5922.52,30,10861,1190.24,1665,6439.34,6435.3,I-REC,0.38,8.1514,5.706,2.1939
UI0000626,FAC0018,BANK01,2023,2023-02,24459,5540.56,50,10711,1162.59,1292,5763.17,12229.5,GO,0.38,9.2944,4.6472,2.1636
UI0000627,FAC0018,BANK01,2023,2023-03,18719,3808.33,60,8139,963.26,1631,6138.17,11231.4,I-REC,0.38,7.1132,2.8453,1.6441
UI0000628,FAC0018,BANK01,2023,2023-04,17453,5382.57,50,8364,865.78,2017,9139.38,8726.5,I-REC,0.38,6.6321,3.3161,1.6895
UI0000629,FAC0018,BANK01,2023,2023-05,18088,4797.15,60,8603,695.3,1098,5289.32,10852.8,GO,0.38,6.8734,2.7494,1.7378
UI0000630,FAC0018,BANK01,2023,2023-06,21174,6661.39,50,9170,841.53,1692,5256.77,10587.0,GO,0.38,8.0461,4.0231,1.8523
UI0000631,FAC0018,BANK01,2023,2023-07,19542,3962.18,60,9840,725.98,1234,5062.36,11725.2,I-REC,0.38,7.426,2.9704,1.9877
UI0000632,FAC0018,BANK01,2023,2023-08,21750,4326.9,40,9884,1346.06,1848,5762.65,8700.0,I-REC,0.38,8.265,4.959,1.9966
UI0000633,FAC0018,BANK01,2023,2023-09,15964,4507.59,40,7673,1033.7,2335,11022.39,6385.6,I-REC,0.38,6.0663,3.6398,1.5499
UI0000634,FAC0018,BANK01,2023,2023-10,18257,4761.76,50,7332,877.92,2317,10199.9,9128.5,I-REC,0.38,6.9377,3.4688,1.4811
UI0000635,FAC0018,BANK01,2023,2023-11,17997,3330.46,40,8407,710.81,1996,6190.43,7198.8,GO,0.38,6.8389,4.1033,1.6982
UI0000636,FAC0018,BANK01,2023,2023-12,25221,5000.87,40,11124,1120.45,1302,4841.29,10088.4,I-REC,0.38,9.584,5.7504,2.247
UI0000637,FAC0018,BANK01,2024,2024-01,24686,6924.41,60,10901,794.68,1147,5223.08,14811.6,I-REC,0.3689,9.1067,3.6427,2.202
UI0000638,FAC0018,BANK01,2024,2024-02,21050,4988.89,40,9638,941.74,1459,4385.42,8420.0,I-REC,0.3689,7.7653,4.6592,1.9469
UI0000639,FAC0018,BANK01,2024,2024-03,18698,5812.95,50,7171,722.82,1969,7716.9,9349.0,GO,0.3689,6.8977,3.4488,1.4485
UI0000640,FAC0018,BANK01,2024,2024-04,16699,3314.46,50,8001,599.86,1829,5570.83,8349.5,I-REC,0.3689,6.1603,3.0801,1.6162
UI0000641,FAC0018,BANK01,2024,2024-05,15894,3906.03,40,8022,773.87,1567,6606.84,6357.6,GO,0.3689,5.8633,3.518,1.6204
UI0000642,FAC0018,BANK01,2024,2024-06,22338,4394.03,50,8961,1119.78,2015,7107.59,11169.0,I-REC,0.3689,8.2405,4.1202,1.8101
UI0000643,FAC0018,BANK01,2024,2024-07,22261,5939.51,40,10081,982.21,2112,6973.13,8904.4,I-REC,0.3689,8.2121,4.9272,2.0364
UI0000644,FAC0018,BANK01,2024,2024-08,19090,4737.35,70,10325,1084.91,2270,8475.69,13363.0,I-REC,0.3689,7.0423,2.1127,2.0856
UI0000645,FAC0018,BANK01,2024,2024-09,17242,4215.16,70,7661,940.16,2139,10228.38,12069.4,GO,0.3689,6.3606,1.9082,1.5475
UI0000646,FAC0018,BANK01,2024,2024-10,16649,4326.17,40,8183,1033.45,2258,8409.02,6659.6,I-REC,0.3689,6.1418,3.6851,1.653
UI0000647,FAC0018,BANK01,2024,2024-11,15548,3452.75,60,7996,579.97,2055,10132.43,9328.8,GO,0.3689,5.7357,2.2943,1.6152
UI0000648,FAC0018,BANK01,2024,2024-12,22236,6235.4,50,9853,1081.16,1419,5232.68,11118.0,GO,0.3689,8.2029,4.1014,1.9903
UI0000649,FAC0019,BANK01,2022,2022-01,44528,8822.18,30,21844,1787.41,1809,5914.31,13358.4,I-REC,0.3914,17.4283,12.1998,4.4125
UI0000650,FAC0019,BANK01,2022,2022-02,49903,10769.15,30,19760,2470.16,2062,8930.38,14970.9,GO,0.3914,19.532,13.6724,3.9915
UI0000651,FAC0019,BANK01,2022,2022-03,37689,8190.49,40,16814,1355.06,3334,14530.76,15075.6,I-REC,0.3914,14.7515,8.8509,3.3964
UI0000652,FAC0019,BANK01,2022,2022-04,37205,11640.7,50,16485,1839.53,3362,14707.02,18602.5,GO,0.3914,14.562,7.281,3.33
UI0000653,FAC0019,BANK01,2022,2022-05,31976,8998.36,30,16442,2195.35,2283,10096.41,9592.8,GO,0.3914,12.5154,8.7608,3.3213
UI0000654,FAC0019,BANK01,2022,2022-06,43840,9124.94,30,19892,1864.25,2229,7754.34,13152.0,GO,0.3914,17.159,12.0113,4.0182
UI0000655,FAC0019,BANK01,2022,2022-07,39386,12460.75,50,21441,1781.02,3430,12798.24,19693.0,I-REC,0.3914,15.4157,7.7078,4.3311
UI0000656,FAC0019,BANK01,2022,2022-08,38737,12120.53,40,19738,2693.36,1923,5902.59,15494.8,GO,0.3914,15.1617,9.097,3.9871
UI0000657,FAC0019,BANK01,2022,2022-09,36088,10781.92,40,14692,1572.49,2872,10946.16,14435.2,I-REC,0.3914,14.1248,8.4749,2.9678
UI0000658,FAC0019,BANK01,2022,2022-10,33893,9794.08,50,16750,1630.25,2208,9670.28,16946.5,GO,0.3914,13.2657,6.6329,3.3835
UI0000659,FAC0019,BANK01,2022,2022-11,35988,9434.46,50,16046,2128.41,3049,14010.08,17994.0,GO,0.3914,14.0857,7.0429,3.2413
UI0000660,FAC0019,BANK01,2022,2022-12,44212,13819.72,40,22562,2148.68,3257,11333.9,17684.8,I-REC,0.3914,17.3046,10.3827,4.5575
UI0000661,FAC0019,BANK01,2023,2023-01,44259,10362.46,60,20853,2522.57,3169,14431.12,26555.4,I-REC,0.38,16.8184,6.7274,4.2123
UI0000662,FAC0019,BANK01,2023,2023-02,44364,8771.04,50,22256,1833.8,2329,8317.1,22182.0,GO,0.38,16.8583,8.4292,4.4957
UI0000663,FAC0019,BANK01,2023,2023-03,30818,9539.44,50,16349,2216.59,1495,7227.02,15409.0,I-REC,0.38,11.7108,5.8554,3.3025
UI0000664,FAC0019,BANK01,2023,2023-04,32755,8628.72,60,14430,1336.46,2153,10506.43,19653.0,GO,0.38,12.4469,4.9788,2.9149
UI0000665,FAC0019,BANK01,2023,2023-05,34591,6772.84,40,15403,2073.01,3144,9517.18,13836.4,I-REC,0.38,13.1446,7.8867,3.1114
UI0000666,FAC0019,BANK01,2023,2023-06,44730,9715.24,30,18361,1779.85,1951,9494.05,13419.0,I-REC,0.38,16.9974,11.8982,3.7089
UI0000667,FAC0019,BANK01,2023,2023-07,39864,8558.55,40,21135,2806.9,3360,16403.24,15945.6,I-REC,0.38,15.1483,9.089,4.2693
UI0000668,FAC0019,BANK01,2023,2023-08,44284,9294.71,50,18457,2337.98,2104,8217.4,22142.0,GO,0.38,16.8279,8.414,3.7283
UI0000669,FAC0019,BANK01,2023,2023-09,33480,10531.04,30,16223,1908.59,2382,7232.09,10044.0,GO,0.38,12.7224,8.9057,3.277
UI0000670,FAC0019,BANK01,2023,2023-10,34308,10593.12,50,16313,1304.16,1720,5573.65,17154.0,I-REC,0.38,13.037,6.5185,3.2952
UI0000671,FAC0019,BANK01,2023,2023-11,33178,7450.68,50,15881,1344.14,1661,7692.57,16589.0,I-REC,0.38,12.6076,6.3038,3.208
UI0000672,FAC0019,BANK01,2023,2023-12,46869,10140.89,60,21972,2836.36,1827,7857.88,28121.4,I-REC,0.38,17.8102,7.1241,4.4383
UI0000673,FAC0019,BANK01,2024,2024-01,46116,13915.83,50,18695,2530.61,2460,10709.39,23058.0,I-REC,0.3689,17.0122,8.5061,3.7764
UI0000674,FAC0019,BANK01,2024,2024-02,46230,9761.88,50,20184,2041.2,2152,8405.57,23115.0,GO,0.3689,17.0542,8.5271,4.0772
UI0000675,FAC0019,BANK01,2024,2024-03,33910,7029.44,50,15105,1060.95,2118,7534.39,16955.0,GO,0.3689,12.5094,6.2547,3.0512
UI0000676,FAC0019,BANK01,2024,2024-04,30468,8961.88,60,16422,2084.89,3303,16068.63,18280.8,GO,0.3689,11.2396,4.4959,3.3172
UI0000677,FAC0019,BANK01,2024,2024-05,30474,5640.47,40,16730,2249.42,2204,8744.79,12189.6,GO,0.3689,11.2419,6.7451,3.3795
UI0000678,FAC0019,BANK01,2024,2024-06,42303,9508.46,50,19702,2292.91,1609,7869.18,21151.5,GO,0.3689,15.6056,7.8028,3.9798
UI0000679,FAC0019,BANK01,2024,2024-07,37712,10849.5,40,17053,1453.48,2073,7869.09,15084.8,GO,0.3689,13.912,8.3472,3.4447
UI0000680,FAC0019,BANK01,2024,2024-08,43313,13304.91,50,19569,1641.69,2454,8334.35,21656.5,I-REC,0.3689,15.9782,7.9891,3.9529
UI0000681,FAC0019,BANK01,2024,2024-09,34211,7000.99,70,14953,1801.23,1783,7491.93,23947.7,I-REC,0.3689,12.6204,3.7861,3.0205
UI0000682,FAC0019,BANK01,2024,2024-10,31300,7141.27,50,16110,1938.67,3167,15621.93,15650.0,GO,0.3689,11.5466,5.7733,3.2542
UI0000683,FAC0019,BANK01,2024,2024-11,32407,9959.85,50,16625,1336.4,2779,9175.01,16203.5,GO,0.3689,11.9549,5.9775,3.3583
UI0000684,FAC0019,BANK01,2024,2024-12,46245,14109.67,50,21843,2451.6,1926,6449.43,23122.5,I-REC,0.3689,17.0598,8.5299,4.4123
UI0000685,FAC0020,BANK01,2022,2022-01,54942,15903.52,30,28353,2432.27,896,3094.13,16482.6,I-REC,0.3914,21.5043,15.053,5.7273
UI0000686,FAC0020,BANK01,2022,2022-02,56543,13321.16,50,26523,3541.29,1071,4393.73,28271.5,I-REC,0.3914,22.1309,11.0655,5.3576
UI0000687,FAC0020,BANK01,2022,2022-03,42685,12391.78,50,19909,1561.97,709,2844.03,21342.5,I-REC,0.3914,16.7069,8.3535,4.0216
UI0000688,FAC0020,BANK01,2022,2022-04,40097,7296.95,20,21268,1674.38,704,2670.17,8019.4,I-REC,0.3914,15.694,12.5552,4.2961
UI0000689,FAC0020,BANK01,2022,2022-05,41782,12744.04,30,21235,2316.3,979,4033.91,12534.6,I-REC,0.3914,16.3535,11.4474,4.2895
UI0000690,FAC0020,BANK01,2022,2022-06,57460,15702.15,50,25278,3259.02,1066,4124.87,28730.0,I-REC,0.3914,22.4898,11.2449,5.1062
UI0000691,FAC0020,BANK01,2022,2022-07,54783,13530.67,50,23122,2143.45,1001,4512.01,27391.5,I-REC,0.3914,21.4421,10.721,4.6706
UI0000692,FAC0020,BANK01,2022,2022-08,48719,15468.35,30,22868,3173.46,1070,3513.1,14615.7,I-REC,0.3914,19.0686,13.348,4.6193
UI0000693,FAC0020,BANK01,2022,2022-09,40122,11459.38,20,20706,1872.7,477,2382.27,8024.4,GO,0.3914,15.7038,12.563,4.1826
UI0000694,FAC0020,BANK01,2022,2022-10,41712,11697.28,30,21811,2542.08,1000,4370.66,12513.6,I-REC,0.3914,16.3261,11.4283,4.4058
UI0000695,FAC0020,BANK01,2022,2022-11,46138,8674.05,50,18587,1539.24,1063,5077.8,23069.0,GO,0.3914,18.0584,9.0292,3.7546
UI0000696,FAC0020,BANK01,2022,2022-12,63039,19291.86,20,25624,2228.19,698,3346.34,12607.8,GO,0.3914,24.6735,19.7388,5.176
UI0000697,FAC0020,BANK01,2023,2023-01,59501,17833.15,30,25845,2016.73,963,2995.74,17850.3,GO,0.38,22.6104,15.8273,5.2207
UI0000698,FAC0020,BANK01,2023,2023-02,55075,9962.18,40,27475,3209.91,638,2206.35,22030.0,GO,0.38,20.9285,12.5571,5.55
UI0000699,FAC0020,BANK01,2023,2023-03,42673,8568.29,50,18706,2472.81,542,1703.76,21336.5,GO,0.38,16.2157,8.1079,3.7786
UI0000700,FAC0020,BANK01,2023,2023-04,44494,12144.9,50,18199,1565.96,878,4088.27,22247.0,I-REC,0.38,16.9077,8.4539,3.6762
UI0000701,FAC0020,BANK01,2023,2023-05,41953,12195.97,50,18942,1385.65,506,1840.24,20976.5,GO,0.38,15.9421,7.9711,3.8263
UI0000702,FAC0020,BANK01,2023,2023-06,52257,12100.64,30,25216,2520.8,1049,4658.36,15677.1,GO,0.38,19.8577,13.9004,5.0936
UI0000703,FAC0020,BANK01,2023,2023-07,47136,10661.82,50,24107,2145.84,1038,4296.44,23568.0,I-REC,0.38,17.9117,8.9558,4.8696
UI0000704,FAC0020,BANK01,2023,2023-08,53307,14005.39,40,24154,2453.08,700,2795.31,21322.8,GO,0.38,20.2567,12.154,4.8791
UI0000705,FAC0020,BANK01,2023,2023-09,44748,8168.41,40,17754,1452.47,966,4784.39,17899.2,GO,0.38,17.0042,10.2025,3.5863
UI0000706,FAC0020,BANK01,2023,2023-10,43582,8431.08,60,17796,2153.81,1006,3198.69,26149.2,GO,0.38,16.5612,6.6245,3.5948
UI0000707,FAC0020,BANK01,2023,2023-11,40552,12442.62,60,21182,2402.49,822,3226.77,24331.2,I-REC,0.38,15.4098,6.1639,4.2788
UI0000708,FAC0020,BANK01,2023,2023-12,56983,11977.07,60,25715,2097.01,489,1946.76,34189.8,GO,0.38,21.6535,8.6614,5.1944
UI0000709,FAC0020,BANK01,2024,2024-01,54933,10901.96,50,23298,2694.24,841,3658.27,27466.5,GO,0.3689,20.2648,10.1324,4.7062
UI0000710,FAC0020,BANK01,2024,2024-02,49911,13517.13,70,27771,2761.13,899,3123.54,34937.7,I-REC,0.3689,18.4122,5.5237,5.6097
UI0000711,FAC0020,BANK01,2024,2024-03,42469,8851.48,60,17963,2015.15,859,3659.28,25481.4,GO,0.3689,15.6668,6.2667,3.6285
UI0000712,FAC0020,BANK01,2024,2024-04,40359,8291.21,60,18347,1444.43,486,1502.4,24215.4,I-REC,0.3689,14.8884,5.9554,3.7061
UI0000713,FAC0020,BANK01,2024,2024-05,38200,9476.68,60,17433,1681.75,990,4936.51,22920.0,I-REC,0.3689,14.092,5.6368,3.5215
UI0000714,FAC0020,BANK01,2024,2024-06,51155,9257.23,70,23111,1698.56,1040,3411.78,35808.5,I-REC,0.3689,18.8711,5.6613,4.6684
UI0000715,FAC0020,BANK01,2024,2024-07,55248,13784.25,70,23149,2102.9,657,2559.44,38673.6,GO,0.3689,20.381,6.1143,4.6761
UI0000716,FAC0020,BANK01,2024,2024-08,50014,14717.63,70,22428,2175.43,1052,3887.26,35009.8,I-REC,0.3689,18.4502,5.535,4.5305
UI0000717,FAC0020,BANK01,2024,2024-09,42909,7862.11,40,17298,1506.63,1000,3629.47,17163.6,GO,0.3689,15.8291,9.4975,3.4942
UI0000718,FAC0020,BANK01,2024,2024-10,39023,12351.06,70,17929,1964.18,833,3526.02,27316.1,I-REC,0.3689,14.3956,4.3187,3.6217
UI0000719,FAC0020,BANK01,2024,2024-11,45159,8997.0,60,18853,2238.16,535,1843.33,27095.4,I-REC,0.3689,16.6592,6.6637,3.8083
UI0000720,FAC0020,BANK01,2024,2024-12,51869,10638.05,40,26426,2496.82,836,2778.05,20747.6,GO,0.3689,19.1345,11.4807,5.3381
UI0000721,FAC0021,BANK01,2022,2022-01,127829,27210.69,40,62193,4694.66,1695,6149.51,51131.6,I-REC,0.2575,32.916,19.7496,12.563
UI0000722,FAC0021,BANK01,2022,2022-02,131363,34895.45,40,63598,6004.14,2835,10102.2,52545.2,GO,0.2575,33.826,20.2956,12.8468
UI0000723,FAC0021,BANK01,2022,2022-03,106081,32084.44,40,45073,6127.53,3052,10939.34,42432.4,I-REC,0.2575,27.3159,16.3895,9.1047
UI0000724,FAC0021,BANK01,2022,2022-04,97112,25800.54,40,49450,4830.6,2721,13213.19,38844.8,GO,0.2575,25.0063,15.0038,9.9889
UI0000725,FAC0021,BANK01,2022,2022-05,104674,22882.82,40,49867,5064.61,1759,6073.53,41869.6,GO,0.2575,26.9536,16.1721,10.0731
UI0000726,FAC0021,BANK01,2022,2022-06,135272,27115.89,30,62389,4575.74,1796,6566.85,40581.6,GO,0.2575,34.8325,24.3828,12.6026
UI0000727,FAC0021,BANK01,2022,2022-07,123688,39378.03,30,59237,6920.69,2174,8840.26,37106.4,GO,0.2575,31.8497,22.2948,11.9659
UI0000728,FAC0021,BANK01,2022,2022-08,132497,25699.95,40,58273,4722.36,2850,14063.83,52998.8,I-REC,0.2575,34.118,20.4708,11.7711
UI0000729,FAC0021,BANK01,2022,2022-09,113079,31297.79,20,49936,3898.01,2119,8385.89,22615.8,GO,0.2575,29.1178,23.2943,10.0871
UI0000730,FAC0021,BANK01,2022,2022-10,93449,19342.1,40,45822,5229.24,2922,13349.85,37379.6,GO,0.2575,24.0631,14.4379,9.256
UI0000731,FAC0021,BANK01,2022,2022-11,100179,18555.25,30,47206,3338.0,2367,8529.59,30053.7,I-REC,0.2575,25.7961,18.0573,9.5356
UI0000732,FAC0021,BANK01,2022,2022-12,138952,27897.87,20,67695,7633.67,2005,8286.96,27790.4,I-REC,0.2575,35.7801,28.6241,13.6744
UI0000733,FAC0021,BANK01,2023,2023-01,143060,27886.55,50,57574,7168.82,2635,8980.29,71530.0,I-REC,0.25,35.765,17.8825,11.6299
UI0000734,FAC0021,BANK01,2023,2023-02,144157,36619.78,50,59954,6693.47,2026,6849.15,72078.5,I-REC,0.25,36.0393,18.0196,12.1107
UI0000735,FAC0021,BANK01,2023,2023-03,102445,26405.49,30,47707,4776.29,2817,12992.93,30733.5,GO,0.25,25.6112,17.9279,9.6368
UI0000736,FAC0021,BANK01,2023,2023-04,109306,30476.07,50,47535,5166.03,3002,10141.67,54653.0,I-REC,0.25,27.3265,13.6632,9.6021
UI0000737,FAC0021,BANK01,2023,2023-05,104731,22118.68,30,45554,4917.23,1721,6439.94,31419.3,I-REC,0.25,26.1827,18.3279,9.2019
UI0000738,FAC0021,BANK01,2023,2023-06,132667,26806.69,60,54541,6378.7,1654,5411.0,79600.2,GO,0.25,33.1668,13.2667,11.0173
UI0000739,FAC0021,BANK01,2023,2023-07,132001,28659.69,40,53384,4513.82,2140,6881.3,52800.4,I-REC,0.25,33.0003,19.8002,10.7836
UI0000740,FAC0021,BANK01,2023,2023-08,118286,29644.94,60,58710,6958.32,2595,11942.17,70971.6,I-REC,0.25,29.5715,11.8286,11.8594
UI0000741,FAC0021,BANK01,2023,2023-09,98694,25394.33,30,49508,6590.13,2802,13727.23,29608.2,I-REC,0.25,24.6735,17.2715,10.0006
UI0000742,FAC0021,BANK01,2023,2023-10,97032,22647.28,50,48450,5367.27,1579,4895.29,48516.0,GO,0.25,24.258,12.129,9.7869
UI0000743,FAC0021,BANK01,2023,2023-11,108568,26201.97,60,47947,4316.34,2475,9730.79,65140.8,GO,0.25,27.142,10.8568,9.6853
UI0000744,FAC0021,BANK01,2023,2023-12,126004,23711.73,50,56285,4839.76,1697,7785.63,63002.0,I-REC,0.25,31.501,15.7505,11.3696
UI0000745,FAC0021,BANK01,2024,2024-01,140509,33595.34,60,66218,6203.56,1618,6305.2,84305.4,I-REC,0.2427,34.1015,13.6406,13.376
UI0000746,FAC0021,BANK01,2024,2024-02,127394,26479.59,50,65305,5181.52,2963,14779.54,63697.0,GO,0.2427,30.9185,15.4593,13.1916
UI0000747,FAC0021,BANK01,2024,2024-03,101211,22896.61,50,43159,4754.1,1571,5051.73,50605.5,I-REC,0.2427,24.5639,12.282,8.7181
UI0000748,FAC0021,BANK01,2024,2024-04,92930,20027.29,50,41118,4226.57,1368,4289.28,46465.0,GO,0.2427,22.5541,11.2771,8.3058
UI0000749,FAC0021,BANK01,2024,2024-05,102567,23706.11,70,47139,5991.6,2087,8087.29,71796.9,GO,0.2427,24.893,7.4679,9.5221
UI0000750,FAC0021,BANK01,2024,2024-06,118953,33916.66,60,58791,5412.49,2409,11556.67,71371.8,GO,0.2427,28.8699,11.548,11.8758
UI0000751,FAC0021,BANK01,2024,2024-07,110015,21007.79,40,53242,7094.27,1985,9568.63,44006.0,I-REC,0.2427,26.7006,16.0204,10.7549
UI0000752,FAC0021,BANK01,2024,2024-08,126385,25768.36,70,56342,4058.49,1787,6329.03,88469.5,GO,0.2427,30.6736,9.2021,11.3811
UI0000753,FAC0021,BANK01,2024,2024-09,107025,26133.73,60,48252,6574.74,1412,6493.94,64215.0,GO,0.2427,25.975,10.39,9.7469
UI0000754,FAC0021,BANK01,2024,2024-10,104883,20213.2,40,48295,5806.94,2954,14519.57,41953.2,GO,0.2427,25.4551,15.2731,9.7556
UI0000755,FAC0021,BANK01,2024,2024-11,101968,19189.21,60,42234,5363.83,1421,6315.53,61180.8,GO,0.2427,24.7476,9.8991,8.5313
UI0000756,FAC0021,BANK01,2024,2024-12,142657,40250.76,70,57851,7930.85,2894,13495.86,99859.9,GO,0.2427,34.6229,10.3869,11.6859
UI0000757,FAC0022,BANK01,2022,2022-01,104379,24836.86,40,49722,5646.48,144,671.73,41751.6,GO,0.3914,40.8539,24.5124,10.0438
UI0000758,FAC0022,BANK01,2022,2022-02,114015,26265.24,50,45334,4892.16,118,480.69,57007.5,I-REC,0.3914,44.6255,22.3127,9.1575
UI0000759,FAC0022,BANK01,2022,2022-03,85272,19401.68,30,33792,4428.6,166,519.28,25581.6,GO,0.3914,33.3755,23.3628,6.826
UI0000760,FAC0022,BANK01,2022,2022-04,73238,17133.21,40,37021,4556.45,180,641.43,29295.2,I-REC,0.3914,28.6654,17.1992,7.4782
UI0000761,FAC0022,BANK01,2022,2022-05,74799,18547.57,30,36355,4140.98,173,675.17,22439.7,GO,0.3914,29.2763,20.4934,7.3437
UI0000762,FAC0022,BANK01,2022,2022-06,101317,19436.16,30,40611,5626.77,109,352.99,30395.1,I-REC,0.3914,39.6555,27.7588,8.2034
UI0000763,FAC0022,BANK01,2022,2022-07,95327,30271.36,40,44491,4835.99,114,526.07,38130.8,I-REC,0.3914,37.311,22.3866,8.9872
UI0000764,FAC0022,BANK01,2022,2022-08,100804,24557.67,20,40377,2966.25,193,897.21,20160.8,I-REC,0.3914,39.4547,31.5637,8.1562
UI0000765,FAC0022,BANK01,2022,2022-09,75375,19880.68,30,32935,3118.17,160,668.08,22612.5,GO,0.3914,29.5018,20.6512,6.6529
UI0000766,FAC0022,BANK01,2022,2022-10,80536,22786.1,40,34501,4582.35,128,412.0,32214.4,GO,0.3914,31.5218,18.9131,6.9692
UI0000767,FAC0022,BANK01,2022,2022-11,72396,20617.03,50,33947,2969.82,192,790.1,36198.0,GO,0.3914,28.3358,14.1679,6.8573
UI0000768,FAC0022,BANK01,2022,2022-12,98202,19660.81,30,43772,4215.14,186,698.2,29460.6,I-REC,0.3914,38.4363,26.9054,8.8419
UI0000769,FAC0022,BANK01,2023,2023-01,99089,29627.57,60,50386,4205.47,156,528.93,59453.4,GO,0.38,37.6538,15.0615,10.178
UI0000770,FAC0022,BANK01,2023,2023-02,107629,34082.09,40,49261,4463.54,182,707.19,43051.6,I-REC,0.38,40.899,24.5394,9.9507
UI0000771,FAC0022,BANK01,2023,2023-03,83325,20931.28,60,32151,3556.15,145,530.87,49995.0,I-REC,0.38,31.6635,12.6654,6.4945
UI0000772,FAC0022,BANK01,2023,2023-04,73553,19560.61,50,32168,3101.85,106,425.59,36776.5,GO,0.38,27.9501,13.9751,6.4979
UI0000773,FAC0022,BANK01,2023,2023-05,74762,21705.14,40,36375,3687.47,188,660.77,29904.8,I-REC,0.38,28.4096,17.0457,7.3478
UI0000774,FAC0022,BANK01,2023,2023-06,98020,19838.68,40,40715,5351.39,137,614.06,39208.0,I-REC,0.38,37.2476,22.3486,8.2244
UI0000775,FAC0022,BANK01,2023,2023-07,92595,22813.85,60,41466,5209.59,139,461.48,55557.0,GO,0.38,35.1861,14.0744,8.3761
UI0000776,FAC0022,BANK01,2023,2023-08,91551,20956.07,60,40471,3070.13,136,628.19,54930.6,GO,0.38,34.7894,13.9158,8.1751
UI0000777,FAC0022,BANK01,2023,2023-09,71439,14368.33,40,36674,3300.98,153,480.83,28575.6,GO,0.38,27.1468,16.2881,7.4081
UI0000778,FAC0022,BANK01,2023,2023-10,83622,15544.14,40,38815,4323.95,176,639.16,33448.8,I-REC,0.38,31.7764,19.0658,7.8406
UI0000779,FAC0022,BANK01,2023,2023-11,79625,19496.83,40,36158,4353.93,114,377.15,31850.0,GO,0.38,30.2575,18.1545,7.3039
UI0000780,FAC0022,BANK01,2023,2023-12,100900,18765.82,40,50535,4871.01,171,627.65,40360.0,I-REC,0.38,38.342,23.0052,10.2081
UI0000781,FAC0022,BANK01,2024,2024-01,95872,18560.19,60,46621,3931.71,162,520.66,57523.2,GO,0.3689,35.3672,14.1469,9.4174
UI0000782,FAC0022,BANK01,2024,2024-02,103840,27034.28,60,48908,6339.3,92,317.3,62304.0,I-REC,0.3689,38.3066,15.3226,9.8794
UI0000783,FAC0022,BANK01,2024,2024-03,80914,24198.99,50,31827,2438.12,162,754.54,40457.0,I-REC,0.3689,29.8492,14.9246,6.4291
UI0000784,FAC0022,BANK01,2024,2024-04,79805,22311.25,40,33974,3658.42,121,573.47,31922.0,GO,0.3689,29.4401,17.664,6.8627
UI0000785,FAC0022,BANK01,2024,2024-05,76199,23248.93,60,35115,2713.64,202,841.47,45719.4,GO,0.3689,28.1098,11.2439,7.0932
UI0000786,FAC0022,BANK01,2024,2024-06,92899,20744.58,70,40586,3709.22,149,486.8,65029.3,GO,0.3689,34.2704,10.2811,8.1984
UI0000787,FAC0022,BANK01,2024,2024-07,98549,25603.27,50,38360,4034.45,179,870.81,49274.5,GO,0.3689,36.3547,18.1774,7.7487
UI0000788,FAC0022,BANK01,2024,2024-08,91263,23081.26,60,42822,5323.45,115,565.75,54757.8,GO,0.3689,33.6669,13.4668,8.65
UI0000789,FAC0022,BANK01,2024,2024-09,77624,22395.29,60,33344,2611.26,188,727.69,46574.4,I-REC,0.3689,28.6355,11.4542,6.7355
UI0000790,FAC0022,BANK01,2024,2024-10,69942,19589.37,50,33445,3362.17,108,355.28,34971.0,GO,0.3689,25.8016,12.9008,6.7559
UI0000791,FAC0022,BANK01,2024,2024-11,69123,12882.18,40,32655,2658.66,122,427.72,27649.2,GO,0.3689,25.4995,15.2997,6.5963
UI0000792,FAC0022,BANK01,2024,2024-12,95021,29577.43,70,50881,6827.85,120,496.4,66514.7,I-REC,0.3689,35.0532,10.516,10.278
UI0000793,FAC0023,BANK01,2022,2022-01,100843,20317.79,50,46577,5739.43,786,3282.54,50421.5,GO,0.3914,39.47,19.735,9.4086
UI0000794,FAC0023,BANK01,2022,2022-02,95806,25986.06,20,44382,4702.63,1241,4217.32,19161.2,GO,0.3914,37.4985,29.9988,8.9652
UI0000795,FAC0023,BANK01,2022,2022-03,73847,17657.91,50,29426,2102.95,907,3969.37,36923.5,GO,0.3914,28.9037,14.4519,5.9441
UI0000796,FAC0023,BANK01,2022,2022-04,65846,18747.63,30,29310,3158.06,707,2394.46,19753.8,GO,0.3914,25.7721,18.0405,5.9206
UI0000797,FAC0023,BANK01,2022,2022-05,69061,15589.09,20,34979,2887.94,706,2462.91,13812.2,GO,0.3914,27.0305,21.6244,7.0658
UI0000798,FAC0023,BANK01,2022,2022-06,86708,22322.2,40,37676,3064.14,1366,5239.78,34683.2,GO,0.3914,33.9375,20.3625,7.6106
UI0000799,FAC0023,BANK01,2022,2022-07,91550,17243.42,20,37166,3637.34,1431,6289.26,18310.0,I-REC,0.3914,35.8327,28.6661,7.5075
UI0000800,FAC0023,BANK01,2022,2022-08,80408,24129.74,30,39446,3250.81,1110,4563.9,24122.4,GO,0.3914,31.4717,22.0302,7.9681
UI0000801,FAC0023,BANK01,2022,2022-09,76022,20848.61,50,35038,4617.78,1171,3990.41,38011.0,I-REC,0.3914,29.755,14.8775,7.0777
UI0000802,FAC0023,BANK01,2022,2022-10,74965,20158.09,40,31949,4211.81,1401,6902.66,29986.0,I-REC,0.3914,29.3413,17.6048,6.4537
UI0000803,FAC0023,BANK01,2022,2022-11,76354,17994.42,30,34179,2643.16,1421,5496.58,22906.2,I-REC,0.3914,29.885,20.9195,6.9042
UI0000804,FAC0023,BANK01,2022,2022-12,90364,18667.58,20,45806,5334.92,703,3221.29,18072.8,I-REC,0.3914,35.3685,28.2948,9.2528
UI0000805,FAC0023,BANK01,2023,2023-01,86647,23760.67,30,40199,5203.37,1272,5675.89,25994.1,GO,0.38,32.9259,23.0481,8.1202
UI0000806,FAC0023,BANK01,2023,2023-02,87065,22111.87,30,45917,4259.98,1134,5529.15,26119.5,I-REC,0.38,33.0847,23.1593,9.2752
UI0000807,FAC0023,BANK01,2023,2023-03,72383,18024.9,60,33178,2543.03,1082,3340.02,43429.8,I-REC,0.38,27.5055,11.0022,6.702
UI0000808,FAC0023,BANK01,2023,2023-04,72649,13140.63,40,33325,4429.55,1475,6012.77,29059.6,I-REC,0.38,27.6066,16.564,6.7317
UI0000809,FAC0023,BANK01,2023,2023-05,63594,16977.3,30,32884,3377.06,951,3698.62,19078.2,I-REC,0.38,24.1657,16.916,6.6426
UI0000810,FAC0023,BANK01,2023,2023-06,82952,19023.22,30,38682,4314.57,1173,4878.64,24885.6,GO,0.38,31.5218,22.0652,7.8138
UI0000811,FAC0023,BANK01,2023,2023-07,85038,23173.17,50,37016,3052.84,1350,5874.0,42519.0,GO,0.38,32.3144,16.1572,7.4772
UI0000812,FAC0023,BANK01,2023,2023-08,92766,21592.39,60,41499,4926.56,843,3914.85,55659.6,I-REC,0.38,35.2511,14.1004,8.3828
UI0000813,FAC0023,BANK01,2023,2023-09,69585,18124.42,50,33583,2572.26,1274,4646.72,34792.5,GO,0.38,26.4423,13.2211,6.7838
UI0000814,FAC0023,BANK01,2023,2023-10,65027,14831.36,40,32645,2795.92,1257,4456.89,26010.8,I-REC,0.38,24.7103,14.8262,6.5943
UI0000815,FAC0023,BANK01,2023,2023-11,68221,20747.59,50,32771,3622.94,1417,5973.59,34110.5,I-REC,0.38,25.924,12.962,6.6197
UI0000816,FAC0023,BANK01,2023,2023-12,91143,21803.88,60,43617,6071.15,836,3017.15,54685.8,I-REC,0.38,34.6343,13.8537,8.8106
UI0000817,FAC0023,BANK01,2024,2024-01,95090,24603.68,40,42301,4599.27,1073,4496.49,38036.0,GO,0.3689,35.0787,21.0472,8.5448
UI0000818,FAC0023,BANK01,2024,2024-02,86827,23962.67,60,43181,5593.78,941,3357.91,52096.2,I-REC,0.3689,32.0305,12.8122,8.7226
UI0000819,FAC0023,BANK01,2024,2024-03,64697,12664.84,60,34098,3489.69,883,3159.33,38818.2,I-REC,0.3689,23.8667,9.5467,6.8878
UI0000820,FAC0023,BANK01,2024,2024-04,67170,18984.3,70,34037,3660.69,1023,4159.96,47019.0,I-REC,0.3689,24.779,7.4337,6.8755
UI0000821,FAC0023,BANK01,2024,2024-05,74471,16169.96,40,29968,2760.73,1249,5726.25,29788.4,I-REC,0.3689,27.4724,16.4834,6.0535
UI0000822,FAC0023,BANK01,2024,2024-06,77268,17441.97,40,39279,3219.43,1457,6806.21,30907.2,GO,0.3689,28.5042,17.1025,7.9344
UI0000823,FAC0023,BANK01,2024,2024-07,90843,16848.82,70,35642,3493.45,833,3420.09,63590.1,GO,0.3689,33.512,10.0536,7.1997
UI0000824,FAC0023,BANK01,2024,2024-08,89438,22793.25,60,34527,3027.55,1212,4896.68,53662.8,GO,0.3689,32.9937,13.1975,6.9745
UI0000825,FAC0023,BANK01,2024,2024-09,71395,21596.33,50,28139,3554.37,1523,5573.81,35697.5,GO,0.3689,26.3376,13.1688,5.6841
UI0000826,FAC0023,BANK01,2024,2024-10,65095,14103.98,70,33230,4314.01,1218,6077.44,45566.5,I-REC,0.3689,24.0135,7.2041,6.7125
UI0000827,FAC0023,BANK01,2024,2024-11,68457,13753.89,40,30737,4217.4,1512,6919.83,27382.8,I-REC,0.3689,25.2538,15.1523,6.2089
UI0000828,FAC0023,BANK01,2024,2024-12,97813,27468.68,60,37908,4669.66,901,3429.74,58687.8,I-REC,0.3689,36.0832,14.4333,7.6574
UI0000829,FAC0024,BANK01,2022,2022-01,190652,34778.78,30,92785,12783.63,633,2351.51,57195.6,GO,0.2987,56.9478,39.8634,18.7426
UI0000830,FAC0024,BANK01,2022,2022-02,179443,53037.16,30,87402,12106.26,713,3087.24,53832.9,GO,0.2987,53.5996,37.5197,17.6552
UI0000831,FAC0024,BANK01,2022,2022-03,151555,37945.05,20,62133,6436.34,563,2500.86,30311.0,I-REC,0.2987,45.2695,36.2156,12.5509
UI0000832,FAC0024,BANK01,2022,2022-04,126909,38446.59,50,59854,7556.88,574,1757.85,63454.5,GO,0.2987,37.9077,18.9539,12.0905
UI0000833,FAC0024,BANK01,2022,2022-05,144080,26894.66,20,60965,5425.69,528,1896.18,28816.0,GO,0.2987,43.0367,34.4294,12.3149
UI0000834,FAC0024,BANK01,2022,2022-06,187035,43967.3,20,75273,6714.21,635,2340.54,37407.0,GO,0.2987,55.8674,44.6939,15.2051
UI0000835,FAC0024,BANK01,2022,2022-07,168922,34304.15,40,85574,11620.94,541,2031.81,67568.8,I-REC,0.2987,50.457,30.2742,17.2859
UI0000836,FAC0024,BANK01,2022,2022-08,181465,48193.38,40,73277,7366.77,505,1997.46,72586.0,GO,0.2987,54.2036,32.5222,14.802
UI0000837,FAC0024,BANK01,2022,2022-09,135218,26703.36,30,63835,4503.82,436,1513.72,40565.4,GO,0.2987,40.3896,28.2727,12.8947
UI0000838,FAC0024,BANK01,2022,2022-10,152528,32977.59,20,66712,6104.9,491,2357.55,30505.6,GO,0.2987,45.5601,36.4481,13.4758
UI0000839,FAC0024,BANK01,2022,2022-11,134885,35558.42,40,62060,6954.12,722,2637.12,53954.0,I-REC,0.2987,40.2901,24.1741,12.5361
UI0000840,FAC0024,BANK01,2022,2022-12,172090,38506.1,30,92001,9589.9,461,1458.45,51627.0,GO,0.2987,51.4033,35.9823,18.5842
UI0000841,FAC0024,BANK01,2023,2023-01,170145,34585.61,30,81845,10478.04,516,2476.25,51043.5,GO,0.29,49.3421,34.5394,16.5327
UI0000842,FAC0024,BANK01,2023,2023-02,167179,52245.22,40,88754,11993.89,538,1687.16,66871.6,GO,0.29,48.4819,29.0891,17.9283
UI0000843,FAC0024,BANK01,2023,2023-03,143568,38571.41,40,63153,6468.89,786,2604.89,57427.2,I-REC,0.29,41.6347,24.9808,12.7569
UI0000844,FAC0024,BANK01,2023,2023-04,145089,38658.67,40,63963,6965.44,609,2694.66,58035.6,GO,0.29,42.0758,25.2455,12.9205
UI0000845,FAC0024,BANK01,2023,2023-05,132673,27044.54,50,61278,7899.89,438,1436.59,66336.5,I-REC,0.29,38.4752,19.2376,12.3782
UI0000846,FAC0024,BANK01,2023,2023-06,180251,44791.56,50,71429,8074.79,407,1586.18,90125.5,GO,0.29,52.2728,26.1364,14.4287
UI0000847,FAC0024,BANK01,2023,2023-07,153193,35365.86,30,84078,9412.54,601,2113.51,45957.9,GO,0.29,44.426,31.0982,16.9838
UI0000848,FAC0024,BANK01,2023,2023-08,166626,44890.38,50,74034,7030.53,461,1513.14,83313.0,I-REC,0.29,48.3215,24.1608,14.9549
UI0000849,FAC0024,BANK01,2023,2023-09,135897,26594.89,50,63872,8000.8,702,2753.59,67948.5,GO,0.29,39.4101,19.7051,12.9021
UI0000850,FAC0024,BANK01,2023,2023-10,133641,27786.83,60,60968,5502.79,731,3510.7,80184.6,GO,0.29,38.7559,15.5024,12.3155
UI0000851,FAC0024,BANK01,2023,2023-11,129425,27323.48,30,61388,4833.5,582,1999.49,38827.5,I-REC,0.29,37.5333,26.2733,12.4004
UI0000852,FAC0024,BANK01,2023,2023-12,168162,49703.6,40,89542,9534.57,676,2840.38,67264.8,I-REC,0.29,48.767,29.2602,18.0875
UI0000853,FAC0024,BANK01,2024,2024-01,168362,49446.56,50,90221,9832.03,594,2200.92,84181.0,I-REC,0.2816,47.4107,23.7054,18.2246
UI0000854,FAC0024,BANK01,2024,2024-02,168069,49716.39,60,83698,8406.26,445,1616.21,100841.4,I-REC,0.2816,47.3282,18.9313,16.907
UI0000855,FAC0024,BANK01,2024,2024-03,123045,29186.66,60,58271,7471.58,562,1925.08,73827.0,GO,0.2816,34.6495,13.8598,11.7707
UI0000856,FAC0024,BANK01,2024,2024-04,130187,25284.11,40,58829,6442.76,734,2359.63,52074.8,I-REC,0.2816,36.6607,21.9964,11.8835
UI0000857,FAC0024,BANK01,2024,2024-05,132815,33139.86,70,61965,7526.61,490,1903.84,92970.5,I-REC,0.2816,37.4007,11.2202,12.5169
UI0000858,FAC0024,BANK01,2024,2024-06,160814,51166.38,40,70931,6079.77,733,3391.79,64325.6,I-REC,0.2816,45.2852,27.1711,14.3281
UI0000859,FAC0024,BANK01,2024,2024-07,152826,40968.78,70,77655,7773.33,473,2338.2,106978.2,I-REC,0.2816,43.0358,12.9107,15.6863
UI0000860,FAC0024,BANK01,2024,2024-08,159580,44128.52,40,77731,6051.48,623,2532.2,63832.0,GO,0.2816,44.9377,26.9626,15.7017
UI0000861,FAC0024,BANK01,2024,2024-09,136300,40422.82,50,61982,7305.39,624,2296.8,68150.0,I-REC,0.2816,38.3821,19.191,12.5204
UI0000862,FAC0024,BANK01,2024,2024-10,123924,38000.59,60,57069,4674.75,632,2268.64,74354.4,GO,0.2816,34.897,13.9588,11.5279
UI0000863,FAC0024,BANK01,2024,2024-11,128825,34357.04,60,67685,9187.66,717,3354.66,77295.0,I-REC,0.2816,36.2771,14.5108,13.6724
UI0000864,FAC0024,BANK01,2024,2024-12,183926,47553.26,50,82279,10809.73,527,2449.38,91963.0,I-REC,0.2816,51.7936,25.8968,16.6204
UI0000865,FAC0025,BANK01,2022,2022-01,11824,3376.85,40,4889,385.49,1104,4456.43,4729.6,GO,0.3914,4.6279,2.7767,0.9876
UI0000866,FAC0025,BANK01,2022,2022-02,10116,2445.59,20,5156,571.63,702,3132.5,2023.2,GO,0.3914,3.9594,3.1675,1.0415
UI0000867,FAC0025,BANK01,2022,2022-03,8406,2478.09,20,4098,372.7,1206,4921.56,1681.2,GO,0.3914,3.2901,2.6321,0.8278
UI0000868,FAC0025,BANK01,2022,2022-04,8456,2069.16,20,4106,553.64,909,4091.61,1691.2,I-REC,0.3914,3.3097,2.6477,0.8294
UI0000869,FAC0025,BANK01,2022,2022-05,8274,2428.62,40,4113,515.33,766,3515.64,3309.6,GO,0.3914,3.2384,1.9431,0.8308
UI0000870,FAC0025,BANK01,2022,2022-06,9464,3004.69,50,4637,358.61,1228,4131.55,4732.0,GO,0.3914,3.7042,1.8521,0.9367
UI0000871,FAC0025,BANK01,2022,2022-07,9487,2706.43,40,4204,544.1,966,3118.4,3794.8,GO,0.3914,3.7132,2.2279,0.8492
UI0000872,FAC0025,BANK01,2022,2022-08,9214,2734.72,50,4405,332.95,1312,6416.36,4607.0,GO,0.3914,3.6064,1.8032,0.8898
UI0000873,FAC0025,BANK01,2022,2022-09,7958,2360.94,30,3426,346.61,1188,4935.17,2387.4,I-REC,0.3914,3.1148,2.1803,0.6921
UI0000874,FAC0025,BANK01,2022,2022-10,8013,2098.83,50,3529,301.63,1218,5576.78,4006.5,I-REC,0.3914,3.1363,1.5681,0.7129
UI0000875,FAC0025,BANK01,2022,2022-11,7551,2156.84,20,4047,414.93,804,3616.4,1510.2,I-REC,0.3914,2.9555,2.3644,0.8175
UI0000876,FAC0025,BANK01,2022,2022-12,11558,2112.76,50,5234,639.12,715,2319.26,5779.0,I-REC,0.3914,4.5238,2.2619,1.0573
UI0000877,FAC0025,BANK01,2023,2023-01,10193,3051.75,40,5045,700.92,575,2078.48,4077.2,I-REC,0.38,3.8733,2.324,1.0191
UI0000878,FAC0025,BANK01,2023,2023-02,11064,2056.98,60,4778,354.22,659,2677.01,6638.4,GO,0.38,4.2043,1.6817,0.9652
UI0000879,FAC0025,BANK01,2023,2023-03,8588,1597.2,30,3942,366.38,1214,5776.99,2576.4,GO,0.38,3.2634,2.2844,0.7963
UI0000880,FAC0025,BANK01,2023,2023-04,7738,2374.09,30,3881,525.05,723,3318.68,2321.4,GO,0.38,2.9404,2.0583,0.784
UI0000881,FAC0025,BANK01,2023,2023-05,8112,2499.32,40,3502,264.47,1140,4993.67,3244.8,GO,0.38,3.0826,1.8495,0.7074
UI0000882,FAC0025,BANK01,2023,2023-06,9873,2265.38,40,4638,583.89,997,3111.35,3949.2,GO,0.38,3.7517,2.251,0.9369
UI0000883,FAC0025,BANK01,2023,2023-07,8882,1711.11,60,4397,502.58,810,2902.88,5329.2,GO,0.38,3.3752,1.3501,0.8882
UI0000884,FAC0025,BANK01,2023,2023-08,10180,3001.65,60,4171,361.87,820,3259.24,6108.0,I-REC,0.38,3.8684,1.5474,0.8425
UI0000885,FAC0025,BANK01,2023,2023-09,7556,1761.88,30,3607,314.63,1230,6043.04,2266.8,GO,0.38,2.8713,2.0099,0.7286
UI0000886,FAC0025,BANK01,2023,2023-10,8245,2028.39,40,3840,317.64,1201,3670.67,3298.0,I-REC,0.38,3.1331,1.8799,0.7757
UI0000887,FAC0025,BANK01,2023,2023-11,7511,1782.96,60,3791,356.42,1321,4621.85,4506.6,I-REC,0.38,2.8542,1.1417,0.7658
UI0000888,FAC0025,BANK01,2023,2023-12,10055,1906.59,50,4547,542.62,1177,4501.34,5027.5,I-REC,0.38,3.8209,1.9104,0.9185
UI0000889,FAC0025,BANK01,2024,2024-01,9555,3002.62,70,4478,414.81,1322,6323.51,6688.5,I-REC,0.3689,3.5248,1.0575,0.9046
UI0000890,FAC0025,BANK01,2024,2024-02,10186,2417.58,60,5224,462.8,1047,5183.31,6111.6,I-REC,0.3689,3.7576,1.503,1.0552
UI0000891,FAC0025,BANK01,2024,2024-03,8633,1717.55,40,3309,458.66,1073,3236.75,3453.2,GO,0.3689,3.1847,1.9108,0.6684
UI0000892,FAC0025,BANK01,2024,2024-04,7336,1590.9,40,3588,316.25,886,3137.48,2934.4,I-REC,0.3689,2.7063,1.6238,0.7248
UI0000893,FAC0025,BANK01,2024,2024-05,7294,2123.97,60,3832,516.78,741,3075.66,4376.4,GO,0.3689,2.6908,1.0763,0.7741
UI0000894,FAC0025,BANK01,2024,2024-06,9802,2718.33,60,4051,527.6,941,4063.76,5881.2,GO,0.3689,3.616,1.4464,0.8183
UI0000895,FAC0025,BANK01,2024,2024-07,9863,2014.41,50,4872,524.04,1262,5952.09,4931.5,I-REC,0.3689,3.6385,1.8192,0.9841
UI0000896,FAC0025,BANK01,2024,2024-08,10503,2999.82,60,4465,422.13,1146,5399.22,6301.8,GO,0.3689,3.8746,1.5498,0.9019
UI0000897,FAC0025,BANK01,2024,2024-09,7485,1489.59,70,3888,405.78,815,3184.23,5239.5,GO,0.3689,2.7612,0.8284,0.7854
UI0000898,FAC0025,BANK01,2024,2024-10,8514,2472.78,40,3297,405.63,1299,6077.1,3405.6,I-REC,0.3689,3.1408,1.8845,0.666
UI0000899,FAC0025,BANK01,2024,2024-11,8408,1752.51,40,3848,524.47,1146,4791.76,3363.2,GO,0.3689,3.1017,1.861,0.7773
UI0000900,FAC0025,BANK01,2024,2024-12,11082,2845.56,50,5252,530.57,950,4270.08,5541.0,GO,0.3689,4.0881,2.0441,1.0609
UI0000901,FAC0026,BANK01,2022,2022-01,31181,6852.18,50,12443,1284.65,167,505.65,15590.5,I-REC,0.3914,12.2042,6.1021,2.5135
UI0000902,FAC0026,BANK01,2022,2022-02,27124,7246.89,20,12470,971.29,129,632.49,5424.8,I-REC,0.3914,10.6163,8.4931,2.5189
UI0000903,FAC0026,BANK01,2022,2022-03,20094,4140.98,20,10525,830.84,276,901.55,4018.8,GO,0.3914,7.8648,6.2918,2.1261
UI0000904,FAC0026,BANK01,2022,2022-04,20400,3865.69,40,9223,1192.69,134,633.11,8160.0,GO,0.3914,7.9846,4.7907,1.863
UI0000905,FAC0026,BANK01,2022,2022-05,20264,4924.75,40,9061,719.23,133,470.43,8105.6,GO,0.3914,7.9313,4.7588,1.8303
UI0000906,FAC0026,BANK01,2022,2022-06,25012,6916.45,50,10916,1405.11,248,878.97,12506.0,I-REC,0.3914,9.7897,4.8948,2.205
UI0000907,FAC0026,BANK01,2022,2022-07,26506,7888.89,30,11254,1294.52,191,595.73,7951.8,GO,0.3914,10.3744,7.2621,2.2733
UI0000908,FAC0026,BANK01,2022,2022-08,26076,5220.1,30,12357,1104.63,144,706.21,7822.8,GO,0.3914,10.2061,7.1443,2.4961
UI0000909,FAC0026,BANK01,2022,2022-09,19388,5510.4,30,10336,1434.71,222,1050.3,5816.4,GO,0.3914,7.5885,5.3119,2.0879
UI0000910,FAC0026,BANK01,2022,2022-10,21727,6927.87,20,9297,1198.74,158,724.73,4345.4,I-REC,0.3914,8.5039,6.8032,1.878
UI0000911,FAC0026,BANK01,2022,2022-11,20062,4095.35,30,8920,686.64,269,1094.06,6018.6,I-REC,0.3914,7.8523,5.4966,1.8018
UI0000912,FAC0026,BANK01,2022,2022-12,29240,5669.35,50,11950,1155.61,179,554.99,14620.0,I-REC,0.3914,11.4445,5.7223,2.4139
UI0000913,FAC0026,BANK01,2023,2023-01,25244,4742.15,40,13030,1760.32,204,929.85,10097.6,I-REC,0.38,9.5927,5.7556,2.6321
UI0000914,FAC0026,BANK01,2023,2023-02,25354,7734.41,60,12486,1235.96,262,857.02,15212.4,GO,0.38,9.6345,3.8538,2.5222
UI0000915,FAC0026,BANK01,2023,2023-03,21279,3859.94,30,9096,932.7,290,1220.85,6383.7,GO,0.38,8.086,5.6602,1.8374
UI0000916,FAC0026,BANK01,2023,2023-04,19008,5963.65,50,8900,973.8,169,511.17,9504.0,I-REC,0.38,7.223,3.6115,1.7978
UI0000917,FAC0026,BANK01,2023,2023-05,22233,6344.61,40,9134,661.51,206,804.01,8893.2,I-REC,0.38,8.4485,5.0691,1.8451
UI0000918,FAC0026,BANK01,2023,2023-06,23900,6197.08,60,10910,1331.32,219,864.0,14340.0,GO,0.38,9.082,3.6328,2.2038
UI0000919,FAC0026,BANK01,2023,2023-07,23466,4305.85,30,11574,1477.47,152,552.13,7039.8,GO,0.38,8.9171,6.242,2.3379
UI0000920,FAC0026,BANK01,2023,2023-08,27807,8893.54,30,12482,970.69,254,846.93,8342.1,I-REC,0.38,10.5667,7.3967,2.5214
UI0000921,FAC0026,BANK01,2023,2023-09,22272,5427.03,30,10583,967.79,208,793.34,6681.6,GO,0.38,8.4634,5.9244,2.1378
UI0000922,FAC0026,BANK01,2023,2023-10,23008,5085.67,50,8995,1124.88,166,797.59,11504.0,GO,0.38,8.743,4.3715,1.817
UI0000923,FAC0026,BANK01,2023,2023-11,19653,3933.94,30,8994,743.59,238,1147.81,5895.9,GO,0.38,7.4681,5.2277,1.8168
UI0000924,FAC0026,BANK01,2023,2023-12,26686,6982.87,30,11832,1080.93,290,1347.51,8005.8,I-REC,0.38,10.1407,7.0985,2.3901
UI0000925,FAC0026,BANK01,2024,2024-01,29047,6075.3,40,12588,1042.09,158,676.73,11618.8,I-REC,0.3689,10.7154,6.4293,2.5428
UI0000926,FAC0026,BANK01,2024,2024-02,26609,6313.16,70,11626,1344.06,284,1194.32,18626.3,GO,0.3689,9.8161,2.9448,2.3485
UI0000927,FAC0026,BANK01,2024,2024-03,19739,4300.12,50,9598,903.62,292,1280.15,9869.5,GO,0.3689,7.2817,3.6409,1.9388
UI0000928,FAC0026,BANK01,2024,2024-04,20908,4073.04,50,9206,1014.94,192,618.41,10454.0,I-REC,0.3689,7.713,3.8565,1.8596
UI0000929,FAC0026,BANK01,2024,2024-05,22432,4573.93,40,9560,956.87,284,1352.32,8972.8,I-REC,0.3689,8.2752,4.9651,1.9311
UI0000930,FAC0026,BANK01,2024,2024-06,27609,5956.42,70,12070,1314.67,252,1154.75,19326.3,GO,0.3689,10.185,3.0555,2.4381
UI0000931,FAC0026,BANK01,2024,2024-07,27182,6657.01,50,11630,1627.49,199,958.33,13591.0,GO,0.3689,10.0274,5.0137,2.3493
UI0000932,FAC0026,BANK01,2024,2024-08,25131,6322.06,40,11063,953.08,205,951.55,10052.4,GO,0.3689,9.2708,5.5625,2.2347
UI0000933,FAC0026,BANK01,2024,2024-09,20797,5172.16,40,8709,987.42,223,922.0,8318.8,GO,0.3689,7.672,4.6032,1.7592
UI0000934,FAC0026,BANK01,2024,2024-10,18857,4431.87,50,9111,1251.27,136,578.09,9428.5,GO,0.3689,6.9563,3.4782,1.8404
UI0000935,FAC0026,BANK01,2024,2024-11,21933,5607.1,60,10031,1060.18,294,1041.01,13159.8,I-REC,0.3689,8.0911,3.2364,2.0263
UI0000936,FAC0026,BANK01,2024,2024-12,29852,7772.62,50,11486,1228.37,154,560.12,14926.0,GO,0.3689,11.0124,5.5062,2.3202
UI0000937,FAC0027,BANK01,2022,2022-01,59370,11234.5,30,25826,2108.82,292,1310.19,17811.0,GO,0.3914,23.2374,16.2662,5.2169
UI0000938,FAC0027,BANK01,2022,2022-02,60092,13839.14,20,30219,2810.96,164,780.2,12018.4,I-REC,0.3914,23.52,18.816,6.1042
UI0000939,FAC0027,BANK01,2022,2022-03,47504,10204.49,50,18761,1696.34,140,620.01,23752.0,I-REC,0.3914,18.5931,9.2965,3.7897
UI0000940,FAC0027,BANK01,2022,2022-04,44271,7989.6,20,19749,2102.8,157,712.19,8854.2,I-REC,0.3914,17.3277,13.8621,3.9893
UI0000941,FAC0027,BANK01,2022,2022-05,45760,13351.17,50,19127,1369.88,182,893.6,22880.0,I-REC,0.3914,17.9105,8.9552,3.8637
UI0000942,FAC0027,BANK01,2022,2022-06,59043,17409.18,30,24878,1983.29,274,1092.97,17712.9,I-REC,0.3914,23.1094,16.1766,5.0254
UI0000943,FAC0027,BANK01,2022,2022-07,59964,17005.9,50,26699,3023.51,242,913.89,29982.0,GO,0.3914,23.4699,11.735,5.3932
UI0000944,FAC0027,BANK01,2022,2022-08,55638,17358.63,20,26653,3482.54,191,782.19,11127.6,I-REC,0.3914,21.7767,17.4214,5.3839
UI0000945,FAC0027,BANK01,2022,2022-09,44964,8238.67,20,19827,2216.08,181,847.5,8992.8,GO,0.3914,17.5989,14.0791,4.0051
UI0000946,FAC0027,BANK01,2022,2022-10,45952,9035.25,50,19908,1528.43,176,821.93,22976.0,I-REC,0.3914,17.9856,8.9928,4.0214
UI0000947,FAC0027,BANK01,2022,2022-11,49235,11056.59,20,19096,2221.83,154,633.03,9847.0,GO,0.3914,19.2706,15.4165,3.8574
UI0000948,FAC0027,BANK01,2022,2022-12,58620,11783.29,40,26443,1884.64,228,973.98,23448.0,I-REC,0.3914,22.9439,13.7663,5.3415
UI0000949,FAC0027,BANK01,2023,2023-01,62586,14103.87,40,28123,2439.45,149,570.04,25034.4,GO,0.38,23.7827,14.2696,5.6808
UI0000950,FAC0027,BANK01,2023,2023-02,53443,11740.02,50,26254,3474.45,308,1092.38,26721.5,I-REC,0.38,20.3083,10.1542,5.3033
UI0000951,FAC0027,BANK01,2023,2023-03,43396,8167.06,30,20181,1607.55,267,1271.58,13018.8,GO,0.38,16.4905,11.5433,4.0766
UI0000952,FAC0027,BANK01,2023,2023-04,46197,12769.8,30,21686,1749.07,265,868.02,13859.1,I-REC,0.38,17.5549,12.2884,4.3806
UI0000953,FAC0027,BANK01,2023,2023-05,41786,13185.17,50,20202,1625.26,304,1453.54,20893.0,I-REC,0.38,15.8787,7.9393,4.0808
UI0000954,FAC0027,BANK01,2023,2023-06,50188,12525.08,30,25111,2968.57,228,1096.6,15056.4,I-REC,0.38,19.0714,13.35,5.0724
UI0000955,FAC0027,BANK01,2023,2023-07,53722,12765.53,40,26403,2143.5,202,981.94,21488.8,GO,0.38,20.4144,12.2486,5.3334
UI0000956,FAC0027,BANK01,2023,2023-08,52391,10600.05,30,24729,1894.96,138,626.96,15717.3,I-REC,0.38,19.9086,13.936,4.9953
UI0000957,FAC0027,BANK01,2023,2023-09,48227,13316.76,30,20630,2799.05,197,838.57,14468.1,I-REC,0.38,18.3263,12.8284,4.1673
UI0000958,FAC0027,BANK01,2023,2023-10,46775,10298.03,30,22357,2920.71,199,755.24,14032.5,GO,0.38,17.7745,12.4421,4.5161
UI0000959,FAC0027,BANK01,2023,2023-11,47634,8943.45,40,18626,1859.86,246,749.58,19053.6,GO,0.38,18.1009,10.8606,3.7625
UI0000960,FAC0027,BANK01,2023,2023-12,54096,10393.64,60,27561,2102.39,232,1103.85,32457.6,GO,0.38,20.5565,8.2226,5.5673
UI0000961,FAC0027,BANK01,2024,2024-01,62519,11854.24,70,25083,1913.08,301,920.68,43763.3,I-REC,0.3689,23.0633,6.919,5.0668
UI0000962,FAC0027,BANK01,2024,2024-02,62485,15601.64,40,29064,2908.05,267,1202.26,24994.0,I-REC,0.3689,23.0507,13.8304,5.8709
UI0000963,FAC0027,BANK01,2024,2024-03,40967,9163.82,60,21271,2569.08,299,1477.45,24580.2,I-REC,0.3689,15.1127,6.0451,4.2967
UI0000964,FAC0027,BANK01,2024,2024-04,41670,9944.74,70,18721,1597.15,163,695.69,29169.0,GO,0.3689,15.3721,4.6116,3.7816
UI0000965,FAC0027,BANK01,2024,2024-05,42341,9594.7,40,21877,1541.87,156,623.76,16936.4,GO,0.3689,15.6196,9.3718,4.4192
UI0000966,FAC0027,BANK01,2024,2024-06,55572,13829.34,60,25074,2016.53,174,603.74,33343.2,I-REC,0.3689,20.5005,8.2002,5.0649
UI0000967,FAC0027,BANK01,2024,2024-07,53610,13663.37,70,24075,1960.25,226,821.67,37527.0,I-REC,0.3689,19.7767,5.933,4.8632
UI0000968,FAC0027,BANK01,2024,2024-08,48769,11470.16,50,25335,3523.61,287,1153.39,24384.5,I-REC,0.3689,17.9909,8.9954,5.1177
UI0000969,FAC0027,BANK01,2024,2024-09,46368,14395.57,60,20826,2599.54,207,1015.42,27820.8,I-REC,0.3689,17.1052,6.8421,4.2069
UI0000970,FAC0027,BANK01,2024,2024-10,46443,14106.71,70,19115,1885.0,150,613.73,32510.1,GO,0.3689,17.1328,5.1398,3.8612
UI0000971,FAC0027,BANK01,2024,2024-11,43449,10699.87,60,21389,2739.74,280,1210.94,26069.4,I-REC,0.3689,16.0283,6.4113,4.3206
UI0000972,FAC0027,BANK01,2024,2024-12,58713,13961.33,40,27423,3709.93,202,931.74,23485.2,I-REC,0.3689,21.6592,12.9955,5.5394
UI0000973,FAC0028,BANK01,2022,2022-01,10708,2115.66,30,5212,479.11,467,1654.93,3212.4,GO,0.3914,4.1911,2.9338,1.0528
UI0000974,FAC0028,BANK01,2022,2022-02,10499,2694.84,50,4685,638.67,396,1307.45,5249.5,GO,0.3914,4.1093,2.0547,0.9464
UI0000975,FAC0028,BANK01,2022,2022-03,8086,1640.71,40,3964,348.73,427,1951.95,3234.4,GO,0.3914,3.1649,1.8989,0.8007
UI0000976,FAC0028,BANK01,2022,2022-04,7552,2039.0,40,3781,287.95,386,1253.52,3020.8,I-REC,0.3914,2.9559,1.7735,0.7638
UI0000977,FAC0028,BANK01,2022,2022-05,8645,2199.01,20,3945,404.17,408,1226.06,1729.0,GO,0.3914,3.3837,2.7069,0.7969
UI0000978,FAC0028,BANK01,2022,2022-06,10562,2641.15,40,4464,582.46,261,1203.88,4224.8,I-REC,0.3914,4.134,2.4804,0.9017
UI0000979,FAC0028,BANK01,2022,2022-07,10675,2723.81,50,4742,661.58,275,1047.83,5337.5,I-REC,0.3914,4.1782,2.0891,0.9579
UI0000980,FAC0028,BANK01,2022,2022-08,10966,3498.32,20,4261,352.48,428,1421.81,2193.2,I-REC,0.3914,4.2921,3.4337,0.8607
UI0000981,FAC0028,BANK01,2022,2022-09,8992,1722.12,40,3712,448.54,377,1317.34,3596.8,GO,0.3914,3.5195,2.1117,0.7498
UI0000982,FAC0028,BANK01,2022,2022-10,7573,1367.58,50,4019,547.46,215,858.57,3786.5,I-REC,0.3914,2.9641,1.482,0.8118
UI0000983,FAC0028,BANK01,2022,2022-11,7692,1441.5,50,4036,299.03,435,1446.95,3846.0,I-REC,0.3914,3.0106,1.5053,0.8153
UI0000984,FAC0028,BANK01,2022,2022-12,12260,2344.42,20,4837,612.03,360,1103.35,2452.0,I-REC,0.3914,4.7986,3.8389,0.9771
UI0000985,FAC0028,BANK01,2023,2023-01,9860,2107.06,30,4838,592.73,452,1804.73,2958.0,I-REC,0.38,3.7468,2.6228,0.9773
UI0000986,FAC0028,BANK01,2023,2023-02,10047,1872.58,60,5367,657.16,405,1931.55,6028.2,I-REC,0.38,3.8179,1.5271,1.0841
UI0000987,FAC0028,BANK01,2023,2023-03,8615,2375.36,50,4072,460.86,243,1094.11,4307.5,I-REC,0.38,3.2737,1.6369,0.8225
UI0000988,FAC0028,BANK01,2023,2023-04,7457,2224.84,50,3787,433.72,227,1053.95,3728.5,I-REC,0.38,2.8337,1.4168,0.765
UI0000989,FAC0028,BANK01,2023,2023-05,7912,1509.5,30,3679,504.3,204,751.02,2373.6,GO,0.38,3.0066,2.1046,0.7432
UI0000990,FAC0028,BANK01,2023,2023-06,9688,2995.21,60,4312,470.3,233,1014.01,5812.8,GO,0.38,3.6814,1.4726,0.871
UI0000991,FAC0028,BANK01,2023,2023-07,10688,3090.06,40,4642,519.5,202,628.72,4275.2,GO,0.38,4.0614,2.4369,0.9377
UI0000992,FAC0028,BANK01,2023,2023-08,9466,1740.31,60,4263,504.39,312,1005.31,5679.6,GO,0.38,3.5971,1.4388,0.8611
UI0000993,FAC0028,BANK01,2023,2023-09,8382,2303.03,40,4141,544.7,242,1010.63,3352.8,I-REC,0.38,3.1852,1.9111,0.8365
UI0000994,FAC0028,BANK01,2023,2023-10,8992,2292.66,30,3593,373.53,332,1552.1,2697.6,GO,0.38,3.417,2.3919,0.7258
UI0000995,FAC0028,BANK01,2023,2023-11,7439,2275.99,30,4067,286.68,351,1613.38,2231.7,I-REC,0.38,2.8268,1.9788,0.8215
UI0000996,FAC0028,BANK01,2023,2023-12,11026,3195.48,50,5217,535.19,393,1941.64,5513.0,GO,0.38,4.1899,2.0949,1.0538
UI0000997,FAC0028,BANK01,2024,2024-01,9702,2010.08,60,4614,571.04,270,925.18,5821.2,GO,0.3689,3.5791,1.4316,0.932
UI0000998,FAC0028,BANK01,2024,2024-02,10481,2459.87,40,4631,336.51,461,2298.84,4192.4,GO,0.3689,3.8664,2.3199,0.9355
UI0000999,FAC0028,BANK01,2024,2024-03,8193,1772.49,70,3901,455.04,349,1060.91,5735.1,I-REC,0.3689,3.0224,0.9067,0.788
UI0001000,FAC0028,BANK01,2024,2024-04,8512,2270.7,70,3841,300.7,297,1234.37,5958.4,I-REC,0.3689,3.1401,0.942,0.7759
UI0001001,FAC0028,BANK01,2024,2024-05,8803,1694.77,50,4025,297.22,388,1253.58,4401.5,I-REC,0.3689,3.2474,1.6237,0.8131
UI0001002,FAC0028,BANK01,2024,2024-06,9629,1739.17,40,4346,586.46,240,824.44,3851.6,I-REC,0.3689,3.5521,2.1313,0.8779
UI0001003,FAC0028,BANK01,2024,2024-07,9546,2911.44,60,4963,401.79,457,2146.56,5727.6,I-REC,0.3689,3.5215,1.4086,1.0025
UI0001004,FAC0028,BANK01,2024,2024-08,10211,2664.09,50,4705,424.39,367,1728.78,5105.5,I-REC,0.3689,3.7668,1.8834,0.9504
UI0001005,FAC0028,BANK01,2024,2024-09,8034,2276.86,40,3498,391.94,204,942.27,3213.6,I-REC,0.3689,2.9637,1.7782,0.7066
UI0001006,FAC0028,BANK01,2024,2024-10,8533,1656.52,50,3569,477.57,262,983.58,4266.5,I-REC,0.3689,3.1478,1.5739,0.7209
UI0001007,FAC0028,BANK01,2024,2024-11,8381,2327.91,70,3901,383.47,392,1798.64,5866.7,I-REC,0.3689,3.0918,0.9275,0.788
UI0001008,FAC0028,BANK01,2024,2024-12,10129,2153.16,60,5304,575.47,366,1166.42,6077.4,I-REC,0.3689,3.7366,1.4946,1.0714
UI0001009,FAC0029,BANK02,2022,2022-01,196753,60539.28,40,100111,9955.32,2482,11261.86,78701.2,GO,0.0536,10.546,6.3276,20.2224
UI0001010,FAC0029,BANK02,2022,2022-02,189806,56898.75,50,94191,7399.6,2372,9357.34,94903.0,I-REC,0.0536,10.1736,5.0868,19.0266
UI0001011,FAC0029,BANK02,2022,2022-03,154474,30764.15,20,68038,8431.95,2306,11095.7,30894.8,GO,0.0536,8.2798,6.6238,13.7437
UI0001012,FAC0029,BANK02,2022,2022-04,165354,43474.63,30,68158,8421.29,1291,5158.19,49606.2,I-REC,0.0536,8.863,6.2041,13.7679
UI0001013,FAC0029,BANK02,2022,2022-05,140612,40319.06,20,68621,8704.36,1377,5402.96,28122.4,GO,0.0536,7.5368,6.0294,13.8614
UI0001014,FAC0029,BANK02,2022,2022-06,176665,42561.86,40,84233,10248.65,1375,6849.63,70666.0,I-REC,0.0536,9.4692,5.6815,17.0151
UI0001015,FAC0029,BANK02,2022,2022-07,197020,36475.29,30,84915,6328.38,1846,5913.64,59106.0,I-REC,0.0536,10.5603,7.3922,17.1528
UI0001016,FAC0029,BANK02,2022,2022-08,185396,42758.16,20,78676,9943.52,1903,8581.38,37079.2,GO,0.0536,9.9372,7.9498,15.8926
UI0001017,FAC0029,BANK02,2022,2022-09,152299,41583.89,50,77549,5760.66,2287,7307.89,76149.5,GO,0.0536,8.1632,4.0816,15.6649
UI0001018,FAC0029,BANK02,2022,2022-10,147326,44848.01,30,77320,7017.21,1948,6128.0,44197.8,GO,0.0536,7.8967,5.5277,15.6186
UI0001019,FAC0029,BANK02,2022,2022-11,146827,34308.36,30,75457,6137.66,2216,7413.66,44048.1,I-REC,0.0536,7.8699,5.5089,15.2423
UI0001020,FAC0029,BANK02,2022,2022-12,194050,61587.03,50,98823,13098.51,2184,7364.17,97025.0,GO,0.0536,10.4011,5.2005,19.9622
UI0001021,FAC0029,BANK02,2023,2023-01,200423,48102.62,60,88521,7039.85,1211,4711.56,120253.8,I-REC,0.052,10.422,4.1688,17.8812
UI0001022,FAC0029,BANK02,2023,2023-02,215453,64712.03,30,95583,11417.24,1360,6645.18,64635.9,GO,0.052,11.2036,7.8425,19.3078
UI0001023,FAC0029,BANK02,2023,2023-03,141089,33644.03,60,69824,5563.95,2543,10699.63,84653.4,GO,0.052,7.3366,2.9347,14.1044
UI0001024,FAC0029,BANK02,2023,2023-04,141378,37469.89,60,69554,6847.63,2240,9729.76,84826.8,I-REC,0.052,7.3517,2.9407,14.0499
UI0001025,FAC0029,BANK02,2023,2023-05,135754,35674.12,60,65879,5689.5,2539,7909.16,81452.4,I-REC,0.052,7.0592,2.8237,13.3076
UI0001026,FAC0029,BANK02,2023,2023-06,177070,40471.02,30,82332,5909.62,1500,6074.48,53121.0,GO,0.052,9.2076,6.4453,16.6311
UI0001027,FAC0029,BANK02,2023,2023-07,195370,55467.21,60,89119,12208.37,1863,6808.79,117222.0,GO,0.052,10.1592,4.0637,18.002
UI0001028,FAC0029,BANK02,2023,2023-08,196084,43922.4,30,83321,9809.11,1533,6861.3,58825.2,I-REC,0.052,10.1964,7.1375,16.8308
UI0001029,FAC0029,BANK02,2023,2023-09,147180,36791.11,60,63037,5908.46,1862,6534.47,88308.0,I-REC,0.052,7.6534,3.0613,12.7335
UI0001030,FAC0029,BANK02,2023,2023-10,147924,31622.25,30,63302,7893.0,2214,7791.83,44377.2,I-REC,0.052,7.692,5.3844,12.787
UI0001031,FAC0029,BANK02,2023,2023-11,160173,39044.06,40,68833,5812.05,2451,7645.34,64069.2,I-REC,0.052,8.329,4.9974,13.9043
UI0001032,FAC0029,BANK02,2023,2023-12,186833,36413.45,30,100386,7554.13,1366,5367.8,56049.9,I-REC,0.052,9.7153,6.8007,20.278
UI0001033,FAC0029,BANK02,2024,2024-01,190729,60197.83,40,97354,7541.29,1790,5958.49,76291.6,GO,0.0505,9.6318,5.7791,19.6655
UI0001034,FAC0029,BANK02,2024,2024-02,206722,40509.82,60,84173,7472.4,2485,10200.86,124033.2,GO,0.0505,10.4395,4.1758,17.0029
UI0001035,FAC0029,BANK02,2024,2024-03,149100,44279.18,40,64147,8780.11,1712,5162.93,59640.0,GO,0.0505,7.5296,4.5177,12.9577
UI0001036,FAC0029,BANK02,2024,2024-04,149317,42490.07,50,71924,10043.69,1426,7084.22,74658.5,I-REC,0.0505,7.5405,3.7703,14.5286
UI0001037,FAC0029,BANK02,2024,2024-05,155490,32002.0,60,61182,5985.22,2659,10611.83,93294.0,GO,0.0505,7.8522,3.1409,12.3588
UI0001038,FAC0029,BANK02,2024,2024-06,164298,39937.68,40,81543,10751.25,1180,5332.36,65719.2,GO,0.0505,8.297,4.9782,16.4717
UI0001039,FAC0029,BANK02,2024,2024-07,194598,47168.76,50,87903,10943.68,1264,6037.3,97299.0,GO,0.0505,9.8272,4.9136,17.7564
UI0001040,FAC0029,BANK02,2024,2024-08,186115,38938.05,50,90142,8917.64,1585,6209.52,93057.5,GO,0.0505,9.3988,4.6994,18.2087
UI0001041,FAC0029,BANK02,2024,2024-09,139605,41996.47,40,64784,6532.81,2021,8339.46,55842.0,GO,0.0505,7.0501,4.23,13.0864
UI0001042,FAC0029,BANK02,2024,2024-10,155132,39650.25,40,66865,9164.06,1509,4625.12,62052.8,GO,0.0505,7.8342,4.7005,13.5067
UI0001043,FAC0029,BANK02,2024,2024-11,143831,43629.22,50,73593,8323.72,1537,6494.59,71915.5,I-REC,0.0505,7.2635,3.6317,14.8658
UI0001044,FAC0029,BANK02,2024,2024-12,214835,60871.87,50,87198,7476.41,2205,8652.5,107417.5,I-REC,0.0505,10.8492,5.4246,17.614
UI0001045,FAC0030,BANK02,2022,2022-01,32675,6613.72,20,17024,1874.03,43,199.71,6535.0,GO,0.0536,1.7514,1.4011,3.4388
UI0001046,FAC0030,BANK02,2022,2022-02,33125,6238.43,50,16681,2137.36,48,212.98,16562.5,GO,0.0536,1.7755,0.8878,3.3696
UI0001047,FAC0030,BANK02,2022,2022-03,26056,7838.21,50,12495,1358.3,72,259.74,13028.0,I-REC,0.0536,1.3966,0.6983,2.524
UI0001048,FAC0030,BANK02,2022,2022-04,28816,5281.26,40,12355,1489.95,47,188.53,11526.4,I-REC,0.0536,1.5445,0.9267,2.4957
UI0001049,FAC0030,BANK02,2022,2022-05,26548,8472.01,50,11659,1431.11,35,164.25,13274.0,I-REC,0.0536,1.423,0.7115,2.3551
UI0001050,FAC0030,BANK02,2022,2022-06,29076,7533.77,20,13487,1739.4,35,117.02,5815.2,I-REC,0.0536,1.5585,1.2468,2.7244
UI0001051,FAC0030,BANK02,2022,2022-07,29235,8440.97,40,13908,1893.08,38,181.04,11694.0,I-REC,0.0536,1.567,0.9402,2.8094
UI0001052,FAC0030,BANK02,2022,2022-08,30468,7978.64,20,13452,1104.88,46,152.43,6093.6,I-REC,0.0536,1.6331,1.3065,2.7173
UI0001053,FAC0030,BANK02,2022,2022-09,28710,6151.26,30,11527,861.14,42,138.93,8613.0,I-REC,0.0536,1.5389,1.0772,2.3285
UI0001054,FAC0030,BANK02,2022,2022-10,25644,5023.48,20,12510,1650.46,50,172.62,5128.8,GO,0.0536,1.3745,1.0996,2.527
UI0001055,FAC0030,BANK02,2022,2022-11,25451,5386.58,20,11725,1153.01,68,272.58,5090.2,I-REC,0.0536,1.3642,1.0913,2.3685
UI0001056,FAC0030,BANK02,2022,2022-12,35455,9478.16,30,16383,2012.71,66,230.42,10636.5,GO,0.0536,1.9004,1.3303,3.3094
UI0001057,FAC0030,BANK02,2023,2023-01,36951,9714.17,40,15212,1205.68,46,212.69,14780.4,I-REC,0.052,1.9215,1.1529,3.0728
UI0001058,FAC0030,BANK02,2023,2023-02,31118,6134.69,40,16068,2060.17,69,315.84,12447.2,I-REC,0.052,1.6181,0.9709,3.2457
UI0001059,FAC0030,BANK02,2023,2023-03,27082,6559.43,30,10924,1019.58,75,314.77,8124.6,GO,0.052,1.4083,0.9858,2.2066
UI0001060,FAC0030,BANK02,2023,2023-04,24816,7772.2,40,12790,1000.86,62,216.1,9926.4,I-REC,0.052,1.2904,0.7743,2.5836
UI0001061,FAC0030,BANK02,2023,2023-05,25761,6757.62,50,11180,1000.05,57,178.47,12880.5,I-REC,0.052,1.3396,0.6698,2.2584
UI0001062,FAC0030,BANK02,2023,2023-06,28451,7674.04,50,13618,1493.15,70,336.24,14225.5,I-REC,0.052,1.4795,0.7397,2.7508
UI0001063,FAC0030,BANK02,2023,2023-07,30512,6264.53,40,15956,1615.44,39,171.83,12204.8,GO,0.052,1.5866,0.952,3.2231
UI0001064,FAC0030,BANK02,2023,2023-08,28987,9049.21,40,14171,1840.08,68,241.27,11594.8,I-REC,0.052,1.5073,0.9044,2.8625
UI0001065,FAC0030,BANK02,2023,2023-09,24844,5347.98,60,12297,949.35,58,279.06,14906.4,GO,0.052,1.2919,0.5168,2.484
UI0001066,FAC0030,BANK02,2023,2023-10,26817,7863.05,60,12827,1103.12,54,162.49,16090.2,GO,0.052,1.3945,0.5578,2.5911
UI0001067,FAC0030,BANK02,2023,2023-11,26259,5886.13,50,12279,977.65,75,234.16,13129.5,GO,0.052,1.3655,0.6827,2.4804
UI0001068,FAC0030,BANK02,2023,2023-12,32078,9636.5,40,14614,1385.76,51,185.42,12831.2,GO,0.052,1.6681,1.0008,2.952
UI0001069,FAC0030,BANK02,2024,2024-01,32142,7133.33,40,16230,1892.96,41,127.05,12856.8,GO,0.0505,1.6232,0.9739,3.2785
UI0001070,FAC0030,BANK02,2024,2024-02,36052,7806.34,50,15501,1742.04,62,201.73,18026.0,GO,0.0505,1.8206,0.9103,3.1312
UI0001071,FAC0030,BANK02,2024,2024-03,26236,6565.31,40,11080,958.85,41,190.13,10494.4,I-REC,0.0505,1.3249,0.795,2.2382
UI0001072,FAC0030,BANK02,2024,2024-04,25912,6807.03,40,12069,1466.59,67,330.86,10364.8,GO,0.0505,1.3086,0.7851,2.4379
UI0001073,FAC0030,BANK02,2024,2024-05,24266,6041.73,70,11760,1137.83,57,236.5,16986.2,GO,0.0505,1.2254,0.3676,2.3755
UI0001074,FAC0030,BANK02,2024,2024-06,33729,7744.2,70,15336,1457.81,69,292.22,23610.3,I-REC,0.0505,1.7033,0.511,3.0979
UI0001075,FAC0030,BANK02,2024,2024-07,28143,8848.3,60,13796,1231.23,67,319.38,16885.8,I-REC,0.0505,1.4212,0.5685,2.7868
UI0001076,FAC0030,BANK02,2024,2024-08,29850,8839.66,50,14261,1538.82,71,351.12,14925.0,GO,0.0505,1.5074,0.7537,2.8807
UI0001077,FAC0030,BANK02,2024,2024-09,24358,5763.94,50,11514,944.53,71,318.03,12179.0,GO,0.0505,1.2301,0.615,2.3258
UI0001078,FAC0030,BANK02,2024,2024-10,24082,5556.63,50,11619,1564.83,65,307.09,12041.0,GO,0.0505,1.2161,0.6081,2.347
UI0001079,FAC0030,BANK02,2024,2024-11,25959,5285.98,70,11238,911.76,52,175.09,18171.3,GO,0.0505,1.3109,0.3933,2.2701
UI0001080,FAC0030,BANK02,2024,2024-12,32677,9218.41,60,16340,1902.93,59,252.0,19606.2,I-REC,0.0505,1.6502,0.6601,3.3007
UI0001081,FAC0031,BANK02,2022,2022-01,1039629,267544.25,30,553316,46040.99,1214,5488.44,311888.7,GO,0.2987,310.5372,217.376,111.7698
UI0001082,FAC0031,BANK02,2022,2022-02,1198382,348739.53,30,528975,46125.49,972,3447.74,359514.6,GO,0.2987,357.9567,250.5697,106.853
UI0001083,FAC0031,BANK02,2022,2022-03,799678,211729.01,20,391125,45315.23,1554,5887.85,159935.6,I-REC,0.2987,238.8638,191.0911,79.0072
UI0001084,FAC0031,BANK02,2022,2022-04,890545,160328.86,50,381102,51181.71,1022,4888.95,445272.5,I-REC,0.2987,266.0058,133.0029,76.9826
UI0001085,FAC0031,BANK02,2022,2022-05,889970,184391.77,50,350976,26208.34,1538,7185.39,444985.0,I-REC,0.2987,265.834,132.917,70.8972
UI0001086,FAC0031,BANK02,2022,2022-06,1050786,196482.6,20,425781,52463.91,1135,4710.07,210157.2,GO,0.2987,313.8698,251.0958,86.0078
UI0001087,FAC0031,BANK02,2022,2022-07,968837,192629.63,30,495908,45053.99,1490,5851.77,290651.1,GO,0.2987,289.3916,202.5741,100.1734
UI0001088,FAC0031,BANK02,2022,2022-08,936424,259647.8,20,479784,47686.23,1309,3982.68,187284.8,I-REC,0.2987,279.7098,223.7679,96.9164
UI0001089,FAC0031,BANK02,2022,2022-09,840001,198237.21,40,382491,37490.36,1629,7895.66,336000.4,I-REC,0.2987,250.9083,150.545,77.2632
UI0001090,FAC0031,BANK02,2022,2022-10,876663,264614.74,50,410981,40014.99,930,3196.2,438331.5,GO,0.2987,261.8592,130.9296,83.0182
UI0001091,FAC0031,BANK02,2022,2022-11,839474,177932.96,40,419341,34445.71,879,3114.08,335789.6,I-REC,0.2987,250.7509,150.4505,84.7069
UI0001092,FAC0031,BANK02,2022,2022-12,1022286,280373.73,30,547482,46202.56,1629,7712.82,306685.8,GO,0.2987,305.3568,213.7498,110.5914
UI0001093,FAC0031,BANK02,2023,2023-01,1025433,225222.0,50,494647,37850.76,881,3409.95,512716.5,I-REC,0.29,297.3756,148.6878,99.9187
UI0001094,FAC0031,BANK02,2023,2023-02,1012117,221292.35,50,473461,60223.73,982,3174.42,506058.5,I-REC,0.29,293.5139,146.757,95.6391
UI0001095,FAC0031,BANK02,2023,2023-03,859212,217612.83,60,374717,38731.73,1403,5388.15,515527.2,GO,0.29,249.1715,99.6686,75.6928
UI0001096,FAC0031,BANK02,2023,2023-04,886994,257765.31,40,342372,38451.24,1860,6249.83,354797.6,I-REC,0.29,257.2283,154.337,69.1591
UI0001097,FAC0031,BANK02,2023,2023-05,896176,220704.32,30,401842,52273.36,1884,6029.13,268852.8,I-REC,0.29,259.891,181.9237,81.1721
UI0001098,FAC0031,BANK02,2023,2023-06,1010456,269550.41,60,417359,45710.93,967,3234.49,606273.6,GO,0.29,293.0322,117.2129,84.3065
UI0001099,FAC0031,BANK02,2023,2023-07,1039837,251995.64,40,419335,37179.34,1062,3753.79,415934.8,GO,0.29,301.5527,180.9316,84.7057
UI0001100,FAC0031,BANK02,2023,2023-08,1054092,304976.93,60,431066,54197.56,1178,4714.32,632455.2,I-REC,0.29,305.6867,122.2747,87.0753
UI0001101,FAC0031,BANK02,2023,2023-09,800258,162589.29,30,359287,47134.95,1526,6936.31,240077.4,GO,0.29,232.0748,162.4524,72.576
UI0001102,FAC0031,BANK02,2023,2023-10,797148,190138.15,40,357010,39180.92,1840,6553.62,318859.2,I-REC,0.29,231.1729,138.7038,72.116
UI0001103,FAC0031,BANK02,2023,2023-11,813172,153568.1,50,354930,25145.43,1369,6728.03,406586.0,GO,0.29,235.8199,117.9099,71.6959
UI0001104,FAC0031,BANK02,2023,2023-12,1112168,275193.99,50,476189,64786.68,1878,6288.98,556084.0,GO,0.29,322.5287,161.2644,96.1902
UI0001105,FAC0031,BANK02,2024,2024-01,1046118,310625.98,40,471739,34094.98,1238,5647.79,418447.2,I-REC,0.2816,294.5868,176.7521,95.2913
UI0001106,FAC0031,BANK02,2024,2024-02,1064543,237032.7,40,451908,58409.15,1644,7020.18,425817.2,GO,0.2816,299.7753,179.8652,91.2854
UI0001107,FAC0031,BANK02,2024,2024-03,840130,183663.37,60,354920,36199.2,1394,5286.55,504078.0,GO,0.2816,236.5806,94.6322,71.6938
UI0001108,FAC0031,BANK02,2024,2024-04,782080,236959.16,60,373329,32833.73,1389,5317.35,469248.0,I-REC,0.2816,220.2337,88.0935,75.4125
UI0001109,FAC0031,BANK02,2024,2024-05,796867,188521.6,50,383487,51664.57,1315,6315.5,398433.5,I-REC,0.2816,224.3977,112.1989,77.4644
UI0001110,FAC0031,BANK02,2024,2024-06,1035670,261740.13,40,440501,56011.18,1210,5436.64,414268.0,I-REC,0.2816,291.6447,174.9868,88.9812
UI0001111,FAC0031,BANK02,2024,2024-07,994320,307672.83,70,492140,40200.75,1039,4869.01,696024.0,GO,0.2816,280.0005,84.0002,99.4123
UI0001112,FAC0031,BANK02,2024,2024-08,884490,239673.52,70,454010,58401.1,1254,4727.73,619143.0,I-REC,0.2816,249.0724,74.7217,91.71
UI0001113,FAC0031,BANK02,2024,2024-09,768425,141895.26,70,350669,46624.87,1343,4641.12,537897.5,GO,0.2816,216.3885,64.9165,70.8351
UI0001114,FAC0031,BANK02,2024,2024-10,761675,159630.6,50,352951,34499.22,1358,5824.77,380837.5,I-REC,0.2816,214.4877,107.2438,71.2961
UI0001115,FAC0031,BANK02,2024,2024-11,828713,212746.46,40,334829,26617.15,1335,5967.17,331485.2,I-REC,0.2816,233.3656,140.0193,67.6355
UI0001116,FAC0031,BANK02,2024,2024-12,1052495,303807.12,60,531892,60104.64,1417,6436.29,631497.0,GO,0.2816,296.3826,118.553,107.4422
UI0001117,FAC0032,BANK02,2022,2022-01,219049,54835.28,30,105079,9779.11,1535,6440.23,65714.7,I-REC,0.0536,11.741,8.2187,21.226
UI0001118,FAC0032,BANK02,2022,2022-02,235607,49149.75,50,99774,11731.59,1952,6516.4,117803.5,GO,0.0536,12.6285,6.3143,20.1543
UI0001119,FAC0032,BANK02,2022,2022-03,166374,52946.46,50,78363,5617.45,2077,9736.29,83187.0,I-REC,0.0536,8.9176,4.4588,15.8293
UI0001120,FAC0032,BANK02,2022,2022-04,175789,45694.63,40,78666,6272.03,2078,6724.19,70315.6,GO,0.0536,9.4223,5.6534,15.8905
UI0001121,FAC0032,BANK02,2022,2022-05,164396,47197.96,50,72919,9008.34,2088,8540.19,82198.0,I-REC,0.0536,8.8116,4.4058,14.7296
UI0001122,FAC0032,BANK02,2022,2022-06,198741,41503.2,50,97749,12582.79,1014,4588.42,99370.5,GO,0.0536,10.6525,5.3263,19.7453
UI0001123,FAC0032,BANK02,2022,2022-07,198772,48985.24,20,87261,11871.46,2185,9090.55,39754.4,I-REC,0.0536,10.6542,8.5233,17.6267
UI0001124,FAC0032,BANK02,2022,2022-08,189652,52003.82,20,99877,10953.06,2066,8414.85,37930.4,I-REC,0.0536,10.1653,8.1323,20.1752
UI0001125,FAC0032,BANK02,2022,2022-09,154587,48727.15,40,70739,8761.91,1175,5340.65,61834.8,GO,0.0536,8.2859,4.9715,14.2893
UI0001126,FAC0032,BANK02,2022,2022-10,157030,40002.62,20,70287,8966.17,1934,6993.19,31406.0,GO,0.0536,8.4168,6.7334,14.198
UI0001127,FAC0032,BANK02,2022,2022-11,157993,33000.72,20,75107,8913.84,1355,5516.37,31598.6,I-REC,0.0536,8.4684,6.7747,15.1716
UI0001128,FAC0032,BANK02,2022,2022-12,241235,75764.62,30,96655,8812.43,2125,10580.66,72370.5,I-REC,0.0536,12.9302,9.0511,19.5243
UI0001129,FAC0032,BANK02,2023,2023-01,221144,53726.88,60,90418,12619.81,1342,5633.22,132686.4,I-REC,0.052,11.4995,4.5998,18.2644
UI0001130,FAC0032,BANK02,2023,2023-02,197822,35663.12,40,96834,8530.34,1675,7059.31,79128.8,GO,0.052,10.2867,6.172,19.5605
UI0001131,FAC0032,BANK02,2023,2023-03,151582,41263.11,50,82519,7193.6,1277,3969.69,75791.0,I-REC,0.052,7.8823,3.9411,16.6688
UI0001132,FAC0032,BANK02,2023,2023-04,151071,37046.71,30,80602,8682.0,1857,7109.66,45321.3,GO,0.052,7.8557,5.499,16.2816
UI0001133,FAC0032,BANK02,2023,2023-05,162623,50988.61,60,81440,7246.17,1477,5086.18,97573.8,I-REC,0.052,8.4564,3.3826,16.4509
UI0001134,FAC0032,BANK02,2023,2023-06,183339,35643.64,30,98724,11406.02,1661,5822.13,55001.7,GO,0.052,9.5336,6.6735,19.9422
UI0001135,FAC0032,BANK02,2023,2023-07,209506,47348.24,30,99420,8349.28,1831,7136.39,62851.8,I-REC,0.052,10.8943,7.626,20.0828
UI0001136,FAC0032,BANK02,2023,2023-08,180657,42945.29,40,91258,8293.9,2193,8536.33,72262.8,GO,0.052,9.3942,5.6365,18.4341
UI0001137,FAC0032,BANK02,2023,2023-09,147860,37328.94,30,67990,9034.36,1793,8824.93,44358.0,GO,0.052,7.6887,5.3821,13.734
UI0001138,FAC0032,BANK02,2023,2023-10,148434,39199.84,40,69915,6923.22,1170,3916.82,59373.6,I-REC,0.052,7.7186,4.6311,14.1228
UI0001139,FAC0032,BANK02,2023,2023-11,174591,49813.82,50,71965,5189.64,1364,6412.6,87295.5,I-REC,0.052,9.0787,4.5394,14.5369
UI0001140,FAC0032,BANK02,2023,2023-12,214908,67308.61,50,100362,8316.95,1833,7870.34,107454.0,I-REC,0.052,11.1752,5.5876,20.2731
UI0001141,FAC0032,BANK02,2024,2024-01,217989,52146.79,40,89973,10028.71,1520,4901.49,87195.6,I-REC,0.0505,11.0084,6.6051,18.1745
UI0001142,FAC0032,BANK02,2024,2024-02,216650,63256.01,50,105767,10410.66,2091,6826.83,108325.0,GO,0.0505,10.9408,5.4704,21.3649
UI0001143,FAC0032,BANK02,2024,2024-03,161138,43102.17,50,73973,7540.83,2068,8832.85,80569.0,I-REC,0.0505,8.1375,4.0687,14.9425
UI0001144,FAC0032,BANK02,2024,2024-04,169007,37060.79,60,80794,6890.43,1523,7015.15,101404.2,GO,0.0505,8.5349,3.4139,16.3204
UI0001145,FAC0032,BANK02,2024,2024-05,155531,49733.34,60,75746,8910.2,1810,8597.66,93318.6,GO,0.0505,7.8543,3.1417,15.3007
UI0001146,FAC0032,BANK02,2024,2024-06,210284,61712.24,60,82339,11126.57,989,3249.07,126170.4,I-REC,0.0505,10.6193,4.2477,16.6325
UI0001147,FAC0032,BANK02,2024,2024-07,181558,47564.45,40,96639,13115.38,1254,4153.77,72623.2,I-REC,0.0505,9.1687,5.5012,19.5211
UI0001148,FAC0032,BANK02,2024,2024-08,183915,47777.93,60,87425,8598.67,987,4572.5,110349.0,I-REC,0.0505,9.2877,3.7151,17.6599
UI0001149,FAC0032,BANK02,2024,2024-09,165813,29864.2,70,69849,9379.35,1465,5255.38,116069.1,GO,0.0505,8.3736,2.5121,14.1095
UI0001150,FAC0032,BANK02,2024,2024-10,155338,28874.85,60,68129,6461.37,1969,8657.3,93202.8,I-REC,0.0505,7.8446,3.1378,13.7621
UI0001151,FAC0032,BANK02,2024,2024-11,156914,45594.22,70,73544,9157.84,1078,3834.19,109839.8,GO,0.0505,7.9242,2.3772,14.8559
UI0001152,FAC0032,BANK02,2024,2024-12,191859,57107.99,60,92997,12361.19,1495,6119.89,115115.4,GO,0.0505,9.6889,3.8756,18.7854
UI0001153,FAC0033,BANK02,2022,2022-01,78762,16920.26,50,42297,4054.62,1280,6244.02,39381.0,GO,0.0536,4.2216,2.1108,8.544
UI0001154,FAC0033,BANK02,2022,2022-02,83558,17740.61,30,36615,2661.57,919,3498.14,25067.4,I-REC,0.0536,4.4787,3.1351,7.3962
UI0001155,FAC0033,BANK02,2022,2022-03,63481,13947.95,50,31140,2340.43,1669,6251.52,31740.5,I-REC,0.0536,3.4026,1.7013,6.2903
UI0001156,FAC0033,BANK02,2022,2022-04,61522,12235.76,30,31382,2307.67,1666,5852.9,18456.6,I-REC,0.0536,3.2976,2.3083,6.3392
UI0001157,FAC0033,BANK02,2022,2022-05,65287,16903.76,50,28846,2279.32,888,3345.69,32643.5,I-REC,0.0536,3.4994,1.7497,5.8269
UI0001158,FAC0033,BANK02,2022,2022-06,76565,15678.13,50,39438,5224.66,1648,6186.44,38282.5,GO,0.0536,4.1039,2.0519,7.9665
UI0001159,FAC0033,BANK02,2022,2022-07,85742,22491.69,30,39021,4745.21,1647,7546.97,25722.6,GO,0.0536,4.5958,3.217,7.8822
UI0001160,FAC0033,BANK02,2022,2022-08,81815,24636.34,50,34254,3356.45,1038,4182.66,40907.5,I-REC,0.0536,4.3853,2.1926,6.9193
UI0001161,FAC0033,BANK02,2022,2022-09,66634,12109.4,50,29224,2294.06,909,3190.24,33317.0,I-REC,0.0536,3.5716,1.7858,5.9032
UI0001162,FAC0033,BANK02,2022,2022-10,59760,18246.51,40,29651,3763.21,1568,5003.94,23904.0,GO,0.0536,3.2031,1.9219,5.9895
UI0001163,FAC0033,BANK02,2022,2022-11,60111,12122.35,20,29678,2339.33,911,2750.93,12022.2,I-REC,0.0536,3.2219,2.5776,5.995
UI0001164,FAC0033,BANK02,2022,2022-12,76811,23826.19,50,35940,2885.1,1016,4301.62,38405.5,GO,0.0536,4.1171,2.0585,7.2599
UI0001165,FAC0033,BANK02,2023,2023-01,87684,26253.2,40,35227,4612.98,1496,6675.42,35073.6,I-REC,0.052,4.5596,2.7357,7.1159
UI0001166,FAC0033,BANK02,2023,2023-02,84626,21353.01,40,36387,4011.44,842,3067.23,33850.4,GO,0.052,4.4006,2.6403,7.3502
UI0001167,FAC0033,BANK02,2023,2023-03,67695,17790.32,30,30911,3332.52,1183,5073.72,20308.5,GO,0.052,3.5201,2.4641,6.244
UI0001168,FAC0033,BANK02,2023,2023-04,66839,14808.8,40,28251,2000.03,882,3741.59,26735.6,I-REC,0.052,3.4756,2.0854,5.7067
UI0001169,FAC0033,BANK02,2023,2023-05,65292,14831.52,40,26906,2320.61,1231,5096.9,26116.8,I-REC,0.052,3.3952,2.0371,5.435
UI0001170,FAC0033,BANK02,2023,2023-06,76356,20397.28,30,34832,3074.67,1318,6341.54,22906.8,I-REC,0.052,3.9705,2.7794,7.0361
UI0001171,FAC0033,BANK02,2023,2023-07,75072,20334.37,30,38288,4977.88,1279,4866.08,22521.6,I-REC,0.052,3.9037,2.7326,7.7342
UI0001172,FAC0033,BANK02,2023,2023-08,70952,15215.0,50,31846,4314.08,1187,4625.9,35476.0,I-REC,0.052,3.6895,1.8448,6.4329
UI0001173,FAC0033,BANK02,2023,2023-09,61520,19498.39,50,26612,2147.73,1238,5606.86,30760.0,I-REC,0.052,3.199,1.5995,5.3756
UI0001174,FAC0033,BANK02,2023,2023-10,67873,15159.22,30,29745,3738.3,1476,5335.31,20361.9,GO,0.052,3.5294,2.4706,6.0085
UI0001175,FAC0033,BANK02,2023,2023-11,59630,16215.23,30,30143,3127.38,1036,4389.89,17889.0,I-REC,0.052,3.1008,2.1705,6.0889
UI0001176,FAC0033,BANK02,2023,2023-12,89413,22301.53,60,35456,4076.22,778,2448.02,53647.8,I-REC,0.052,4.6495,1.8598,7.1621
UI0001177,FAC0033,BANK02,2024,2024-01,89920,25722.49,40,36657,4520.75,946,3177.31,35968.0,GO,0.0505,4.541,2.7246,7.4047
UI0001178,FAC0033,BANK02,2024,2024-02,74434,19554.56,40,39267,4166.01,1536,5202.05,29773.6,GO,0.0505,3.7589,2.2554,7.9319
UI0001179,FAC0033,BANK02,2024,2024-03,60918,18229.7,60,26587,2438.97,1437,6744.21,36550.8,I-REC,0.0505,3.0764,1.2305,5.3706
UI0001180,FAC0033,BANK02,2024,2024-04,58793,14132.38,70,28963,2927.44,1484,7297.63,41155.1,I-REC,0.0505,2.969,0.8907,5.8505
UI0001181,FAC0033,BANK02,2024,2024-05,60382,18671.36,40,26240,3462.1,946,4146.94,24152.8,I-REC,0.0505,3.0493,1.8296,5.3005
UI0001182,FAC0033,BANK02,2024,2024-06,74618,21646.67,40,33406,3811.33,1482,7343.18,29847.2,I-REC,0.0505,3.7682,2.2609,6.748
UI0001183,FAC0033,BANK02,2024,2024-07,77885,19289.39,40,37092,3216.71,1673,7218.69,31154.0,GO,0.0505,3.9332,2.3599,7.4926
UI0001184,FAC0033,BANK02,2024,2024-08,80524,18817.95,60,35289,4870.31,804,2471.56,48314.4,I-REC,0.0505,4.0665,1.6266,7.1284
UI0001185,FAC0033,BANK02,2024,2024-09,65270,14894.86,40,28676,3100.52,1071,3382.33,26108.0,GO,0.0505,3.2961,1.9777,5.7926
UI0001186,FAC0033,BANK02,2024,2024-10,64320,13924.0,70,26051,3133.46,1596,6764.34,45024.0,GO,0.0505,3.2482,0.9744,5.2623
UI0001187,FAC0033,BANK02,2024,2024-11,63491,11845.18,70,26921,2811.44,1374,5421.24,44443.7,GO,0.0505,3.2063,0.9619,5.438
UI0001188,FAC0033,BANK02,2024,2024-12,74525,20893.49,40,34099,3148.2,966,3500.32,29810.0,I-REC,0.0505,3.7635,2.2581,6.888
UI0001189,FAC0034,BANK02,2022,2022-01,85992,22752.54,30,43194,5407.56,2679,10962.1,25797.6,GO,0.0536,4.6092,3.2264,8.7252
UI0001190,FAC0034,BANK02,2022,2022-02,79826,20946.29,30,41773,4075.2,1189,3948.24,23947.8,I-REC,0.0536,4.2787,2.9951,8.4381
UI0001191,FAC0034,BANK02,2022,2022-03,69615,21451.68,40,30899,3339.54,1518,5766.4,27846.0,I-REC,0.0536,3.7314,2.2388,6.2416
UI0001192,FAC0034,BANK02,2022,2022-04,69727,18994.33,20,30291,3253.03,2217,6706.19,13945.4,GO,0.0536,3.7374,2.9899,6.1188
UI0001193,FAC0034,BANK02,2022,2022-05,62602,19776.95,20,27509,2661.48,2224,9750.23,12520.4,I-REC,0.0536,3.3555,2.6844,5.5568
UI0001194,FAC0034,BANK02,2022,2022-06,81480,18573.89,30,33978,3371.52,1465,4981.26,24444.0,I-REC,0.0536,4.3673,3.0571,6.8636
UI0001195,FAC0034,BANK02,2022,2022-07,84972,25406.68,40,36853,3877.66,1871,7511.05,33988.8,I-REC,0.0536,4.5545,2.7327,7.4443
UI0001196,FAC0034,BANK02,2022,2022-08,71222,17861.23,20,38035,5231.59,1816,7476.07,14244.4,I-REC,0.0536,3.8175,3.054,7.6831
UI0001197,FAC0034,BANK02,2022,2022-09,70289,18551.23,20,26831,3033.5,1410,5755.2,14057.8,I-REC,0.0536,3.7675,3.014,5.4199
UI0001198,FAC0034,BANK02,2022,2022-10,66840,20131.63,40,30671,2316.28,2512,8539.25,26736.0,GO,0.0536,3.5826,2.1496,6.1955
UI0001199,FAC0034,BANK02,2022,2022-11,68545,13261.73,20,27437,2952.17,1751,7191.51,13709.0,I-REC,0.0536,3.674,2.9392,5.5423
UI0001200,FAC0034,BANK02,2022,2022-12,86355,17798.28,30,38140,2988.32,2381,9971.63,25906.5,I-REC,0.0536,4.6286,3.24,7.7043
UI0001201,FAC0034,BANK02,2023,2023-01,81993,16443.17,40,37009,3402.89,1851,7776.49,32797.2,GO,0.052,4.2636,2.5582,7.4758
UI0001202,FAC0034,BANK02,2023,2023-02,83115,19188.78,50,34784,3113.03,1885,7465.53,41557.5,GO,0.052,4.322,2.161,7.0264
UI0001203,FAC0034,BANK02,2023,2023-03,65194,20118.53,40,30620,4062.6,2478,7830.12,26077.6,I-REC,0.052,3.3901,2.0341,6.1852
UI0001204,FAC0034,BANK02,2023,2023-04,65852,18576.01,50,27722,3059.41,2298,8829.95,32926.0,GO,0.052,3.4243,1.7122,5.5998
UI0001205,FAC0034,BANK02,2023,2023-05,66378,20058.71,40,30701,2535.48,2685,9809.47,26551.2,I-REC,0.052,3.4517,2.071,6.2016
UI0001206,FAC0034,BANK02,2023,2023-06,80612,25527.5,40,34496,2747.63,1156,4356.66,32244.8,GO,0.052,4.1918,2.5151,6.9682
UI0001207,FAC0034,BANK02,2023,2023-07,80319,23598.82,60,33967,4534.77,1351,4069.04,48191.4,GO,0.052,4.1766,1.6706,6.8613
UI0001208,FAC0034,BANK02,2023,2023-08,82879,19482.52,30,35493,2587.69,1226,4648.53,24863.7,GO,0.052,4.3097,3.0168,7.1696
UI0001209,FAC0034,BANK02,2023,2023-09,61879,16743.04,30,26096,2610.26,1220,5703.3,18563.7,I-REC,0.052,3.2177,2.2524,5.2714
UI0001210,FAC0034,BANK02,2023,2023-10,64261,16844.73,40,29450,3282.66,1169,5817.96,25704.4,GO,0.052,3.3416,2.0049,5.9489
UI0001211,FAC0034,BANK02,2023,2023-11,57173,13211.37,40,30336,2173.01,2134,7521.46,22869.2,GO,0.052,2.973,1.7838,6.1279
UI0001212,FAC0034,BANK02,2023,2023-12,77892,20219.15,50,36274,4306.74,2600,9706.67,38946.0,I-REC,0.052,4.0504,2.0252,7.3273
UI0001213,FAC0034,BANK02,2024,2024-01,87796,16315.34,70,38381,4361.22,2418,9833.75,61457.2,I-REC,0.0505,4.4337,1.3301,7.753
UI0001214,FAC0034,BANK02,2024,2024-02,74449,23140.41,70,40563,4717.92,1864,6553.04,52114.3,I-REC,0.0505,3.7597,1.1279,8.1937
UI0001215,FAC0034,BANK02,2024,2024-03,58668,13180.54,40,29101,3559.1,2614,12874.7,23467.2,GO,0.0505,2.9627,1.7776,5.8784
UI0001216,FAC0034,BANK02,2024,2024-04,58768,11601.38,40,27145,1931.1,1658,6834.47,23507.2,I-REC,0.0505,2.9678,1.7807,5.4833
UI0001217,FAC0034,BANK02,2024,2024-05,64137,16298.17,60,28903,2596.57,1686,7887.0,38482.2,GO,0.0505,3.2389,1.2956,5.8384
UI0001218,FAC0034,BANK02,2024,2024-06,71850,21653.71,50,33489,3744.01,2658,11619.87,35925.0,GO,0.0505,3.6284,1.8142,6.7648
UI0001219,FAC0034,BANK02,2024,2024-07,69843,19410.6,60,34620,3344.02,1912,6633.62,41905.8,I-REC,0.0505,3.5271,1.4108,6.9932
UI0001220,FAC0034,BANK02,2024,2024-08,79791,17820.81,50,31910,3178.68,1797,6999.84,39895.5,I-REC,0.0505,4.0294,2.0147,6.4458
UI0001221,FAC0034,BANK02,2024,2024-09,58950,18053.54,70,30426,2994.75,1389,4531.15,41265.0,I-REC,0.0505,2.977,0.8931,6.1461
UI0001222,FAC0034,BANK02,2024,2024-10,59651,10964.11,60,31167,2998.64,1714,5824.34,35790.6,I-REC,0.0505,3.0124,1.205,6.2957
UI0001223,FAC0034,BANK02,2024,2024-11,55362,13244.94,40,28030,3549.37,2196,7976.02,22144.8,I-REC,0.0505,2.7958,1.6775,5.6621
UI0001224,FAC0034,BANK02,2024,2024-12,74628,14780.28,60,38018,3341.64,2031,6397.87,44776.8,GO,0.0505,3.7687,1.5075,7.6796
UI0001225,FAC0035,BANK02,2022,2022-01,177524,33361.38,40,83335,8023.19,2013,7102.73,71009.6,I-REC,0.0536,9.5153,5.7092,16.8337
UI0001226,FAC0035,BANK02,2022,2022-02,196231,54398.28,40,81390,11323.46,2414,9499.27,78492.4,GO,0.0536,10.518,6.3108,16.4408
UI0001227,FAC0035,BANK02,2022,2022-03,127788,36571.13,20,67633,9148.61,1474,6300.54,25557.6,I-REC,0.0536,6.8494,5.4795,13.6619
UI0001228,FAC0035,BANK02,2022,2022-04,141174,42163.84,40,63904,6283.24,2521,8646.06,56469.6,GO,0.0536,7.5669,4.5402,12.9086
UI0001229,FAC0035,BANK02,2022,2022-05,135523,41111.57,30,69737,8364.52,2201,8781.53,40656.9,I-REC,0.0536,7.264,5.0848,14.0869
UI0001230,FAC0035,BANK02,2022,2022-06,175827,40861.45,20,80081,8233.09,1934,8788.08,35165.4,I-REC,0.0536,9.4243,7.5395,16.1764
UI0001231,FAC0035,BANK02,2022,2022-07,187603,54813.93,50,86954,6626.69,2438,8607.89,93801.5,GO,0.0536,10.0555,5.0278,17.5647
UI0001232,FAC0035,BANK02,2022,2022-08,183658,37273.75,30,83977,9425.82,1435,5546.24,55097.4,I-REC,0.0536,9.8441,6.8908,16.9634
UI0001233,FAC0035,BANK02,2022,2022-09,133048,27910.57,50,60730,7152.95,2646,9051.08,66524.0,GO,0.0536,7.1314,3.5657,12.2675
UI0001234,FAC0035,BANK02,2022,2022-10,154271,46528.26,30,63517,8543.62,1703,6206.28,46281.3,I-REC,0.0536,8.2689,5.7882,12.8304
UI0001235,FAC0035,BANK02,2022,2022-11,147671,34355.46,50,68835,8959.75,2844,12244.79,73835.5,I-REC,0.0536,7.9152,3.9576,13.9047
UI0001236,FAC0035,BANK02,2022,2022-12,178010,37620.07,30,85284,9163.27,2816,10352.45,53403.0,GO,0.0536,9.5413,6.6789,17.2274
UI0001237,FAC0035,BANK02,2023,2023-01,170139,44326.73,30,78457,6872.47,2424,12079.16,51041.7,I-REC,0.052,8.8472,6.1931,15.8483
UI0001238,FAC0035,BANK02,2023,2023-02,167373,42224.39,40,86583,7838.66,1651,5654.4,66949.2,I-REC,0.052,8.7034,5.222,17.4898
UI0001239,FAC0035,BANK02,2023,2023-03,131900,40166.73,40,65483,4625.49,2287,9937.78,52760.0,I-REC,0.052,6.8588,4.1153,13.2276
UI0001240,FAC0035,BANK02,2023,2023-04,132848,36746.57,50,61184,4826.11,1408,5319.44,66424.0,I-REC,0.052,6.9081,3.454,12.3592
UI0001241,FAC0035,BANK02,2023,2023-05,148891,31005.59,30,62725,8603.23,2003,6507.01,44667.3,I-REC,0.052,7.7423,5.4196,12.6705
UI0001242,FAC0035,BANK02,2023,2023-06,151359,31767.56,40,82710,6685.51,2597,11808.33,60543.6,I-REC,0.052,7.8707,4.7224,16.7074
UI0001243,FAC0035,BANK02,2023,2023-07,165767,41273.8,40,79500,8166.3,2581,8870.09,66306.8,GO,0.052,8.6199,5.1719,16.059
UI0001244,FAC0035,BANK02,2023,2023-08,182797,57341.93,30,76224,7479.6,2491,8961.31,54839.1,GO,0.052,9.5054,6.6538,15.3972
UI0001245,FAC0035,BANK02,2023,2023-09,136883,35342.05,40,68854,5072.14,2014,7566.41,54753.2,GO,0.052,7.1179,4.2707,13.9085
UI0001246,FAC0035,BANK02,2023,2023-10,124686,24804.79,50,64906,5850.4,1552,6915.48,62343.0,I-REC,0.052,6.4837,3.2418,13.111
UI0001247,FAC0035,BANK02,2023,2023-11,124769,24768.98,30,63110,6609.14,2461,7474.07,37430.7,GO,0.052,6.488,4.5416,12.7482
UI0001248,FAC0035,BANK02,2023,2023-12,188738,47352.01,50,83494,8346.22,2585,9927.68,94369.0,I-REC,0.052,9.8144,4.9072,16.8658
UI0001249,FAC0035,BANK02,2024,2024-01,175020,51850.88,70,89978,6385.34,2687,8276.01,122514.0,GO,0.0505,8.8385,2.6516,18.1756
UI0001250,FAC0035,BANK02,2024,2024-02,187068,50284.06,60,77788,9767.86,2124,10381.42,112240.8,GO,0.0505,9.4469,3.7788,15.7132
UI0001251,FAC0035,BANK02,2024,2024-03,145056,31851.6,40,65860,6674.72,2863,10393.04,58022.4,I-REC,0.0505,7.3253,4.3952,13.3037
UI0001252,FAC0035,BANK02,2024,2024-04,134349,42633.19,50,63257,7523.08,1442,5971.99,67174.5,GO,0.0505,6.7846,3.3923,12.7779
UI0001253,FAC0035,BANK02,2024,2024-05,134314,40011.59,60,63109,7060.07,2180,6877.41,80588.4,GO,0.0505,6.7829,2.7131,12.748
UI0001254,FAC0035,BANK02,2024,2024-06,167927,49360.71,60,79136,5618.21,1987,7082.05,100756.2,I-REC,0.0505,8.4803,3.3921,15.9855
UI0001255,FAC0035,BANK02,2024,2024-07,171335,49432.01,70,78464,7890.05,1507,5173.47,119934.5,I-REC,0.0505,8.6524,2.5957,15.8497
UI0001256,FAC0035,BANK02,2024,2024-08,152548,29624.84,70,71785,5531.69,2263,10041.39,106783.6,GO,0.0505,7.7037,2.3111,14.5006
UI0001257,FAC0035,BANK02,2024,2024-09,137044,37341.01,40,67590,9037.87,2167,7929.25,54817.6,I-REC,0.0505,6.9207,4.1524,13.6532
UI0001258,FAC0035,BANK02,2024,2024-10,129030,23299.17,40,67568,5076.14,1651,7215.05,51612.0,I-REC,0.0505,6.516,3.9096,13.6487
UI0001259,FAC0035,BANK02,2024,2024-11,133035,26506.68,50,64660,5400.25,2818,11788.14,66517.5,GO,0.0505,6.7183,3.3591,13.0613
UI0001260,FAC0035,BANK02,2024,2024-12,180762,36905.73,60,89802,11877.68,2851,12185.03,108457.2,GO,0.0505,9.1285,3.6514,18.14
UI0001261,FAC0036,BANK02,2022,2022-01,107721,20358.19,50,53560,5674.01,1978,7916.7,53860.5,GO,0.6695,72.1192,36.0596,10.8191
UI0001262,FAC0036,BANK02,2022,2022-02,103278,19425.89,50,56128,6511.33,1263,6245.61,51639.0,I-REC,0.6695,69.1446,34.5723,11.3379
UI0001263,FAC0036,BANK02,2022,2022-03,79942,25440.98,20,37650,3162.41,1057,4700.13,15988.4,I-REC,0.6695,53.5212,42.8169,7.6053
UI0001264,FAC0036,BANK02,2022,2022-04,84705,19888.57,40,37512,4603.2,1396,5094.19,33882.0,I-REC,0.6695,56.71,34.026,7.5774
UI0001265,FAC0036,BANK02,2022,2022-05,82249,17024.86,50,38080,4473.6,1348,4694.93,41124.5,GO,0.6695,55.0657,27.5329,7.6922
UI0001266,FAC0036,BANK02,2022,2022-06,91864,19124.82,30,48209,6087.78,2206,6841.67,27559.2,GO,0.6695,61.5029,43.0521,9.7382
UI0001267,FAC0036,BANK02,2022,2022-07,102865,24048.47,20,47767,3786.42,1178,3767.14,20573.0,I-REC,0.6695,68.8681,55.0945,9.6489
UI0001268,FAC0036,BANK02,2022,2022-08,98370,30804.73,50,50845,4735.61,1960,8488.8,49185.0,GO,0.6695,65.8587,32.9294,10.2707
UI0001269,FAC0036,BANK02,2022,2022-09,83824,25514.81,40,37732,3571.13,1425,7099.91,33529.6,I-REC,0.6695,56.1202,33.6721,7.6219
UI0001270,FAC0036,BANK02,2022,2022-10,77973,14606.09,20,38284,4083.53,1355,4979.84,15594.6,I-REC,0.6695,52.2029,41.7623,7.7334
UI0001271,FAC0036,BANK02,2022,2022-11,88232,19478.43,30,37858,2802.41,1693,5320.39,26469.6,GO,0.6695,59.0713,41.3499,7.6473
UI0001272,FAC0036,BANK02,2022,2022-12,108647,33120.86,30,48838,6364.09,1132,3984.67,32594.1,I-REC,0.6695,72.7392,50.9174,9.8653
UI0001273,FAC0036,BANK02,2023,2023-01,114918,20764.69,50,51216,6459.22,1616,7540.86,57459.0,GO,0.65,74.6967,37.3484,10.3456
UI0001274,FAC0036,BANK02,2023,2023-02,102527,18698.71,60,49383,6137.68,1698,7934.75,61516.2,GO,0.65,66.6425,26.657,9.9754
UI0001275,FAC0036,BANK02,2023,2023-03,87019,15905.61,60,40515,3531.31,1957,6630.26,52211.4,I-REC,0.65,56.5624,22.6249,8.184
UI0001276,FAC0036,BANK02,2023,2023-04,88021,27135.38,40,36220,3835.29,2230,8524.01,35208.4,GO,0.65,57.2137,34.3282,7.3164
UI0001277,FAC0036,BANK02,2023,2023-05,76433,19542.24,30,39987,4858.9,1431,4932.2,22929.9,GO,0.65,49.6815,34.777,8.0774
UI0001278,FAC0036,BANK02,2023,2023-06,109605,22991.05,30,48684,5684.25,1359,4109.93,32881.5,GO,0.65,71.2433,49.8703,9.8342
UI0001279,FAC0036,BANK02,2023,2023-07,105348,27758.43,60,47403,6198.44,2080,10064.27,63208.8,GO,0.65,68.4762,27.3905,9.5754
UI0001280,FAC0036,BANK02,2023,2023-08,107850,24495.86,50,49614,4003.85,1170,4138.82,53925.0,GO,0.65,70.1025,35.0512,10.022
UI0001281,FAC0036,BANK02,2023,2023-09,77028,17087.54,30,36906,4945.63,1349,5298.98,23108.4,GO,0.65,50.0682,35.0477,7.455
UI0001282,FAC0036,BANK02,2023,2023-10,79387,17614.52,60,39781,4203.29,1985,9860.17,47632.2,I-REC,0.65,51.6016,20.6406,8.0358
UI0001283,FAC0036,BANK02,2023,2023-11,82970,21590.89,40,37729,4428.56,1836,8769.73,33188.0,I-REC,0.65,53.9305,32.3583,7.6213
UI0001284,FAC0036,BANK02,2023,2023-12,110876,30169.42,40,51611,5174.2,1717,5729.92,44350.4,GO,0.65,72.0694,43.2416,10.4254
UI0001285,FAC0036,BANK02,2024,2024-01,109354,31953.27,40,47051,6486.51,1852,6866.38,43741.6,I-REC,0.6311,69.0133,41.408,9.5043
UI0001286,FAC0036,BANK02,2024,2024-02,107504,28539.45,60,54002,7072.66,1176,4630.25,64502.4,I-REC,0.6311,67.8458,27.1383,10.9084
UI0001287,FAC0036,BANK02,2024,2024-03,85660,23393.6,70,34425,3545.14,1292,5252.21,59962.0,I-REC,0.6311,54.06,16.218,6.9539
UI0001288,FAC0036,BANK02,2024,2024-04,79503,21615.5,40,37799,2822.4,2255,10821.09,31801.2,GO,0.6311,50.1743,30.1046,7.6354
UI0001289,FAC0036,BANK02,2024,2024-05,83952,17479.25,50,40638,4269.44,1899,8563.03,41976.0,I-REC,0.6311,52.9821,26.4911,8.2089
UI0001290,FAC0036,BANK02,2024,2024-06,90684,25163.58,70,46169,5836.62,2032,7219.51,63478.8,I-REC,0.6311,57.2307,17.1692,9.3261
UI0001291,FAC0036,BANK02,2024,2024-07,99331,20220.23,50,42126,5577.69,1846,5652.92,49665.5,I-REC,0.6311,62.6878,31.3439,8.5095
UI0001292,FAC0036,BANK02,2024,2024-08,100747,20472.24,60,47220,4693.63,1490,5902.09,60448.2,I-REC,0.6311,63.5814,25.4326,9.5384
UI0001293,FAC0036,BANK02,2024,2024-09,87001,18004.49,70,34841,2444.94,2114,8045.27,60900.7,I-REC,0.6311,54.9063,16.4719,7.0379
UI0001294,FAC0036,BANK02,2024,2024-10,85644,19870.63,40,34869,4837.06,2269,9210.47,34257.6,I-REC,0.6311,54.0499,32.43,7.0435
UI0001295,FAC0036,BANK02,2024,2024-11,86447,19129.52,50,38943,3125.86,1611,6062.14,43223.5,I-REC,0.6311,54.5567,27.2784,7.8665
UI0001296,FAC0036,BANK02,2024,2024-12,103900,32281.62,40,47738,6442.22,1405,4876.94,41560.0,I-REC,0.6311,65.5713,39.3428,9.6431
UI0001297,FAC0037,BANK02,2022,2022-01,60139,14616.39,20,25989,2733.55,2793,11614.81,12027.8,I-REC,0.0536,3.2235,2.5788,5.2498
UI0001298,FAC0037,BANK02,2022,2022-02,66450,12295.09,20,30127,3822.47,1946,8807.25,13290.0,GO,0.0536,3.5617,2.8494,6.0857
UI0001299,FAC0037,BANK02,2022,2022-03,44815,8415.72,50,22344,2953.88,3230,11502.47,22407.5,GO,0.0536,2.4021,1.201,4.5135
UI0001300,FAC0037,BANK02,2022,2022-04,45157,8574.6,40,20760,2602.77,2135,8201.47,18062.8,GO,0.0536,2.4204,1.4522,4.1935
UI0001301,FAC0037,BANK02,2022,2022-05,43774,13045.48,20,19736,2416.21,2537,9959.09,8754.8,I-REC,0.0536,2.3463,1.877,3.9867
UI0001302,FAC0037,BANK02,2022,2022-06,50750,13098.36,20,26074,2377.3,2130,8562.29,10150.0,I-REC,0.0536,2.7202,2.1762,5.2669
UI0001303,FAC0037,BANK02,2022,2022-07,56776,16791.41,50,26736,2264.72,2270,8006.63,28388.0,GO,0.0536,3.0432,1.5216,5.4007
UI0001304,FAC0037,BANK02,2022,2022-08,55700,17508.06,30,25191,2971.72,2537,9633.46,16710.0,GO,0.0536,2.9855,2.0899,5.0886
UI0001305,FAC0037,BANK02,2022,2022-09,42292,8290.6,30,21378,2441.62,2848,12348.36,12687.6,GO,0.0536,2.2669,1.5868,4.3184
UI0001306,FAC0037,BANK02,2022,2022-10,41173,8302.79,20,22452,2462.87,2962,13560.7,8234.6,GO,0.0536,2.2069,1.7655,4.5353
UI0001307,FAC0037,BANK02,2022,2022-11,45675,11487.45,20,20510,1627.82,2797,12913.31,9135.0,GO,0.0536,2.4482,1.9585,4.143
UI0001308,FAC0037,BANK02,2022,2022-12,62426,17487.87,50,27915,3614.62,3314,13892.23,31213.0,GO,0.0536,3.346,1.673,5.6388
UI0001309,FAC0037,BANK02,2023,2023-01,63842,15791.11,40,24936,2001.65,2659,10927.62,25536.8,I-REC,0.052,3.3198,1.9919,5.0371
UI0001310,FAC0037,BANK02,2023,2023-02,58074,17813.65,50,28005,2962.84,1952,9485.54,29037.0,GO,0.052,3.0198,1.5099,5.657
UI0001311,FAC0037,BANK02,2023,2023-03,43992,9412.77,30,19758,1820.36,3288,12630.68,13197.6,I-REC,0.052,2.2876,1.6013,3.9911
UI0001312,FAC0037,BANK02,2023,2023-04,43023,13746.54,40,20610,1718.27,2316,8589.18,17209.2,I-REC,0.052,2.2372,1.3423,4.1632
UI0001313,FAC0037,BANK02,2023,2023-05,44076,12660.03,30,21800,2807.63,2373,10242.82,13222.8,GO,0.052,2.292,1.6044,4.4036
UI0001314,FAC0037,BANK02,2023,2023-06,58596,16136.66,30,23125,2861.35,2148,8334.15,17578.8,GO,0.052,3.047,2.1329,4.6713
UI0001315,FAC0037,BANK02,2023,2023-07,58870,15688.94,60,24418,2863.87,2773,12418.33,35322.0,GO,0.052,3.0612,1.2245,4.9324
UI0001316,FAC0037,BANK02,2023,2023-08,54639,12215.38,30,26195,3634.03,2050,8353.32,16391.7,I-REC,0.052,2.8412,1.9889,5.2914
UI0001317,FAC0037,BANK02,2023,2023-09,41034,12849.24,60,18822,2175.79,1620,7133.06,24620.4,GO,0.052,2.1338,0.8535,3.802
UI0001318,FAC0037,BANK02,2023,2023-10,46807,14000.74,50,22359,1875.73,3438,13997.85,23403.5,I-REC,0.052,2.434,1.217,4.5165
UI0001319,FAC0037,BANK02,2023,2023-11,44058,12517.39,30,19842,2198.39,2985,11569.33,13217.4,GO,0.052,2.291,1.6037,4.0081
UI0001320,FAC0037,BANK02,2023,2023-12,63838,13565.38,40,28066,3877.22,2563,11811.82,25535.2,GO,0.052,3.3196,1.9917,5.6693
UI0001321,FAC0037,BANK02,2024,2024-01,59706,14191.04,60,26104,2691.64,2512,11606.47,35823.6,GO,0.0505,3.0152,1.2061,5.273
UI0001322,FAC0037,BANK02,2024,2024-02,52687,14836.03,70,28275,2824.93,1954,7027.22,36880.9,GO,0.0505,2.6607,0.7982,5.7115
UI0001323,FAC0037,BANK02,2024,2024-03,39488,9760.14,60,19879,2446.84,3358,13472.51,23692.8,GO,0.0505,1.9941,0.7977,4.0156
UI0001324,FAC0037,BANK02,2024,2024-04,41118,9508.42,70,18618,2223.91,2651,8802.21,28782.6,GO,0.0505,2.0765,0.6229,3.7608
UI0001325,FAC0037,BANK02,2024,2024-05,47246,9195.23,50,20836,2032.45,2811,11578.85,23623.0,GO,0.0505,2.3859,1.193,4.2089
UI0001326,FAC0037,BANK02,2024,2024-06,55963,12670.01,40,25670,2458.68,1765,7784.43,22385.2,I-REC,0.0505,2.8261,1.6957,5.1853
UI0001327,FAC0037,BANK02,2024,2024-07,51280,10487.12,50,22975,1753.75,3128,14729.98,25640.0,I-REC,0.0505,2.5896,1.2948,4.641
UI0001328,FAC0037,BANK02,2024,2024-08,55892,14266.78,60,22509,2494.35,2183,10029.13,33535.2,GO,0.0505,2.8225,1.129,4.5468
UI0001329,FAC0037,BANK02,2024,2024-09,39508,11507.07,60,20019,2587.64,1905,8416.36,23704.8,I-REC,0.0505,1.9952,0.7981,4.0438
UI0001330,FAC0037,BANK02,2024,2024-10,42694,10941.09,60,21069,2433.91,2180,10558.08,25616.4,GO,0.0505,2.156,0.8624,4.2559
UI0001331,FAC0037,BANK02,2024,2024-11,43553,10429.08,40,21124,2132.19,3330,12232.22,17421.2,I-REC,0.0505,2.1994,1.3197,4.267
UI0001332,FAC0037,BANK02,2024,2024-12,63441,15011.95,40,29008,3151.05,1646,7063.09,25376.4,GO,0.0505,3.2038,1.9223,5.8596
UI0001333,FAC0038,BANK02,2022,2022-01,32885,9776.34,40,15034,1755.0,460,1735.68,13154.0,I-REC,0.0536,1.7626,1.0576,3.0369
UI0001334,FAC0038,BANK02,2022,2022-02,32562,9024.86,30,14515,1839.93,545,1948.7,9768.6,GO,0.0536,1.7453,1.2217,2.932
UI0001335,FAC0038,BANK02,2022,2022-03,23726,6051.13,30,9680,873.17,846,3615.67,7117.8,I-REC,0.0536,1.2717,0.8902,1.9554
UI0001336,FAC0038,BANK02,2022,2022-04,21485,5144.91,30,9832,1275.13,913,3374.23,6445.5,I-REC,0.0536,1.1516,0.8061,1.9861
UI0001337,FAC0038,BANK02,2022,2022-05,24618,6868.21,50,9473,787.22,800,3292.53,12309.0,I-REC,0.0536,1.3195,0.6598,1.9135
UI0001338,FAC0038,BANK02,2022,2022-06,25967,8272.9,50,12467,1233.86,656,3217.74,12983.5,GO,0.0536,1.3918,0.6959,2.5183
UI0001339,FAC0038,BANK02,2022,2022-07,24931,5457.49,30,14052,1781.67,811,3928.03,7479.3,GO,0.0536,1.3363,0.9354,2.8385
UI0001340,FAC0038,BANK02,2022,2022-08,25667,5585.47,30,13673,1520.26,476,1465.72,7700.1,I-REC,0.0536,1.3758,0.963,2.7619
UI0001341,FAC0038,BANK02,2022,2022-09,24468,6301.04,50,9848,1303.65,644,2560.83,12234.0,I-REC,0.0536,1.3115,0.6557,1.9893
UI0001342,FAC0038,BANK02,2022,2022-10,23188,6167.95,50,9445,877.61,664,2836.16,11594.0,GO,0.0536,1.2429,0.6214,1.9079
UI0001343,FAC0038,BANK02,2022,2022-11,21642,5764.33,20,10255,869.52,555,2527.32,4328.4,I-REC,0.0536,1.16,0.928,2.0715
UI0001344,FAC0038,BANK02,2022,2022-12,29306,7056.87,40,13825,1265.01,868,4111.81,11722.4,I-REC,0.0536,1.5708,0.9425,2.7927
UI0001345,FAC0038,BANK02,2023,2023-01,28876,7177.02,40,12441,982.55,704,2419.2,11550.4,GO,0.052,1.5016,0.9009,2.5131
UI0001346,FAC0038,BANK02,2023,2023-02,30006,9155.07,60,14435,1650.78,600,2227.22,18003.6,GO,0.052,1.5603,0.6241,2.9159
UI0001347,FAC0038,BANK02,2023,2023-03,23349,5430.7,60,10534,1386.86,670,3097.94,14009.4,GO,0.052,1.2141,0.4857,2.1279
UI0001348,FAC0038,BANK02,2023,2023-04,21310,3843.2,50,9315,768.7,524,2412.06,10655.0,I-REC,0.052,1.1081,0.5541,1.8816
UI0001349,FAC0038,BANK02,2023,2023-05,21508,6218.57,50,10717,1444.39,937,3290.4,10754.0,GO,0.052,1.1184,0.5592,2.1648
UI0001350,FAC0038,BANK02,2023,2023-06,27406,7130.3,40,12478,1136.1,504,2273.07,10962.4,I-REC,0.052,1.4251,0.8551,2.5206
UI0001351,FAC0038,BANK02,2023,2023-07,29617,6898.27,50,11438,1392.3,908,2875.98,14808.5,GO,0.052,1.5401,0.77,2.3105
UI0001352,FAC0038,BANK02,2023,2023-08,28151,6476.52,40,12005,936.53,856,3760.72,11260.4,GO,0.052,1.4639,0.8783,2.425
UI0001353,FAC0038,BANK02,2023,2023-09,22596,4743.17,50,10301,817.7,659,2884.05,11298.0,GO,0.052,1.175,0.5875,2.0808
UI0001354,FAC0038,BANK02,2023,2023-10,21269,5303.99,60,10418,1046.81,561,1789.32,12761.4,I-REC,0.052,1.106,0.4424,2.1044
UI0001355,FAC0038,BANK02,2023,2023-11,20846,3926.73,30,10655,1285.16,842,3428.48,6253.8,I-REC,0.052,1.084,0.7588,2.1523
UI0001356,FAC0038,BANK02,2023,2023-12,32359,7295.02,30,12532,1700.37,518,1813.18,9707.7,GO,0.052,1.6827,1.1779,2.5315
UI0001357,FAC0038,BANK02,2024,2024-01,28625,8940.74,40,13484,957.83,499,2293.83,11450.0,I-REC,0.0505,1.4456,0.8673,2.7238
UI0001358,FAC0038,BANK02,2024,2024-02,26562,7127.13,70,13273,1226.5,431,1552.63,18593.4,I-REC,0.0505,1.3414,0.4024,2.6811
UI0001359,FAC0038,BANK02,2024,2024-03,21023,4204.4,40,9951,994.57,435,1808.02,8409.2,GO,0.0505,1.0617,0.637,2.0101
UI0001360,FAC0038,BANK02,2024,2024-04,20445,6376.57,60,10896,899.4,798,3579.9,12267.0,I-REC,0.0505,1.0325,0.413,2.201
UI0001361,FAC0038,BANK02,2024,2024-05,19637,4043.31,40,9105,957.43,507,2407.52,7854.8,GO,0.0505,0.9917,0.595,1.8392
UI0001362,FAC0038,BANK02,2024,2024-06,29132,7997.88,40,12745,1708.92,588,1926.41,11652.8,GO,0.0505,1.4712,0.8827,2.5745
UI0001363,FAC0038,BANK02,2024,2024-07,25469,4681.79,50,11282,1112.63,563,1730.29,12734.5,I-REC,0.0505,1.2862,0.6431,2.279
UI0001364,FAC0038,BANK02,2024,2024-08,25612,4678.62,50,11676,1620.83,807,3069.5,12806.0,GO,0.0505,1.2934,0.6467,2.3586
UI0001365,FAC0038,BANK02,2024,2024-09,23469,4647.37,50,9452,1225.94,808,2873.05,11734.5,GO,0.0505,1.1852,0.5926,1.9093
UI0001366,FAC0038,BANK02,2024,2024-10,19721,4058.32,50,9680,796.93,878,3288.0,9860.5,GO,0.0505,0.9959,0.498,1.9554
UI0001367,FAC0038,BANK02,2024,2024-11,20192,6038.36,40,9094,709.07,927,3166.14,8076.8,GO,0.0505,1.0197,0.6118,1.837
UI0001368,FAC0038,BANK02,2024,2024-12,29211,6189.68,50,12612,1036.73,719,2418.05,14605.5,I-REC,0.0505,1.4752,0.7376,2.5476
UI0001369,FAC0039,BANK02,2022,2022-01,32748,7009.91,30,16954,1896.12,2911,10686.49,9824.4,GO,0.0536,1.7553,1.2287,3.4247
UI0001370,FAC0039,BANK02,2022,2022-02,35977,8008.45,30,16045,1685.4,2039,7333.88,10793.1,GO,0.0536,1.9284,1.3499,3.2411
UI0001371,FAC0039,BANK02,2022,2022-03,26702,5454.06,20,11871,1315.97,2217,8557.83,5340.4,I-REC,0.0536,1.4312,1.145,2.3979
UI0001372,FAC0039,BANK02,2022,2022-04,23627,5071.59,40,10859,1330.5,1514,6469.8,9450.8,I-REC,0.0536,1.2664,0.7598,2.1935
UI0001373,FAC0039,BANK02,2022,2022-05,25037,6826.64,40,12558,1362.67,2957,12567.76,10014.8,I-REC,0.0536,1.342,0.8052,2.5367
UI0001374,FAC0039,BANK02,2022,2022-06,28779,8543.84,50,14119,1079.37,1848,8088.17,14389.5,I-REC,0.0536,1.5426,0.7713,2.852
UI0001375,FAC0039,BANK02,2022,2022-07,33824,8753.0,40,15567,1161.98,2172,8635.55,13529.6,GO,0.0536,1.813,1.0878,3.1445
UI0001376,FAC0039,BANK02,2022,2022-08,33208,10033.04,30,15506,1639.96,2107,8931.95,9962.4,I-REC,0.0536,1.7799,1.246,3.1322
UI0001377,FAC0039,BANK02,2022,2022-09,24751,5214.65,40,11153,1096.37,1913,7964.22,9900.4,GO,0.0536,1.3267,0.796,2.2529
UI0001378,FAC0039,BANK02,2022,2022-10,24521,7585.14,40,11126,1085.52,2242,9953.04,9808.4,GO,0.0536,1.3143,0.7886,2.2475
UI0001379,FAC0039,BANK02,2022,2022-11,26011,5145.48,50,11241,1285.58,2468,11184.35,13005.5,I-REC,0.0536,1.3942,0.6971,2.2707
UI0001380,FAC0039,BANK02,2022,2022-12,33906,7064.54,40,14991,2005.12,1882,8487.74,13562.4,GO,0.0536,1.8174,1.0904,3.0282
UI0001381,FAC0039,BANK02,2023,2023-01,32155,7312.87,30,16466,1246.9,1695,7257.83,9646.5,I-REC,0.052,1.6721,1.1704,3.3261
UI0001382,FAC0039,BANK02,2023,2023-02,35280,10029.84,40,15780,1708.87,2199,7584.82,14112.0,I-REC,0.052,1.8346,1.1007,3.1876
UI0001383,FAC0039,BANK02,2023,2023-03,23540,5885.7,50,12387,1239.22,1951,8462.49,11770.0,I-REC,0.052,1.2241,0.612,2.5022
UI0001384,FAC0039,BANK02,2023,2023-04,22329,4944.64,40,12033,1238.52,2152,9205.89,8931.6,GO,0.052,1.1611,0.6967,2.4307
UI0001385,FAC0039,BANK02,2023,2023-05,25239,6010.4,30,11959,1133.88,2840,9795.75,7571.7,I-REC,0.052,1.3124,0.9187,2.4157
UI0001386,FAC0039,BANK02,2023,2023-06,32840,9104.87,40,12755,971.76,2152,7509.8,13136.0,GO,0.052,1.7077,1.0246,2.5765
UI0001387,FAC0039,BANK02,2023,2023-07,30131,7412.66,30,13103,1069.51,1658,7726.6,9039.3,GO,0.052,1.5668,1.0968,2.6468
UI0001388,FAC0039,BANK02,2023,2023-08,27158,7985.34,60,12789,1753.69,2421,11639.37,16294.8,GO,0.052,1.4122,0.5649,2.5834
UI0001389,FAC0039,BANK02,2023,2023-09,22295,5804.23,50,12287,961.43,2139,10606.07,11147.5,I-REC,0.052,1.1593,0.5797,2.482
UI0001390,FAC0039,BANK02,2023,2023-10,27031,7828.71,50,11153,1125.8,1781,5998.21,13515.5,GO,0.052,1.4056,0.7028,2.2529
UI0001391,FAC0039,BANK02,2023,2023-11,25370,5946.83,40,12155,1448.6,2820,10402.83,10148.0,GO,0.052,1.3192,0.7915,2.4553
UI0001392,FAC0039,BANK02,2023,2023-12,32268,7886.34,30,16446,2012.39,1771,7385.35,9680.4,I-REC,0.052,1.6779,1.1746,3.3221
UI0001393,FAC0039,BANK02,2024,2024-01,34208,8051.11,50,15265,1680.46,1977,7930.25,17104.0,GO,0.0505,1.7275,0.8638,3.0835
UI0001394,FAC0039,BANK02,2024,2024-02,33295,9267.74,70,16344,1582.57,1618,5799.34,23306.5,GO,0.0505,1.6814,0.5044,3.3015
UI0001395,FAC0039,BANK02,2024,2024-03,23981,5698.78,40,11426,1510.87,2261,7796.82,9592.4,I-REC,0.0505,1.211,0.7266,2.3081
UI0001396,FAC0039,BANK02,2024,2024-04,23345,4553.23,70,11380,1075.33,1473,6697.31,16341.5,I-REC,0.0505,1.1789,0.3537,2.2988
UI0001397,FAC0039,BANK02,2024,2024-05,21890,6181.59,60,10937,791.53,2764,12462.05,13134.0,I-REC,0.0505,1.1054,0.4422,2.2093
UI0001398,FAC0039,BANK02,2024,2024-06,27742,6843.21,50,12905,1504.88,3241,15124.0,13871.0,I-REC,0.0505,1.401,0.7005,2.6068
UI0001399,FAC0039,BANK02,2024,2024-07,30472,6685.63,40,12832,1639.76,2702,11053.86,12188.8,GO,0.0505,1.5388,0.9233,2.5921
UI0001400,FAC0039,BANK02,2024,2024-08,30677,9236.74,40,12515,1308.49,1528,5245.65,12270.8,GO,0.0505,1.5492,0.9295,2.528
UI0001401,FAC0039,BANK02,2024,2024-09,22114,5220.32,40,10602,1465.96,2436,10125.68,8845.6,I-REC,0.0505,1.1168,0.6701,2.1416
UI0001402,FAC0039,BANK02,2024,2024-10,25191,4702.11,40,11521,1057.73,1568,7523.13,10076.4,I-REC,0.0505,1.2721,0.7633,2.3272
UI0001403,FAC0039,BANK02,2024,2024-11,22538,6749.01,70,12076,1627.94,1695,6455.23,15776.6,I-REC,0.0505,1.1382,0.3415,2.4394
UI0001404,FAC0039,BANK02,2024,2024-12,32517,6974.98,40,13487,1080.4,3227,15843.11,13006.8,I-REC,0.0505,1.6421,0.9853,2.7244
UI0001405,FAC0040,BANK02,2022,2022-01,104535,23241.36,40,43560,3845.45,540,1788.41,41814.0,GO,0.0536,5.6031,3.3618,8.7991
UI0001406,FAC0040,BANK02,2022,2022-02,90455,25087.72,20,44123,4835.14,270,1172.5,18091.0,GO,0.0536,4.8484,3.8787,8.9128
UI0001407,FAC0040,BANK02,2022,2022-03,74175,22913.35,30,37349,3613.55,440,1390.26,22252.5,I-REC,0.0536,3.9758,2.783,7.5445
UI0001408,FAC0040,BANK02,2022,2022-04,78662,22867.06,20,31579,2466.97,476,2262.81,15732.4,I-REC,0.0536,4.2163,3.373,6.379
UI0001409,FAC0040,BANK02,2022,2022-05,78594,25110.02,20,31571,2880.6,470,1846.09,15718.8,GO,0.0536,4.2126,3.3701,6.3773
UI0001410,FAC0040,BANK02,2022,2022-06,97601,21521.6,20,39123,3065.14,552,2583.78,19520.2,I-REC,0.0536,5.2314,4.1851,7.9028
UI0001411,FAC0040,BANK02,2022,2022-07,90181,28023.22,50,43071,3241.34,350,1700.61,45090.5,I-REC,0.0536,4.8337,2.4169,8.7003
UI0001412,FAC0040,BANK02,2022,2022-08,85703,21316.08,40,41427,3754.09,525,2025.14,34281.2,GO,0.0536,4.5937,2.7562,8.3683
UI0001413,FAC0040,BANK02,2022,2022-09,75954,14070.58,20,32540,3729.11,505,1819.68,15190.8,I-REC,0.0536,4.0711,3.2569,6.5731
UI0001414,FAC0040,BANK02,2022,2022-10,81390,16579.53,40,35416,4069.27,370,1198.04,32556.0,GO,0.0536,4.3625,2.6175,7.154
UI0001415,FAC0040,BANK02,2022,2022-11,71174,21979.34,20,31229,2662.14,479,1486.24,14234.8,I-REC,0.0536,3.8149,3.0519,6.3083
UI0001416,FAC0040,BANK02,2022,2022-12,101105,19139.19,50,45167,4893.88,463,2142.9,50552.5,I-REC,0.0536,5.4192,2.7096,9.1237
UI0001417,FAC0040,BANK02,2023,2023-01,94035,26662.98,60,49333,6538.57,304,913.23,56421.0,I-REC,0.052,4.8898,1.9559,9.9653
UI0001418,FAC0040,BANK02,2023,2023-02,99787,31013.12,30,42915,4405.57,482,1969.26,29936.1,GO,0.052,5.1889,3.6322,8.6688
UI0001419,FAC0040,BANK02,2023,2023-03,75887,18184.7,50,32139,3609.71,418,1677.59,37943.5,GO,0.052,3.9461,1.9731,6.4921
UI0001420,FAC0040,BANK02,2023,2023-04,79928,18518.85,30,34305,3820.18,568,2418.17,23978.4,I-REC,0.052,4.1563,2.9094,6.9296
UI0001421,FAC0040,BANK02,2023,2023-05,76261,15949.91,60,33194,3169.51,360,1443.5,45756.6,I-REC,0.052,3.9656,1.5862,6.7052
UI0001422,FAC0040,BANK02,2023,2023-06,95989,23401.72,30,44016,4281.88,306,999.56,28796.7,GO,0.052,4.9914,3.494,8.8912
UI0001423,FAC0040,BANK02,2023,2023-07,91835,27766.78,60,40343,4169.4,254,1098.98,55101.0,GO,0.052,4.7754,1.9102,8.1493
UI0001424,FAC0040,BANK02,2023,2023-08,81670,15972.4,50,44076,3771.75,460,2287.88,40835.0,GO,0.052,4.2468,2.1234,8.9034
UI0001425,FAC0040,BANK02,2023,2023-09,71123,15397.76,40,34644,4334.72,561,2257.41,28449.2,I-REC,0.052,3.6984,2.219,6.9981
UI0001426,FAC0040,BANK02,2023,2023-10,76955,18260.26,60,30972,3467.79,248,1077.47,46173.0,I-REC,0.052,4.0017,1.6007,6.2563
UI0001427,FAC0040,BANK02,2023,2023-11,80020,20411.65,40,35694,2517.84,279,1064.47,32008.0,I-REC,0.052,4.161,2.4966,7.2102
UI0001428,FAC0040,BANK02,2023,2023-12,91217,18207.0,40,46837,3746.86,286,942.7,36486.8,I-REC,0.052,4.7433,2.846,9.4611
UI0001429,FAC0040,BANK02,2024,2024-01,89065,21905.18,60,40931,5347.35,250,1013.0,53439.0,GO,0.0505,4.4978,1.7991,8.2681
UI0001430,FAC0040,BANK02,2024,2024-02,92550,16675.7,40,44897,3432.77,441,1963.59,37020.0,I-REC,0.0505,4.6738,2.8043,9.0692
UI0001431,FAC0040,BANK02,2024,2024-03,72218,16770.72,50,32660,4073.45,509,2244.21,36109.0,I-REC,0.0505,3.647,1.8235,6.5973
UI0001432,FAC0040,BANK02,2024,2024-04,77673,16093.35,60,31965,4401.67,256,1251.16,46603.8,I-REC,0.0505,3.9225,1.569,6.4569
UI0001433,FAC0040,BANK02,2024,2024-05,77553,23986.76,50,30763,2169.9,457,2220.55,38776.5,I-REC,0.0505,3.9164,1.9582,6.2141
UI0001434,FAC0040,BANK02,2024,2024-06,83639,26255.15,60,41426,4513.64,553,1704.27,50183.4,GO,0.0505,4.2238,1.6895,8.3681
UI0001435,FAC0040,BANK02,2024,2024-07,91845,27480.78,40,40496,2901.99,256,921.65,36738.0,I-REC,0.0505,4.6382,2.7829,8.1802
UI0001436,FAC0040,BANK02,2024,2024-08,89451,19139.1,60,43606,3288.07,480,1759.6,53670.6,GO,0.0505,4.5173,1.8069,8.8084
UI0001437,FAC0040,BANK02,2024,2024-09,75144,23307.93,40,34864,3081.44,413,1626.83,30057.6,I-REC,0.0505,3.7948,2.2769,7.0425
UI0001438,FAC0040,BANK02,2024,2024-10,70157,18036.27,50,32671,2687.84,486,2081.6,35078.5,I-REC,0.0505,3.5429,1.7715,6.5995
UI0001439,FAC0040,BANK02,2024,2024-11,73931,15605.49,70,35785,3367.54,319,1583.09,51751.7,I-REC,0.0505,3.7335,1.1201,7.2286
UI0001440,FAC0040,BANK02,2024,2024-12,96386,23619.61,50,45815,5083.76,254,820.63,48193.0,I-REC,0.0505,4.8675,2.4337,9.2546
UI0001441,FAC0041,BANK02,2022,2022-01,29411,6325.76,50,13796,1851.97,1030,3583.47,14705.5,GO,0.2802,8.241,4.1205,2.7868
UI0001442,FAC0041,BANK02,2022,2022-02,33048,8505.13,40,14890,2040.64,558,2695.1,13219.2,GO,0.2802,9.26,5.556,3.0078
UI0001443,FAC0041,BANK02,2022,2022-03,25089,6429.37,20,11159,998.49,771,3201.06,5017.8,GO,0.2802,7.0299,5.624,2.2541
UI0001444,FAC0041,BANK02,2022,2022-04,24863,6447.01,50,11689,858.19,988,3552.92,12431.5,GO,0.2802,6.9666,3.4833,2.3612
UI0001445,FAC0041,BANK02,2022,2022-05,25609,4662.58,50,11000,821.34,1132,3505.74,12804.5,GO,0.2802,7.1756,3.5878,2.222
UI0001446,FAC0041,BANK02,2022,2022-06,28037,6503.9,40,13283,1760.76,718,2273.18,11214.8,GO,0.2802,7.856,4.7136,2.6832
UI0001447,FAC0041,BANK02,2022,2022-07,27961,6670.25,30,13242,1446.16,616,2216.17,8388.3,GO,0.2802,7.8347,5.4843,2.6749
UI0001448,FAC0041,BANK02,2022,2022-08,31330,7885.26,20,12209,1020.81,809,3596.63,6266.0,GO,0.2802,8.7787,7.0229,2.4662
UI0001449,FAC0041,BANK02,2022,2022-09,24290,5377.96,50,10213,930.31,995,4525.01,12145.0,I-REC,0.2802,6.8061,3.403,2.063
UI0001450,FAC0041,BANK02,2022,2022-10,23734,6038.18,20,11854,1390.14,783,2725.45,4746.8,GO,0.2802,6.6503,5.3202,2.3945
UI0001451,FAC0041,BANK02,2022,2022-11,22034,6331.49,20,10410,928.3,703,2747.84,4406.8,I-REC,0.2802,6.1739,4.9391,2.1028
UI0001452,FAC0041,BANK02,2022,2022-12,29285,9134.62,30,13471,1318.57,789,2537.44,8785.5,GO,0.2802,8.2057,5.744,2.7211
UI0001453,FAC0041,BANK02,2023,2023-01,31234,7302.02,30,13788,1770.2,753,3107.03,9370.2,I-REC,0.272,8.4956,5.947,2.7852
UI0001454,FAC0041,BANK02,2023,2023-02,30268,5708.57,60,13349,1865.82,668,2288.43,18160.8,I-REC,0.272,8.2329,3.2932,2.6965
UI0001455,FAC0041,BANK02,2023,2023-03,23996,5524.77,50,10996,1486.27,794,3729.14,11998.0,GO,0.272,6.5269,3.2635,2.2212
UI0001456,FAC0041,BANK02,2023,2023-04,22437,4749.7,60,10819,969.03,1139,5493.74,13462.2,I-REC,0.272,6.1029,2.4411,2.1854
UI0001457,FAC0041,BANK02,2023,2023-05,21589,5223.83,30,10598,815.46,682,2449.05,6476.7,I-REC,0.272,5.8722,4.1105,2.1408
UI0001458,FAC0041,BANK02,2023,2023-06,26484,5089.74,50,12176,1247.81,643,3121.91,13242.0,I-REC,0.272,7.2036,3.6018,2.4596
UI0001459,FAC0041,BANK02,2023,2023-07,26597,8138.11,40,12124,1173.26,1047,3580.56,10638.8,GO,0.272,7.2344,4.3406,2.449
UI0001460,FAC0041,BANK02,2023,2023-08,30473,8980.91,40,14001,1716.62,837,4136.75,12189.2,GO,0.272,8.2887,4.9732,2.8282
UI0001461,FAC0041,BANK02,2023,2023-09,21502,4779.68,30,10159,1265.98,662,3073.43,6450.6,GO,0.272,5.8485,4.094,2.0521
UI0001462,FAC0041,BANK02,2023,2023-10,20973,4087.09,30,9988,866.51,853,2974.44,6291.9,I-REC,0.272,5.7047,3.9933,2.0176
UI0001463,FAC0041,BANK02,2023,2023-11,22677,5998.48,30,10148,711.82,989,4245.04,6803.1,GO,0.272,6.1681,4.3177,2.0499
UI0001464,FAC0041,BANK02,2023,2023-12,29058,6763.24,30,14551,1206.2,797,2933.78,8717.4,I-REC,0.272,7.9038,5.5326,2.9393
UI0001465,FAC0041,BANK02,2024,2024-01,31709,7989.94,40,14527,1391.58,1059,5231.09,12683.6,I-REC,0.2641,8.3743,5.0246,2.9345
UI0001466,FAC0041,BANK02,2024,2024-02,29238,6191.63,50,14668,1320.06,970,4422.49,14619.0,I-REC,0.2641,7.7218,3.8609,2.9629
UI0001467,FAC0041,BANK02,2024,2024-03,23834,4566.55,50,11527,1117.6,647,2753.02,11917.0,GO,0.2641,6.2946,3.1473,2.3285
UI0001468,FAC0041,BANK02,2024,2024-04,22642,5126.37,60,11116,1003.48,1108,4950.36,13585.2,I-REC,0.2641,5.9798,2.3919,2.2454
UI0001469,FAC0041,BANK02,2024,2024-05,24340,6476.67,40,10405,1416.63,1119,4146.44,9736.0,GO,0.2641,6.4282,3.8569,2.1018
UI0001470,FAC0041,BANK02,2024,2024-06,28856,7901.1,40,13374,1848.05,624,2406.03,11542.4,I-REC,0.2641,7.6209,4.5725,2.7015
UI0001471,FAC0041,BANK02,2024,2024-07,27424,7465.82,50,12676,1462.39,590,2666.41,13712.0,GO,0.2641,7.2427,3.6213,2.5606
UI0001472,FAC0041,BANK02,2024,2024-08,25452,7508.12,40,11643,1343.14,968,3827.07,10180.8,I-REC,0.2641,6.7219,4.0331,2.3519
UI0001473,FAC0041,BANK02,2024,2024-09,20770,4191.87,40,10864,947.49,1129,4911.54,8308.0,GO,0.2641,5.4854,3.2912,2.1945
UI0001474,FAC0041,BANK02,2024,2024-10,22301,4089.24,70,10788,1230.31,1044,4129.7,15610.7,GO,0.2641,5.8897,1.7669,2.1792
UI0001475,FAC0041,BANK02,2024,2024-11,22469,6195.91,50,10176,800.01,646,2397.61,11234.5,GO,0.2641,5.9341,2.967,2.0556
UI0001476,FAC0041,BANK02,2024,2024-12,28303,7658.71,60,15066,1442.33,824,2835.66,16981.8,GO,0.2641,7.4748,2.9899,3.0433
UI0001477,FAC0042,BANK02,2022,2022-01,6939,1436.09,40,2937,213.82,2330,11365.55,2775.6,GO,0.0536,0.3719,0.2232,0.5933
UI0001478,FAC0042,BANK02,2022,2022-02,6588,1711.38,30,3416,367.74,2223,10705.36,1976.4,I-REC,0.0536,0.3531,0.2472,0.69
UI0001479,FAC0042,BANK02,2022,2022-03,4840,968.23,30,2280,229.4,2113,8872.23,1452.0,GO,0.0536,0.2594,0.1816,0.4606
UI0001480,FAC0042,BANK02,2022,2022-04,5338,1055.61,30,2572,266.23,1650,8132.66,1601.4,GO,0.0536,0.2861,0.2003,0.5195
UI0001481,FAC0042,BANK02,2022,2022-05,5429,1586.37,30,2212,231.78,2057,7580.04,1628.7,GO,0.0536,0.291,0.2037,0.4468
UI0001482,FAC0042,BANK02,2022,2022-06,5818,1080.83,30,3222,247.72,2402,8526.1,1745.4,GO,0.0536,0.3118,0.2183,0.6508
UI0001483,FAC0042,BANK02,2022,2022-07,6835,1900.45,30,3122,304.41,2269,7641.94,2050.5,I-REC,0.0536,0.3664,0.2564,0.6306
UI0001484,FAC0042,BANK02,2022,2022-08,6294,1188.97,40,3109,249.08,1417,4769.85,2517.6,I-REC,0.0536,0.3374,0.2024,0.628
UI0001485,FAC0042,BANK02,2022,2022-09,4977,1236.59,30,2616,335.92,1417,6157.27,1493.1,I-REC,0.0536,0.2668,0.1867,0.5284
UI0001486,FAC0042,BANK02,2022,2022-10,5013,1084.94,50,2524,254.65,1991,7141.74,2506.5,GO,0.0536,0.2687,0.1343,0.5098
UI0001487,FAC0042,BANK02,2022,2022-11,5129,1431.72,40,2242,287.27,2284,6951.04,2051.6,I-REC,0.0536,0.2749,0.1649,0.4529
UI0001488,FAC0042,BANK02,2022,2022-12,6813,1778.21,50,2972,409.98,1103,4232.89,3406.5,I-REC,0.0536,0.3652,0.1826,0.6003
UI0001489,FAC0042,BANK02,2023,2023-01,6644,1957.18,40,3409,251.57,2349,9028.15,2657.6,GO,0.052,0.3455,0.2073,0.6886
UI0001490,FAC0042,BANK02,2023,2023-02,6295,1291.14,60,3107,422.94,1705,7637.36,3777.0,GO,0.052,0.3273,0.1309,0.6276
UI0001491,FAC0042,BANK02,2023,2023-03,5309,1146.94,40,2409,316.58,1948,9219.78,2123.6,GO,0.052,0.2761,0.1656,0.4866
UI0001492,FAC0042,BANK02,2023,2023-04,4667,1428.78,50,2391,198.51,1535,7022.39,2333.5,GO,0.052,0.2427,0.1213,0.483
UI0001493,FAC0042,BANK02,2023,2023-05,4891,1076.81,30,2352,221.42,1898,7564.47,1467.3,GO,0.052,0.2543,0.178,0.4751
UI0001494,FAC0042,BANK02,2023,2023-06,6320,1902.08,30,3084,278.77,1295,5582.59,1896.0,GO,0.052,0.3286,0.23,0.623
UI0001495,FAC0042,BANK02,2023,2023-07,6185,1194.35,40,2708,275.39,2044,8914.43,2474.0,I-REC,0.052,0.3216,0.193,0.547
UI0001496,FAC0042,BANK02,2023,2023-08,6794,1406.56,40,3157,363.55,1305,6213.97,2717.6,I-REC,0.052,0.3533,0.212,0.6377
UI0001497,FAC0042,BANK02,2023,2023-09,5300,1188.96,50,2556,307.34,2115,8014.61,2650.0,GO,0.052,0.2756,0.1378,0.5163
UI0001498,FAC0042,BANK02,2023,2023-10,5001,1185.13,40,2463,210.29,1112,3648.75,2000.4,I-REC,0.052,0.2601,0.156,0.4975
UI0001499,FAC0042,BANK02,2023,2023-11,5473,988.47,40,2581,192.84,1855,6078.16,2189.2,I-REC,0.052,0.2846,0.1708,0.5214
UI0001500,FAC0042,BANK02,2023,2023-12,7203,2195.39,30,2921,351.7,2295,9262.58,2160.9,I-REC,0.052,0.3746,0.2622,0.59
UI0001501,FAC0042,BANK02,2024,2024-01,6672,1923.22,60,2935,384.13,1661,5659.16,4003.2,GO,0.0505,0.3369,0.1348,0.5929
UI0001502,FAC0042,BANK02,2024,2024-02,7324,1341.84,70,2900,363.37,2335,7782.02,5126.8,GO,0.0505,0.3699,0.111,0.5858
UI0001503,FAC0042,BANK02,2024,2024-03,5478,1520.82,40,2326,224.89,1687,7935.05,2191.2,I-REC,0.0505,0.2766,0.166,0.4699
UI0001504,FAC0042,BANK02,2024,2024-04,5140,1556.08,70,2194,245.63,2434,7418.96,3598.0,GO,0.0505,0.2596,0.0779,0.4432
UI0001505,FAC0042,BANK02,2024,2024-05,5486,1074.83,40,2500,207.86,1504,5298.75,2194.4,I-REC,0.0505,0.277,0.1662,0.505
UI0001506,FAC0042,BANK02,2024,2024-06,5952,1383.17,50,3028,386.8,2421,11955.5,2976.0,I-REC,0.0505,0.3006,0.1503,0.6117
UI0001507,FAC0042,BANK02,2024,2024-07,6569,1542.47,60,2582,266.63,2407,11010.02,3941.4,GO,0.0505,0.3317,0.1327,0.5216
UI0001508,FAC0042,BANK02,2024,2024-08,6149,1572.45,40,2928,214.96,2129,10439.16,2459.6,I-REC,0.0505,0.3105,0.1863,0.5915
UI0001509,FAC0042,BANK02,2024,2024-09,5234,1151.57,40,2343,268.66,2201,6872.63,2093.6,I-REC,0.0505,0.2643,0.1586,0.4733
UI0001510,FAC0042,BANK02,2024,2024-10,4562,1391.9,70,2189,205.32,1604,7016.23,3193.4,I-REC,0.0505,0.2304,0.0691,0.4422
UI0001511,FAC0042,BANK02,2024,2024-11,5334,1165.06,40,2165,249.41,2021,7992.29,2133.6,GO,0.0505,0.2694,0.1616,0.4373
UI0001512,FAC0042,BANK02,2024,2024-12,6611,1767.95,40,2986,211.53,1168,5658.2,2644.4,I-REC,0.0505,0.3339,0.2003,0.6032
UI0001513,FAC0043,BANK02,2022,2022-01,15927,3952.89,20,7060,897.29,1395,5716.47,3185.4,I-REC,0.0536,0.8537,0.6829,1.4261
UI0001514,FAC0043,BANK02,2022,2022-02,14403,4384.28,30,8004,1003.07,1836,7920.72,4320.9,GO,0.0536,0.772,0.5404,1.6168
UI0001515,FAC0043,BANK02,2022,2022-03,11680,2893.4,30,5612,433.24,1952,6220.67,3504.0,GO,0.0536,0.626,0.4382,1.1336
UI0001516,FAC0043,BANK02,2022,2022-04,11587,2268.68,50,5966,655.14,1588,6256.79,5793.5,I-REC,0.0536,0.6211,0.3105,1.2051
UI0001517,FAC0043,BANK02,2022,2022-05,12696,3465.49,30,5428,440.69,1797,5627.03,3808.8,I-REC,0.0536,0.6805,0.4764,1.0965
UI0001518,FAC0043,BANK02,2022,2022-06,15629,4934.86,40,7011,753.97,2183,8185.92,6251.6,I-REC,0.0536,0.8377,0.5026,1.4162
UI0001519,FAC0043,BANK02,2022,2022-07,13841,3309.07,40,6910,696.4,1105,3646.39,5536.4,I-REC,0.0536,0.7419,0.4451,1.3958
UI0001520,FAC0043,BANK02,2022,2022-08,14173,3699.02,30,6535,728.84,1338,6050.66,4251.9,GO,0.0536,0.7597,0.5318,1.3201
UI0001521,FAC0043,BANK02,2022,2022-09,11104,2145.26,30,5121,683.04,1555,6843.24,3331.2,I-REC,0.0536,0.5952,0.4166,1.0344
UI0001522,FAC0043,BANK02,2022,2022-10,11514,3570.08,40,4993,499.02,1935,7681.48,4605.6,I-REC,0.0536,0.6172,0.3703,1.0086
UI0001523,FAC0043,BANK02,2022,2022-11,12785,2312.86,30,4951,619.91,2197,8089.23,3835.5,I-REC,0.0536,0.6853,0.4797,1.0001
UI0001524,FAC0043,BANK02,2022,2022-12,14788,3552.07,50,7805,852.4,1256,5394.14,7394.0,GO,0.0536,0.7926,0.3963,1.5766
UI0001525,FAC0043,BANK02,2023,2023-01,14796,3004.25,30,6563,517.2,1516,6118.15,4438.8,I-REC,0.052,0.7694,0.5386,1.3257
UI0001526,FAC0043,BANK02,2023,2023-02,16938,4954.89,30,7075,726.59,2323,7853.8,5081.4,GO,0.052,0.8808,0.6165,1.4292
UI0001527,FAC0043,BANK02,2023,2023-03,12638,2496.11,60,5423,653.71,1777,5359.34,7582.8,GO,0.052,0.6572,0.2629,1.0954
UI0001528,FAC0043,BANK02,2023,2023-04,11567,3620.68,40,5739,720.45,1765,6951.07,4626.8,GO,0.052,0.6015,0.3609,1.1593
UI0001529,FAC0043,BANK02,2023,2023-05,12648,2524.91,50,5870,463.61,1171,5228.49,6324.0,GO,0.052,0.6577,0.3288,1.1857
UI0001530,FAC0043,BANK02,2023,2023-06,14696,2663.02,30,7137,952.92,1282,4221.44,4408.8,I-REC,0.052,0.7642,0.5349,1.4417
UI0001531,FAC0043,BANK02,2023,2023-07,12972,2686.3,40,6110,716.46,2173,8643.58,5188.8,I-REC,0.052,0.6745,0.4047,1.2342
UI0001532,FAC0043,BANK02,2023,2023-08,15370,4592.98,60,7194,851.93,1486,5786.59,9222.0,I-REC,0.052,0.7992,0.3197,1.4532
UI0001533,FAC0043,BANK02,2023,2023-09,11598,3605.29,60,5663,665.12,2142,8921.71,6958.8,I-REC,0.052,0.6031,0.2412,1.1439
UI0001534,FAC0043,BANK02,2023,2023-10,11610,2658.47,60,5252,514.24,1974,8960.64,6966.0,I-REC,0.052,0.6037,0.2415,1.0609
UI0001535,FAC0043,BANK02,2023,2023-11,11451,2901.25,60,4891,422.67,1838,6571.11,6870.6,GO,0.052,0.5955,0.2382,0.988
UI0001536,FAC0043,BANK02,2023,2023-12,14830,3004.66,40,6488,828.44,1979,7051.37,5932.0,I-REC,0.052,0.7712,0.4627,1.3106
UI0001537,FAC0043,BANK02,2024,2024-01,14144,2934.58,60,7283,743.76,1936,6583.53,8486.4,I-REC,0.0505,0.7143,0.2857,1.4712
UI0001538,FAC0043,BANK02,2024,2024-02,15840,4537.11,40,6512,567.01,1133,4812.46,6336.0,I-REC,0.0505,0.7999,0.48,1.3154
UI0001539,FAC0043,BANK02,2024,2024-03,10322,2828.71,70,4772,474.78,1951,8827.35,7225.4,GO,0.0505,0.5213,0.1564,0.9639
UI0001540,FAC0043,BANK02,2024,2024-04,11057,3395.63,40,5582,519.2,1807,8114.23,4422.8,GO,0.0505,0.5584,0.335,1.1276
UI0001541,FAC0043,BANK02,2024,2024-05,10512,2508.88,50,4823,347.98,1972,6044.96,5256.0,GO,0.0505,0.5309,0.2654,0.9742
UI0001542,FAC0043,BANK02,2024,2024-06,13701,4086.42,60,6529,872.81,1984,8324.36,8220.6,GO,0.0505,0.6919,0.2768,1.3189
UI0001543,FAC0043,BANK02,2024,2024-07,14992,3305.18,60,6991,734.25,1289,4400.69,8995.2,GO,0.0505,0.7571,0.3028,1.4122
UI0001544,FAC0043,BANK02,2024,2024-08,13954,3626.14,60,5921,610.1,1267,4032.33,8372.4,I-REC,0.0505,0.7047,0.2819,1.196
UI0001545,FAC0043,BANK02,2024,2024-09,10868,3454.86,70,5006,486.15,2226,7940.73,7607.6,I-REC,0.0505,0.5488,0.1647,1.0112
UI0001546,FAC0043,BANK02,2024,2024-10,12194,2351.33,50,5607,782.98,1045,4169.25,6097.0,I-REC,0.0505,0.6158,0.3079,1.1326
UI0001547,FAC0043,BANK02,2024,2024-11,10609,3066.16,50,5444,435.19,1586,6004.11,5304.5,GO,0.0505,0.5358,0.2679,1.0997
UI0001548,FAC0043,BANK02,2024,2024-12,14738,4692.43,50,7541,790.78,1815,5911.58,7369.0,I-REC,0.0505,0.7443,0.3721,1.5233
UI0001549,FAC0044,BANK02,2022,2022-01,551474,100870.53,30,300215,29234.52,2234,6923.74,165442.2,GO,0.0536,29.559,20.6913,60.6434
UI0001550,FAC0044,BANK02,2022,2022-02,588412,113000.0,40,296565,21259.6,2390,10830.0,235364.8,GO,0.0536,31.5389,18.9233,59.9061
UI0001551,FAC0044,BANK02,2022,2022-03,439068,103659.66,20,225715,26096.98,1933,8619.76,87813.6,GO,0.0536,23.534,18.8272,45.5944
UI0001552,FAC0044,BANK02,2022,2022-04,494120,111096.73,30,220295,21909.79,1472,6345.66,148236.0,I-REC,0.0536,26.4848,18.5394,44.4996
UI0001553,FAC0044,BANK02,2022,2022-05,433306,127242.6,30,216149,16483.23,2348,7317.37,129991.8,I-REC,0.0536,23.2252,16.2576,43.6621
UI0001554,FAC0044,BANK02,2022,2022-06,586328,110953.96,30,263719,26645.04,1981,6394.5,175898.4,GO,0.0536,31.4272,21.999,53.2712
UI0001555,FAC0044,BANK02,2022,2022-07,505623,103293.03,20,281916,32436.92,2489,12187.91,101124.6,GO,0.0536,27.1014,21.6811,56.947
UI0001556,FAC0044,BANK02,2022,2022-08,542939,145235.67,30,282503,20775.29,1264,5661.7,162881.7,GO,0.0536,29.1015,20.3711,57.0656
UI0001557,FAC0044,BANK02,2022,2022-09,417901,99628.55,50,201914,15385.13,1506,6838.19,208950.5,I-REC,0.0536,22.3995,11.1997,40.7866
UI0001558,FAC0044,BANK02,2022,2022-10,449550,89750.98,20,213415,16987.27,2161,9228.29,89910.0,I-REC,0.0536,24.0959,19.2767,43.1098
UI0001559,FAC0044,BANK02,2022,2022-11,461124,133344.78,40,205572,27256.6,2691,13354.86,184449.6,GO,0.0536,24.7162,14.8297,41.5255
UI0001560,FAC0044,BANK02,2022,2022-12,645353,122817.79,30,302248,38680.07,2517,12574.25,193605.9,GO,0.0536,34.5909,24.2136,61.0541
UI0001561,FAC0044,BANK02,2023,2023-01,544493,149413.26,40,268617,32749.17,2015,6078.72,217797.2,GO,0.052,28.3136,16.9882,54.2606
UI0001562,FAC0044,BANK02,2023,2023-02,613694,163624.78,60,276835,25002.38,1479,4849.67,368216.4,GO,0.052,31.9121,12.7648,55.9207
UI0001563,FAC0044,BANK02,2023,2023-03,455304,124487.96,40,227995,25637.65,2323,9172.93,182121.6,GO,0.052,23.6758,14.2055,46.055
UI0001564,FAC0044,BANK02,2023,2023-04,441845,104617.87,30,222846,23177.66,2169,8584.63,132553.5,GO,0.052,22.9759,16.0832,45.0149
UI0001565,FAC0044,BANK02,2023,2023-05,483127,131482.19,40,208120,22474.57,1907,9375.54,193250.8,I-REC,0.052,25.1226,15.0736,42.0402
UI0001566,FAC0044,BANK02,2023,2023-06,540140,99083.54,50,240511,29104.16,2009,7620.19,270070.0,GO,0.052,28.0873,14.0436,48.5832
UI0001567,FAC0044,BANK02,2023,2023-07,580494,118458.89,60,261011,21174.27,1878,7230.73,348296.4,I-REC,0.052,30.1857,12.0743,52.7242
UI0001568,FAC0044,BANK02,2023,2023-08,542980,141056.78,30,254655,30086.23,2237,8713.32,162894.0,GO,0.052,28.235,19.7645,51.4403
UI0001569,FAC0044,BANK02,2023,2023-09,440844,89782.79,50,226423,24571.6,2700,11560.45,220422.0,GO,0.052,22.9239,11.4619,45.7374
UI0001570,FAC0044,BANK02,2023,2023-10,465951,114126.28,30,216639,23972.1,2665,9283.99,139785.3,I-REC,0.052,24.2295,16.9606,43.7611
UI0001571,FAC0044,BANK02,2023,2023-11,433725,115868.84,50,209216,21678.76,1374,4540.5,216862.5,I-REC,0.052,22.5537,11.2768,42.2616
UI0001572,FAC0044,BANK02,2023,2023-12,578866,106216.85,50,282711,36385.56,1934,9330.14,289433.0,GO,0.052,30.101,15.0505,57.1076
UI0001573,FAC0044,BANK02,2024,2024-01,572776,177216.25,40,284592,38218.41,1202,5868.62,229110.4,I-REC,0.0505,28.9252,17.3551,57.4876
UI0001574,FAC0044,BANK02,2024,2024-02,563548,127447.85,70,286283,31090.48,1334,4504.84,394483.6,GO,0.0505,28.4592,8.5378,57.8292
UI0001575,FAC0044,BANK02,2024,2024-03,403169,121529.8,60,216738,20495.68,2080,6626.1,241901.4,GO,0.0505,20.36,8.144,43.7811
UI0001576,FAC0044,BANK02,2024,2024-04,444008,112592.21,60,186498,13568.93,1341,6364.49,266404.8,I-REC,0.0505,22.4224,8.969,37.6726
UI0001577,FAC0044,BANK02,2024,2024-05,428850,92916.63,50,185004,20647.48,2279,9747.72,214425.0,GO,0.0505,21.6569,10.8285,37.3708
UI0001578,FAC0044,BANK02,2024,2024-06,541595,123993.47,70,246202,25214.5,2460,7624.96,379116.5,GO,0.0505,27.3505,8.2052,49.7328
UI0001579,FAC0044,BANK02,2024,2024-07,510332,93147.07,50,224776,17334.11,1383,6575.3,255166.0,GO,0.0505,25.7718,12.8859,45.4048
UI0001580,FAC0044,BANK02,2024,2024-08,521867,154987.11,70,224603,16290.24,2163,7679.68,365306.9,I-REC,0.0505,26.3543,7.9063,45.3698
UI0001581,FAC0044,BANK02,2024,2024-09,447426,89884.7,60,222686,18411.92,1787,6172.52,268455.6,I-REC,0.0505,22.595,9.038,44.9826
UI0001582,FAC0044,BANK02,2024,2024-10,413673,96725.79,40,207852,27446.96,2438,7380.51,165469.2,I-REC,0.0505,20.8905,12.5343,41.9861
UI0001583,FAC0044,BANK02,2024,2024-11,481003,141286.97,50,209245,26152.43,1195,5747.23,240501.5,I-REC,0.0505,24.2907,12.1453,42.2675
UI0001584,FAC0044,BANK02,2024,2024-12,605929,139901.25,70,267296,27496.78,1567,7185.02,424150.3,I-REC,0.0505,30.5994,9.1798,53.9938
UI0001585,FAC0045,BANK02,2022,2022-01,86435,21546.04,40,42683,5323.96,2651,8440.9,34574.0,GO,0.0536,4.6329,2.7797,8.622
UI0001586,FAC0045,BANK02,2022,2022-02,86552,26500.56,40,37112,4359.93,2090,10066.77,34620.8,GO,0.0536,4.6392,2.7835,7.4966
UI0001587,FAC0045,BANK02,2022,2022-03,60038,17438.52,50,30417,2899.72,2368,8543.41,30019.0,I-REC,0.0536,3.218,1.609,6.1442
UI0001588,FAC0045,BANK02,2022,2022-04,68673,15059.73,20,27495,3185.9,1979,9484.65,13734.6,I-REC,0.0536,3.6809,2.9447,5.554
UI0001589,FAC0045,BANK02,2022,2022-05,69120,18888.84,30,30081,3943.04,2141,8592.59,20736.0,GO,0.0536,3.7048,2.5934,6.0764
UI0001590,FAC0045,BANK02,2022,2022-06,81570,22161.59,40,36045,4906.77,2942,12532.81,32628.0,GO,0.0536,4.3722,2.6233,7.2811
UI0001591,FAC0045,BANK02,2022,2022-07,82621,24470.84,50,37972,4033.8,1769,6157.31,41310.5,GO,0.0536,4.4285,2.2142,7.6703
UI0001592,FAC0045,BANK02,2022,2022-08,69886,17711.45,40,36768,2585.54,2218,8907.01,27954.4,GO,0.0536,3.7459,2.2475,7.4271
UI0001593,FAC0045,BANK02,2022,2022-09,64497,18575.36,50,27640,3115.19,2790,9588.91,32248.5,GO,0.0536,3.457,1.7285,5.5833
UI0001594,FAC0045,BANK02,2022,2022-10,67276,21498.34,50,27687,3276.36,1821,8618.87,33638.0,I-REC,0.0536,3.606,1.803,5.5928
UI0001595,FAC0045,BANK02,2022,2022-11,57209,12853.59,40,26358,1954.98,2700,13470.44,22883.6,I-REC,0.0536,3.0664,1.8398,5.3243
UI0001596,FAC0045,BANK02,2022,2022-12,76282,15494.85,50,36318,4633.86,1867,5791.94,38141.0,GO,0.0536,4.0887,2.0444,7.3362
UI0001597,FAC0045,BANK02,2023,2023-01,77482,20098.85,40,35572,4225.46,3180,12381.88,30992.8,I-REC,0.052,4.0291,2.4174,7.1855
UI0001598,FAC0045,BANK02,2023,2023-02,89319,19449.19,50,37991,4756.2,1634,6030.64,44659.5,GO,0.052,4.6446,2.3223,7.6742
UI0001599,FAC0045,BANK02,2023,2023-03,63454,11985.25,30,29610,2358.13,1817,7482.75,19036.2,GO,0.052,3.2996,2.3097,5.9812
UI0001600,FAC0045,BANK02,2023,2023-04,60018,13323.13,30,27719,2606.83,2614,11281.68,18005.4,GO,0.052,3.1209,2.1847,5.5992
UI0001601,FAC0045,BANK02,2023,2023-05,67543,20523.65,40,26233,2092.05,1758,6905.41,27017.2,GO,0.052,3.5122,2.1073,5.2991
UI0001602,FAC0045,BANK02,2023,2023-06,72049,21284.07,40,36177,4433.19,2606,11051.74,28819.6,I-REC,0.052,3.7465,2.2479,7.3078
UI0001603,FAC0045,BANK02,2023,2023-07,80632,15774.4,30,33713,2923.93,1518,5624.47,24189.6,GO,0.052,4.1929,2.935,6.81
UI0001604,FAC0045,BANK02,2023,2023-08,68486,14097.92,50,38341,3920.38,1680,5927.69,34243.0,I-REC,0.052,3.5613,1.7806,7.7449
UI0001605,FAC0045,BANK02,2023,2023-09,62494,18301.83,40,30495,2868.85,2071,9078.85,24997.6,I-REC,0.052,3.2497,1.9498,6.16
UI0001606,FAC0045,BANK02,2023,2023-10,62151,14220.06,50,28527,2680.27,2342,7401.88,31075.5,I-REC,0.052,3.2319,1.6159,5.7625
UI0001607,FAC0045,BANK02,2023,2023-11,63491,16624.74,30,28159,2610.13,1449,4574.18,19047.3,GO,0.052,3.3015,2.3111,5.6881
UI0001608,FAC0045,BANK02,2023,2023-12,85210,19067.7,50,41289,4867.91,2004,8772.06,42605.0,GO,0.052,4.4309,2.2155,8.3404
UI0001609,FAC0045,BANK02,2024,2024-01,84039,17321.01,70,40468,5227.01,2140,8199.34,58827.3,GO,0.0505,4.244,1.2732,8.1745
UI0001610,FAC0045,BANK02,2024,2024-02,75976,22672.75,50,36875,4305.01,2080,9694.69,37988.0,GO,0.0505,3.8368,1.9184,7.4488
UI0001611,FAC0045,BANK02,2024,2024-03,59101,16935.22,50,27549,2424.67,2697,8638.51,29550.5,GO,0.0505,2.9846,1.4923,5.5649
UI0001612,FAC0045,BANK02,2024,2024-04,63692,16022.55,40,25342,3163.89,1846,7170.14,25476.8,GO,0.0505,3.2164,1.9299,5.1191
UI0001613,FAC0045,BANK02,2024,2024-05,56497,14685.99,70,28478,2160.58,3083,14380.7,39547.9,GO,0.0505,2.8531,0.8559,5.7526
UI0001614,FAC0045,BANK02,2024,2024-06,70248,21985.86,60,36181,3636.47,1804,7194.61,42148.8,I-REC,0.0505,3.5475,1.419,7.3086
UI0001615,FAC0045,BANK02,2024,2024-07,67563,20841.56,50,33072,2604.52,2679,11665.33,33781.5,I-REC,0.0505,3.4119,1.706,6.6805
UI0001616,FAC0045,BANK02,2024,2024-08,77407,24202.85,40,33791,4617.84,2614,8967.66,30962.8,GO,0.0505,3.9091,2.3454,6.8258
UI0001617,FAC0045,BANK02,2024,2024-09,64037,14293.1,40,29814,2805.23,2347,11433.46,25614.8,I-REC,0.0505,3.2339,1.9403,6.0224
UI0001618,FAC0045,BANK02,2024,2024-10,62532,16576.79,60,28820,2506.2,1479,5317.83,37519.2,GO,0.0505,3.1579,1.2631,5.8216
UI0001619,FAC0045,BANK02,2024,2024-11,55120,10747.81,50,28984,2546.96,2387,9411.37,27560.0,I-REC,0.0505,2.7836,1.3918,5.8548
UI0001620,FAC0045,BANK02,2024,2024-12,85147,16640.1,40,36870,3435.79,2229,9319.32,34058.8,I-REC,0.0505,4.2999,2.58,7.4477
UI0001621,FAC0046,BANK02,2022,2022-01,50303,12726.02,20,22687,2711.26,140,601.13,10060.6,GO,0.0536,2.6962,2.157,4.5828
UI0001622,FAC0046,BANK02,2022,2022-02,45513,13841.59,20,23811,2809.63,166,782.11,9102.6,GO,0.0536,2.4395,1.9516,4.8098
UI0001623,FAC0046,BANK02,2022,2022-03,37123,8348.85,20,16871,1662.81,183,799.1,7424.6,I-REC,0.0536,1.9898,1.5918,3.4079
UI0001624,FAC0046,BANK02,2022,2022-04,33171,7781.11,30,17163,2141.22,180,662.3,9951.3,I-REC,0.0536,1.778,1.2446,3.4669
UI0001625,FAC0046,BANK02,2022,2022-05,32809,9772.47,20,16429,1312.48,238,1006.45,6561.8,I-REC,0.0536,1.7586,1.4068,3.3187
UI0001626,FAC0046,BANK02,2022,2022-06,46068,9303.08,30,21212,2366.4,183,639.1,13820.4,GO,0.0536,2.4692,1.7285,4.2848
UI0001627,FAC0046,BANK02,2022,2022-07,44518,12247.6,30,18553,1863.84,159,630.93,13355.4,GO,0.0536,2.3862,1.6703,3.7477
UI0001628,FAC0046,BANK02,2022,2022-08,46325,11499.04,50,19703,1988.92,195,698.89,23162.5,I-REC,0.0536,2.483,1.2415,3.98
UI0001629,FAC0046,BANK02,2022,2022-09,38460,8932.04,20,17386,1456.16,235,824.52,7692.0,GO,0.0536,2.0615,1.6492,3.512
UI0001630,FAC0046,BANK02,2022,2022-10,34631,6868.38,20,14964,1724.36,257,1152.59,6926.2,I-REC,0.0536,1.8562,1.485,3.0227
UI0001631,FAC0046,BANK02,2022,2022-11,36090,10978.13,20,16789,2050.51,193,698.54,7218.0,GO,0.0536,1.9344,1.5475,3.3914
UI0001632,FAC0046,BANK02,2022,2022-12,46447,11303.46,50,20150,1969.91,199,691.62,23223.5,I-REC,0.0536,2.4896,1.2448,4.0703
UI0001633,FAC0046,BANK02,2023,2023-01,49584,10821.21,40,20688,2439.92,200,783.7,19833.6,I-REC,0.052,2.5784,1.547,4.179
UI0001634,FAC0046,BANK02,2023,2023-02,45535,9726.87,40,22219,2214.73,190,761.9,18214.0,GO,0.052,2.3678,1.4207,4.4882
UI0001635,FAC0046,BANK02,2023,2023-03,32014,7763.3,40,17520,1314.3,234,1109.79,12805.6,I-REC,0.052,1.6647,0.9988,3.539
UI0001636,FAC0046,BANK02,2023,2023-04,33909,6580.96,30,15423,1414.83,153,504.56,10172.7,I-REC,0.052,1.7633,1.2343,3.1154
UI0001637,FAC0046,BANK02,2023,2023-05,32394,9441.33,50,16372,1345.24,192,872.04,16197.0,I-REC,0.052,1.6845,0.8422,3.3071
UI0001638,FAC0046,BANK02,2023,2023-06,45118,11424.6,60,20605,2486.13,122,521.47,27070.8,GO,0.052,2.3461,0.9385,4.1622
UI0001639,FAC0046,BANK02,2023,2023-07,40658,11009.85,30,21224,2527.76,146,727.18,12197.4,GO,0.052,2.1142,1.48,4.2872
UI0001640,FAC0046,BANK02,2023,2023-08,45101,12209.84,50,20267,2026.47,180,606.31,22550.5,GO,0.052,2.3453,1.1726,4.0939
UI0001641,FAC0046,BANK02,2023,2023-09,32001,9257.12,30,15780,2172.22,123,593.68,9600.3,GO,0.052,1.6641,1.1648,3.1876
UI0001642,FAC0046,BANK02,2023,2023-10,34917,10544.61,50,16041,1153.84,151,650.57,17458.5,GO,0.052,1.8157,0.9078,3.2403
UI0001643,FAC0046,BANK02,2023,2023-11,35456,8659.38,40,16603,1777.12,126,398.39,14182.4,I-REC,0.052,1.8437,1.1062,3.3538
UI0001644,FAC0046,BANK02,2023,2023-12,43301,12635.09,50,22894,2089.66,223,784.76,21650.5,GO,0.052,2.2517,1.1258,4.6246
UI0001645,FAC0046,BANK02,2024,2024-01,44766,10214.54,70,21690,2109.66,132,426.33,31336.2,I-REC,0.0505,2.2607,0.6782,4.3814
UI0001646,FAC0046,BANK02,2024,2024-02,43134,10458.3,70,20935,2468.34,123,397.62,30193.8,I-REC,0.0505,2.1783,0.6535,4.2289
UI0001647,FAC0046,BANK02,2024,2024-03,36280,10829.73,50,15935,1383.74,172,637.91,18140.0,GO,0.0505,1.8321,0.9161,3.2189
UI0001648,FAC0046,BANK02,2024,2024-04,31801,9836.47,70,16703,1684.39,224,770.0,22260.7,I-REC,0.0505,1.606,0.4818,3.374
UI0001649,FAC0046,BANK02,2024,2024-05,31240,6478.66,40,15496,2002.47,142,575.03,12496.0,GO,0.0505,1.5776,0.9466,3.1302
UI0001650,FAC0046,BANK02,2024,2024-06,44276,9317.36,50,20730,2401.97,118,523.3,22138.0,I-REC,0.0505,2.2359,1.118,4.1875
UI0001651,FAC0046,BANK02,2024,2024-07,46030,10200.1,60,20123,1959.35,253,951.92,27618.0,GO,0.0505,2.3245,0.9298,4.0648
UI0001652,FAC0046,BANK02,2024,2024-08,42140,13198.25,60,18322,1424.2,143,659.38,25284.0,I-REC,0.0505,2.1281,0.8512,3.701
UI0001653,FAC0046,BANK02,2024,2024-09,33938,7888.65,40,14646,1328.19,155,535.3,13575.2,GO,0.0505,1.7139,1.0283,2.9585
UI0001654,FAC0046,BANK02,2024,2024-10,35215,10712.56,50,17494,1733.59,220,870.85,17607.5,GO,0.0505,1.7784,0.8892,3.5338
UI0001655,FAC0046,BANK02,2024,2024-11,36877,9700.19,70,15575,2074.09,167,810.61,25813.9,I-REC,0.0505,1.8623,0.5587,3.1462
UI0001656,FAC0046,BANK02,2024,2024-12,43414,7832.69,50,21459,1920.18,226,777.39,21707.0,I-REC,0.0505,2.1924,1.0962,4.3347
UI0001657,FAC0047,BANK02,2022,2022-01,77943,21560.07,30,37623,2841.03,653,2408.94,23382.9,I-REC,0.0536,4.1777,2.9244,7.5998
UI0001658,FAC0047,BANK02,2022,2022-02,82344,22445.73,20,36417,2976.61,598,2912.31,16468.8,GO,0.0536,4.4136,3.5309,7.3562
UI0001659,FAC0047,BANK02,2022,2022-03,55078,16914.34,20,26540,1950.47,688,3086.13,11015.6,I-REC,0.0536,2.9522,2.3617,5.3611
UI0001660,FAC0047,BANK02,2022,2022-04,58488,11922.63,50,26440,2801.3,556,1980.21,29244.0,I-REC,0.0536,3.135,1.5675,5.3409
UI0001661,FAC0047,BANK02,2022,2022-05,52154,12646.77,20,24428,2707.53,559,2782.59,10430.8,GO,0.0536,2.7955,2.2364,4.9345
UI0001662,FAC0047,BANK02,2022,2022-06,67555,18564.14,40,28971,3094.32,1054,4698.94,27022.0,I-REC,0.0536,3.6209,2.1726,5.8521
UI0001663,FAC0047,BANK02,2022,2022-07,73566,22453.42,50,31944,3536.66,669,2607.49,36783.0,GO,0.0536,3.9431,1.9716,6.4527
UI0001664,FAC0047,BANK02,2022,2022-08,70309,13703.49,30,30640,2411.27,1122,3992.43,21092.7,GO,0.0536,3.7686,2.638,6.1893
UI0001665,FAC0047,BANK02,2022,2022-09,60383,15237.63,40,27541,2110.87,1161,4922.2,24153.2,I-REC,0.0536,3.2365,1.9419,5.5633
UI0001666,FAC0047,BANK02,2022,2022-10,58232,14009.08,20,28605,2988.54,1096,4673.0,11646.4,GO,0.0536,3.1212,2.497,5.7782
UI0001667,FAC0047,BANK02,2022,2022-11,58478,17579.65,50,28410,2177.06,973,3712.84,29239.0,I-REC,0.0536,3.1344,1.5672,5.7388
UI0001668,FAC0047,BANK02,2022,2022-12,80142,23769.51,40,32401,3285.6,809,2715.02,32056.8,GO,0.0536,4.2956,2.5774,6.545
UI0001669,FAC0047,BANK02,2023,2023-01,79094,20978.29,50,33428,2849.88,781,3770.44,39547.0,GO,0.052,4.1129,2.0564,6.7525
UI0001670,FAC0047,BANK02,2023,2023-02,73794,18712.52,40,31212,3691.81,1062,4439.11,29517.6,GO,0.052,3.8373,2.3024,6.3048
UI0001671,FAC0047,BANK02,2023,2023-03,56159,15594.11,40,25943,2022.72,763,2605.16,22463.6,I-REC,0.052,2.9203,1.7522,5.2405
UI0001672,FAC0047,BANK02,2023,2023-04,58840,13458.37,60,25506,3205.44,786,3451.49,35304.0,GO,0.052,3.0597,1.2239,5.1522
UI0001673,FAC0047,BANK02,2023,2023-05,51010,12192.55,40,24088,1889.4,1158,5413.83,20404.0,GO,0.052,2.6525,1.5915,4.8658
UI0001674,FAC0047,BANK02,2023,2023-06,61832,16136.63,50,31886,3915.66,853,2636.47,30916.0,GO,0.052,3.2153,1.6076,6.441
UI0001675,FAC0047,BANK02,2023,2023-07,70105,18521.23,40,33264,4074.22,663,2481.7,28042.0,GO,0.052,3.6455,2.1873,6.7193
UI0001676,FAC0047,BANK02,2023,2023-08,71284,21850.88,60,31198,3975.34,729,2528.78,42770.4,I-REC,0.052,3.7068,1.4827,6.302
UI0001677,FAC0047,BANK02,2023,2023-09,56347,11350.58,30,25946,3361.12,1008,5038.37,16904.1,I-REC,0.052,2.93,2.051,5.2411
UI0001678,FAC0047,BANK02,2023,2023-10,52148,15060.73,50,26182,3467.5,598,1920.59,26074.0,GO,0.052,2.7117,1.3558,5.2888
UI0001679,FAC0047,BANK02,2023,2023-11,58679,13212.98,40,23313,3068.94,902,2826.45,23471.6,GO,0.052,3.0513,1.8308,4.7092
UI0001680,FAC0047,BANK02,2023,2023-12,77212,22892.59,50,37285,4874.46,1135,5443.53,38606.0,I-REC,0.052,4.015,2.0075,7.5316
UI0001681,FAC0047,BANK02,2024,2024-01,78059,21773.28,50,30706,3021.69,971,2985.48,39029.5,I-REC,0.0505,3.942,1.971,6.2026
UI0001682,FAC0047,BANK02,2024,2024-02,75049,17270.35,60,32631,2507.26,883,3016.17,45029.4,GO,0.0505,3.79,1.516,6.5915
UI0001683,FAC0047,BANK02,2024,2024-03,57114,13395.84,60,23756,2953.31,657,2763.48,34268.4,GO,0.0505,2.8843,1.1537,4.7987
UI0001684,FAC0047,BANK02,2024,2024-04,48839,12355.5,70,26356,3204.4,815,3708.53,34187.3,I-REC,0.0505,2.4664,0.7399,5.3239
UI0001685,FAC0047,BANK02,2024,2024-05,55480,12800.94,60,25750,3223.34,787,3208.41,33288.0,I-REC,0.0505,2.8017,1.1207,5.2015
UI0001686,FAC0047,BANK02,2024,2024-06,61373,17084.19,50,29193,2985.37,988,4220.84,30686.5,GO,0.0505,3.0993,1.5497,5.897
UI0001687,FAC0047,BANK02,2024,2024-07,71387,17032.59,40,29505,3115.01,1133,3549.79,28554.8,GO,0.0505,3.605,2.163,5.96
UI0001688,FAC0047,BANK02,2024,2024-08,62307,15165.21,70,33382,3454.21,815,2666.82,43614.9,GO,0.0505,3.1465,0.944,6.7432
UI0001689,FAC0047,BANK02,2024,2024-09,53932,15041.02,40,23629,1952.18,697,2275.85,21572.8,GO,0.0505,2.7236,1.6341,4.7731
UI0001690,FAC0047,BANK02,2024,2024-10,50605,9775.27,60,23351,2642.66,1069,5087.5,30363.0,I-REC,0.0505,2.5556,1.0222,4.7169
UI0001691,FAC0047,BANK02,2024,2024-11,57839,15866.35,70,23645,2061.71,1042,4654.65,40487.3,GO,0.0505,2.9209,0.8763,4.7763
UI0001692,FAC0047,BANK02,2024,2024-12,71260,19299.62,40,32054,2939.36,511,1807.36,28504.0,GO,0.0505,3.5986,2.1592,6.4749
UI0001693,FAC0048,BANK02,2022,2022-01,217483,43875.5,40,114513,15913.58,646,1977.82,86993.2,I-REC,0.1493,32.4702,19.4821,23.1316
UI0001694,FAC0048,BANK02,2022,2022-02,235466,42625.28,40,99291,11127.01,632,2451.17,94186.4,GO,0.1493,35.1551,21.093,20.0568
UI0001695,FAC0048,BANK02,2022,2022-03,164966,44876.0,50,84667,11734.1,335,1284.07,82483.0,I-REC,0.1493,24.6294,12.3147,17.1027
UI0001696,FAC0048,BANK02,2022,2022-04,162345,36243.54,20,80245,7591.88,528,2239.77,32469.0,I-REC,0.1493,24.2381,19.3905,16.2095
UI0001697,FAC0048,BANK02,2022,2022-05,174114,39138.85,20,71648,9182.21,375,1225.68,34822.8,I-REC,0.1493,25.9952,20.7962,14.4729
UI0001698,FAC0048,BANK02,2022,2022-06,221897,55740.51,20,105317,13451.68,571,2153.29,44379.4,GO,0.1493,33.1292,26.5034,21.274
UI0001699,FAC0048,BANK02,2022,2022-07,190198,51357.38,20,103623,9562.48,609,2216.18,38039.6,GO,0.1493,28.3966,22.7172,20.9318
UI0001700,FAC0048,BANK02,2022,2022-08,198139,36642.35,30,100699,13793.42,535,1863.79,59441.7,I-REC,0.1493,29.5822,20.7075,20.3412
UI0001701,FAC0048,BANK02,2022,2022-09,166027,43829.93,50,76618,9521.76,531,2198.18,83013.5,GO,0.1493,24.7878,12.3939,15.4768
UI0001702,FAC0048,BANK02,2022,2022-10,160977,31068.74,40,79061,5896.35,336,1560.87,64390.8,I-REC,0.1493,24.0339,14.4203,15.9703
UI0001703,FAC0048,BANK02,2022,2022-11,179636,52037.29,30,73640,6729.82,568,2022.58,53890.8,GO,0.1493,26.8197,18.7738,14.8753
UI0001704,FAC0048,BANK02,2022,2022-12,232645,63807.23,50,97285,10299.28,299,1009.32,116322.5,GO,0.1493,34.7339,17.3669,19.6516
UI0001705,FAC0048,BANK02,2023,2023-01,218181,68360.05,40,96422,8486.56,418,1649.13,87272.4,GO,0.145,31.6362,18.9817,19.4772
UI0001706,FAC0048,BANK02,2023,2023-02,204513,62653.41,60,111916,9827.13,508,1561.88,122707.8,GO,0.145,29.6544,11.8618,22.607
UI0001707,FAC0048,BANK02,2023,2023-03,164453,36146.61,40,81650,9873.29,622,2085.68,65781.2,GO,0.145,23.8457,14.3074,16.4933
UI0001708,FAC0048,BANK02,2023,2023-04,181420,33184.49,50,83747,7439.18,519,1909.95,90710.0,I-REC,0.145,26.3059,13.1529,16.9169
UI0001709,FAC0048,BANK02,2023,2023-05,177724,47137.56,50,78101,10273.38,437,2116.1,88862.0,I-REC,0.145,25.77,12.885,15.7764
UI0001710,FAC0048,BANK02,2023,2023-06,217653,63757.88,60,100871,11333.2,397,1953.37,130591.8,GO,0.145,31.5597,12.6239,20.3759
UI0001711,FAC0048,BANK02,2023,2023-07,194837,46114.03,60,88536,6475.18,538,2106.71,116902.2,GO,0.145,28.2514,11.3005,17.8843
UI0001712,FAC0048,BANK02,2023,2023-08,215984,47161.32,50,94430,10248.82,300,1469.72,107992.0,GO,0.145,31.3177,15.6588,19.0749
UI0001713,FAC0048,BANK02,2023,2023-09,157042,42931.31,60,73442,7795.44,412,1593.32,94225.2,I-REC,0.145,22.7711,9.1084,14.8353
UI0001714,FAC0048,BANK02,2023,2023-10,164964,30072.3,60,77505,9227.41,529,2071.12,98978.4,I-REC,0.145,23.9198,9.5679,15.656
UI0001715,FAC0048,BANK02,2023,2023-11,178407,46705.86,60,79098,6007.51,646,2275.03,107044.2,GO,0.145,25.869,10.3476,15.9778
UI0001716,FAC0048,BANK02,2023,2023-12,219523,64052.18,40,93970,8292.82,309,1514.96,87809.2,I-REC,0.145,31.8308,19.0985,18.9819
UI0001717,FAC0048,BANK02,2024,2024-01,227130,56160.35,70,109442,10407.36,339,1309.99,158991.0,I-REC,0.1408,31.9799,9.594,22.1073
UI0001718,FAC0048,BANK02,2024,2024-02,210145,65589.53,70,103559,12223.66,329,1239.91,147101.5,I-REC,0.1408,29.5884,8.8765,20.9189
UI0001719,FAC0048,BANK02,2024,2024-03,168595,35171.86,50,71762,8511.02,651,3215.49,84297.5,I-REC,0.1408,23.7382,11.8691,14.4959
UI0001720,FAC0048,BANK02,2024,2024-04,158985,29032.33,60,81211,11235.41,690,3348.37,95391.0,I-REC,0.1408,22.3851,8.954,16.4046
UI0001721,FAC0048,BANK02,2024,2024-05,157557,37371.57,70,81539,9745.43,555,2543.0,110289.9,I-REC,0.1408,22.184,6.6552,16.4709
UI0001722,FAC0048,BANK02,2024,2024-06,188782,57800.09,60,89227,11213.9,317,1226.56,113269.2,I-REC,0.1408,26.5805,10.6322,18.0239
UI0001723,FAC0048,BANK02,2024,2024-07,198455,57991.57,60,95857,7544.52,532,2616.34,119073.0,I-REC,0.1408,27.9425,11.177,19.3631
UI0001724,FAC0048,BANK02,2024,2024-08,213338,54496.86,50,88993,11657.24,689,3443.61,106669.0,I-REC,0.1408,30.038,15.019,17.9766
UI0001725,FAC0048,BANK02,2024,2024-09,160941,40554.35,60,70431,8822.96,448,1907.75,96564.6,I-REC,0.1408,22.6605,9.0642,14.2271
UI0001726,FAC0048,BANK02,2024,2024-10,171809,49175.81,50,71591,7052.02,556,2289.93,85904.5,GO,0.1408,24.1907,12.0954,14.4614
UI0001727,FAC0048,BANK02,2024,2024-11,148659,31352.61,60,73641,8866.84,427,1353.23,89195.4,GO,0.1408,20.9312,8.3725,14.8755
UI0001728,FAC0048,BANK02,2024,2024-12,229479,60617.22,70,107529,8159.75,355,1637.62,160635.3,GO,0.1408,32.3106,9.6932,21.7209
UI0001729,FAC0049,BANK02,2022,2022-01,104919,21050.97,40,42339,5536.92,1988,8779.46,41967.6,GO,0.0536,5.6237,3.3742,8.5525
UI0001730,FAC0049,BANK02,2022,2022-02,101070,30807.62,20,47255,4588.95,2873,11003.33,20214.0,GO,0.0536,5.4174,4.3339,9.5455
UI0001731,FAC0049,BANK02,2022,2022-03,69566,15483.04,40,33114,2969.93,2232,9503.27,27826.4,GO,0.0536,3.7287,2.2372,6.689
UI0001732,FAC0049,BANK02,2022,2022-04,72723,15458.59,30,35331,3801.8,2566,11158.33,21816.9,I-REC,0.0536,3.898,2.7286,7.1369
UI0001733,FAC0049,BANK02,2022,2022-05,71078,13677.46,50,33312,3996.92,2265,10159.81,35539.0,GO,0.0536,3.8098,1.9049,6.729
UI0001734,FAC0049,BANK02,2022,2022-06,84954,18877.07,50,46408,6063.07,3024,11860.03,42477.0,I-REC,0.0536,4.5535,2.2768,9.3744
UI0001735,FAC0049,BANK02,2022,2022-07,100614,23577.62,30,40289,5480.27,2215,8614.12,30184.2,I-REC,0.0536,5.3929,3.775,8.1384
UI0001736,FAC0049,BANK02,2022,2022-08,89911,26426.68,50,39152,3466.82,2598,10370.15,44955.5,GO,0.0536,4.8192,2.4096,7.9087
UI0001737,FAC0049,BANK02,2022,2022-09,80597,21842.5,40,34384,4671.63,1947,9109.28,32238.8,I-REC,0.0536,4.32,2.592,6.9456
UI0001738,FAC0049,BANK02,2022,2022-10,79672,19317.08,30,32719,3343.19,2102,7372.76,23901.6,GO,0.0536,4.2704,2.9893,6.6092
UI0001739,FAC0049,BANK02,2022,2022-11,81399,20078.51,30,31937,3276.77,2862,11777.55,24419.7,GO,0.0536,4.363,3.0541,6.4513
UI0001740,FAC0049,BANK02,2022,2022-12,97437,23285.01,50,44818,4250.02,1714,6198.25,48718.5,I-REC,0.0536,5.2226,2.6113,9.0532
UI0001741,FAC0049,BANK02,2023,2023-01,98759,28206.89,50,43319,5356.7,1596,6868.36,49379.5,I-REC,0.052,5.1355,2.5677,8.7504
UI0001742,FAC0049,BANK02,2023,2023-02,94022,25392.42,30,47211,3458.48,1539,7236.7,28206.6,I-REC,0.052,4.8891,3.4224,9.5366
UI0001743,FAC0049,BANK02,2023,2023-03,78463,22098.02,50,36613,2947.39,2137,9594.55,39231.5,GO,0.052,4.0801,2.04,7.3958
UI0001744,FAC0049,BANK02,2023,2023-04,78221,21249.3,50,33482,3334.36,2428,8478.58,39110.5,I-REC,0.052,4.0675,2.0337,6.7634
UI0001745,FAC0049,BANK02,2023,2023-05,81688,25470.98,40,37425,3745.82,3075,9421.13,32675.2,GO,0.052,4.2478,2.5487,7.5598
UI0001746,FAC0049,BANK02,2023,2023-06,94893,20537.88,30,45756,3295.49,2880,14397.35,28467.9,I-REC,0.052,4.9344,3.4541,9.2427
UI0001747,FAC0049,BANK02,2023,2023-07,95869,25106.94,50,38614,4739.58,2829,10533.35,47934.5,I-REC,0.052,4.9852,2.4926,7.8
UI0001748,FAC0049,BANK02,2023,2023-08,90094,26730.6,60,38686,5398.76,2741,8698.64,54056.4,GO,0.052,4.6849,1.874,7.8146
UI0001749,FAC0049,BANK02,2023,2023-09,68926,20006.31,60,37238,3327.88,2385,9188.86,41355.6,GO,0.052,3.5842,1.4337,7.5221
UI0001750,FAC0049,BANK02,2023,2023-10,72074,18126.74,30,33227,4103.14,2282,8709.77,21622.2,GO,0.052,3.7478,2.6235,6.7119
UI0001751,FAC0049,BANK02,2023,2023-11,74694,17626.69,60,31109,3595.05,2800,12779.05,44816.4,I-REC,0.052,3.8841,1.5536,6.284
UI0001752,FAC0049,BANK02,2023,2023-12,97526,27663.48,30,49639,5948.79,2776,10375.91,29257.8,I-REC,0.052,5.0714,3.5499,10.0271
UI0001753,FAC0049,BANK02,2024,2024-01,94786,20727.02,40,46072,3754.18,2142,7422.76,37914.4,I-REC,0.0505,4.7867,2.872,9.3065
UI0001754,FAC0049,BANK02,2024,2024-02,92603,23103.81,50,47242,6310.53,2521,11875.75,46301.5,GO,0.0505,4.6765,2.3382,9.5429
UI0001755,FAC0049,BANK02,2024,2024-03,70685,14452.46,70,36165,2925.37,2723,9548.89,49479.5,GO,0.0505,3.5696,1.0709,7.3053
UI0001756,FAC0049,BANK02,2024,2024-04,71258,16578.42,70,31952,2926.26,1596,5769.63,49880.6,I-REC,0.0505,3.5985,1.0796,6.4543
UI0001757,FAC0049,BANK02,2024,2024-05,78789,16976.37,40,31931,3874.07,2553,10213.75,31515.6,I-REC,0.0505,3.9788,2.3873,6.4501
UI0001758,FAC0049,BANK02,2024,2024-06,83740,15104.42,50,41030,3812.18,3074,10835.58,41870.0,I-REC,0.0505,4.2289,2.1144,8.2881
UI0001759,FAC0049,BANK02,2024,2024-07,82582,25458.82,50,44962,3858.42,2849,11421.92,41291.0,I-REC,0.0505,4.1704,2.0852,9.0823
UI0001760,FAC0049,BANK02,2024,2024-08,92306,21960.22,70,44202,5958.3,3317,15686.28,64614.2,GO,0.0505,4.6615,1.3984,8.9288
UI0001761,FAC0049,BANK02,2024,2024-09,73086,22555.38,50,31133,2345.71,1600,6957.81,36543.0,I-REC,0.0505,3.6908,1.8454,6.2889
UI0001762,FAC0049,BANK02,2024,2024-10,66181,20257.89,60,32894,4537.22,2140,9726.07,39708.6,I-REC,0.0505,3.3421,1.3369,6.6446
UI0001763,FAC0049,BANK02,2024,2024-11,73899,19899.33,60,31018,3677.61,1828,7271.64,44339.4,I-REC,0.0505,3.7319,1.4928,6.2656
UI0001764,FAC0049,BANK02,2024,2024-12,99860,29282.79,40,43753,4663.02,2613,11527.94,39944.0,I-REC,0.0505,5.0429,3.0258,8.8381
UI0001765,FAC0050,BANK02,2022,2022-01,135062,30556.55,50,65901,8338.82,2960,13849.86,67531.0,I-REC,0.0536,7.2393,3.6197,13.312
UI0001766,FAC0050,BANK02,2022,2022-02,142773,29999.25,30,55512,4684.51,2150,10121.4,42831.9,GO,0.0536,7.6526,5.3568,11.2134
UI0001767,FAC0050,BANK02,2022,2022-03,99539,25549.91,20,43444,5219.94,2686,8278.53,19907.8,I-REC,0.0536,5.3353,4.2682,8.7757
UI0001768,FAC0050,BANK02,2022,2022-04,89129,26851.07,40,42406,3529.68,2278,7413.23,35651.6,GO,0.0536,4.7773,2.8664,8.566
UI0001769,FAC0050,BANK02,2022,2022-05,99913,19422.24,30,48008,5404.67,1886,7053.55,29973.9,I-REC,0.0536,5.3553,3.7487,9.6976
UI0001770,FAC0050,BANK02,2022,2022-06,118687,35328.17,20,58949,7161.44,3069,9830.65,23737.4,GO,0.0536,6.3616,5.0893,11.9077
UI0001771,FAC0050,BANK02,2022,2022-07,109122,24151.63,30,53135,7402.25,2171,7797.03,32736.6,GO,0.0536,5.8489,4.0943,10.7333
UI0001772,FAC0050,BANK02,2022,2022-08,117211,27045.51,40,51836,6709.04,1481,7263.62,46884.4,I-REC,0.0536,6.2825,3.7695,10.4709
UI0001773,FAC0050,BANK02,2022,2022-09,94318,20896.77,40,40987,4159.55,1437,5842.34,37727.2,I-REC,0.0536,5.0554,3.0333,8.2794
UI0001774,FAC0050,BANK02,2022,2022-10,101185,23320.99,50,41537,4503.94,1416,6127.44,50592.5,GO,0.0536,5.4235,2.7118,8.3905
UI0001775,FAC0050,BANK02,2022,2022-11,94164,20078.9,50,44759,5640.32,2649,9671.69,47082.0,GO,0.0536,5.0472,2.5236,9.0413
UI0001776,FAC0050,BANK02,2022,2022-12,140513,37048.93,30,55621,4276.12,2324,8861.92,42153.9,GO,0.0536,7.5315,5.272,11.2354
UI0001777,FAC0050,BANK02,2023,2023-01,130737,24540.73,40,63773,5833.64,1806,5714.31,52294.8,I-REC,0.052,6.7983,4.079,12.8821
UI0001778,FAC0050,BANK02,2023,2023-02,130845,41351.97,60,61754,8289.87,1515,6812.09,78507.0,GO,0.052,6.8039,2.7216,12.4743
UI0001779,FAC0050,BANK02,2023,2023-03,105115,19787.09,30,43190,5302.13,2426,11354.66,31534.5,I-REC,0.052,5.466,3.8262,8.7244
UI0001780,FAC0050,BANK02,2023,2023-04,99748,19825.88,50,44481,5417.95,1567,5968.7,49874.0,I-REC,0.052,5.1869,2.5934,8.9852
UI0001781,FAC0050,BANK02,2023,2023-05,88993,24578.26,40,47117,5385.35,2975,11895.37,35597.2,GO,0.052,4.6276,2.7766,9.5176
UI0001782,FAC0050,BANK02,2023,2023-06,127200,37777.4,60,53021,5821.37,2487,9358.37,76320.0,I-REC,0.052,6.6144,2.6458,10.7102
UI0001783,FAC0050,BANK02,2023,2023-07,108878,28331.25,60,54395,7357.9,2453,7782.63,65326.8,I-REC,0.052,5.6617,2.2647,10.9878
UI0001784,FAC0050,BANK02,2023,2023-08,105547,26272.62,50,52406,6456.65,1741,7142.52,52773.5,I-REC,0.052,5.4884,2.7442,10.586
UI0001785,FAC0050,BANK02,2023,2023-09,95023,17724.42,30,46048,5303.68,1612,6329.69,28506.9,I-REC,0.052,4.9412,3.4588,9.3017
UI0001786,FAC0050,BANK02,2023,2023-10,102490,22094.02,40,44768,3733.48,2425,9520.94,40996.0,GO,0.052,5.3295,3.1977,9.0431
UI0001787,FAC0050,BANK02,2023,2023-11,88623,18263.19,50,45221,5435.8,1489,4600.1,44311.5,I-REC,0.052,4.6084,2.3042,9.1346
UI0001788,FAC0050,BANK02,2023,2023-12,132348,36913.13,30,59135,4749.69,2976,12688.19,39704.4,GO,0.052,6.8821,4.8175,11.9453
UI0001789,FAC0050,BANK02,2024,2024-01,125670,32339.73,60,52219,4289.54,2007,9775.31,75402.0,GO,0.0505,6.3463,2.5385,10.5482
UI0001790,FAC0050,BANK02,2024,2024-02,117300,35670.61,60,52183,4615.29,2723,13367.86,70380.0,I-REC,0.0505,5.9237,2.3695,10.541
UI0001791,FAC0050,BANK02,2024,2024-03,92057,25824.05,40,47523,3404.1,3048,14451.33,36822.8,I-REC,0.0505,4.6489,2.7893,9.5996
UI0001792,FAC0050,BANK02,2024,2024-04,96480,23250.83,60,47456,6520.72,2370,8340.43,57888.0,GO,0.0505,4.8722,1.9489,9.5861
UI0001793,FAC0050,BANK02,2024,2024-05,85219,20486.49,60,46836,3719.6,1917,7724.83,51131.4,I-REC,0.0505,4.3036,1.7214,9.4609
UI0001794,FAC0050,BANK02,2024,2024-06,114649,26216.01,70,53090,6307.52,2239,10797.9,80254.3,GO,0.0505,5.7898,1.7369,10.7242
UI0001795,FAC0050,BANK02,2024,2024-07,117433,31972.34,70,56492,4161.92,1464,6286.87,82203.1,I-REC,0.0505,5.9304,1.7791,11.4114
UI0001796,FAC0050,BANK02,2024,2024-08,123673,39441.87,40,49162,6192.22,2383,11286.54,49469.2,GO,0.0505,6.2455,3.7473,9.9307
UI0001797,FAC0050,BANK02,2024,2024-09,95004,25951.03,60,39105,3961.54,1828,8709.35,57002.4,GO,0.0505,4.7977,1.9191,7.8992
UI0001798,FAC0050,BANK02,2024,2024-10,98718,20634.43,40,44363,3481.95,1713,7609.25,39487.2,GO,0.0505,4.9853,2.9912,8.9613
UI0001799,FAC0050,BANK02,2024,2024-11,89374,25219.5,60,47653,5204.11,2374,11636.11,53624.4,I-REC,0.0505,4.5134,1.8054,9.6259
UI0001800,FAC0050,BANK02,2024,2024-12,127011,27478.34,40,55597,7039.78,2378,10611.0,50804.4,I-REC,0.0505,6.4141,3.8484,11.2306
UI0001801,FAC0051,BANK03,2022,2022-01,473917,124352.67,30,189724,25003.6,376,1847.9,142175.1,GO,0.0927,43.9321,30.7525,38.3242
UI0001802,FAC0051,BANK03,2022,2022-02,426309,120227.58,40,188991,14897.52,255,1137.38,170523.6,I-REC,0.0927,39.5188,23.7113,38.1762
UI0001803,FAC0051,BANK03,2022,2022-03,325241,95639.38,50,159563,17074.91,318,1443.86,162620.5,I-REC,0.0927,30.1498,15.0749,32.2317
UI0001804,FAC0051,BANK03,2022,2022-04,347471,91391.88,30,145250,11863.43,455,2069.61,104241.3,I-REC,0.0927,32.2106,22.5474,29.3405
UI0001805,FAC0051,BANK03,2022,2022-05,354280,89836.62,30,151355,12340.35,296,1205.62,106284.0,I-REC,0.0927,32.8418,22.9892,30.5737
UI0001806,FAC0051,BANK03,2022,2022-06,358365,76821.17,30,193409,16377.26,404,1564.93,107509.5,GO,0.0927,33.2204,23.2543,39.0686
UI0001807,FAC0051,BANK03,2022,2022-07,398833,109843.06,40,177937,22816.19,406,1611.79,159533.2,GO,0.0927,36.9718,22.1831,35.9433
UI0001808,FAC0051,BANK03,2022,2022-08,390836,85591.47,50,183535,23147.38,243,835.34,195418.0,GO,0.0927,36.2305,18.1152,37.0741
UI0001809,FAC0051,BANK03,2022,2022-09,356515,80879.43,50,157345,11888.12,419,1556.51,178257.5,I-REC,0.0927,33.0489,16.5245,31.7837
UI0001810,FAC0051,BANK03,2022,2022-10,306173,84416.51,40,163465,19556.68,339,1423.6,122469.2,I-REC,0.0927,28.3822,17.0293,33.0199
UI0001811,FAC0051,BANK03,2022,2022-11,303435,77449.62,40,150398,15342.82,434,1541.94,121374.0,GO,0.0927,28.1284,16.8771,30.3804
UI0001812,FAC0051,BANK03,2022,2022-12,474780,130918.97,50,182951,25392.36,438,1451.09,237390.0,I-REC,0.0927,44.0121,22.0061,36.9561
UI0001813,FAC0051,BANK03,2023,2023-01,420755,122266.04,30,206641,23416.0,502,1932.1,126226.5,I-REC,0.09,37.868,26.5076,41.7415
UI0001814,FAC0051,BANK03,2023,2023-02,411468,78208.47,50,187299,17807.14,365,1563.17,205734.0,GO,0.09,37.0321,18.5161,37.8344
UI0001815,FAC0051,BANK03,2023,2023-03,307072,65486.67,60,135860,16382.51,364,1757.04,184243.2,GO,0.09,27.6365,11.0546,27.4437
UI0001816,FAC0051,BANK03,2023,2023-04,290421,54757.01,40,160720,12490.84,348,1589.86,116168.4,I-REC,0.09,26.1379,15.6827,32.4654
UI0001817,FAC0051,BANK03,2023,2023-05,340675,92428.22,60,135102,10925.21,470,2276.65,204405.0,I-REC,0.09,30.6608,12.2643,27.2906
UI0001818,FAC0051,BANK03,2023,2023-06,362352,80711.5,40,180913,21057.78,477,1590.69,144940.8,I-REC,0.09,32.6117,19.567,36.5444
UI0001819,FAC0051,BANK03,2023,2023-07,380840,91792.02,50,181956,21578.35,416,2042.49,190420.0,GO,0.09,34.2756,17.1378,36.7551
UI0001820,FAC0051,BANK03,2023,2023-08,413833,74959.61,50,193512,16308.94,544,2622.07,206916.5,GO,0.09,37.245,18.6225,39.0894
UI0001821,FAC0051,BANK03,2023,2023-09,322574,77872.17,40,134693,11710.31,507,2326.68,129029.6,GO,0.09,29.0317,17.419,27.208
UI0001822,FAC0051,BANK03,2023,2023-10,320879,99471.25,30,144364,13402.86,473,1676.85,96263.7,GO,0.09,28.8791,20.2154,29.1615
UI0001823,FAC0051,BANK03,2023,2023-11,343460,63789.59,60,142738,18889.54,422,1674.97,206076.0,I-REC,0.09,30.9114,12.3646,28.8331
UI0001824,FAC0051,BANK03,2023,2023-12,405739,101194.62,40,206135,15123.19,550,2016.03,162295.6,I-REC,0.09,36.5165,21.9099,41.6393
UI0001825,FAC0051,BANK03,2024,2024-01,392527,104948.81,60,208843,15539.52,506,2124.49,235516.2,I-REC,0.0874,34.3069,13.7227,42.1863
UI0001826,FAC0051,BANK03,2024,2024-02,388102,94007.09,70,193658,22049.44,547,2387.98,271671.4,GO,0.0874,33.9201,10.176,39.1189
UI0001827,FAC0051,BANK03,2024,2024-03,331728,100555.73,40,140443,19163.11,250,1234.92,132691.2,I-REC,0.0874,28.993,17.3958,28.3695
UI0001828,FAC0051,BANK03,2024,2024-04,326701,84286.11,50,154456,20119.85,442,1921.44,163350.5,I-REC,0.0874,28.5537,14.2768,31.2001
UI0001829,FAC0051,BANK03,2024,2024-05,309895,95443.33,40,155176,15058.19,410,1571.76,123958.0,GO,0.0874,27.0848,16.2509,31.3456
UI0001830,FAC0051,BANK03,2024,2024-06,360683,79494.53,60,180224,17604.22,363,1412.66,216409.8,I-REC,0.0874,31.5237,12.6095,36.4052
UI0001831,FAC0051,BANK03,2024,2024-07,390651,74812.03,60,188158,23461.3,500,2062.58,234390.6,GO,0.0874,34.1429,13.6572,38.0079
UI0001832,FAC0051,BANK03,2024,2024-08,387593,95990.67,70,162323,15570.47,397,1312.62,271315.1,I-REC,0.0874,33.8756,10.1627,32.7892
UI0001833,FAC0051,BANK03,2024,2024-09,323882,85686.92,60,137928,11250.07,267,911.01,194329.2,I-REC,0.0874,28.3073,11.3229,27.8615
UI0001834,FAC0051,BANK03,2024,2024-10,287771,72749.05,50,156415,18317.36,433,1510.77,143885.5,GO,0.0874,25.1512,12.5756,31.5958
UI0001835,FAC0051,BANK03,2024,2024-11,330327,79805.84,60,139632,14019.91,417,1567.28,198196.2,GO,0.0874,28.8706,11.5482,28.2057
UI0001836,FAC0051,BANK03,2024,2024-12,401954,90704.98,60,207793,25095.14,389,1371.87,241172.4,I-REC,0.0874,35.1308,14.0523,41.9742
UI0001837,FAC0052,BANK03,2022,2022-01,114799,36478.38,30,47144,4725.42,1240,4887.46,34439.7,I-REC,0.2802,32.1667,22.5167,9.5231
UI0001838,FAC0052,BANK03,2022,2022-02,108268,33899.24,30,48405,5848.03,908,4231.4,32480.4,GO,0.2802,30.3367,21.2357,9.7778
UI0001839,FAC0052,BANK03,2022,2022-03,77509,18345.46,50,38377,5237.01,1288,4484.79,38754.5,I-REC,0.2802,21.718,10.859,7.7522
UI0001840,FAC0052,BANK03,2022,2022-04,87259,21406.99,50,36375,5077.5,868,3756.69,43629.5,I-REC,0.2802,24.45,12.225,7.3478
UI0001841,FAC0052,BANK03,2022,2022-05,74974,18269.63,50,40909,3518.59,1090,3897.27,37487.0,GO,0.2802,21.0077,10.5039,8.2636
UI0001842,FAC0052,BANK03,2022,2022-06,108555,30090.67,40,43491,4517.1,643,2151.41,43422.0,GO,0.2802,30.4171,18.2503,8.7852
UI0001843,FAC0052,BANK03,2022,2022-07,108190,23329.95,50,45582,3903.08,978,3462.83,54095.0,I-REC,0.2802,30.3148,15.1574,9.2076
UI0001844,FAC0052,BANK03,2022,2022-08,108664,27682.74,50,47102,6183.91,828,3103.5,54332.0,I-REC,0.2802,30.4477,15.2238,9.5146
UI0001845,FAC0052,BANK03,2022,2022-09,76669,19558.03,30,38773,5337.94,705,2607.82,23000.7,GO,0.2802,21.4827,15.0379,7.8321
UI0001846,FAC0052,BANK03,2022,2022-10,73476,18224.83,40,39599,4429.0,1173,5472.9,29390.4,I-REC,0.2802,20.588,12.3528,7.999
UI0001847,FAC0052,BANK03,2022,2022-11,79078,14724.61,50,37545,4697.59,1098,5292.25,39539.0,I-REC,0.2802,22.1577,11.0788,7.5841
UI0001848,FAC0052,BANK03,2022,2022-12,114357,27157.07,30,47666,4131.86,1087,4873.38,34307.1,GO,0.2802,32.0428,22.43,9.6285
UI0001849,FAC0052,BANK03,2023,2023-01,109558,24330.82,30,53578,5494.48,823,2883.17,32867.4,I-REC,0.272,29.7998,20.8598,10.8228
UI0001850,FAC0052,BANK03,2023,2023-02,112781,24318.74,30,53918,7469.53,934,4052.52,33834.3,I-REC,0.272,30.6764,21.4735,10.8914
UI0001851,FAC0052,BANK03,2023,2023-03,79521,25159.42,40,39058,3074.41,1228,4541.88,31808.4,I-REC,0.272,21.6297,12.9778,7.8897
UI0001852,FAC0052,BANK03,2023,2023-04,76815,19196.37,40,35605,3198.68,619,2740.79,30726.0,GO,0.272,20.8937,12.5362,7.1922
UI0001853,FAC0052,BANK03,2023,2023-05,78139,15167.42,60,34006,2565.7,606,2239.7,46883.4,I-REC,0.272,21.2538,8.5015,6.8692
UI0001854,FAC0052,BANK03,2023,2023-06,100868,24346.12,30,46386,3361.53,617,2323.89,30260.4,I-REC,0.272,27.4361,19.2053,9.37
UI0001855,FAC0052,BANK03,2023,2023-07,98822,25300.35,60,46270,5508.49,1036,3477.02,59293.2,I-REC,0.272,26.8796,10.7518,9.3465
UI0001856,FAC0052,BANK03,2023,2023-08,97969,19140.98,40,43282,5447.86,663,2755.83,39187.6,I-REC,0.272,26.6476,15.9885,8.743
UI0001857,FAC0052,BANK03,2023,2023-09,84167,20395.66,60,37993,4459.62,1189,4406.29,50500.2,GO,0.272,22.8934,9.1574,7.6746
UI0001858,FAC0052,BANK03,2023,2023-10,74880,22695.14,50,36256,4557.05,1368,6028.04,37440.0,GO,0.272,20.3674,10.1837,7.3237
UI0001859,FAC0052,BANK03,2023,2023-11,81198,16125.72,40,33438,3600.71,632,2237.39,32479.2,GO,0.272,22.0859,13.2515,6.7545
UI0001860,FAC0052,BANK03,2023,2023-12,97448,27817.45,30,46234,5217.34,1213,3819.52,29234.4,GO,0.272,26.5059,18.5541,9.3393
UI0001861,FAC0052,BANK03,2024,2024-01,97669,19836.14,60,49058,5615.56,1299,6431.56,58601.4,I-REC,0.2641,25.7944,10.3178,9.9097
UI0001862,FAC0052,BANK03,2024,2024-02,98442,22042.22,50,47151,5651.46,1112,4953.25,49221.0,GO,0.2641,25.9985,12.9993,9.5245
UI0001863,FAC0052,BANK03,2024,2024-03,76758,19406.14,60,37983,2718.23,1278,5632.39,46054.8,GO,0.2641,20.2718,8.1087,7.6726
UI0001864,FAC0052,BANK03,2024,2024-04,83632,25757.34,40,38867,4553.2,595,2056.71,33452.8,I-REC,0.2641,22.0872,13.2523,7.8511
UI0001865,FAC0052,BANK03,2024,2024-05,75979,17822.89,50,36976,2653.52,1246,4171.87,37989.5,GO,0.2641,20.0661,10.033,7.4692
UI0001866,FAC0052,BANK03,2024,2024-06,102134,21777.0,70,41250,4993.82,1362,6291.84,71493.8,I-REC,0.2641,26.9736,8.0921,8.3325
UI0001867,FAC0052,BANK03,2024,2024-07,103970,31616.22,50,45885,5987.02,1212,4903.97,51985.0,I-REC,0.2641,27.4585,13.7292,9.2688
UI0001868,FAC0052,BANK03,2024,2024-08,94104,25794.91,50,44790,6135.51,656,3013.35,47052.0,GO,0.2641,24.8529,12.4264,9.0476
UI0001869,FAC0052,BANK03,2024,2024-09,72887,21964.0,60,34344,4339.61,1101,3484.9,43732.2,GO,0.2641,19.2495,7.6998,6.9375
UI0001870,FAC0052,BANK03,2024,2024-10,71981,21450.79,50,35969,4557.3,1088,5146.56,35990.5,GO,0.2641,19.0102,9.5051,7.2657
UI0001871,FAC0052,BANK03,2024,2024-11,76450,20495.08,60,37908,3377.58,836,4037.4,45870.0,GO,0.2641,20.1904,8.0762,7.6574
UI0001872,FAC0052,BANK03,2024,2024-12,108301,23742.07,60,44994,6061.47,1123,3614.66,64980.6,I-REC,0.2641,28.6023,11.4409,9.0888
UI0001873,FAC0053,BANK03,2022,2022-01,29325,5628.81,40,15521,1501.55,2375,9263.19,11730.0,I-REC,0.0927,2.7184,1.6311,3.1352
UI0001874,FAC0053,BANK03,2022,2022-02,31963,6675.5,20,13301,1699.7,2015,8638.18,6392.6,GO,0.0927,2.963,2.3704,2.6868
UI0001875,FAC0053,BANK03,2022,2022-03,22006,5541.52,50,11245,1401.38,2212,9011.94,11003.0,I-REC,0.0927,2.04,1.02,2.2715
UI0001876,FAC0053,BANK03,2022,2022-04,25822,6028.93,40,11839,940.26,3128,9558.55,10328.8,GO,0.0927,2.3937,1.4362,2.3915
UI0001877,FAC0053,BANK03,2022,2022-05,21883,4930.46,30,11397,1575.46,1841,8834.59,6564.9,I-REC,0.0927,2.0286,1.42,2.3022
UI0001878,FAC0053,BANK03,2022,2022-06,26961,4896.08,50,13339,935.24,2392,9480.37,13480.5,GO,0.0927,2.4993,1.2496,2.6945
UI0001879,FAC0053,BANK03,2022,2022-07,30858,5754.07,50,14626,1610.48,2257,11246.11,15429.0,I-REC,0.0927,2.8605,1.4303,2.9545
UI0001880,FAC0053,BANK03,2022,2022-08,30178,8708.38,30,13447,1296.36,1590,7124.67,9053.4,GO,0.0927,2.7975,1.9583,2.7163
UI0001881,FAC0053,BANK03,2022,2022-09,23312,6273.52,20,11002,913.03,2601,8291.0,4662.4,GO,0.0927,2.161,1.7288,2.2224
UI0001882,FAC0053,BANK03,2022,2022-10,22231,5747.34,50,10558,1224.45,2359,7562.85,11115.5,I-REC,0.0927,2.0608,1.0304,2.1327
UI0001883,FAC0053,BANK03,2022,2022-11,23392,5478.34,30,11203,1017.41,1472,5383.12,7017.6,GO,0.0927,2.1684,1.5179,2.263
UI0001884,FAC0053,BANK03,2022,2022-12,31258,8203.2,20,15057,1141.8,2254,6928.82,6251.6,GO,0.0927,2.8976,2.3181,3.0415
UI0001885,FAC0053,BANK03,2023,2023-01,32616,7637.58,30,14958,2001.69,1816,8339.38,9784.8,GO,0.09,2.9354,2.0548,3.0215
UI0001886,FAC0053,BANK03,2023,2023-02,31686,8565.49,60,15767,1356.95,2721,8874.21,19011.6,GO,0.09,2.8517,1.1407,3.1849
UI0001887,FAC0053,BANK03,2023,2023-03,24914,6865.67,60,11896,935.46,2695,8457.73,14948.4,I-REC,0.09,2.2423,0.8969,2.403
UI0001888,FAC0053,BANK03,2023,2023-04,25144,8023.09,60,10946,875.18,1574,5953.69,15086.4,GO,0.09,2.263,0.9052,2.2111
UI0001889,FAC0053,BANK03,2023,2023-05,25571,7904.46,50,10737,801.94,1713,5991.97,12785.5,GO,0.09,2.3014,1.1507,2.1689
UI0001890,FAC0053,BANK03,2023,2023-06,30949,9698.3,50,13827,1356.53,2835,8524.55,15474.5,I-REC,0.09,2.7854,1.3927,2.7931
UI0001891,FAC0053,BANK03,2023,2023-07,26783,6884.74,30,13020,1376.25,2750,10267.61,8034.9,I-REC,0.09,2.4105,1.6873,2.63
UI0001892,FAC0053,BANK03,2023,2023-08,27368,5688.66,40,11928,1664.62,2991,12234.6,10947.2,GO,0.09,2.4631,1.4779,2.4095
UI0001893,FAC0053,BANK03,2023,2023-09,24640,4449.9,30,11527,1099.05,1745,6070.2,7392.0,GO,0.09,2.2176,1.5523,2.3285
UI0001894,FAC0053,BANK03,2023,2023-10,24863,7671.69,50,11579,1116.41,2278,7825.71,12431.5,GO,0.09,2.2377,1.1188,2.339
UI0001895,FAC0053,BANK03,2023,2023-11,24332,6881.49,40,10484,957.17,1437,6918.71,9732.8,I-REC,0.09,2.1899,1.3139,2.1178
UI0001896,FAC0053,BANK03,2023,2023-12,32911,6323.82,40,13417,1249.52,2395,9643.36,13164.4,I-REC,0.09,2.962,1.7772,2.7102
UI0001897,FAC0053,BANK03,2024,2024-01,31454,9764.66,40,14720,1379.58,2438,11011.8,12581.6,GO,0.0874,2.7491,1.6494,2.9734
UI0001898,FAC0053,BANK03,2024,2024-02,31259,9377.16,40,13005,1546.92,3109,10522.38,12503.6,I-REC,0.0874,2.732,1.6392,2.627
UI0001899,FAC0053,BANK03,2024,2024-03,22261,4236.71,60,10603,930.47,3070,14937.76,13356.6,I-REC,0.0874,1.9456,0.7782,2.1418
UI0001900,FAC0053,BANK03,2024,2024-04,22429,5735.59,60,10242,883.17,3173,13546.12,13457.4,I-REC,0.0874,1.9603,0.7841,2.0689
UI0001901,FAC0053,BANK03,2024,2024-05,23225,5996.84,70,10222,798.04,1832,7538.14,16257.5,I-REC,0.0874,2.0299,0.609,2.0648
UI0001902,FAC0053,BANK03,2024,2024-06,29559,8870.04,70,12709,897.98,2250,8009.17,20691.3,GO,0.0874,2.5835,0.775,2.5672
UI0001903,FAC0053,BANK03,2024,2024-07,27010,7419.25,70,14103,1646.96,2604,9026.39,18907.0,GO,0.0874,2.3607,0.7082,2.8488
UI0001904,FAC0053,BANK03,2024,2024-08,25718,5448.89,40,13639,1123.76,2797,11636.33,10287.2,I-REC,0.0874,2.2478,1.3487,2.7551
UI0001905,FAC0053,BANK03,2024,2024-09,22605,6956.4,60,11299,1568.91,2732,13092.49,13563.0,I-REC,0.0874,1.9757,0.7903,2.2824
UI0001906,FAC0053,BANK03,2024,2024-10,21887,4865.64,40,11383,1020.64,1604,6522.92,8754.8,I-REC,0.0874,1.9129,1.1478,2.2994
UI0001907,FAC0053,BANK03,2024,2024-11,20873,5876.81,70,10186,867.9,3006,9721.81,14611.1,GO,0.0874,1.8243,0.5473,2.0576
UI0001908,FAC0053,BANK03,2024,2024-12,28134,8392.87,60,13697,1114.3,1425,4421.67,16880.4,I-REC,0.0874,2.4589,0.9836,2.7668
UI0001909,FAC0054,BANK03,2022,2022-01,92171,27141.41,40,44665,5371.79,1388,4993.74,36868.4,I-REC,0.2802,25.8263,15.4958,9.0223
UI0001910,FAC0054,BANK03,2022,2022-02,90054,22313.25,20,44525,6212.4,723,2852.46,18010.8,GO,0.2802,25.2331,20.1865,8.994
UI0001911,FAC0054,BANK03,2022,2022-03,65225,15560.46,40,30999,3170.99,880,3540.66,26090.0,GO,0.2802,18.276,10.9656,6.2618
UI0001912,FAC0054,BANK03,2022,2022-04,71787,15896.95,30,29133,2728.3,962,4700.86,21536.1,I-REC,0.2802,20.1147,14.0803,5.8849
UI0001913,FAC0054,BANK03,2022,2022-05,70295,22067.66,40,32932,3181.75,1125,5306.11,28118.0,I-REC,0.2802,19.6967,11.818,6.6523
UI0001914,FAC0054,BANK03,2022,2022-06,86933,26871.31,30,34533,4723.08,1002,4444.53,26079.9,I-REC,0.2802,24.3586,17.051,6.9757
UI0001915,FAC0054,BANK03,2022,2022-07,81395,23559.81,50,36118,3732.62,746,3170.2,40697.5,GO,0.2802,22.8069,11.4034,7.2958
UI0001916,FAC0054,BANK03,2022,2022-08,88935,23430.82,50,41206,4235.45,1388,6265.07,44467.5,I-REC,0.2802,24.9196,12.4598,8.3236
UI0001917,FAC0054,BANK03,2022,2022-09,63847,14855.59,30,31722,3324.15,1333,5569.97,19154.1,I-REC,0.2802,17.8899,12.523,6.4078
UI0001918,FAC0054,BANK03,2022,2022-10,72996,19987.12,20,33243,2525.73,1415,6923.18,14599.2,GO,0.2802,20.4535,16.3628,6.7151
UI0001919,FAC0054,BANK03,2022,2022-11,71367,14568.49,50,34373,3995.8,739,2265.01,35683.5,I-REC,0.2802,19.997,9.9985,6.9433
UI0001920,FAC0054,BANK03,2022,2022-12,91182,18987.76,40,45101,3888.97,1410,6160.04,36472.8,I-REC,0.2802,25.5492,15.3295,9.1104
UI0001921,FAC0054,BANK03,2023,2023-01,93554,20143.33,40,37251,3596.06,756,3458.7,37421.6,GO,0.272,25.4467,15.268,7.5247
UI0001922,FAC0054,BANK03,2023,2023-02,94230,24428.17,60,44106,6095.53,1341,5921.1,56538.0,GO,0.272,25.6306,10.2522,8.9094
UI0001923,FAC0054,BANK03,2023,2023-03,68886,14238.88,40,27634,2780.95,1152,5483.42,27554.4,GO,0.272,18.737,11.2422,5.5821
UI0001924,FAC0054,BANK03,2023,2023-04,64139,16087.26,40,28482,2477.1,893,3956.71,25655.6,GO,0.272,17.4458,10.4675,5.7534
UI0001925,FAC0054,BANK03,2023,2023-05,60488,13037.17,50,32440,4282.23,1363,5603.8,30244.0,I-REC,0.272,16.4527,8.2264,6.5529
UI0001926,FAC0054,BANK03,2023,2023-06,77810,15167.4,40,37349,5129.11,1436,6122.39,31124.0,GO,0.272,21.1643,12.6986,7.5445
UI0001927,FAC0054,BANK03,2023,2023-07,85569,19740.37,40,37660,5175.09,643,3092.21,34227.6,GO,0.272,23.2748,13.9649,7.6073
UI0001928,FAC0054,BANK03,2023,2023-08,81745,19408.52,60,33806,4717.12,844,4170.41,49047.0,GO,0.272,22.2346,8.8939,6.8288
UI0001929,FAC0054,BANK03,2023,2023-09,64698,16633.26,60,32534,3729.3,1040,4048.99,38818.8,I-REC,0.272,17.5979,7.0391,6.5719
UI0001930,FAC0054,BANK03,2023,2023-10,65120,13260.37,40,31785,2779.2,670,2110.72,26048.0,I-REC,0.272,17.7126,10.6276,6.4206
UI0001931,FAC0054,BANK03,2023,2023-11,66232,17116.04,50,33155,4559.21,713,3454.49,33116.0,I-REC,0.272,18.0151,9.0076,6.6973
UI0001932,FAC0054,BANK03,2023,2023-12,96659,25055.99,60,43174,5369.62,1194,3962.84,57995.4,GO,0.272,26.2912,10.5165,8.7211
UI0001933,FAC0054,BANK03,2024,2024-01,93581,20140.85,40,40076,3247.17,1334,4828.32,37432.4,GO,0.2641,24.7147,14.8288,8.0954
UI0001934,FAC0054,BANK03,2024,2024-02,84489,20813.4,40,39367,4592.45,1122,4246.33,33795.6,I-REC,0.2641,22.3135,13.3881,7.9521
UI0001935,FAC0054,BANK03,2024,2024-03,62560,16006.99,50,29636,3125.39,833,3283.7,31280.0,GO,0.2641,16.5221,8.261,5.9865
UI0001936,FAC0054,BANK03,2024,2024-04,58898,13176.11,70,27540,3247.91,669,2207.78,41228.6,I-REC,0.2641,15.555,4.6665,5.5631
UI0001937,FAC0054,BANK03,2024,2024-05,58922,11284.6,40,31164,4117.43,1253,4663.3,23568.8,GO,0.2641,15.5613,9.3368,6.2951
UI0001938,FAC0054,BANK03,2024,2024-06,77517,20676.26,70,35079,4072.62,972,4269.37,54261.9,GO,0.2641,20.4722,6.1417,7.086
UI0001939,FAC0054,BANK03,2024,2024-07,72563,21944.68,50,39611,3658.78,978,4380.9,36281.5,I-REC,0.2641,19.1639,9.5819,8.0014
UI0001940,FAC0054,BANK03,2024,2024-08,84100,18115.2,70,35696,2925.53,978,3033.37,58870.0,GO,0.2641,22.2108,6.6632,7.2106
UI0001941,FAC0054,BANK03,2024,2024-09,69954,15454.91,60,29462,3181.89,1042,5082.57,41972.4,I-REC,0.2641,18.4749,7.3899,5.9513
UI0001942,FAC0054,BANK03,2024,2024-10,61104,12211.4,70,27148,2352.47,1453,5972.97,42772.8,GO,0.2641,16.1376,4.8413,5.4839
UI0001943,FAC0054,BANK03,2024,2024-11,63831,18599.52,40,31321,4087.7,643,2360.55,25532.4,I-REC,0.2641,16.8578,10.1147,6.3268
UI0001944,FAC0054,BANK03,2024,2024-12,95185,18139.1,70,37321,4549.69,748,3039.16,66629.5,I-REC,0.2641,25.1384,7.5415,7.5388
UI0001945,FAC0055,BANK03,2022,2022-01,108467,20976.6,20,46052,3366.4,883,2837.71,21693.4,I-REC,0.2802,30.3925,24.314,9.3025
UI0001946,FAC0055,BANK03,2022,2022-02,106994,29284.61,50,51154,3680.0,1019,3320.16,53497.0,GO,0.2802,29.9797,14.9899,10.3331
UI0001947,FAC0055,BANK03,2022,2022-03,74410,19120.34,30,34772,4188.67,555,1805.22,22323.0,GO,0.2802,20.8497,14.5948,7.0239
UI0001948,FAC0055,BANK03,2022,2022-04,76903,22793.1,20,34912,3849.9,839,3944.97,15380.6,I-REC,0.2802,21.5482,17.2386,7.0522
UI0001949,FAC0055,BANK03,2022,2022-05,85479,19498.95,20,38187,5251.73,801,3414.88,17095.8,GO,0.2802,23.9512,19.161,7.7138
UI0001950,FAC0055,BANK03,2022,2022-06,96878,28862.33,50,44261,5583.31,558,2394.85,48439.0,I-REC,0.2802,27.1452,13.5726,8.9407
UI0001951,FAC0055,BANK03,2022,2022-07,91138,20669.6,50,46820,6346.1,1100,3965.95,45569.0,GO,0.2802,25.5369,12.7684,9.4576
UI0001952,FAC0055,BANK03,2022,2022-08,106567,23643.35,30,50430,6391.96,1093,5086.22,31970.1,GO,0.2802,29.8601,20.9021,10.1869
UI0001953,FAC0055,BANK03,2022,2022-09,82695,20872.09,20,34980,3784.1,562,2465.05,16539.0,GO,0.2802,23.1711,18.5369,7.066
UI0001954,FAC0055,BANK03,2022,2022-10,76105,21451.44,50,38695,3346.9,1086,5264.94,38052.5,GO,0.2802,21.3246,10.6623,7.8164
UI0001955,FAC0055,BANK03,2022,2022-11,80277,17788.53,40,39718,4546.72,785,2665.16,32110.8,I-REC,0.2802,22.4936,13.4962,8.023
UI0001956,FAC0055,BANK03,2022,2022-12,116779,29503.62,50,53663,4375.43,876,4335.3,58389.5,I-REC,0.2802,32.7215,16.3607,10.8399
UI0001957,FAC0055,BANK03,2023,2023-01,103666,29583.75,60,48829,6328.17,694,2391.25,62199.6,I-REC,0.272,28.1972,11.2789,9.8635
UI0001958,FAC0055,BANK03,2023,2023-02,106688,28365.53,40,50789,5586.53,506,2290.05,42675.2,I-REC,0.272,29.0191,17.4115,10.2594
UI0001959,FAC0055,BANK03,2023,2023-03,75358,14887.01,50,39944,4112.75,891,4212.9,37679.0,I-REC,0.272,20.4974,10.2487,8.0687
UI0001960,FAC0055,BANK03,2023,2023-04,87071,15788.39,50,37725,2814.55,938,4125.33,43535.5,GO,0.272,23.6833,11.8417,7.6205
UI0001961,FAC0055,BANK03,2023,2023-05,79448,18811.1,40,36631,4345.04,560,2765.29,31779.2,I-REC,0.272,21.6099,12.9659,7.3995
UI0001962,FAC0055,BANK03,2023,2023-06,103931,32135.26,40,41606,3555.55,645,2943.64,41572.4,GO,0.272,28.2692,16.9615,8.4044
UI0001963,FAC0055,BANK03,2023,2023-07,92192,28507.0,50,45829,5227.58,532,1658.4,46096.0,I-REC,0.272,25.0762,12.5381,9.2575
UI0001964,FAC0055,BANK03,2023,2023-08,89646,27986.69,30,43460,3387.94,776,3042.1,26893.8,I-REC,0.272,24.3837,17.0686,8.7789
UI0001965,FAC0055,BANK03,2023,2023-09,84816,21101.2,50,36029,4706.82,1060,4072.74,42408.0,I-REC,0.272,23.07,11.535,7.2779
UI0001966,FAC0055,BANK03,2023,2023-10,87208,22066.98,30,33208,2617.16,486,2051.29,26162.4,I-REC,0.272,23.7206,16.6044,6.708
UI0001967,FAC0055,BANK03,2023,2023-11,75300,18280.77,50,40318,3686.36,868,2878.14,37650.0,I-REC,0.272,20.4816,10.2408,8.1442
UI0001968,FAC0055,BANK03,2023,2023-12,107116,28525.41,50,46531,5486.35,985,4750.84,53558.0,GO,0.272,29.1356,14.5678,9.3993
UI0001969,FAC0055,BANK03,2024,2024-01,103778,22300.59,60,47853,5343.22,1075,4922.73,62266.8,I-REC,0.2641,27.4078,10.9631,9.6663
UI0001970,FAC0055,BANK03,2024,2024-02,97213,23826.54,60,50665,6310.63,583,2218.53,58327.8,I-REC,0.2641,25.674,10.2696,10.2343
UI0001971,FAC0055,BANK03,2024,2024-03,70479,18356.32,40,37642,4487.75,570,2435.22,28191.6,GO,0.2641,18.6135,11.1681,7.6037
UI0001972,FAC0055,BANK03,2024,2024-04,77068,17121.03,60,38528,3914.93,738,2935.6,46240.8,I-REC,0.2641,20.3537,8.1415,7.7827
UI0001973,FAC0055,BANK03,2024,2024-05,83470,23372.92,40,37541,3374.55,681,2916.45,33388.0,I-REC,0.2641,22.0444,13.2267,7.5833
UI0001974,FAC0055,BANK03,2024,2024-06,88324,24983.24,40,45122,4557.38,860,3205.54,35329.6,I-REC,0.2641,23.3264,13.9958,9.1146
UI0001975,FAC0055,BANK03,2024,2024-07,102421,22820.3,50,48003,4137.08,622,2580.76,51210.5,GO,0.2641,27.0494,13.5247,9.6966
UI0001976,FAC0055,BANK03,2024,2024-08,97158,28250.23,50,42107,4977.99,1023,3426.06,48579.0,GO,0.2641,25.6594,12.8297,8.5056
UI0001977,FAC0055,BANK03,2024,2024-09,77638,16671.74,50,37457,4714.71,692,2783.14,38819.0,I-REC,0.2641,20.5042,10.2521,7.5663
UI0001978,FAC0055,BANK03,2024,2024-10,84250,18434.98,50,34228,2991.48,1075,5156.01,42125.0,I-REC,0.2641,22.2504,11.1252,6.9141
UI0001979,FAC0055,BANK03,2024,2024-11,80926,18081.43,70,32816,4238.49,1107,3658.69,56648.2,GO,0.2641,21.3726,6.4118,6.6288
UI0001980,FAC0055,BANK03,2024,2024-12,109546,22645.66,60,52245,6652.11,492,1630.77,65727.6,I-REC,0.2641,28.9311,11.5724,10.5535
UI0001981,FAC0056,BANK03,2022,2022-01,50157,11835.37,20,23663,1864.31,960,4457.28,10031.4,I-REC,0.1493,7.4884,5.9908,4.7799
UI0001982,FAC0056,BANK03,2022,2022-02,51056,11803.6,20,25967,2465.69,1106,4499.92,10211.2,GO,0.1493,7.6227,6.0981,5.2453
UI0001983,FAC0056,BANK03,2022,2022-03,39656,10658.22,40,19421,2308.74,1525,5408.82,15862.4,I-REC,0.1493,5.9206,3.5524,3.923
UI0001984,FAC0056,BANK03,2022,2022-04,36909,11533.42,40,18848,1838.23,1285,4038.0,14763.6,I-REC,0.1493,5.5105,3.3063,3.8073
UI0001985,FAC0056,BANK03,2022,2022-05,40411,8018.49,20,17049,1470.99,1397,6428.39,8082.2,I-REC,0.1493,6.0334,4.8267,3.4439
UI0001986,FAC0056,BANK03,2022,2022-06,43979,13115.74,20,22315,2846.52,1133,5059.43,8795.8,GO,0.1493,6.5661,5.2529,4.5076
UI0001987,FAC0056,BANK03,2022,2022-07,52224,14731.95,30,24182,2217.59,983,4838.32,15667.2,I-REC,0.1493,7.797,5.4579,4.8848
UI0001988,FAC0056,BANK03,2022,2022-08,52667,10291.69,50,24498,2901.55,1222,5763.74,26333.5,GO,0.1493,7.8632,3.9316,4.9486
UI0001989,FAC0056,BANK03,2022,2022-09,38192,9185.71,50,18294,1575.9,779,3830.8,19096.0,I-REC,0.1493,5.7021,2.851,3.6954
UI0001990,FAC0056,BANK03,2022,2022-10,40713,7427.8,30,16958,2117.52,919,2978.16,12213.9,I-REC,0.1493,6.0785,4.2549,3.4255
UI0001991,FAC0056,BANK03,2022,2022-11,38957,11876.0,40,19572,2351.15,737,2561.0,15582.8,I-REC,0.1493,5.8163,3.4898,3.9535
UI0001992,FAC0056,BANK03,2022,2022-12,48990,15262.18,50,26236,2410.73,671,2401.06,24495.0,GO,0.1493,7.3142,3.6571,5.2997
UI0001993,FAC0056,BANK03,2023,2023-01,47216,12912.17,50,24435,2428.89,1260,4902.39,23608.0,GO,0.145,6.8463,3.4232,4.9359
UI0001994,FAC0056,BANK03,2023,2023-02,55742,10220.69,60,22994,3111.76,1284,3959.94,33445.2,GO,0.145,8.0826,3.233,4.6448
UI0001995,FAC0056,BANK03,2023,2023-03,40937,11754.68,50,16284,1615.89,710,2266.39,20468.5,GO,0.145,5.9359,2.9679,3.2894
UI0001996,FAC0056,BANK03,2023,2023-04,35375,9031.68,30,16925,1430.14,804,2863.92,10612.5,I-REC,0.145,5.1294,3.5906,3.4189
UI0001997,FAC0056,BANK03,2023,2023-05,42557,10966.12,40,17550,1368.4,773,3813.8,17022.8,I-REC,0.145,6.1708,3.7025,3.5451
UI0001998,FAC0056,BANK03,2023,2023-06,47257,14676.3,50,22085,2985.17,985,3045.12,23628.5,GO,0.145,6.8523,3.4261,4.4612
UI0001999,FAC0056,BANK03,2023,2023-07,46092,14705.95,50,19890,2448.7,1199,4883.05,23046.0,GO,0.145,6.6833,3.3417,4.0178
UI0002000,FAC0056,BANK03,2023,2023-08,44284,10941.84,30,21835,1767.01,1139,4529.29,13285.2,GO,0.145,6.4212,4.4948,4.4107
UI0002001,FAC0056,BANK03,2023,2023-09,41394,11352.39,30,18745,2550.35,1550,5550.19,12418.2,I-REC,0.145,6.0021,4.2015,3.7865
UI0002002,FAC0056,BANK03,2023,2023-10,36186,7945.74,60,16841,1728.35,859,2960.59,21711.6,I-REC,0.145,5.247,2.0988,3.4019
UI0002003,FAC0056,BANK03,2023,2023-11,40618,7593.96,40,18950,1857.55,1528,5939.17,16247.2,I-REC,0.145,5.8896,3.5338,3.8279
UI0002004,FAC0056,BANK03,2023,2023-12,55815,10853.43,50,25167,2211.46,1193,5909.98,27907.5,I-REC,0.145,8.0932,4.0466,5.0837
UI0002005,FAC0056,BANK03,2024,2024-01,51888,11230.11,40,22058,2286.45,1083,4471.27,20755.2,GO,0.1408,7.3058,4.3835,4.4557
UI0002006,FAC0056,BANK03,2024,2024-02,55304,13434.54,70,22876,1710.82,1131,4662.4,38712.8,I-REC,0.1408,7.7868,2.336,4.621
UI0002007,FAC0056,BANK03,2024,2024-03,40099,9206.94,60,18966,1387.94,746,3235.9,24059.4,GO,0.1408,5.6459,2.2584,3.8311
UI0002008,FAC0056,BANK03,2024,2024-04,40348,8668.85,60,18712,2292.87,856,3430.47,24208.8,GO,0.1408,5.681,2.2724,3.7798
UI0002009,FAC0056,BANK03,2024,2024-05,41266,7521.8,50,18131,1310.26,858,3173.72,20633.0,GO,0.1408,5.8103,2.9051,3.6625
UI0002010,FAC0056,BANK03,2024,2024-06,49681,10613.44,50,20829,2142.9,967,3823.17,24840.5,GO,0.1408,6.9951,3.4975,4.2075
UI0002011,FAC0056,BANK03,2024,2024-07,49305,12292.63,70,19420,2116.87,849,2730.83,34513.5,I-REC,0.1408,6.9421,2.0826,3.9228
UI0002012,FAC0056,BANK03,2024,2024-08,49195,12625.94,60,22950,2688.15,767,2320.35,29517.0,GO,0.1408,6.9267,2.7707,4.6359
UI0002013,FAC0056,BANK03,2024,2024-09,35075,11004.52,60,16748,1512.43,722,2629.88,21045.0,I-REC,0.1408,4.9386,1.9754,3.3831
UI0002014,FAC0056,BANK03,2024,2024-10,39301,9865.31,40,19330,2360.31,935,2873.21,15720.4,I-REC,0.1408,5.5336,3.3201,3.9047
UI0002015,FAC0056,BANK03,2024,2024-11,38581,9113.01,70,19054,1944.98,1424,5754.18,27006.7,I-REC,0.1408,5.4322,1.6297,3.8489
UI0002016,FAC0056,BANK03,2024,2024-12,50574,9196.71,50,22552,2838.92,758,3444.26,25287.0,GO,0.1408,7.1208,3.5604,4.5555
UI0002017,FAC0057,BANK03,2022,2022-01,6549,1206.24,20,3004,226.99,1481,5104.72,1309.8,I-REC,0.2802,1.835,1.468,0.6068
UI0002018,FAC0057,BANK03,2022,2022-02,6423,1598.3,20,3060,422.76,1758,6251.38,1284.6,I-REC,0.2802,1.7997,1.4398,0.6181
UI0002019,FAC0057,BANK03,2022,2022-03,5107,1143.83,50,2419,215.3,1784,8044.39,2553.5,GO,0.2802,1.431,0.7155,0.4886
UI0002020,FAC0057,BANK03,2022,2022-04,4812,933.38,40,2444,274.69,1504,5647.8,1924.8,I-REC,0.2802,1.3483,0.809,0.4937
UI0002021,FAC0057,BANK03,2022,2022-05,4805,902.36,50,2222,181.35,1592,5571.4,2402.5,I-REC,0.2802,1.3464,0.6732,0.4488
UI0002022,FAC0057,BANK03,2022,2022-06,5852,1366.52,40,3149,323.61,1081,5087.44,2340.8,I-REC,0.2802,1.6397,0.9838,0.6361
UI0002023,FAC0057,BANK03,2022,2022-07,6922,1748.58,40,2685,326.39,1156,5377.86,2768.8,I-REC,0.2802,1.9395,1.1637,0.5424
UI0002024,FAC0057,BANK03,2022,2022-08,5818,1321.58,20,2927,289.47,1437,5550.72,1163.6,I-REC,0.2802,1.6302,1.3042,0.5913
UI0002025,FAC0057,BANK03,2022,2022-09,5388,1406.68,30,2531,263.59,1667,6845.79,1616.4,I-REC,0.2802,1.5097,1.0568,0.5113
UI0002026,FAC0057,BANK03,2022,2022-10,5452,1591.72,50,2380,235.95,1422,5194.24,2726.0,I-REC,0.2802,1.5277,0.7638,0.4808
UI0002027,FAC0057,BANK03,2022,2022-11,5144,1143.95,40,2440,197.32,1645,5411.22,2057.6,I-REC,0.2802,1.4413,0.8648,0.4929
UI0002028,FAC0057,BANK03,2022,2022-12,7308,1864.54,40,3029,389.37,1360,4600.59,2923.2,GO,0.2802,2.0477,1.2286,0.6119
UI0002029,FAC0057,BANK03,2023,2023-01,6177,1371.47,30,3348,244.1,1026,5013.08,1853.1,GO,0.272,1.6801,1.1761,0.6763
UI0002030,FAC0057,BANK03,2023,2023-02,7214,2000.9,30,3350,323.67,1733,6518.33,2164.2,I-REC,0.272,1.9622,1.3735,0.6767
UI0002031,FAC0057,BANK03,2023,2023-03,5156,1364.28,30,2162,188.95,1056,4379.77,1546.8,I-REC,0.272,1.4024,0.9817,0.4367
UI0002032,FAC0057,BANK03,2023,2023-04,4568,1380.77,30,2145,235.41,1056,4740.08,1370.4,I-REC,0.272,1.2425,0.8697,0.4333
UI0002033,FAC0057,BANK03,2023,2023-05,5403,1527.48,40,2486,321.41,1620,6085.9,2161.2,I-REC,0.272,1.4696,0.8818,0.5022
UI0002034,FAC0057,BANK03,2023,2023-06,6390,1516.28,60,2916,316.84,1707,7773.89,3834.0,I-REC,0.272,1.7381,0.6952,0.589
UI0002035,FAC0057,BANK03,2023,2023-07,5933,1301.26,30,3127,262.23,1011,3174.06,1779.9,GO,0.272,1.6138,1.1296,0.6317
UI0002036,FAC0057,BANK03,2023,2023-08,5703,1275.69,30,3113,424.66,1823,6715.22,1710.9,GO,0.272,1.5512,1.0859,0.6288
UI0002037,FAC0057,BANK03,2023,2023-09,4648,1126.17,30,2434,270.44,945,2839.21,1394.4,GO,0.272,1.2643,0.885,0.4917
UI0002038,FAC0057,BANK03,2023,2023-10,4877,1268.77,30,2123,189.46,1158,3584.63,1463.1,GO,0.272,1.3265,0.9286,0.4288
UI0002039,FAC0057,BANK03,2023,2023-11,5574,1414.23,60,2286,171.09,886,3008.74,3344.4,I-REC,0.272,1.5161,0.6065,0.4618
UI0002040,FAC0057,BANK03,2023,2023-12,6437,1403.57,60,3310,341.48,1576,7710.95,3862.2,I-REC,0.272,1.7509,0.7003,0.6686
UI0002041,FAC0057,BANK03,2024,2024-01,6162,1791.16,60,2951,300.56,1799,6360.29,3697.2,GO,0.2641,1.6274,0.651,0.5961
UI0002042,FAC0057,BANK03,2024,2024-02,6255,1352.07,60,3275,373.08,1758,7430.84,3753.0,I-REC,0.2641,1.6519,0.6608,0.6615
UI0002043,FAC0057,BANK03,2024,2024-03,5433,1165.76,50,2269,175.75,1411,4878.56,2716.5,I-REC,0.2641,1.4349,0.7174,0.4583
UI0002044,FAC0057,BANK03,2024,2024-04,5213,1533.74,50,2521,247.86,1083,3899.8,2606.5,GO,0.2641,1.3768,0.6884,0.5092
UI0002045,FAC0057,BANK03,2024,2024-05,4474,1280.78,70,2240,227.5,1015,3519.5,3131.8,I-REC,0.2641,1.1816,0.3545,0.4525
UI0002046,FAC0057,BANK03,2024,2024-06,5543,1715.92,70,2883,281.84,829,2632.22,3880.1,GO,0.2641,1.4639,0.4392,0.5824
UI0002047,FAC0057,BANK03,2024,2024-07,6479,1750.37,70,2567,232.76,1820,8323.97,4535.3,I-REC,0.2641,1.7111,0.5133,0.5185
UI0002048,FAC0057,BANK03,2024,2024-08,5664,1036.42,60,2648,237.43,821,2940.15,3398.4,GO,0.2641,1.4959,0.5983,0.5349
UI0002049,FAC0057,BANK03,2024,2024-09,4988,1438.97,70,2276,260.67,1094,5068.08,3491.6,GO,0.2641,1.3173,0.3952,0.4598
UI0002050,FAC0057,BANK03,2024,2024-10,5057,918.84,70,2296,265.13,1320,5029.96,3539.9,I-REC,0.2641,1.3356,0.4007,0.4638
UI0002051,FAC0057,BANK03,2024,2024-11,4576,1334.87,70,2516,176.81,1742,5476.21,3203.2,GO,0.2641,1.2085,0.3626,0.5082
UI0002052,FAC0057,BANK03,2024,2024-12,6604,1478.29,70,3335,445.29,1679,7036.75,4622.8,I-REC,0.2641,1.7441,0.5232,0.6737
UI0002053,FAC0058,BANK03,2022,2022-01,89087,22618.54,50,41171,3200.85,1229,5862.25,44543.5,I-REC,0.2802,24.9622,12.4811,8.3165
UI0002054,FAC0058,BANK03,2022,2022-02,82935,26454.45,20,39295,3515.42,1101,3355.02,16587.0,I-REC,0.2802,23.2384,18.5907,7.9376
UI0002055,FAC0058,BANK03,2022,2022-03,68237,15475.21,40,27696,3086.28,762,2968.35,27294.8,I-REC,0.2802,19.12,11.472,5.5946
UI0002056,FAC0058,BANK03,2022,2022-04,59497,16236.9,40,27494,3330.31,1031,5123.92,23798.8,I-REC,0.2802,16.6711,10.0026,5.5538
UI0002057,FAC0058,BANK03,2022,2022-05,68284,16880.23,20,28311,3328.79,666,3088.3,13656.8,GO,0.2802,19.1332,15.3065,5.7188
UI0002058,FAC0058,BANK03,2022,2022-06,80401,17974.15,20,34505,4093.37,1210,5047.31,16080.2,GO,0.2802,22.5284,18.0227,6.97
UI0002059,FAC0058,BANK03,2022,2022-07,71990,20208.15,30,36395,4375.93,1263,6207.0,21597.0,GO,0.2802,20.1716,14.1201,7.3518
UI0002060,FAC0058,BANK03,2022,2022-08,78655,25108.48,20,36545,3111.88,881,3643.68,15731.0,I-REC,0.2802,22.0391,17.6313,7.3821
UI0002061,FAC0058,BANK03,2022,2022-09,60453,15168.83,40,28623,3441.51,1214,4011.63,24181.2,I-REC,0.2802,16.9389,10.1634,5.7818
UI0002062,FAC0058,BANK03,2022,2022-10,68191,20348.99,40,30744,2961.51,1140,4171.42,27276.4,GO,0.2802,19.1071,11.4643,6.2103
UI0002063,FAC0058,BANK03,2022,2022-11,64956,17683.58,50,30993,3011.32,660,2578.27,32478.0,I-REC,0.2802,18.2007,9.1003,6.2606
UI0002064,FAC0058,BANK03,2022,2022-12,77064,16822.08,30,40283,3385.91,1271,4129.14,23119.2,I-REC,0.2802,21.5933,15.1153,8.1372
UI0002065,FAC0058,BANK03,2023,2023-01,86584,20802.58,30,41118,3929.66,833,3430.65,25975.2,GO,0.272,23.5508,16.4856,8.3058
UI0002066,FAC0058,BANK03,2023,2023-02,75667,20055.8,60,40779,3192.63,1150,5099.33,45400.2,GO,0.272,20.5814,8.2326,8.2374
UI0002067,FAC0058,BANK03,2023,2023-03,60294,18740.87,40,27546,2643.58,835,2944.17,24117.6,GO,0.272,16.4,9.84,5.5643
UI0002068,FAC0058,BANK03,2023,2023-04,59230,10790.56,60,26804,3637.49,980,4238.74,35538.0,GO,0.272,16.1106,6.4442,5.4144
UI0002069,FAC0058,BANK03,2023,2023-05,63252,16692.33,40,27481,2380.23,902,3899.19,25300.8,I-REC,0.272,17.2045,10.3227,5.5512
UI0002070,FAC0058,BANK03,2023,2023-06,75002,17674.57,60,37152,4544.26,620,3056.45,45001.2,GO,0.272,20.4005,8.1602,7.5047
UI0002071,FAC0058,BANK03,2023,2023-07,73294,16571.58,30,32186,3652.46,1156,3869.44,21988.2,GO,0.272,19.936,13.9552,6.5016
UI0002072,FAC0058,BANK03,2023,2023-08,82682,22606.18,30,31358,3841.02,1034,3273.98,24804.6,GO,0.272,22.4895,15.7427,6.3343
UI0002073,FAC0058,BANK03,2023,2023-09,59531,12320.16,60,26036,2292.59,599,2099.35,35718.6,I-REC,0.272,16.1924,6.477,5.2593
UI0002074,FAC0058,BANK03,2023,2023-10,65015,20327.48,40,29165,3787.92,923,2771.23,26006.0,GO,0.272,17.6841,10.6104,5.8913
UI0002075,FAC0058,BANK03,2023,2023-11,63797,16224.84,40,28781,2625.02,650,3212.97,25518.8,I-REC,0.272,17.3528,10.4117,5.8138
UI0002076,FAC0058,BANK03,2023,2023-12,87688,21652.8,60,38895,3258.04,1105,5375.09,52612.8,I-REC,0.272,23.8511,9.5405,7.8568
UI0002077,FAC0058,BANK03,2024,2024-01,73708,18362.92,40,35433,4685.23,739,3664.0,29483.2,GO,0.2641,19.4663,11.6798,7.1575
UI0002078,FAC0058,BANK03,2024,2024-02,87811,27723.67,60,35294,4260.86,1272,3994.61,52686.6,I-REC,0.2641,23.1909,9.2764,7.1294
UI0002079,FAC0058,BANK03,2024,2024-03,56066,16989.69,50,30615,2188.04,1111,3807.0,28033.0,I-REC,0.2641,14.807,7.4035,6.1842
UI0002080,FAC0058,BANK03,2024,2024-04,55378,10910.52,60,29161,2825.95,838,3583.41,33226.8,GO,0.2641,14.6253,5.8501,5.8905
UI0002081,FAC0058,BANK03,2024,2024-05,61975,12800.42,50,29108,2570.99,1152,3724.11,30987.5,I-REC,0.2641,16.3676,8.1838,5.8798
UI0002082,FAC0058,BANK03,2024,2024-06,75753,16996.02,50,34825,3962.99,857,3584.07,37876.5,GO,0.2641,20.0064,10.0032,7.0347
UI0002083,FAC0058,BANK03,2024,2024-07,72592,14563.98,50,33835,4219.52,747,3236.64,36296.0,GO,0.2641,19.1715,9.5858,6.8347
UI0002084,FAC0058,BANK03,2024,2024-08,77012,15370.65,60,35688,4745.75,1028,3390.72,46207.2,I-REC,0.2641,20.3389,8.1355,7.209
UI0002085,FAC0058,BANK03,2024,2024-09,65111,13313.42,40,29595,3911.41,1135,3950.71,26044.4,I-REC,0.2641,17.1958,10.3175,5.9782
UI0002086,FAC0058,BANK03,2024,2024-10,61440,18333.23,60,28479,2323.29,1003,3383.12,36864.0,GO,0.2641,16.2263,6.4905,5.7528
UI0002087,FAC0058,BANK03,2024,2024-11,56628,12581.6,60,28534,3036.49,1103,4985.83,33976.8,GO,0.2641,14.9555,5.9822,5.7639
UI0002088,FAC0058,BANK03,2024,2024-12,76524,19209.16,70,40328,5284.89,1007,4800.96,53566.8,I-REC,0.2641,20.21,6.063,8.1463
UI0002089,FAC0059,BANK03,2022,2022-01,124705,29885.8,20,66474,4766.29,101,445.92,24941.0,GO,0.2802,34.9423,27.9539,13.4277
UI0002090,FAC0059,BANK03,2022,2022-02,123345,27680.71,40,63690,6008.54,128,556.75,49338.0,GO,0.2802,34.5613,20.7368,12.8654
UI0002091,FAC0059,BANK03,2022,2022-03,107991,30000.34,50,42991,3511.63,145,574.63,53995.5,I-REC,0.2802,30.2591,15.1295,8.6842
UI0002092,FAC0059,BANK03,2022,2022-04,101799,26548.96,40,48219,5697.88,96,291.04,40719.6,GO,0.2802,28.5241,17.1144,9.7402
UI0002093,FAC0059,BANK03,2022,2022-05,106928,21766.46,50,51473,5089.24,177,844.76,53464.0,GO,0.2802,29.9612,14.9806,10.3975
UI0002094,FAC0059,BANK03,2022,2022-06,136609,28228.43,30,56461,5962.87,80,251.59,40982.7,I-REC,0.2802,38.2778,26.7945,11.4051
UI0002095,FAC0059,BANK03,2022,2022-07,132353,32502.85,50,53923,4632.88,111,434.09,66176.5,GO,0.2802,37.0853,18.5427,10.8924
UI0002096,FAC0059,BANK03,2022,2022-08,135368,42877.06,40,58490,7585.57,141,512.07,54147.2,GO,0.2802,37.9301,22.7581,11.815
UI0002097,FAC0059,BANK03,2022,2022-09,99087,21371.07,30,47790,4855.5,145,632.83,29726.1,I-REC,0.2802,27.7642,19.4349,9.6536
UI0002098,FAC0059,BANK03,2022,2022-10,93510,29441.11,50,46990,4789.38,101,347.12,46755.0,GO,0.2802,26.2015,13.1008,9.492
UI0002099,FAC0059,BANK03,2022,2022-11,102797,30921.17,50,43866,3390.19,115,381.87,51398.5,I-REC,0.2802,28.8037,14.4019,8.8609
UI0002100,FAC0059,BANK03,2022,2022-12,148523,31059.01,30,60290,7581.7,166,678.29,44556.9,I-REC,0.2802,41.6161,29.1313,12.1786
UI0002101,FAC0059,BANK03,2023,2023-01,129881,33889.21,40,67279,5491.92,81,283.94,51952.4,I-REC,0.272,35.3276,21.1966,13.5904
UI0002102,FAC0059,BANK03,2023,2023-02,137255,40066.37,40,57206,4161.86,126,496.87,54902.0,I-REC,0.272,37.3334,22.4,11.5556
UI0002103,FAC0059,BANK03,2023,2023-03,104516,22171.38,60,46469,4641.01,87,322.45,62709.6,GO,0.272,28.4284,11.3713,9.3867
UI0002104,FAC0059,BANK03,2023,2023-04,108595,26722.09,30,46654,3287.28,94,398.03,32578.5,I-REC,0.272,29.5378,20.6765,9.4241
UI0002105,FAC0059,BANK03,2023,2023-05,107098,23076.81,60,46706,5471.11,92,356.38,64258.8,GO,0.272,29.1307,11.6523,9.4346
UI0002106,FAC0059,BANK03,2023,2023-06,127751,34249.06,40,56403,5236.3,151,500.42,51100.4,I-REC,0.272,34.7483,20.849,11.3934
UI0002107,FAC0059,BANK03,2023,2023-07,128116,23389.48,30,54562,5207.41,113,357.25,38434.8,I-REC,0.272,34.8476,24.3933,11.0215
UI0002108,FAC0059,BANK03,2023,2023-08,122775,34303.43,50,57854,4571.48,150,713.13,61387.5,GO,0.272,33.3948,16.6974,11.6865
UI0002109,FAC0059,BANK03,2023,2023-09,94335,30134.8,30,42056,3340.29,100,348.13,28300.5,I-REC,0.272,25.6591,17.9614,8.4953
UI0002110,FAC0059,BANK03,2023,2023-10,90935,25348.54,30,48513,4042.49,133,471.28,27280.5,GO,0.272,24.7343,17.314,9.7996
UI0002111,FAC0059,BANK03,2023,2023-11,93020,21052.77,60,49192,4148.35,107,345.55,55812.0,I-REC,0.272,25.3014,10.1206,9.9368
UI0002112,FAC0059,BANK03,2023,2023-12,131838,39686.62,30,62555,4868.66,166,635.96,39551.4,GO,0.272,35.8599,25.102,12.6361
UI0002113,FAC0059,BANK03,2024,2024-01,128197,34063.26,70,55876,7181.76,165,650.51,89737.9,GO,0.2641,33.8568,10.157,11.287
UI0002114,FAC0059,BANK03,2024,2024-02,135519,29217.01,40,54490,4876.38,99,347.04,54207.6,GO,0.2641,35.7906,21.4743,11.007
UI0002115,FAC0059,BANK03,2024,2024-03,106879,27921.06,60,44314,3115.27,123,537.7,64127.4,GO,0.2641,28.2267,11.2907,8.9514
UI0002116,FAC0059,BANK03,2024,2024-04,94008,18235.61,40,47932,5800.77,112,357.28,37603.2,GO,0.2641,24.8275,14.8965,9.6823
UI0002117,FAC0059,BANK03,2024,2024-05,96360,24302.13,50,42077,4672.42,176,632.09,48180.0,GO,0.2641,25.4487,12.7243,8.4996
UI0002118,FAC0059,BANK03,2024,2024-06,110857,29503.3,70,49914,6911.88,163,624.52,77599.9,GO,0.2641,29.2773,8.7832,10.0826
UI0002119,FAC0059,BANK03,2024,2024-07,125540,35046.85,50,58407,5611.36,91,400.06,62770.0,I-REC,0.2641,33.1551,16.5776,11.7982
UI0002120,FAC0059,BANK03,2024,2024-08,124712,28111.68,40,51321,6601.0,160,541.79,49884.8,I-REC,0.2641,32.9364,19.7619,10.3668
UI0002121,FAC0059,BANK03,2024,2024-09,97319,30068.92,60,44817,5459.24,110,540.02,58391.4,GO,0.2641,25.7019,10.2808,9.053
UI0002122,FAC0059,BANK03,2024,2024-10,105071,32716.87,50,43557,5324.0,181,787.84,52535.5,GO,0.2641,27.7493,13.8746,8.7985
UI0002123,FAC0059,BANK03,2024,2024-11,100064,30824.61,40,41207,5123.7,89,412.44,40025.6,I-REC,0.2641,26.4269,15.8561,8.3238
UI0002124,FAC0059,BANK03,2024,2024-12,126180,30579.09,70,62665,6769.75,165,672.64,88326.0,I-REC,0.2641,33.3241,9.9972,12.6583
UI0002125,FAC0060,BANK03,2022,2022-01,72972,18565.05,40,32437,2313.01,776,2697.31,29188.8,I-REC,0.2802,20.4468,12.2681,6.5523
UI0002126,FAC0060,BANK03,2022,2022-02,70782,19743.78,20,37541,4186.22,695,2248.65,14156.4,I-REC,0.2802,19.8331,15.8665,7.5833
UI0002127,FAC0060,BANK03,2022,2022-03,56311,16654.23,40,23536,1863.75,734,3096.24,22524.4,GO,0.2802,15.7783,9.467,4.7543
UI0002128,FAC0060,BANK03,2022,2022-04,60211,16407.81,40,25085,2395.93,651,3097.82,24084.4,I-REC,0.2802,16.8711,10.1227,5.0672
UI0002129,FAC0060,BANK03,2022,2022-05,50747,12281.47,50,26984,2729.28,494,2074.39,25373.5,I-REC,0.2802,14.2193,7.1097,5.4508
UI0002130,FAC0060,BANK03,2022,2022-06,74815,23830.18,50,28898,3636.05,641,2209.53,37407.5,GO,0.2802,20.9632,10.4816,5.8374
UI0002131,FAC0060,BANK03,2022,2022-07,71077,17193.62,30,33119,2898.18,546,2475.62,21323.1,I-REC,0.2802,19.9158,13.941,6.69
UI0002132,FAC0060,BANK03,2022,2022-08,70725,22314.95,40,28894,3176.34,510,2459.79,28290.0,I-REC,0.2802,19.8171,11.8903,5.8366
UI0002133,FAC0060,BANK03,2022,2022-09,50677,10409.8,30,27087,3368.57,729,2480.67,15203.1,GO,0.2802,14.1997,9.9398,5.4716
UI0002134,FAC0060,BANK03,2022,2022-10,58162,17923.08,20,26255,2197.62,504,1974.17,11632.4,GO,0.2802,16.297,13.0376,5.3035
UI0002135,FAC0060,BANK03,2022,2022-11,57843,10468.69,30,23551,3278.0,637,2542.7,17352.9,I-REC,0.2802,16.2076,11.3453,4.7573
UI0002136,FAC0060,BANK03,2022,2022-12,72801,20549.77,30,31645,3482.76,388,1749.96,21840.3,GO,0.2802,20.3988,14.2792,6.3923
UI0002137,FAC0060,BANK03,2023,2023-01,72640,17819.75,40,36251,4144.87,715,3473.5,29056.0,I-REC,0.272,19.7581,11.8548,7.3227
UI0002138,FAC0060,BANK03,2023,2023-02,75803,15886.35,40,36596,4295.39,745,3349.77,30321.2,I-REC,0.272,20.6184,12.371,7.3924
UI0002139,FAC0060,BANK03,2023,2023-03,58887,14831.93,40,26142,3172.9,731,3601.25,23554.8,I-REC,0.272,16.0173,9.6104,5.2807
UI0002140,FAC0060,BANK03,2023,2023-04,55374,14200.87,30,25829,3194.77,514,2339.67,16612.2,I-REC,0.272,15.0617,10.5432,5.2175
UI0002141,FAC0060,BANK03,2023,2023-05,59841,16734.36,30,25085,3330.24,648,1955.08,17952.3,I-REC,0.272,16.2768,11.3937,5.0672
UI0002142,FAC0060,BANK03,2023,2023-06,60233,17434.85,50,29239,2686.61,599,2616.42,30116.5,GO,0.272,16.3834,8.1917,5.9063
UI0002143,FAC0060,BANK03,2023,2023-07,68772,13441.12,50,29334,4030.81,694,2709.24,34386.0,GO,0.272,18.706,9.353,5.9255
UI0002144,FAC0060,BANK03,2023,2023-08,67956,15900.63,40,32888,4077.55,669,2466.42,27182.4,GO,0.272,18.484,11.0904,6.6434
UI0002145,FAC0060,BANK03,2023,2023-09,56395,17995.19,50,24228,1881.03,538,2034.72,28197.5,GO,0.272,15.3394,7.6697,4.8941
UI0002146,FAC0060,BANK03,2023,2023-10,59486,18376.79,40,26430,2804.24,448,2199.51,23794.4,GO,0.272,16.1802,9.7081,5.3389
UI0002147,FAC0060,BANK03,2023,2023-11,56205,16509.23,60,27079,3230.06,668,2768.6,33723.0,I-REC,0.272,15.2878,6.1151,5.47
UI0002148,FAC0060,BANK03,2023,2023-12,71911,22225.58,40,33709,3532.08,477,1828.47,28764.4,GO,0.272,19.5598,11.7359,6.8092
UI0002149,FAC0060,BANK03,2024,2024-01,78437,25055.89,60,33337,2842.5,506,1828.26,47062.2,GO,0.2641,20.7152,8.2861,6.7341
UI0002150,FAC0060,BANK03,2024,2024-02,64894,20730.45,40,35243,4075.88,647,2067.63,25957.6,GO,0.2641,17.1385,10.2831,7.1191
UI0002151,FAC0060,BANK03,2024,2024-03,55616,16864.03,40,24576,2900.6,765,3610.62,22246.4,I-REC,0.2641,14.6882,8.8129,4.9644
UI0002152,FAC0060,BANK03,2024,2024-04,51644,12967.84,70,22397,1909.43,617,2571.49,36150.8,GO,0.2641,13.6392,4.0918,4.5242
UI0002153,FAC0060,BANK03,2024,2024-05,49846,10943.84,60,23247,2011.81,655,2212.71,29907.6,I-REC,0.2641,13.1643,5.2657,4.6959
UI0002154,FAC0060,BANK03,2024,2024-06,66598,18347.52,60,30873,2254.51,394,1329.58,39958.8,GO,0.2641,17.5885,7.0354,6.2363
UI0002155,FAC0060,BANK03,2024,2024-07,60116,13472.51,70,33266,2697.99,398,1383.36,42081.2,I-REC,0.2641,15.8766,4.763,6.7197
UI0002156,FAC0060,BANK03,2024,2024-08,68075,18191.66,60,31520,2550.32,698,2923.55,40845.0,GO,0.2641,17.9786,7.1914,6.367
UI0002157,FAC0060,BANK03,2024,2024-09,48828,12084.44,60,22962,1727.63,393,1512.17,29296.8,I-REC,0.2641,12.8955,5.1582,4.6383
UI0002158,FAC0060,BANK03,2024,2024-10,54819,12276.98,60,26656,2509.06,598,2333.98,32891.4,GO,0.2641,14.4777,5.7911,5.3845
UI0002159,FAC0060,BANK03,2024,2024-11,58853,13980.55,40,26790,2757.19,403,1268.36,23541.2,GO,0.2641,15.5431,9.3258,5.4116
UI0002160,FAC0060,BANK03,2024,2024-12,70314,18204.58,60,31734,3996.97,756,3476.38,42188.4,I-REC,0.2641,18.5699,7.428,6.4103
UI0002161,FAC0061,BANK03,2022,2022-01,17981,5570.59,30,8387,937.62,1028,5050.67,5394.3,GO,0.2802,5.0383,3.5268,1.6942
UI0002162,FAC0061,BANK03,2022,2022-02,18122,5400.06,20,9317,864.1,1190,4611.49,3624.4,GO,0.2802,5.0778,4.0622,1.882
UI0002163,FAC0061,BANK03,2022,2022-03,14345,4402.33,30,7297,787.14,726,2521.91,4303.5,I-REC,0.2802,4.0195,2.8136,1.474
UI0002164,FAC0061,BANK03,2022,2022-04,15237,3636.99,40,6110,724.94,898,3140.0,6094.8,I-REC,0.2802,4.2694,2.5616,1.2342
UI0002165,FAC0061,BANK03,2022,2022-05,13173,3441.95,40,6420,472.34,885,4371.06,5269.2,GO,0.2802,3.6911,2.2146,1.2968
UI0002166,FAC0061,BANK03,2022,2022-06,16843,4180.78,50,7973,858.89,598,2753.2,8421.5,I-REC,0.2802,4.7194,2.3597,1.6105
UI0002167,FAC0061,BANK03,2022,2022-07,17199,4271.24,30,8733,1135.71,776,2625.5,5159.7,GO,0.2802,4.8192,3.3734,1.7641
UI0002168,FAC0061,BANK03,2022,2022-08,18670,3453.04,50,7526,800.53,1128,4950.3,9335.0,I-REC,0.2802,5.2313,2.6157,1.5203
UI0002169,FAC0061,BANK03,2022,2022-09,15572,4869.76,30,6614,659.32,890,4323.85,4671.6,GO,0.2802,4.3633,3.0543,1.336
UI0002170,FAC0061,BANK03,2022,2022-10,13211,3421.55,20,7352,707.39,738,2711.65,2642.2,GO,0.2802,3.7017,2.9614,1.4851
UI0002171,FAC0061,BANK03,2022,2022-11,13229,3180.69,20,6215,843.37,1203,4721.12,2645.8,GO,0.2802,3.7068,2.9654,1.2554
UI0002172,FAC0061,BANK03,2022,2022-12,21125,4313.09,20,8219,607.44,862,3592.85,4225.0,I-REC,0.2802,5.9192,4.7354,1.6602
UI0002173,FAC0061,BANK03,2023,2023-01,17994,4748.23,60,8482,1124.57,619,2986.51,10796.4,I-REC,0.272,4.8944,1.9577,1.7134
UI0002174,FAC0061,BANK03,2023,2023-02,18657,5149.73,40,9221,1132.74,1028,4765.6,7462.8,GO,0.272,5.0747,3.0448,1.8626
UI0002175,FAC0061,BANK03,2023,2023-03,14583,3804.98,40,6793,655.22,1255,5393.48,5833.2,GO,0.272,3.9666,2.3799,1.3722
UI0002176,FAC0061,BANK03,2023,2023-04,13318,3292.93,30,5956,483.47,859,4156.95,3995.4,I-REC,0.272,3.6225,2.5357,1.2031
UI0002177,FAC0061,BANK03,2023,2023-05,13018,3274.38,40,6026,697.0,1034,4021.17,5207.2,I-REC,0.272,3.5409,2.1245,1.2173
UI0002178,FAC0061,BANK03,2023,2023-06,16743,4468.07,50,8009,742.36,635,2838.88,8371.5,GO,0.272,4.5541,2.277,1.6178
UI0002179,FAC0061,BANK03,2023,2023-07,17639,3328.47,40,7995,667.95,724,2401.91,7055.6,GO,0.272,4.7978,2.8787,1.615
UI0002180,FAC0061,BANK03,2023,2023-08,18076,5683.06,30,8618,1194.97,1183,3945.09,5422.8,I-REC,0.272,4.9167,3.4417,1.7408
UI0002181,FAC0061,BANK03,2023,2023-09,15694,3738.84,50,6685,664.06,1305,5228.53,7847.0,GO,0.272,4.2688,2.1344,1.3504
UI0002182,FAC0061,BANK03,2023,2023-10,13826,2514.12,60,6932,760.79,806,3737.38,8295.6,I-REC,0.272,3.7607,1.5043,1.4003
UI0002183,FAC0061,BANK03,2023,2023-11,15253,3685.04,50,6808,807.66,1293,4543.78,7626.5,GO,0.272,4.1488,2.0744,1.3752
UI0002184,FAC0061,BANK03,2023,2023-12,20317,4945.7,40,8541,876.34,878,3074.07,8126.8,I-REC,0.272,5.5262,3.3157,1.7253
UI0002185,FAC0061,BANK03,2024,2024-01,18705,3376.34,70,9344,1109.89,799,3365.38,13093.5,I-REC,0.2641,4.94,1.482,1.8875
UI0002186,FAC0061,BANK03,2024,2024-02,18412,5876.39,40,8605,654.4,954,4588.51,7364.8,I-REC,0.2641,4.8626,2.9176,1.7382
UI0002187,FAC0061,BANK03,2024,2024-03,14083,3610.96,50,6620,535.26,1346,5444.44,7041.5,I-REC,0.2641,3.7193,1.8597,1.3372
UI0002188,FAC0061,BANK03,2024,2024-04,14874,4538.08,50,6010,709.73,1222,3840.01,7437.0,GO,0.2641,3.9282,1.9641,1.214
UI0002189,FAC0061,BANK03,2024,2024-05,14448,2603.29,40,6323,529.31,687,2737.96,5779.2,GO,0.2641,3.8157,2.2894,1.2772
UI0002190,FAC0061,BANK03,2024,2024-06,17664,4981.41,70,8621,843.54,619,2494.96,12364.8,GO,0.2641,4.6651,1.3995,1.7414
UI0002191,FAC0061,BANK03,2024,2024-07,18177,4233.78,70,7247,1014.3,1256,6203.17,12723.9,GO,0.2641,4.8005,1.4402,1.4639
UI0002192,FAC0061,BANK03,2024,2024-08,17429,4558.88,70,7712,642.9,643,2087.45,12200.3,I-REC,0.2641,4.603,1.3809,1.5578
UI0002193,FAC0061,BANK03,2024,2024-09,13128,2800.87,60,6821,655.6,800,3497.08,7876.8,I-REC,0.2641,3.4671,1.3868,1.3778
UI0002194,FAC0061,BANK03,2024,2024-10,12873,4078.1,40,6351,691.91,607,2138.69,5149.2,GO,0.2641,3.3998,2.0399,1.2829
UI0002195,FAC0061,BANK03,2024,2024-11,12695,3122.71,40,6404,758.55,1328,6054.2,5078.0,GO,0.2641,3.3527,2.0116,1.2936
UI0002196,FAC0061,BANK03,2024,2024-12,19418,3958.88,60,8618,892.55,1302,5595.64,11650.8,GO,0.2641,5.1283,2.0513,1.7408
UI0002197,FAC0062,BANK03,2022,2022-01,92223,20279.6,20,37108,3181.84,2384,11801.0,18444.6,GO,0.2802,25.8409,20.6727,7.4958
UI0002198,FAC0062,BANK03,2022,2022-02,89654,24916.13,50,42625,4917.57,2037,7307.42,44827.0,GO,0.2802,25.1211,12.5605,8.6103
UI0002199,FAC0062,BANK03,2022,2022-03,60677,11219.07,20,27824,3561.68,2607,12644.75,12135.4,GO,0.2802,17.0017,13.6014,5.6204
UI0002200,FAC0062,BANK03,2022,2022-04,60254,15529.71,50,30362,2894.97,2367,10540.31,30127.0,I-REC,0.2802,16.8832,8.4416,6.1331
UI0002201,FAC0062,BANK03,2022,2022-05,59732,15479.46,40,27790,2263.3,1660,7511.84,23892.8,GO,0.2802,16.7369,10.0421,5.6136
UI0002202,FAC0062,BANK03,2022,2022-06,82955,15883.16,20,38859,5412.4,2068,6916.01,16591.0,I-REC,0.2802,23.244,18.5952,7.8495
UI0002203,FAC0062,BANK03,2022,2022-07,87397,19023.2,50,37122,3795.72,2502,10972.87,43698.5,I-REC,0.2802,24.4886,12.2443,7.4986
UI0002204,FAC0062,BANK03,2022,2022-08,83552,18797.59,50,40605,5306.86,2102,10458.56,41776.0,GO,0.2802,23.4113,11.7056,8.2022
UI0002205,FAC0062,BANK03,2022,2022-09,69480,13978.59,40,29051,3382.04,2283,9955.97,27792.0,GO,0.2802,19.4683,11.681,5.8683
UI0002206,FAC0062,BANK03,2022,2022-10,69684,15287.23,20,29072,2858.14,2114,6819.79,13936.8,I-REC,0.2802,19.5255,15.6204,5.8725
UI0002207,FAC0062,BANK03,2022,2022-11,69883,13487.99,40,28787,3824.78,1575,5316.11,27953.2,GO,0.2802,19.5812,11.7487,5.815
UI0002208,FAC0062,BANK03,2022,2022-12,87529,26396.62,30,43024,5389.14,2060,9460.43,26258.7,GO,0.2802,24.5256,17.1679,8.6908
UI0002209,FAC0062,BANK03,2023,2023-01,84686,19740.72,60,40507,3162.17,2318,10088.21,50811.6,I-REC,0.272,23.0346,9.2138,8.1824
UI0002210,FAC0062,BANK03,2023,2023-02,84362,19242.19,50,43252,5349.3,2400,11080.01,42181.0,I-REC,0.272,22.9465,11.4732,8.7369
UI0002211,FAC0062,BANK03,2023,2023-03,64323,16269.54,50,30531,3452.34,1204,4553.49,32161.5,I-REC,0.272,17.4959,8.7479,6.1673
UI0002212,FAC0062,BANK03,2023,2023-04,64989,16388.35,30,28593,2424.71,2023,9384.65,19496.7,GO,0.272,17.677,12.3739,5.7758
UI0002213,FAC0062,BANK03,2023,2023-05,62761,17217.71,30,29346,2966.72,1562,5515.53,18828.3,I-REC,0.272,17.071,11.9497,5.9279
UI0002214,FAC0062,BANK03,2023,2023-06,71783,14756.58,40,37452,3601.83,1977,6893.75,28713.2,I-REC,0.272,19.525,11.715,7.5653
UI0002215,FAC0062,BANK03,2023,2023-07,73663,22554.93,30,36165,2760.73,2028,9989.11,22098.9,I-REC,0.272,20.0363,14.0254,7.3053
UI0002216,FAC0062,BANK03,2023,2023-08,85805,27003.04,30,36726,3214.26,2345,10212.14,25741.5,I-REC,0.272,23.339,16.3373,7.4187
UI0002217,FAC0062,BANK03,2023,2023-09,70022,18451.05,50,30597,3894.86,2144,6759.49,35011.0,GO,0.272,19.046,9.523,6.1806
UI0002218,FAC0062,BANK03,2023,2023-10,63015,11804.23,40,30401,3530.64,1312,5833.71,25206.0,I-REC,0.272,17.1401,10.284,6.141
UI0002219,FAC0062,BANK03,2023,2023-11,60960,18462.46,30,28593,2081.34,2551,8449.92,18288.0,I-REC,0.272,16.5811,11.6068,5.7758
UI0002220,FAC0062,BANK03,2023,2023-12,89204,24332.86,60,39271,3118.03,1368,5020.41,53522.4,I-REC,0.272,24.2635,9.7054,7.9327
UI0002221,FAC0062,BANK03,2024,2024-01,81914,25310.97,70,39487,4278.98,1382,4427.86,57339.8,GO,0.2641,21.6335,6.49,7.9764
UI0002222,FAC0062,BANK03,2024,2024-02,86625,21298.25,60,42787,5041.0,2425,10227.92,51975.0,GO,0.2641,22.8777,9.1511,8.643
UI0002223,FAC0062,BANK03,2024,2024-03,64080,13099.92,60,29030,2535.87,1719,6723.58,38448.0,I-REC,0.2641,16.9235,6.7694,5.8641
UI0002224,FAC0062,BANK03,2024,2024-04,58534,18621.62,70,30639,4031.19,2523,7975.73,40973.8,GO,0.2641,15.4588,4.6376,6.1891
UI0002225,FAC0062,BANK03,2024,2024-05,62681,18378.95,40,29095,2737.54,1889,6211.25,25072.4,GO,0.2641,16.5541,9.9324,5.8772
UI0002226,FAC0062,BANK03,2024,2024-06,82863,22104.06,70,33573,3533.27,1808,7770.98,58004.1,I-REC,0.2641,21.8841,6.5652,6.7817
UI0002227,FAC0062,BANK03,2024,2024-07,77001,17424.56,70,39399,3526.79,1927,7757.03,53900.7,GO,0.2641,20.336,6.1008,7.9586
UI0002228,FAC0062,BANK03,2024,2024-08,83660,18310.57,50,37716,2945.18,2595,10952.85,41830.0,I-REC,0.2641,22.0946,11.0473,7.6186
UI0002229,FAC0062,BANK03,2024,2024-09,69869,16645.09,50,30645,4055.45,2013,6052.13,34934.5,I-REC,0.2641,18.4524,9.2262,6.1903
UI0002230,FAC0062,BANK03,2024,2024-10,61390,13911.1,70,29941,4172.97,1409,7010.82,42973.0,GO,0.2641,16.2131,4.8639,6.0481
UI0002231,FAC0062,BANK03,2024,2024-11,64609,12632.56,40,27881,3591.65,2488,11651.25,25843.6,I-REC,0.2641,17.0632,10.2379,5.632
UI0002232,FAC0062,BANK03,2024,2024-12,85239,20378.13,50,41373,5179.18,1858,6872.64,42619.5,I-REC,0.2641,22.5116,11.2558,8.3573
UI0002233,FAC0063,BANK03,2022,2022-01,98685,25422.62,50,53123,5213.73,2431,10721.93,49342.5,I-REC,0.0927,9.1481,4.574,10.7308
UI0002234,FAC0063,BANK03,2022,2022-02,111128,20442.13,50,46742,4642.51,2311,9767.62,55564.0,I-REC,0.0927,10.3016,5.1508,9.4419
UI0002235,FAC0063,BANK03,2022,2022-03,80417,18739.37,20,39689,3143.07,2412,7865.71,16083.4,GO,0.0927,7.4547,5.9637,8.0172
UI0002236,FAC0063,BANK03,2022,2022-04,82296,24456.69,30,35496,4870.6,1401,4696.88,24688.8,GO,0.0927,7.6288,5.3402,7.1702
UI0002237,FAC0063,BANK03,2022,2022-05,86290,16346.5,50,38093,3770.06,2107,9054.62,43145.0,I-REC,0.0927,7.9991,3.9995,7.6948
UI0002238,FAC0063,BANK03,2022,2022-06,93701,19333.09,50,44804,3332.7,2281,10522.18,46850.5,GO,0.0927,8.6861,4.343,9.0504
UI0002239,FAC0063,BANK03,2022,2022-07,90681,22562.88,20,41369,5349.86,1816,7473.21,18136.2,I-REC,0.0927,8.4061,6.7249,8.3565
UI0002240,FAC0063,BANK03,2022,2022-08,97697,23278.02,50,47532,4388.46,1120,5335.69,48848.5,I-REC,0.0927,9.0565,4.5283,9.6015
UI0002241,FAC0063,BANK03,2022,2022-09,77665,18075.69,50,39655,3757.5,1518,5544.05,38832.5,GO,0.0927,7.1995,3.5998,8.0103
UI0002242,FAC0063,BANK03,2022,2022-10,85464,22903.24,30,33872,3677.42,2359,9540.99,25639.2,I-REC,0.0927,7.9225,5.5458,6.8421
UI0002243,FAC0063,BANK03,2022,2022-11,77535,18654.21,50,33844,2467.41,1294,6276.74,38767.5,GO,0.0927,7.1875,3.5937,6.8365
UI0002244,FAC0063,BANK03,2022,2022-12,113969,23316.28,40,50424,5299.82,1601,5303.53,45587.6,I-REC,0.0927,10.5649,6.339,10.1856
UI0002245,FAC0063,BANK03,2023,2023-01,108727,24568.76,30,48635,3555.8,1455,4595.6,32618.1,GO,0.09,9.7854,6.8498,9.8243
UI0002246,FAC0063,BANK03,2023,2023-02,98834,19051.63,60,50006,6068.28,2197,10391.26,59300.4,I-REC,0.09,8.8951,3.558,10.1012
UI0002247,FAC0063,BANK03,2023,2023-03,73959,23093.72,60,33771,3600.22,1077,5342.27,44375.4,I-REC,0.09,6.6563,2.6625,6.8217
UI0002248,FAC0063,BANK03,2023,2023-04,72658,18623.67,60,35823,2849.11,2278,11138.24,43594.8,GO,0.09,6.5392,2.6157,7.2362
UI0002249,FAC0063,BANK03,2023,2023-05,81698,20758.3,40,38253,4655.95,1314,6521.53,32679.2,I-REC,0.09,7.3528,4.4117,7.7271
UI0002250,FAC0063,BANK03,2023,2023-06,100236,24341.01,60,41188,3536.19,1763,6236.22,60141.6,I-REC,0.09,9.0212,3.6085,8.32
UI0002251,FAC0063,BANK03,2023,2023-07,104988,28684.54,40,48338,4153.63,1063,3660.68,41995.2,I-REC,0.09,9.4489,5.6694,9.7643
UI0002252,FAC0063,BANK03,2023,2023-08,98611,24381.31,50,42937,4033.87,2275,8760.04,49305.5,I-REC,0.09,8.875,4.4375,8.6733
UI0002253,FAC0063,BANK03,2023,2023-09,73696,18420.96,60,37330,4478.43,2259,6942.14,44217.6,GO,0.09,6.6326,2.6531,7.5407
UI0002254,FAC0063,BANK03,2023,2023-10,74667,15722.28,60,34159,4642.42,1798,8184.31,44800.2,I-REC,0.09,6.72,2.688,6.9001
UI0002255,FAC0063,BANK03,2023,2023-11,74132,19059.72,40,37226,4731.69,2211,10215.29,29652.8,I-REC,0.09,6.6719,4.0031,7.5197
UI0002256,FAC0063,BANK03,2023,2023-12,113545,21101.91,50,43706,5283.07,2049,6771.51,56772.5,GO,0.09,10.219,5.1095,8.8286
UI0002257,FAC0063,BANK03,2024,2024-01,99360,31532.35,50,45368,5702.91,1629,7794.35,49680.0,GO,0.0874,8.6841,4.342,9.1643
UI0002258,FAC0063,BANK03,2024,2024-02,112511,26797.83,40,48766,6728.47,1465,5969.69,45004.4,GO,0.0874,9.8335,5.9001,9.8507
UI0002259,FAC0063,BANK03,2024,2024-03,83941,19806.91,60,34518,3974.56,1873,6491.24,50364.6,GO,0.0874,7.3364,2.9346,6.9726
UI0002260,FAC0063,BANK03,2024,2024-04,75271,19963.46,70,37552,3409.4,2280,11241.99,52689.7,GO,0.0874,6.5787,1.9736,7.5855
UI0002261,FAC0063,BANK03,2024,2024-05,77178,19288.68,70,38551,3314.56,1424,4805.75,54024.6,GO,0.0874,6.7454,2.0236,7.7873
UI0002262,FAC0063,BANK03,2024,2024-06,87998,19331.34,50,46429,5207.48,2408,8920.43,43999.0,I-REC,0.0874,7.691,3.8455,9.3787
UI0002263,FAC0063,BANK03,2024,2024-07,93395,28463.38,70,45052,3907.84,1094,4627.53,65376.5,I-REC,0.0874,8.1627,2.4488,9.1005
UI0002264,FAC0063,BANK03,2024,2024-08,102325,32155.04,60,44125,4391.42,1885,5774.79,61395.0,I-REC,0.0874,8.9432,3.5773,8.9133
UI0002265,FAC0063,BANK03,2024,2024-09,75603,14234.68,50,36482,2882.59,1888,8376.72,37801.5,GO,0.0874,6.6077,3.3039,7.3694
UI0002266,FAC0063,BANK03,2024,2024-10,72723,20153.96,40,38748,3366.92,1862,9106.38,29089.2,I-REC,0.0874,6.356,3.8136,7.8271
UI0002267,FAC0063,BANK03,2024,2024-11,76930,16515.73,50,38123,3800.9,1581,6717.84,38465.0,I-REC,0.0874,6.7237,3.3618,7.7008
UI0002268,FAC0063,BANK03,2024,2024-12,98914,18333.39,40,51024,5977.77,2141,10476.54,39565.6,GO,0.0874,8.6451,5.1871,10.3068
UI0002269,FAC0064,BANK03,2022,2022-01,82184,18544.89,30,36781,3754.86,232,756.0,24655.2,I-REC,0.2987,24.5484,17.1839,7.4298
UI0002270,FAC0064,BANK03,2022,2022-02,87082,16538.86,50,38906,3591.56,242,910.39,43541.0,GO,0.2987,26.0114,13.0057,7.859
UI0002271,FAC0064,BANK03,2022,2022-03,64706,14848.96,40,30168,3156.32,215,889.39,25882.4,I-REC,0.2987,19.3277,11.5966,6.0939
UI0002272,FAC0064,BANK03,2022,2022-04,64750,14593.96,40,28477,3286.18,215,940.98,25900.0,GO,0.2987,19.3408,11.6045,5.7524
UI0002273,FAC0064,BANK03,2022,2022-05,61901,12136.47,50,29601,3137.0,265,1258.93,30950.5,GO,0.2987,18.4898,9.2449,5.9794
UI0002274,FAC0064,BANK03,2022,2022-06,84487,22591.59,30,34200,4649.29,158,691.94,25346.1,I-REC,0.2987,25.2363,17.6654,6.9084
UI0002275,FAC0064,BANK03,2022,2022-07,71697,21025.91,30,38252,2842.86,316,1234.38,21509.1,GO,0.2987,21.4159,14.9911,7.7269
UI0002276,FAC0064,BANK03,2022,2022-08,80023,23084.87,30,35939,2702.66,331,1423.37,24006.9,GO,0.2987,23.9029,16.732,7.2597
UI0002277,FAC0064,BANK03,2022,2022-09,58222,11234.19,30,26701,3424.57,265,993.36,17466.6,GO,0.2987,17.3909,12.1736,5.3936
UI0002278,FAC0064,BANK03,2022,2022-10,60744,11277.15,30,28038,3546.2,173,565.89,18223.2,I-REC,0.2987,18.1442,12.701,5.6637
UI0002279,FAC0064,BANK03,2022,2022-11,64991,13540.7,50,30781,3259.78,313,1423.91,32495.5,GO,0.2987,19.4128,9.7064,6.2178
UI0002280,FAC0064,BANK03,2022,2022-12,78393,21608.9,40,42492,3694.17,180,800.46,31357.2,I-REC,0.2987,23.416,14.0496,8.5834
UI0002281,FAC0064,BANK03,2023,2023-01,75999,13782.04,50,35664,4249.58,334,1391.28,37999.5,I-REC,0.29,22.0397,11.0199,7.2041
UI0002282,FAC0064,BANK03,2023,2023-02,91013,23720.03,30,37711,2878.02,200,918.89,27303.9,GO,0.29,26.3938,18.4756,7.6176
UI0002283,FAC0064,BANK03,2023,2023-03,56962,13072.86,40,28943,3184.23,151,629.06,22784.8,GO,0.29,16.519,9.9114,5.8465
UI0002284,FAC0064,BANK03,2023,2023-04,56621,15009.63,60,25937,2274.72,322,1053.77,33972.6,GO,0.29,16.4201,6.568,5.2393
UI0002285,FAC0064,BANK03,2023,2023-05,67170,15914.53,50,27139,2063.76,174,835.22,33585.0,I-REC,0.29,19.4793,9.7396,5.4821
UI0002286,FAC0064,BANK03,2023,2023-06,69596,19747.31,50,38280,4635.34,166,575.43,34798.0,GO,0.29,20.1828,10.0914,7.7326
UI0002287,FAC0064,BANK03,2023,2023-07,80430,16890.9,40,36484,4513.06,235,998.0,32172.0,I-REC,0.29,23.3247,13.9948,7.3698
UI0002288,FAC0064,BANK03,2023,2023-08,78774,15140.82,60,37762,3948.01,226,809.24,47264.4,GO,0.29,22.8445,9.1378,7.6279
UI0002289,FAC0064,BANK03,2023,2023-09,57457,15323.46,40,30183,3978.11,173,763.88,22982.8,I-REC,0.29,16.6625,9.9975,6.097
UI0002290,FAC0064,BANK03,2023,2023-10,62100,16325.4,50,31477,2876.12,152,466.45,31050.0,I-REC,0.29,18.009,9.0045,6.3584
UI0002291,FAC0064,BANK03,2023,2023-11,63535,16581.07,30,31230,3667.02,154,555.02,19060.5,GO,0.29,18.4251,12.8976,6.3085
UI0002292,FAC0064,BANK03,2023,2023-12,80449,22095.64,30,35815,4685.32,302,927.8,24134.7,GO,0.29,23.3302,16.3311,7.2346
UI0002293,FAC0064,BANK03,2024,2024-01,75493,23779.66,70,38711,4679.94,181,795.02,52845.1,I-REC,0.2816,21.2588,6.3776,7.8196
UI0002294,FAC0064,BANK03,2024,2024-02,74520,22604.91,70,40870,4651.92,189,751.86,52164.0,I-REC,0.2816,20.9848,6.2954,8.2557
UI0002295,FAC0064,BANK03,2024,2024-03,66810,20549.4,40,30735,2334.49,281,1325.34,26724.0,GO,0.2816,18.8137,11.2882,6.2085
UI0002296,FAC0064,BANK03,2024,2024-04,57393,17464.68,40,28343,3557.69,252,997.48,22957.2,GO,0.2816,16.1619,9.6971,5.7253
UI0002297,FAC0064,BANK03,2024,2024-05,55180,15511.36,50,29833,3720.79,150,456.88,27590.0,GO,0.2816,15.5387,7.7693,6.0263
UI0002298,FAC0064,BANK03,2024,2024-06,80105,21062.87,60,32591,3262.03,327,1607.63,48063.0,GO,0.2816,22.5576,9.023,6.5834
UI0002299,FAC0064,BANK03,2024,2024-07,68050,15535.27,70,37020,4732.87,235,938.09,47635.0,I-REC,0.2816,19.1629,5.7489,7.478
UI0002300,FAC0064,BANK03,2024,2024-08,72067,14505.89,70,35709,2687.71,213,799.74,50446.9,I-REC,0.2816,20.2941,6.0882,7.2132
UI0002301,FAC0064,BANK03,2024,2024-09,63825,17405.03,50,25928,3556.74,149,597.14,31912.5,GO,0.2816,17.9731,8.9866,5.2375
UI0002302,FAC0064,BANK03,2024,2024-10,55680,12481.45,40,28930,3825.03,308,1389.11,22272.0,I-REC,0.2816,15.6795,9.4077,5.8439
UI0002303,FAC0064,BANK03,2024,2024-11,66625,20011.48,70,30719,2592.81,327,1258.64,46637.5,GO,0.2816,18.7616,5.6285,6.2052
UI0002304,FAC0064,BANK03,2024,2024-12,87100,20587.23,60,33859,3785.56,210,981.66,52260.0,I-REC,0.2816,24.5274,9.8109,6.8395
UI0002305,FAC0065,BANK04,2022,2022-01,63475,17785.69,100,31028,4315.28,58,202.75,63475.0,I-REC,0.2987,18.96,0.0,6.2677
UI0002306,FAC0065,BANK04,2022,2022-02,67275,19099.81,100,27276,2517.01,72,333.91,67275.0,GO,0.2987,20.095,0.0,5.5098
UI0002307,FAC0065,BANK04,2022,2022-03,51344,9714.19,100,22794,2642.22,94,387.17,51344.0,GO,0.2987,15.3365,0.0,4.6044
UI0002308,FAC0065,BANK04,2022,2022-04,45672,13619.99,100,21011,2646.04,61,232.56,45672.0,I-REC,0.2987,13.6422,0.0,4.2442
UI0002309,FAC0065,BANK04,2022,2022-05,52396,15898.83,100,23684,2555.97,61,247.19,52396.0,GO,0.2987,15.6507,0.0,4.7842
UI0002310,FAC0065,BANK04,2022,2022-06,55759,13690.89,100,29478,3301.08,53,159.55,55759.0,I-REC,0.2987,16.6552,0.0,5.9546
UI0002311,FAC0065,BANK04,2022,2022-07,60335,18372.48,100,25701,3442.22,74,346.09,60335.0,I-REC,0.2987,18.0221,0.0,5.1916
UI0002312,FAC0065,BANK04,2022,2022-08,55149,15661.06,100,26728,2537.15,98,489.79,55149.0,I-REC,0.2987,16.473,0.0,5.3991
UI0002313,FAC0065,BANK04,2022,2022-09,44842,11688.3,100,22974,2284.95,50,152.39,44842.0,GO,0.2987,13.3943,0.0,4.6407
UI0002314,FAC0065,BANK04,2022,2022-10,45836,13244.77,100,21586,1866.42,93,371.18,45836.0,GO,0.2987,13.6912,0.0,4.3604
UI0002315,FAC0065,BANK04,2022,2022-11,49200,10202.27,100,21116,2775.96,85,398.0,49200.0,GO,0.2987,14.696,0.0,4.2654
UI0002316,FAC0065,BANK04,2022,2022-12,60826,11225.79,100,32622,3870.27,74,282.86,60826.0,GO,0.2987,18.1687,0.0,6.5896
UI0002317,FAC0065,BANK04,2023,2023-01,60819,18598.57,100,28525,2542.8,67,258.72,60819.0,I-REC,0.29,17.6375,0.0,5.7621
UI0002318,FAC0065,BANK04,2023,2023-02,61320,13019.73,100,29621,3663.25,49,159.77,61320.0,GO,0.29,17.7828,0.0,5.9834
UI0002319,FAC0065,BANK04,2023,2023-03,45258,13787.24,100,19632,2164.55,63,249.58,45258.0,I-REC,0.29,13.1248,0.0,3.9657
UI0002320,FAC0065,BANK04,2023,2023-04,41905,7571.48,100,20291,1567.29,73,328.4,41905.0,GO,0.29,12.1524,0.0,4.0988
UI0002321,FAC0065,BANK04,2023,2023-05,44048,9027.94,100,22589,1759.5,65,235.51,44048.0,I-REC,0.29,12.7739,0.0,4.563
UI0002322,FAC0065,BANK04,2023,2023-06,53214,12663.33,100,25420,2457.72,47,150.59,53214.0,GO,0.29,15.4321,0.0,5.1348
UI0002323,FAC0065,BANK04,2023,2023-07,55161,12825.33,100,23606,1800.02,55,231.83,55161.0,GO,0.29,15.9967,0.0,4.7684
UI0002324,FAC0065,BANK04,2023,2023-08,55307,12601.0,100,27343,3271.57,89,314.99,55307.0,GO,0.29,16.039,0.0,5.5233
UI0002325,FAC0065,BANK04,2023,2023-09,50531,11912.84,100,23060,3179.61,54,203.02,50531.0,GO,0.29,14.654,0.0,4.6581
UI0002326,FAC0065,BANK04,2023,2023-10,48515,15327.54,100,23124,3223.87,98,391.97,48515.0,I-REC,0.29,14.0694,0.0,4.671
UI0002327,FAC0065,BANK04,2023,2023-11,42387,9350.97,100,20319,2559.19,45,159.54,42387.0,I-REC,0.29,12.2922,0.0,4.1044
UI0002328,FAC0065,BANK04,2023,2023-12,63861,16560.71,100,27172,3185.09,63,288.28,63861.0,I-REC,0.29,18.5197,0.0,5.4887
UI0002329,FAC0065,BANK04,2024,2024-01,52978,10175.62,100,25543,2862.56,44,168.4,52978.0,I-REC,0.2816,14.9186,0.0,5.1597
UI0002330,FAC0065,BANK04,2024,2024-02,64101,20121.6,100,25119,3461.58,88,330.25,64101.0,I-REC,0.2816,18.0508,0.0,5.074
UI0002331,FAC0065,BANK04,2024,2024-03,44633,12348.4,100,21896,2531.49,83,369.65,44633.0,GO,0.2816,12.5687,0.0,4.423
UI0002332,FAC0065,BANK04,2024,2024-04,46203,10842.97,100,21234,2274.72,90,366.31,46203.0,I-REC,0.2816,13.0108,0.0,4.2893
UI0002333,FAC0065,BANK04,2024,2024-05,45257,10204.47,100,21765,2558.31,98,382.39,45257.0,I-REC,0.2816,12.7444,0.0,4.3965
UI0002334,FAC0065,BANK04,2024,2024-06,58764,17001.89,100,25170,2827.07,59,187.03,58764.0,GO,0.2816,16.5479,0.0,5.0843
UI0002335,FAC0065,BANK04,2024,2024-07,55580,10887.58,100,26761,2227.27,45,207.32,55580.0,I-REC,0.2816,15.6513,0.0,5.4057
UI0002336,FAC0065,BANK04,2024,2024-08,56736,17736.06,100,26509,2302.0,87,403.03,56736.0,I-REC,0.2816,15.9769,0.0,5.3548
UI0002337,FAC0065,BANK04,2024,2024-09,44996,12795.54,100,20498,2114.78,54,212.05,44996.0,GO,0.2816,12.6709,0.0,4.1406
UI0002338,FAC0065,BANK04,2024,2024-10,39619,12278.46,100,19923,1855.83,91,393.26,39619.0,GO,0.2816,11.1567,0.0,4.0244
UI0002339,FAC0065,BANK04,2024,2024-11,42425,8712.99,100,21097,2886.62,61,214.12,42425.0,I-REC,0.2816,11.9469,0.0,4.2616
UI0002340,FAC0065,BANK04,2024,2024-12,59815,13226.04,100,26387,3389.98,77,382.07,59815.0,GO,0.2816,16.8439,0.0,5.3302
UI0002341,FAC0066,BANK04,2022,2022-01,50438,15922.58,100,22058,2848.39,1419,4627.16,50438.0,GO,0.309,15.5853,0.0,4.4557
UI0002342,FAC0066,BANK04,2022,2022-02,46512,9103.07,100,22166,3051.79,1686,7561.66,46512.0,I-REC,0.309,14.3722,0.0,4.4775
UI0002343,FAC0066,BANK04,2022,2022-03,39590,10719.81,100,18055,1828.57,1585,5613.76,39590.0,I-REC,0.309,12.2333,0.0,3.6471
UI0002344,FAC0066,BANK04,2022,2022-04,35735,10190.79,100,17162,1904.21,1016,3523.97,35735.0,I-REC,0.309,11.0421,0.0,3.4667
UI0002345,FAC0066,BANK04,2022,2022-05,37271,9582.84,100,17674,2255.77,1435,5517.75,37271.0,I-REC,0.309,11.5167,0.0,3.5701
UI0002346,FAC0066,BANK04,2022,2022-06,47625,9179.89,100,20375,2789.1,1214,5711.24,47625.0,I-REC,0.309,14.7161,0.0,4.1158
UI0002347,FAC0066,BANK04,2022,2022-07,40085,12636.15,100,20093,1552.0,1193,5208.85,40085.0,GO,0.309,12.3863,0.0,4.0588
UI0002348,FAC0066,BANK04,2022,2022-08,45103,10676.11,100,20871,1570.39,1068,4781.3,45103.0,I-REC,0.309,13.9368,0.0,4.2159
UI0002349,FAC0066,BANK04,2022,2022-09,32710,10222.14,100,15860,1738.88,1718,7076.23,32710.0,GO,0.309,10.1074,0.0,3.2037
UI0002350,FAC0066,BANK04,2022,2022-10,33062,8846.46,100,18023,2385.74,1020,4789.53,33062.0,I-REC,0.309,10.2162,0.0,3.6406
UI0002351,FAC0066,BANK04,2022,2022-11,38180,7672.85,100,16003,2236.45,1081,5001.94,38180.0,GO,0.309,11.7976,0.0,3.2326
UI0002352,FAC0066,BANK04,2022,2022-12,48424,13289.02,100,22784,2886.22,1211,5359.75,48424.0,GO,0.309,14.963,0.0,4.6024
UI0002353,FAC0066,BANK04,2023,2023-01,48901,12600.38,100,21723,2523.52,1300,4025.52,48901.0,I-REC,0.3,14.6703,0.0,4.388
UI0002354,FAC0066,BANK04,2023,2023-02,42323,11393.77,100,22678,3096.48,1108,4370.73,42323.0,I-REC,0.3,12.6969,0.0,4.581
UI0002355,FAC0066,BANK04,2023,2023-03,36460,11072.7,100,15292,1850.74,1287,4027.66,36460.0,I-REC,0.3,10.938,0.0,3.089
UI0002356,FAC0066,BANK04,2023,2023-04,34385,6369.91,100,17333,2293.28,1197,5483.21,34385.0,I-REC,0.3,10.3155,0.0,3.5013
UI0002357,FAC0066,BANK04,2023,2023-05,32694,8116.93,100,17157,1893.79,1656,5352.17,32694.0,GO,0.3,9.8082,0.0,3.4657
UI0002358,FAC0066,BANK04,2023,2023-06,41121,8885.89,100,17665,1708.7,1653,7106.7,41121.0,I-REC,0.3,12.3363,0.0,3.5683
UI0002359,FAC0066,BANK04,2023,2023-07,45732,9775.51,100,21229,2612.81,1577,6173.88,45732.0,I-REC,0.3,13.7196,0.0,4.2883
UI0002360,FAC0066,BANK04,2023,2023-08,44330,13398.42,100,18037,1880.59,1490,7329.67,44330.0,GO,0.3,13.299,0.0,3.6435
UI0002361,FAC0066,BANK04,2023,2023-09,36360,10912.25,100,16330,2018.02,1637,8087.0,36360.0,I-REC,0.3,10.908,0.0,3.2987
UI0002362,FAC0066,BANK04,2023,2023-10,32058,7937.54,100,15783,1427.85,1445,6284.86,32058.0,GO,0.3,9.6174,0.0,3.1882
UI0002363,FAC0066,BANK04,2023,2023-11,37441,9196.48,100,15778,1723.52,741,2402.32,37441.0,GO,0.3,11.2323,0.0,3.1872
UI0002364,FAC0066,BANK04,2023,2023-12,42400,8194.77,100,19970,1518.88,1065,4579.08,42400.0,GO,0.3,12.72,0.0,4.0339
UI0002365,FAC0066,BANK04,2024,2024-01,45688,9269.16,100,21316,1739.81,1277,5064.76,45688.0,I-REC,0.2913,13.3089,0.0,4.3058
UI0002366,FAC0066,BANK04,2024,2024-02,47428,11231.96,100,18244,2206.81,1138,3751.76,47428.0,GO,0.2913,13.8158,0.0,3.6853
UI0002367,FAC0066,BANK04,2024,2024-03,32052,8234.28,100,16234,1380.71,1565,6482.51,32052.0,I-REC,0.2913,9.3367,0.0,3.2793
UI0002368,FAC0066,BANK04,2024,2024-04,35739,8446.97,100,14880,1901.21,1139,4623.44,35739.0,GO,0.2913,10.4108,0.0,3.0058
UI0002369,FAC0066,BANK04,2024,2024-05,35593,6475.86,100,15808,1862.19,738,3313.66,35593.0,GO,0.2913,10.3682,0.0,3.1932
UI0002370,FAC0066,BANK04,2024,2024-06,35832,11385.25,100,19279,1952.79,1320,6100.36,35832.0,GO,0.2913,10.4379,0.0,3.8944
UI0002371,FAC0066,BANK04,2024,2024-07,39628,9974.22,100,19351,2347.71,1255,6071.81,39628.0,I-REC,0.2913,11.5436,0.0,3.9089
UI0002372,FAC0066,BANK04,2024,2024-08,41357,10802.68,100,18096,1474.74,1530,6116.05,41357.0,I-REC,0.2913,12.0473,0.0,3.6554
UI0002373,FAC0066,BANK04,2024,2024-09,34719,10934.62,100,15760,2085.18,771,2674.72,34719.0,I-REC,0.2913,10.1136,0.0,3.1835
UI0002374,FAC0066,BANK04,2024,2024-10,32535,9006.31,100,15284,1595.95,1397,5041.68,32535.0,GO,0.2913,9.4774,0.0,3.0874
UI0002375,FAC0066,BANK04,2024,2024-11,32117,8549.44,100,14730,1389.52,1408,6624.42,32117.0,GO,0.2913,9.3557,0.0,2.9755
UI0002376,FAC0066,BANK04,2024,2024-12,45927,10455.0,100,20696,1907.47,1001,3269.73,45927.0,I-REC,0.2913,13.3785,0.0,4.1806
UI0002377,FAC0067,BANK04,2022,2022-01,19480,5615.66,100,8791,929.1,1970,7888.45,19480.0,I-REC,0.309,6.0193,0.0,1.7758
UI0002378,FAC0067,BANK04,2022,2022-02,19385,5056.29,100,9199,646.18,2397,11598.78,19385.0,GO,0.309,5.99,0.0,1.8582
UI0002379,FAC0067,BANK04,2022,2022-03,13344,3812.0,100,6521,484.32,2908,11268.29,13344.0,GO,0.309,4.1233,0.0,1.3172
UI0002380,FAC0067,BANK04,2022,2022-04,13753,2587.88,100,6934,546.06,3315,14872.36,13753.0,GO,0.309,4.2497,0.0,1.4007
UI0002381,FAC0067,BANK04,2022,2022-05,15175,4756.21,100,7330,703.57,2103,8173.53,15175.0,GO,0.309,4.6891,0.0,1.4807
UI0002382,FAC0067,BANK04,2022,2022-06,17032,3144.47,100,8475,1182.35,2814,12682.62,17032.0,I-REC,0.309,5.2629,0.0,1.712
UI0002383,FAC0067,BANK04,2022,2022-07,19110,4459.39,100,8746,817.32,1515,5856.02,19110.0,GO,0.309,5.905,0.0,1.7667
UI0002384,FAC0067,BANK04,2022,2022-08,17396,4104.75,100,8534,883.31,1962,6365.4,17396.0,I-REC,0.309,5.3754,0.0,1.7239
UI0002385,FAC0067,BANK04,2022,2022-09,14233,3823.02,100,6861,765.34,2366,7214.99,14233.0,I-REC,0.309,4.398,0.0,1.3859
UI0002386,FAC0067,BANK04,2022,2022-10,15342,3212.49,100,6590,794.97,3050,13829.12,15342.0,GO,0.309,4.7407,0.0,1.3312
UI0002387,FAC0067,BANK04,2022,2022-11,14991,3610.23,100,6387,544.15,1701,5980.28,14991.0,GO,0.309,4.6322,0.0,1.2902
UI0002388,FAC0067,BANK04,2022,2022-12,18220,3686.05,100,9846,1341.55,2779,11225.13,18220.0,GO,0.309,5.63,0.0,1.9889
UI0002389,FAC0067,BANK04,2023,2023-01,18485,5433.05,100,9270,971.59,3039,10191.07,18485.0,I-REC,0.3,5.5455,0.0,1.8725
UI0002390,FAC0067,BANK04,2023,2023-02,18007,3828.84,100,8728,751.13,1636,6450.86,18007.0,I-REC,0.3,5.4021,0.0,1.7631
UI0002391,FAC0067,BANK04,2023,2023-03,14705,2661.12,100,6700,793.98,3140,11380.58,14705.0,GO,0.3,4.4115,0.0,1.3534
UI0002392,FAC0067,BANK04,2023,2023-04,14393,3002.64,100,6122,619.57,3161,11171.59,14393.0,I-REC,0.3,4.3179,0.0,1.2366
UI0002393,FAC0067,BANK04,2023,2023-05,13098,2584.64,100,6942,790.5,1818,8680.0,13098.0,GO,0.3,3.9294,0.0,1.4023
UI0002394,FAC0067,BANK04,2023,2023-06,17113,4600.77,100,7928,1092.31,2145,6983.62,17113.0,I-REC,0.3,5.1339,0.0,1.6015
UI0002395,FAC0067,BANK04,2023,2023-07,17560,3191.88,100,8491,870.6,2642,10250.37,17560.0,I-REC,0.3,5.268,0.0,1.7152
UI0002396,FAC0067,BANK04,2023,2023-08,17378,4032.32,100,8349,1131.02,2672,11636.73,17378.0,I-REC,0.3,5.2134,0.0,1.6865
UI0002397,FAC0067,BANK04,2023,2023-09,13898,3553.02,100,6341,840.53,2705,11645.29,13898.0,GO,0.3,4.1694,0.0,1.2809
UI0002398,FAC0067,BANK04,2023,2023-10,13643,3042.43,100,6275,758.98,2796,12252.97,13643.0,GO,0.3,4.0929,0.0,1.2676
UI0002399,FAC0067,BANK04,2023,2023-11,12832,3731.76,100,6430,658.75,2778,12049.39,12832.0,GO,0.3,3.8496,0.0,1.2989
UI0002400,FAC0067,BANK04,2023,2023-12,18372,3681.12,100,7784,993.81,1836,6235.86,18372.0,GO,0.3,5.5116,0.0,1.5724
UI0002401,FAC0067,BANK04,2024,2024-01,19344,4915.4,100,8926,1010.17,2263,7979.67,19344.0,I-REC,0.2913,5.6349,0.0,1.8031
UI0002402,FAC0067,BANK04,2024,2024-02,19316,5195.86,100,8204,902.86,2508,8632.28,19316.0,GO,0.2913,5.6268,0.0,1.6572
UI0002403,FAC0067,BANK04,2024,2024-03,13148,4053.27,100,6623,775.22,2340,11056.54,13148.0,GO,0.2913,3.83,0.0,1.3378
UI0002404,FAC0067,BANK04,2024,2024-04,13734,2929.78,100,5607,429.62,2155,8662.28,13734.0,I-REC,0.2913,4.0007,0.0,1.1326
UI0002405,FAC0067,BANK04,2024,2024-05,13946,3184.74,100,6518,621.79,2248,7106.81,13946.0,GO,0.2913,4.0625,0.0,1.3166
UI0002406,FAC0067,BANK04,2024,2024-06,16809,3957.8,100,6778,680.57,2077,10017.41,16809.0,GO,0.2913,4.8965,0.0,1.3692
UI0002407,FAC0067,BANK04,2024,2024-07,16694,3090.98,100,7339,845.72,2729,9404.97,16694.0,GO,0.2913,4.863,0.0,1.4825
UI0002408,FAC0067,BANK04,2024,2024-08,15554,3448.29,100,7358,807.74,1620,7058.47,15554.0,I-REC,0.2913,4.5309,0.0,1.4863
UI0002409,FAC0067,BANK04,2024,2024-09,13073,3678.51,100,5683,433.23,2560,11421.25,13073.0,I-REC,0.2913,3.8082,0.0,1.148
UI0002410,FAC0067,BANK04,2024,2024-10,12549,3763.6,100,5919,572.25,2036,6729.81,12549.0,I-REC,0.2913,3.6555,0.0,1.1956
UI0002411,FAC0067,BANK04,2024,2024-11,12799,3930.01,100,6202,625.93,2209,7536.66,12799.0,GO,0.2913,3.7283,0.0,1.2528
UI0002412,FAC0067,BANK04,2024,2024-12,18308,3954.6,100,8022,750.68,2585,10838.77,18308.0,I-REC,0.2913,5.3331,0.0,1.6204
UI0002413,FAC0068,BANK04,2022,2022-01,34371,9977.99,100,17796,1601.99,566,2108.12,34371.0,I-REC,0.309,10.6206,0.0,3.5948
UI0002414,FAC0068,BANK04,2022,2022-02,40254,9894.04,100,18136,1921.48,489,1679.42,40254.0,I-REC,0.309,12.4385,0.0,3.6635
UI0002415,FAC0068,BANK04,2022,2022-03,26043,7102.09,100,13828,1680.67,434,2122.18,26043.0,I-REC,0.309,8.0473,0.0,2.7933
UI0002416,FAC0068,BANK04,2022,2022-04,31113,8574.91,100,12882,1779.11,581,2150.77,31113.0,GO,0.309,9.6139,0.0,2.6022
UI0002417,FAC0068,BANK04,2022,2022-05,27971,7793.47,100,13976,1160.18,493,2412.81,27971.0,I-REC,0.309,8.643,0.0,2.8232
UI0002418,FAC0068,BANK04,2022,2022-06,32886,8517.45,100,17480,1955.79,620,1940.99,32886.0,GO,0.309,10.1618,0.0,3.531
UI0002419,FAC0068,BANK04,2022,2022-07,36123,7128.44,100,14535,1631.18,437,1575.27,36123.0,GO,0.309,11.162,0.0,2.9361
UI0002420,FAC0068,BANK04,2022,2022-08,35087,6428.18,100,15797,1594.95,888,4397.66,35087.0,I-REC,0.309,10.8419,0.0,3.191
UI0002421,FAC0068,BANK04,2022,2022-09,30003,8573.77,100,12970,1610.21,544,2238.69,30003.0,I-REC,0.309,9.2709,0.0,2.6199
UI0002422,FAC0068,BANK04,2022,2022-10,29003,7307.99,100,13702,1548.09,730,3109.95,29003.0,GO,0.309,8.9619,0.0,2.7678
UI0002423,FAC0068,BANK04,2022,2022-11,27335,5143.33,100,13157,1672.6,609,2644.15,27335.0,I-REC,0.309,8.4465,0.0,2.6577
UI0002424,FAC0068,BANK04,2022,2022-12,38888,8593.04,100,17583,2384.95,861,3800.9,38888.0,GO,0.309,12.0164,0.0,3.5518
UI0002425,FAC0068,BANK04,2023,2023-01,37395,6806.9,100,17181,1623.69,676,2691.62,37395.0,GO,0.3,11.2185,0.0,3.4706
UI0002426,FAC0068,BANK04,2023,2023-02,34389,8956.64,100,15955,1452.07,612,2954.94,34389.0,I-REC,0.3,10.3167,0.0,3.2229
UI0002427,FAC0068,BANK04,2023,2023-03,28758,7348.78,100,13012,1610.47,887,4225.99,28758.0,I-REC,0.3,8.6274,0.0,2.6284
UI0002428,FAC0068,BANK04,2023,2023-04,28494,6427.72,100,13257,1393.07,874,3622.9,28494.0,GO,0.3,8.5482,0.0,2.6779
UI0002429,FAC0068,BANK04,2023,2023-05,28032,8920.66,100,12260,1332.89,565,2195.03,28032.0,I-REC,0.3,8.4096,0.0,2.4765
UI0002430,FAC0068,BANK04,2023,2023-06,35189,6780.21,100,14721,1575.24,619,2790.02,35189.0,I-REC,0.3,10.5567,0.0,2.9736
UI0002431,FAC0068,BANK04,2023,2023-07,33220,9771.34,100,16786,1591.87,528,2224.18,33220.0,I-REC,0.3,9.966,0.0,3.3908
UI0002432,FAC0068,BANK04,2023,2023-08,32562,6046.14,100,14770,1196.99,498,1816.08,32562.0,I-REC,0.3,9.7686,0.0,2.9835
UI0002433,FAC0068,BANK04,2023,2023-09,25264,6828.59,100,11398,1459.05,831,3141.07,25264.0,GO,0.3,7.5792,0.0,2.3024
UI0002434,FAC0068,BANK04,2023,2023-10,26587,5772.85,100,12810,1096.03,717,3261.67,26587.0,GO,0.3,7.9761,0.0,2.5876
UI0002435,FAC0068,BANK04,2023,2023-11,25712,5815.97,100,11914,1665.25,596,2010.5,25712.0,I-REC,0.3,7.7136,0.0,2.4066
UI0002436,FAC0068,BANK04,2023,2023-12,33340,7098.71,100,16236,1650.08,404,1216.13,33340.0,I-REC,0.3,10.002,0.0,3.2797
UI0002437,FAC0068,BANK04,2024,2024-01,34727,8290.9,100,14960,1351.66,835,3218.37,34727.0,GO,0.2913,10.116,0.0,3.0219
UI0002438,FAC0068,BANK04,2024,2024-02,37197,9179.16,100,16160,1424.81,417,1481.35,37197.0,I-REC,0.2913,10.8355,0.0,3.2643
UI0002439,FAC0068,BANK04,2024,2024-03,25449,7223.31,100,12898,976.82,450,1422.96,25449.0,I-REC,0.2913,7.4133,0.0,2.6054
UI0002440,FAC0068,BANK04,2024,2024-04,24143,6896.16,100,12656,1530.01,410,1899.24,24143.0,I-REC,0.2913,7.0329,0.0,2.5565
UI0002441,FAC0068,BANK04,2024,2024-05,25319,7352.92,100,11466,1372.61,568,2511.65,25319.0,I-REC,0.2913,7.3754,0.0,2.3161
UI0002442,FAC0068,BANK04,2024,2024-06,32818,6111.3,100,14962,1872.46,853,3075.4,32818.0,GO,0.2913,9.5599,0.0,3.0223
UI0002443,FAC0068,BANK04,2024,2024-07,30369,7051.47,100,14856,1918.75,498,1908.32,30369.0,I-REC,0.2913,8.8465,0.0,3.0009
UI0002444,FAC0068,BANK04,2024,2024-08,32901,6951.3,100,14271,1312.44,439,1974.8,32901.0,GO,0.2913,9.5841,0.0,2.8827
UI0002445,FAC0068,BANK04,2024,2024-09,27184,7882.18,100,10782,1118.46,689,3155.37,27184.0,I-REC,0.2913,7.9187,0.0,2.178
UI0002446,FAC0068,BANK04,2024,2024-10,23287,4415.24,100,13083,1699.35,843,3895.75,23287.0,GO,0.2913,6.7835,0.0,2.6428
UI0002447,FAC0068,BANK04,2024,2024-11,27647,8503.41,100,10946,1194.49,667,2514.28,27647.0,GO,0.2913,8.0536,0.0,2.2111
UI0002448,FAC0068,BANK04,2024,2024-12,37263,9877.0,100,16862,2090.06,695,2246.15,37263.0,GO,0.2913,10.8547,0.0,3.4061
UI0002449,FAC0069,BANK04,2022,2022-01,13132,2430.28,100,5738,544.75,2196,7118.62,13132.0,GO,0.309,4.0578,0.0,1.1591
UI0002450,FAC0069,BANK04,2022,2022-02,11146,2353.65,100,5948,803.03,2325,8889.8,11146.0,GO,0.309,3.4441,0.0,1.2015
UI0002451,FAC0069,BANK04,2022,2022-03,8984,2236.51,100,4200,436.01,2302,9374.98,8984.0,GO,0.309,2.7761,0.0,0.8484
UI0002452,FAC0069,BANK04,2022,2022-04,9355,2798.05,100,4291,512.77,1337,6019.75,9355.0,I-REC,0.309,2.8907,0.0,0.8668
UI0002453,FAC0069,BANK04,2022,2022-05,9911,3108.0,100,4492,580.92,2469,12291.81,9911.0,I-REC,0.309,3.0625,0.0,0.9074
UI0002454,FAC0069,BANK04,2022,2022-06,10045,2652.11,100,5561,421.86,2163,10654.24,10045.0,GO,0.309,3.1039,0.0,1.1233
UI0002455,FAC0069,BANK04,2022,2022-07,10496,2175.4,100,5453,601.76,1228,4084.8,10496.0,GO,0.309,3.2433,0.0,1.1015
UI0002456,FAC0069,BANK04,2022,2022-08,10306,2968.47,100,5196,460.17,2521,10919.59,10306.0,I-REC,0.309,3.1846,0.0,1.0496
UI0002457,FAC0069,BANK04,2022,2022-09,9904,2720.34,100,4473,606.07,1830,7214.54,9904.0,I-REC,0.309,3.0603,0.0,0.9035
UI0002458,FAC0069,BANK04,2022,2022-10,8848,2479.99,100,4245,372.89,1692,5099.37,8848.0,I-REC,0.309,2.734,0.0,0.8575
UI0002459,FAC0069,BANK04,2022,2022-11,8914,2786.66,100,3836,317.21,2486,9518.96,8914.0,GO,0.309,2.7544,0.0,0.7749
UI0002460,FAC0069,BANK04,2022,2022-12,13285,2818.25,100,5185,384.56,1166,4403.58,13285.0,I-REC,0.309,4.1051,0.0,1.0474
UI0002461,FAC0069,BANK04,2023,2023-01,12667,2844.0,100,5180,606.91,1227,4093.32,12667.0,GO,0.3,3.8001,0.0,1.0464
UI0002462,FAC0069,BANK04,2023,2023-02,10642,2010.13,100,5245,397.21,2356,7640.22,10642.0,I-REC,0.3,3.1926,0.0,1.0595
UI0002463,FAC0069,BANK04,2023,2023-03,9039,2613.97,100,4279,561.56,2176,9202.66,9039.0,GO,0.3,2.7117,0.0,0.8644
UI0002464,FAC0069,BANK04,2023,2023-04,8830,1990.6,100,3767,417.61,1206,5416.24,8830.0,GO,0.3,2.649,0.0,0.7609
UI0002465,FAC0069,BANK04,2023,2023-05,9107,1715.21,100,4053,507.28,2481,8540.4,9107.0,GO,0.3,2.7321,0.0,0.8187
UI0002466,FAC0069,BANK04,2023,2023-06,11176,2685.22,100,5183,601.58,1625,6515.91,11176.0,I-REC,0.3,3.3528,0.0,1.047
UI0002467,FAC0069,BANK04,2023,2023-07,10785,1971.75,100,5213,577.53,1275,4811.6,10785.0,I-REC,0.3,3.2355,0.0,1.053
UI0002468,FAC0069,BANK04,2023,2023-08,9734,1818.08,100,5131,462.69,2399,7344.98,9734.0,I-REC,0.3,2.9202,0.0,1.0365
UI0002469,FAC0069,BANK04,2023,2023-09,8060,2401.53,100,3642,457.01,2242,6752.39,8060.0,GO,0.3,2.418,0.0,0.7357
UI0002470,FAC0069,BANK04,2023,2023-10,7989,2490.97,100,4217,557.9,2274,10317.95,7989.0,GO,0.3,2.3967,0.0,0.8518
UI0002471,FAC0069,BANK04,2023,2023-11,8215,2444.59,100,4186,549.84,2320,10214.82,8215.0,GO,0.3,2.4645,0.0,0.8456
UI0002472,FAC0069,BANK04,2023,2023-12,11965,2217.59,100,5318,660.55,1270,5945.58,11965.0,GO,0.3,3.5895,0.0,1.0742
UI0002473,FAC0069,BANK04,2024,2024-01,10450,2709.12,100,5117,484.42,1510,7007.09,10450.0,I-REC,0.2913,3.0441,0.0,1.0336
UI0002474,FAC0069,BANK04,2024,2024-02,9877,2237.52,100,5234,699.3,2383,9539.16,9877.0,I-REC,0.2913,2.8772,0.0,1.0573
UI0002475,FAC0069,BANK04,2024,2024-03,8069,1748.7,100,3510,343.58,2525,10575.31,8069.0,GO,0.2913,2.3505,0.0,0.709
UI0002476,FAC0069,BANK04,2024,2024-04,7751,2299.2,100,3879,426.71,1932,5952.96,7751.0,I-REC,0.2913,2.2579,0.0,0.7836
UI0002477,FAC0069,BANK04,2024,2024-05,7812,1739.79,100,3871,451.21,1526,6585.99,7812.0,I-REC,0.2913,2.2756,0.0,0.7819
UI0002478,FAC0069,BANK04,2024,2024-06,9613,3071.87,100,4501,454.67,2503,9666.98,9613.0,I-REC,0.2913,2.8003,0.0,0.9092
UI0002479,FAC0069,BANK04,2024,2024-07,9665,2461.79,100,4345,442.28,2252,10146.38,9665.0,I-REC,0.2913,2.8154,0.0,0.8777
UI0002480,FAC0069,BANK04,2024,2024-08,10245,2124.15,100,4981,382.05,2319,11308.16,10245.0,I-REC,0.2913,2.9844,0.0,1.0062
UI0002481,FAC0069,BANK04,2024,2024-09,8977,2407.65,100,3786,297.74,1899,9454.09,8977.0,I-REC,0.2913,2.615,0.0,0.7648
UI0002482,FAC0069,BANK04,2024,2024-10,8493,2221.29,100,3695,262.35,1890,9321.81,8493.0,I-REC,0.2913,2.474,0.0,0.7464
UI0002483,FAC0069,BANK04,2024,2024-11,8968,2174.19,100,3704,359.9,2025,6564.89,8968.0,GO,0.2913,2.6124,0.0,0.7482
UI0002484,FAC0069,BANK04,2024,2024-12,10706,2525.14,100,4686,330.6,2189,7397.25,10706.0,GO,0.2913,3.1187,0.0,0.9466
UI0002485,FAC0070,BANK04,2022,2022-01,48607,11471.39,100,20368,2207.63,2807,13571.79,48607.0,I-REC,0.309,15.0196,0.0,4.1143
UI0002486,FAC0070,BANK04,2022,2022-02,52433,9775.41,100,22779,2225.7,2222,8347.96,52433.0,GO,0.309,16.2018,0.0,4.6014
UI0002487,FAC0070,BANK04,2022,2022-03,38189,8453.11,100,17318,1403.96,2832,13575.74,38189.0,GO,0.309,11.8004,0.0,3.4982
UI0002488,FAC0070,BANK04,2022,2022-04,38065,7313.93,100,16497,2237.77,1590,5794.88,38065.0,GO,0.309,11.7621,0.0,3.3324
UI0002489,FAC0070,BANK04,2022,2022-05,34143,7778.46,100,18028,2199.31,1965,9161.39,34143.0,GO,0.309,10.5502,0.0,3.6417
UI0002490,FAC0070,BANK04,2022,2022-06,39345,11696.32,100,19452,1782.25,2860,10813.54,39345.0,I-REC,0.309,12.1576,0.0,3.9293
UI0002491,FAC0070,BANK04,2022,2022-07,39886,11921.59,100,18882,1770.44,2004,6614.0,39886.0,GO,0.309,12.3248,0.0,3.8142
UI0002492,FAC0070,BANK04,2022,2022-08,44811,10139.12,100,21821,2699.87,2968,10022.45,44811.0,GO,0.309,13.8466,0.0,4.4078
UI0002493,FAC0070,BANK04,2022,2022-09,33038,6023.89,100,15754,1778.36,3007,14008.54,33038.0,GO,0.309,10.2087,0.0,3.1823
UI0002494,FAC0070,BANK04,2022,2022-10,33831,6690.5,100,17047,2049.87,1788,5805.92,33831.0,I-REC,0.309,10.4538,0.0,3.4435
UI0002495,FAC0070,BANK04,2022,2022-11,36511,9529.78,100,17771,2383.97,3012,14391.97,36511.0,GO,0.309,11.2819,0.0,3.5897
UI0002496,FAC0070,BANK04,2022,2022-12,45073,13847.7,100,20287,2329.91,2819,8880.44,45073.0,I-REC,0.309,13.9276,0.0,4.098
UI0002497,FAC0070,BANK04,2023,2023-01,48581,14117.76,100,22193,2348.9,2321,8194.24,48581.0,GO,0.3,14.5743,0.0,4.483
UI0002498,FAC0070,BANK04,2023,2023-02,48987,13173.81,100,22405,2942.15,2579,10221.68,48987.0,GO,0.3,14.6961,0.0,4.5258
UI0002499,FAC0070,BANK04,2023,2023-03,35756,6662.01,100,14587,1172.81,2926,14208.48,35756.0,GO,0.3,10.7268,0.0,2.9466
UI0002500,FAC0070,BANK04,2023,2023-04,33479,7043.36,100,15778,1792.22,1763,7284.19,33479.0,GO,0.3,10.0437,0.0,3.1872
UI0002501,FAC0070,BANK04,2023,2023-05,35208,6874.96,100,16452,1169.48,1497,4618.65,35208.0,I-REC,0.3,10.5624,0.0,3.3233
UI0002502,FAC0070,BANK04,2023,2023-06,43029,8724.88,100,18716,1845.17,2904,14481.55,43029.0,GO,0.3,12.9087,0.0,3.7806
UI0002503,FAC0070,BANK04,2023,2023-07,41685,12234.86,100,19612,2305.39,2803,10436.25,41685.0,I-REC,0.3,12.5055,0.0,3.9616
UI0002504,FAC0070,BANK04,2023,2023-08,41304,12471.0,100,20976,2741.12,2750,10543.56,41304.0,I-REC,0.3,12.3912,0.0,4.2372
UI0002505,FAC0070,BANK04,2023,2023-09,35791,9114.04,100,15055,1259.8,2293,10351.5,35791.0,GO,0.3,10.7373,0.0,3.0411
UI0002506,FAC0070,BANK04,2023,2023-10,33934,7511.63,100,16077,1334.35,1918,8206.72,33934.0,GO,0.3,10.1802,0.0,3.2476
UI0002507,FAC0070,BANK04,2023,2023-11,31954,10091.06,100,14479,1702.29,2972,13416.96,31954.0,GO,0.3,9.5862,0.0,2.9248
UI0002508,FAC0070,BANK04,2023,2023-12,45785,9855.09,100,20201,1930.95,3126,12841.73,45785.0,GO,0.3,13.7355,0.0,4.0806
UI0002509,FAC0070,BANK04,2024,2024-01,43269,7831.52,100,19905,1758.4,2202,8353.11,43269.0,I-REC,0.2913,12.6043,0.0,4.0208
UI0002510,FAC0070,BANK04,2024,2024-02,42477,10811.19,100,21511,2319.39,2628,12981.63,42477.0,GO,0.2913,12.3736,0.0,4.3452
UI0002511,FAC0070,BANK04,2024,2024-03,30980,7514.03,100,15513,1870.98,2843,9264.67,30980.0,GO,0.2913,9.0245,0.0,3.1336
UI0002512,FAC0070,BANK04,2024,2024-04,33088,9856.27,100,14341,1219.85,1482,7147.11,33088.0,GO,0.2913,9.6385,0.0,2.8969
UI0002513,FAC0070,BANK04,2024,2024-05,32634,9424.67,100,15207,1819.58,1537,5828.71,32634.0,I-REC,0.2913,9.5063,0.0,3.0718
UI0002514,FAC0070,BANK04,2024,2024-06,36255,8025.94,100,18771,2494.54,2218,7018.64,36255.0,GO,0.2913,10.5611,0.0,3.7917
UI0002515,FAC0070,BANK04,2024,2024-07,41739,12299.04,100,17345,1232.64,1358,5126.97,41739.0,I-REC,0.2913,12.1586,0.0,3.5037
UI0002516,FAC0070,BANK04,2024,2024-08,37692,10945.14,100,17428,1948.89,1608,7819.3,37692.0,I-REC,0.2913,10.9797,0.0,3.5205
UI0002517,FAC0070,BANK04,2024,2024-09,31324,6536.19,100,14782,1106.27,1840,8448.16,31324.0,GO,0.2913,9.1247,0.0,2.986
UI0002518,FAC0070,BANK04,2024,2024-10,34537,10332.82,100,13695,1176.05,1572,7289.95,34537.0,GO,0.2913,10.0606,0.0,2.7664
UI0002519,FAC0070,BANK04,2024,2024-11,34775,7060.99,100,15747,1578.63,3032,12826.96,34775.0,I-REC,0.2913,10.13,0.0,3.1809
UI0002520,FAC0070,BANK04,2024,2024-12,38977,8140.08,100,17976,2055.06,1434,4950.99,38977.0,GO,0.2913,11.354,0.0,3.6312
UI0002521,FAC0071,BANK05,2022,2022-01,241587,61842.24,20,118425,11240.44,372,1526.35,48317.4,I-REC,0.1493,36.0689,28.8552,23.9219
UI0002522,FAC0071,BANK05,2022,2022-02,247214,47693.72,20,106098,14353.09,428,1722.05,49442.8,GO,0.1493,36.9091,29.5272,21.4318
UI0002523,FAC0071,BANK05,2022,2022-03,171838,33711.95,0,90750,9990.5,561,1855.17,0.0,,0.1493,25.6554,25.6554,18.3315
UI0002524,FAC0071,BANK05,2022,2022-04,192718,48583.37,0,82160,8575.29,396,1416.47,0.0,,0.1493,28.7728,28.7728,16.5963
UI0002525,FAC0071,BANK05,2022,2022-05,202547,41000.56,0,94965,7885.43,321,1522.15,0.0,,0.1493,30.2403,30.2403,19.1829
UI0002526,FAC0071,BANK05,2022,2022-06,222376,40456.69,10,107643,10929.3,561,2452.43,22237.6,I-REC,0.1493,33.2007,29.8807,21.7439
UI0002527,FAC0071,BANK05,2022,2022-07,252773,53225.92,20,111370,10885.75,544,2136.1,50554.6,GO,0.1493,37.739,30.1912,22.4967
UI0002528,FAC0071,BANK05,2022,2022-08,228756,55877.3,0,111183,9504.21,416,1568.32,0.0,,0.1493,34.1533,34.1533,22.459
UI0002529,FAC0071,BANK05,2022,2022-09,202251,36510.85,0,95478,13146.23,368,1381.93,0.0,,0.1493,30.1961,30.1961,19.2866
UI0002530,FAC0071,BANK05,2022,2022-10,196871,38748.24,0,81197,11180.32,582,2662.58,0.0,,0.1493,29.3928,29.3928,16.4018
UI0002531,FAC0071,BANK05,2022,2022-11,194152,58288.4,0,80588,8481.18,445,2105.04,0.0,,0.1493,28.9869,28.9869,16.2788
UI0002532,FAC0071,BANK05,2022,2022-12,253444,50362.58,10,115664,10213.13,514,2354.58,25344.4,GO,0.1493,37.8392,34.0553,23.3641
UI0002533,FAC0071,BANK05,2023,2023-01,259105,72826.42,10,110178,10490.13,254,1059.8,25910.5,I-REC,0.145,37.5702,33.8132,22.256
UI0002534,FAC0071,BANK05,2023,2023-02,271292,83020.44,0,118912,11660.76,472,2328.49,0.0,,0.145,39.3373,39.3373,24.0202
UI0002535,FAC0071,BANK05,2023,2023-03,172747,33379.92,0,83964,7066.99,368,1584.93,0.0,,0.145,25.0483,25.0483,16.9607
UI0002536,FAC0071,BANK05,2023,2023-04,181596,39732.55,20,96723,12717.11,425,1753.06,36319.2,I-REC,0.145,26.3314,21.0651,19.538
UI0002537,FAC0071,BANK05,2023,2023-05,175797,40294.04,10,88321,7134.7,354,1247.06,17579.7,GO,0.145,25.4906,22.9415,17.8408
UI0002538,FAC0071,BANK05,2023,2023-06,215137,55510.99,10,115517,8800.59,501,2261.66,21513.7,GO,0.145,31.1949,28.0754,23.3344
UI0002539,FAC0071,BANK05,2023,2023-07,210508,61152.54,0,108770,9535.8,493,2415.39,0.0,,0.145,30.5237,30.5237,21.9715
UI0002540,FAC0071,BANK05,2023,2023-08,214042,49004.02,20,111569,10632.53,493,2450.08,42808.4,GO,0.145,31.0361,24.8289,22.5369
UI0002541,FAC0071,BANK05,2023,2023-09,192567,39162.12,10,90160,10240.96,375,1499.73,19256.7,GO,0.145,27.9222,25.13,18.2123
UI0002542,FAC0071,BANK05,2023,2023-10,200275,41472.74,10,95367,11277.56,320,1175.33,20027.5,GO,0.145,29.0399,26.1359,19.2641
UI0002543,FAC0071,BANK05,2023,2023-11,190435,47405.35,20,87758,9141.59,405,1675.04,38087.0,I-REC,0.145,27.6131,22.0905,17.7271
UI0002544,FAC0071,BANK05,2023,2023-12,247019,47551.61,10,118656,10439.2,275,1152.59,24701.9,GO,0.145,35.8178,32.236,23.9685
UI0002545,FAC0071,BANK05,2024,2024-01,260984,47835.28,20,111813,12113.91,522,2134.37,52196.8,I-REC,0.1408,36.7465,29.3972,22.5862
UI0002546,FAC0071,BANK05,2024,2024-02,246251,50944.01,0,116842,13150.15,415,1255.78,0.0,,0.1408,34.6721,34.6721,23.6021
UI0002547,FAC0071,BANK05,2024,2024-03,204460,37751.92,0,95043,7151.96,289,996.44,0.0,,0.1408,28.788,28.788,19.1987
UI0002548,FAC0071,BANK05,2024,2024-04,177316,38943.6,10,85421,10460.39,573,2191.95,17731.6,I-REC,0.1408,24.9661,22.4695,17.255
UI0002549,FAC0071,BANK05,2024,2024-05,182892,58341.67,10,90938,10208.67,504,1599.73,18289.2,GO,0.1408,25.7512,23.1761,18.3695
UI0002550,FAC0071,BANK05,2024,2024-06,252370,72891.33,10,109108,14568.12,382,1337.07,25237.0,I-REC,0.1408,35.5337,31.9803,22.0398
UI0002551,FAC0071,BANK05,2024,2024-07,233375,74051.72,20,110867,12872.45,355,1470.19,46675.0,I-REC,0.1408,32.8592,26.2874,22.3951
UI0002552,FAC0071,BANK05,2024,2024-08,215934,58865.18,20,119024,8554.65,411,1606.34,43186.8,GO,0.1408,30.4035,24.3228,24.0428
UI0002553,FAC0071,BANK05,2024,2024-09,209356,50934.78,10,86717,12005.67,473,1971.5,20935.6,GO,0.1408,29.4773,26.5296,17.5168
UI0002554,FAC0071,BANK05,2024,2024-10,188408,45995.99,0,80751,8096.45,311,1072.15,0.0,,0.1408,26.5278,26.5278,16.3117
UI0002555,FAC0071,BANK05,2024,2024-11,179902,46635.38,20,86414,11982.52,517,2477.26,35980.4,GO,0.1408,25.3302,20.2642,17.4556
UI0002556,FAC0071,BANK05,2024,2024-12,277734,82818.9,20,121298,13972.59,407,1515.6,55546.8,I-REC,0.1408,39.1049,31.284,24.5022
UI0002557,FAC0072,BANK05,2022,2022-01,28965,7107.05,10,13203,1033.77,383,1670.87,2896.5,I-REC,0.1493,4.3245,3.892,2.667
UI0002558,FAC0072,BANK05,2022,2022-02,26876,7380.95,10,13205,1114.4,668,3083.99,2687.6,I-REC,0.1493,4.0126,3.6113,2.6674
UI0002559,FAC0072,BANK05,2022,2022-03,21925,5248.0,20,10351,971.16,318,1277.33,4385.0,I-REC,0.1493,3.2734,2.6187,2.0909
UI0002560,FAC0072,BANK05,2022,2022-04,21748,6211.35,10,10385,752.34,606,2734.5,2174.8,I-REC,0.1493,3.247,2.9223,2.0978
UI0002561,FAC0072,BANK05,2022,2022-05,20302,5078.21,10,9877,1373.31,401,1587.04,2030.2,GO,0.1493,3.0311,2.728,1.9952
UI0002562,FAC0072,BANK05,2022,2022-06,27309,8543.48,0,12818,1718.98,566,2821.92,0.0,,0.1493,4.0772,4.0772,2.5892
UI0002563,FAC0072,BANK05,2022,2022-07,25161,5876.98,0,11284,908.66,526,1994.19,0.0,,0.1493,3.7565,3.7565,2.2794
UI0002564,FAC0072,BANK05,2022,2022-08,25582,6734.05,10,11645,1474.18,655,3011.03,2558.2,I-REC,0.1493,3.8194,3.4375,2.3523
UI0002565,FAC0072,BANK05,2022,2022-09,21947,5133.44,10,9709,855.85,593,2470.87,2194.7,GO,0.1493,3.2767,2.949,1.9612
UI0002566,FAC0072,BANK05,2022,2022-10,19976,5950.34,10,9563,1211.06,350,1217.03,1997.6,I-REC,0.1493,2.9824,2.6842,1.9317
UI0002567,FAC0072,BANK05,2022,2022-11,22443,4153.1,20,10462,1199.96,681,2387.84,4488.6,GO,0.1493,3.3507,2.6806,2.1133
UI0002568,FAC0072,BANK05,2022,2022-12,29483,7979.38,20,12232,1335.01,525,1861.54,5896.6,GO,0.1493,4.4018,3.5214,2.4709
UI0002569,FAC0072,BANK05,2023,2023-01,30100,8122.05,0,13091,1153.43,485,2306.2,0.0,,0.145,4.3645,4.3645,2.6444
UI0002570,FAC0072,BANK05,2023,2023-02,26742,8059.13,20,13822,999.02,464,2290.15,5348.4,GO,0.145,3.8776,3.1021,2.792
UI0002571,FAC0072,BANK05,2023,2023-03,21276,6002.29,0,9526,914.79,541,2058.95,0.0,,0.145,3.085,3.085,1.9243
UI0002572,FAC0072,BANK05,2023,2023-04,19851,5242.99,10,10204,930.67,368,1648.89,1985.1,GO,0.145,2.8784,2.5906,2.0612
UI0002573,FAC0072,BANK05,2023,2023-05,19235,4740.67,0,10589,1081.16,659,2049.97,0.0,,0.145,2.7891,2.7891,2.139
UI0002574,FAC0072,BANK05,2023,2023-06,27442,8320.07,20,11404,972.64,465,2149.04,5488.4,GO,0.145,3.9791,3.1833,2.3036
UI0002575,FAC0072,BANK05,2023,2023-07,26943,7875.52,0,12750,1677.45,449,1713.03,0.0,,0.145,3.9067,3.9067,2.5755
UI0002576,FAC0072,BANK05,2023,2023-08,25960,6242.43,20,12824,1079.09,507,1816.43,5192.0,I-REC,0.145,3.7642,3.0114,2.5904
UI0002577,FAC0072,BANK05,2023,2023-09,20724,6583.66,20,9343,1169.82,497,2386.4,4144.8,GO,0.145,3.005,2.404,1.8873
UI0002578,FAC0072,BANK05,2023,2023-10,22710,6960.16,0,10251,858.62,421,1922.95,0.0,,0.145,3.2929,3.2929,2.0707
UI0002579,FAC0072,BANK05,2023,2023-11,21675,6276.18,0,9311,1113.69,458,2068.24,0.0,,0.145,3.1429,3.1429,1.8808
UI0002580,FAC0072,BANK05,2023,2023-12,27006,4941.04,0,13850,1578.62,339,1312.75,0.0,,0.145,3.9159,3.9159,2.7977
UI0002581,FAC0072,BANK05,2024,2024-01,28412,6418.43,20,13246,1290.45,604,2991.92,5682.4,GO,0.1408,4.0004,3.2003,2.6757
UI0002582,FAC0072,BANK05,2024,2024-02,27154,6671.92,20,14161,1505.11,517,2580.7,5430.8,I-REC,0.1408,3.8233,3.0586,2.8605
UI0002583,FAC0072,BANK05,2024,2024-03,22934,4818.31,10,8925,825.56,353,1667.72,2293.4,I-REC,0.1408,3.2291,2.9062,1.8029
UI0002584,FAC0072,BANK05,2024,2024-04,20831,4363.1,20,10275,964.8,516,2524.1,4166.2,GO,0.1408,2.933,2.3464,2.0756
UI0002585,FAC0072,BANK05,2024,2024-05,23141,4759.62,20,10201,736.71,641,2897.99,4628.2,GO,0.1408,3.2583,2.6066,2.0606
UI0002586,FAC0072,BANK05,2024,2024-06,23672,5695.01,10,11829,1217.57,539,2135.39,2367.2,GO,0.1408,3.333,2.9997,2.3895
UI0002587,FAC0072,BANK05,2024,2024-07,26847,8370.94,0,13061,1462.57,545,1895.68,0.0,,0.1408,3.7801,3.7801,2.6383
UI0002588,FAC0072,BANK05,2024,2024-08,27277,5329.11,20,13081,1087.45,681,2671.86,5455.4,GO,0.1408,3.8406,3.0725,2.6424
UI0002589,FAC0072,BANK05,2024,2024-09,20800,6539.38,10,10154,783.6,536,2397.44,2080.0,I-REC,0.1408,2.9286,2.6358,2.0511
UI0002590,FAC0072,BANK05,2024,2024-10,20129,4879.78,20,10684,998.02,527,2311.87,4025.8,GO,0.1408,2.8342,2.2673,2.1582
UI0002591,FAC0072,BANK05,2024,2024-11,22573,6047.66,0,8905,1093.25,561,2631.11,0.0,,0.1408,3.1783,3.1783,1.7988
UI0002592,FAC0072,BANK05,2024,2024-12,27730,5149.91,10,14175,1027.79,662,2588.51,2773.0,GO,0.1408,3.9044,3.5139,2.8634
UI0002593,FAC0073,BANK05,2022,2022-01,314788,80059.13,10,155565,13817.8,1772,8750.08,31478.8,GO,0.1493,46.9978,42.2981,31.4241
UI0002594,FAC0073,BANK05,2022,2022-02,354968,86875.44,10,145998,14643.62,1610,7618.74,35496.8,I-REC,0.1493,52.9967,47.6971,29.4916
UI0002595,FAC0073,BANK05,2022,2022-03,258920,78419.03,10,120200,13632.29,962,3808.0,25892.0,GO,0.1493,38.6568,34.7911,24.2804
UI0002596,FAC0073,BANK05,2022,2022-04,251601,64805.21,10,118446,15083.12,1193,4163.23,25160.1,I-REC,0.1493,37.564,33.8076,23.9261
UI0002597,FAC0073,BANK05,2022,2022-05,259085,73453.19,0,113249,8583.08,2205,8786.7,0.0,,0.1493,38.6814,38.6814,22.8763
UI0002598,FAC0073,BANK05,2022,2022-06,307830,96271.72,10,148497,20725.62,1591,7601.03,30783.0,GO,0.1493,45.959,41.3631,29.9964
UI0002599,FAC0073,BANK05,2022,2022-07,309766,81241.5,20,146031,10467.04,2097,10467.59,61953.2,I-REC,0.1493,46.2481,36.9985,29.4983
UI0002600,FAC0073,BANK05,2022,2022-08,335580,80874.76,10,128331,16571.63,1748,8127.67,33558.0,I-REC,0.1493,50.1021,45.0919,25.9229
UI0002601,FAC0073,BANK05,2022,2022-09,233559,66342.53,0,118561,9618.47,1945,9076.95,0.0,,0.1493,34.8704,34.8704,23.9493
UI0002602,FAC0073,BANK05,2022,2022-10,258370,70321.99,20,125037,12272.93,1723,5843.84,51674.0,I-REC,0.1493,38.5746,30.8597,25.2575
UI0002603,FAC0073,BANK05,2022,2022-11,226876,52215.58,0,118123,16242.25,2085,7725.44,0.0,,0.1493,33.8726,33.8726,23.8608
UI0002604,FAC0073,BANK05,2022,2022-12,365909,98785.69,20,169172,13231.58,990,3669.37,73181.8,I-REC,0.1493,54.6302,43.7042,34.1727
UI0002605,FAC0073,BANK05,2023,2023-01,358488,87760.58,20,166594,22441.44,1974,6023.68,71697.6,GO,0.145,51.9808,41.5846,33.652
UI0002606,FAC0073,BANK05,2023,2023-02,313948,60616.62,0,170745,23622.14,1726,6304.59,0.0,,0.145,45.5225,45.5225,34.4905
UI0002607,FAC0073,BANK05,2023,2023-03,229178,45744.94,20,108255,7873.25,1052,5253.08,45835.6,GO,0.145,33.2308,26.5846,21.8675
UI0002608,FAC0073,BANK05,2023,2023-04,271361,60278.48,0,127090,16675.99,1113,5079.2,0.0,,0.145,39.3473,39.3473,25.6722
UI0002609,FAC0073,BANK05,2023,2023-05,229712,50909.93,10,110816,9990.28,2181,8498.43,22971.2,GO,0.145,33.3082,29.9774,22.3848
UI0002610,FAC0073,BANK05,2023,2023-06,335436,88555.25,10,138912,18329.21,1913,7984.53,33543.6,GO,0.145,48.6382,43.7744,28.0602
UI0002611,FAC0073,BANK05,2023,2023-07,311291,70392.59,20,150049,17644.81,1297,4505.01,62258.2,GO,0.145,45.1372,36.1098,30.3099
UI0002612,FAC0073,BANK05,2023,2023-08,330149,81891.06,0,139365,18141.06,1060,3578.12,0.0,,0.145,47.8716,47.8716,28.1517
UI0002613,FAC0073,BANK05,2023,2023-09,254175,66635.39,0,108490,14186.71,2136,6828.65,0.0,,0.145,36.8554,36.8554,21.915
UI0002614,FAC0073,BANK05,2023,2023-10,245462,67742.25,10,125630,15600.78,1416,6466.71,24546.2,I-REC,0.145,35.592,32.0328,25.3773
UI0002615,FAC0073,BANK05,2023,2023-11,261583,48587.11,20,107114,7900.15,2102,8463.92,52316.6,I-REC,0.145,37.9295,30.3436,21.637
UI0002616,FAC0073,BANK05,2023,2023-12,342952,77496.27,20,163050,14875.57,2035,9123.89,68590.4,I-REC,0.145,49.728,39.7824,32.9361
UI0002617,FAC0073,BANK05,2024,2024-01,338076,99880.5,0,145005,17887.02,1967,7917.17,0.0,,0.1408,47.6011,47.6011,29.291
UI0002618,FAC0073,BANK05,2024,2024-02,326353,92420.95,10,165043,17449.91,2076,6793.63,32635.3,GO,0.1408,45.9505,41.3555,33.3387
UI0002619,FAC0073,BANK05,2024,2024-03,243413,75079.04,0,115933,8332.49,1321,6427.4,0.0,,0.1408,34.2726,34.2726,23.4185
UI0002620,FAC0073,BANK05,2024,2024-04,251483,66438.49,10,128291,16163.98,1393,6781.56,25148.3,I-REC,0.1408,35.4088,31.8679,25.9148
UI0002621,FAC0073,BANK05,2024,2024-05,249195,62570.51,0,114171,13680.7,1601,6929.28,0.0,,0.1408,35.0867,35.0867,23.0625
UI0002622,FAC0073,BANK05,2024,2024-06,309474,82896.31,10,152344,20621.9,1334,4726.39,30947.4,I-REC,0.1408,43.5739,39.2165,30.7735
UI0002623,FAC0073,BANK05,2024,2024-07,317469,62365.54,20,135133,11510.33,1313,5113.81,63493.8,GO,0.1408,44.6996,35.7597,27.2969
UI0002624,FAC0073,BANK05,2024,2024-08,334805,82882.27,0,151209,15558.74,1984,6104.92,0.0,,0.1408,47.1405,47.1405,30.5442
UI0002625,FAC0073,BANK05,2024,2024-09,255603,67473.66,10,123103,11066.29,2063,9622.36,25560.3,GO,0.1408,35.9889,32.39,24.8668
UI0002626,FAC0073,BANK05,2024,2024-10,259479,80200.6,10,123729,15983.51,1539,4941.8,25947.9,GO,0.1408,36.5346,32.8812,24.9933
UI0002627,FAC0073,BANK05,2024,2024-11,252169,68655.22,10,110978,11563.97,1668,5517.87,25216.9,GO,0.1408,35.5054,31.9549,22.4176
UI0002628,FAC0073,BANK05,2024,2024-12,331969,95843.85,0,148712,14895.71,2098,7399.68,0.0,,0.1408,46.7412,46.7412,30.0398
UI0002629,FAC0074,BANK05,2022,2022-01,5014,1542.19,0,1999,277.86,1451,5777.36,0.0,,0.1133,0.5681,0.5681,0.4038
UI0002630,FAC0074,BANK05,2022,2022-02,4961,1547.18,0,2165,275.37,1307,6400.21,0.0,,0.1133,0.5621,0.5621,0.4373
UI0002631,FAC0074,BANK05,2022,2022-03,3731,1099.44,20,1559,115.23,1177,4196.99,746.2,GO,0.1133,0.4227,0.3382,0.3149
UI0002632,FAC0074,BANK05,2022,2022-04,3495,803.12,10,1676,230.35,2126,10152.63,349.5,I-REC,0.1133,0.396,0.3564,0.3386
UI0002633,FAC0074,BANK05,2022,2022-05,3494,836.31,0,1636,178.45,1294,6392.0,0.0,,0.1133,0.3959,0.3959,0.3305
UI0002634,FAC0074,BANK05,2022,2022-06,4140,1025.53,20,1975,272.43,2374,10750.85,828.0,GO,0.1133,0.4691,0.3752,0.399
UI0002635,FAC0074,BANK05,2022,2022-07,4315,991.83,20,1845,130.15,2167,10785.21,863.0,I-REC,0.1133,0.4889,0.3911,0.3727
UI0002636,FAC0074,BANK05,2022,2022-08,4604,861.47,20,1861,156.44,1729,6824.88,920.8,GO,0.1133,0.5216,0.4173,0.3759
UI0002637,FAC0074,BANK05,2022,2022-09,3499,1005.03,10,1601,122.55,1686,7479.76,349.9,GO,0.1133,0.3964,0.3568,0.3234
UI0002638,FAC0074,BANK05,2022,2022-10,3561,1083.27,10,1569,195.33,1575,6665.6,356.1,I-REC,0.1133,0.4035,0.3631,0.3169
UI0002639,FAC0074,BANK05,2022,2022-11,3926,726.49,10,1781,196.45,1957,9642.21,392.6,I-REC,0.1133,0.4448,0.4003,0.3598
UI0002640,FAC0074,BANK05,2022,2022-12,4806,881.53,20,2213,168.54,1518,5672.93,961.2,GO,0.1133,0.5445,0.4356,0.447
UI0002641,FAC0074,BANK05,2023,2023-01,5118,998.64,0,2256,290.77,1859,6221.0,0.0,,0.11,0.563,0.563,0.4557
UI0002642,FAC0074,BANK05,2023,2023-02,4510,931.68,20,2137,250.99,1081,3756.18,902.0,I-REC,0.11,0.4961,0.3969,0.4317
UI0002643,FAC0074,BANK05,2023,2023-03,3423,636.54,20,1698,226.98,1370,5933.99,684.6,GO,0.11,0.3765,0.3012,0.343
UI0002644,FAC0074,BANK05,2023,2023-04,3910,796.62,20,1689,195.66,1913,9381.58,782.0,GO,0.11,0.4301,0.3441,0.3412
UI0002645,FAC0074,BANK05,2023,2023-05,3671,1150.35,10,1713,173.84,1764,5642.47,367.1,I-REC,0.11,0.4038,0.3634,0.346
UI0002646,FAC0074,BANK05,2023,2023-06,4661,1326.9,0,2158,192.29,1632,7648.61,0.0,,0.11,0.5127,0.5127,0.4359
UI0002647,FAC0074,BANK05,2023,2023-07,4110,1142.21,20,1845,153.12,1356,4573.38,822.0,I-REC,0.11,0.4521,0.3617,0.3727
UI0002648,FAC0074,BANK05,2023,2023-08,4670,1316.52,0,2020,199.8,1698,6027.27,0.0,,0.11,0.5137,0.5137,0.408
UI0002649,FAC0074,BANK05,2023,2023-09,3287,943.69,20,1662,204.95,1806,7582.57,657.4,I-REC,0.11,0.3616,0.2893,0.3357
UI0002650,FAC0074,BANK05,2023,2023-10,3580,808.42,20,1587,121.41,1855,8136.24,716.0,GO,0.11,0.3938,0.315,0.3206
UI0002651,FAC0074,BANK05,2023,2023-11,3609,935.84,20,1783,163.64,1452,5884.88,721.8,GO,0.11,0.397,0.3176,0.3602
UI0002652,FAC0074,BANK05,2023,2023-12,4996,1469.64,10,2146,182.85,2346,10759.55,499.6,GO,0.11,0.5496,0.4946,0.4335
UI0002653,FAC0074,BANK05,2024,2024-01,4999,1130.97,10,2180,219.31,1162,4208.65,499.9,GO,0.1068,0.5339,0.4805,0.4404
UI0002654,FAC0074,BANK05,2024,2024-02,4538,1214.93,0,2307,289.43,1049,4370.84,0.0,,0.1068,0.4847,0.4847,0.466
UI0002655,FAC0074,BANK05,2024,2024-03,3306,719.25,10,1710,234.03,1815,6855.62,330.6,GO,0.1068,0.3531,0.3178,0.3454
UI0002656,FAC0074,BANK05,2024,2024-04,3604,982.38,0,1859,200.11,1752,8198.6,0.0,,0.1068,0.3849,0.3849,0.3755
UI0002657,FAC0074,BANK05,2024,2024-05,3720,997.78,20,1789,235.56,1370,4483.74,744.0,I-REC,0.1068,0.3973,0.3178,0.3614
UI0002658,FAC0074,BANK05,2024,2024-06,4374,926.05,0,2063,174.42,1291,5127.78,0.0,,0.1068,0.4671,0.4671,0.4167
UI0002659,FAC0074,BANK05,2024,2024-07,4530,1267.14,20,1972,166.17,2389,9143.53,906.0,GO,0.1068,0.4838,0.387,0.3983
UI0002660,FAC0074,BANK05,2024,2024-08,4854,1210.63,10,2152,187.49,2400,11655.56,485.4,GO,0.1068,0.5184,0.4666,0.4347
UI0002661,FAC0074,BANK05,2024,2024-09,3875,1064.11,10,1633,165.68,1566,5948.9,387.5,I-REC,0.1068,0.4139,0.3725,0.3299
UI0002662,FAC0074,BANK05,2024,2024-10,3898,975.82,10,1832,200.26,2389,7177.17,389.8,GO,0.1068,0.4163,0.3747,0.3701
UI0002663,FAC0074,BANK05,2024,2024-11,3947,1216.93,0,1636,187.49,2208,8739.16,0.0,,0.1068,0.4215,0.4215,0.3305
UI0002664,FAC0074,BANK05,2024,2024-12,4812,1010.89,10,2318,229.47,2333,8045.08,481.2,GO,0.1068,0.5139,0.4625,0.4682
UI0002665,FAC0075,BANK05,2022,2022-01,94313,21665.43,10,42659,5622.32,638,2934.34,9431.3,I-REC,0.1493,14.0809,12.6728,8.6171
UI0002666,FAC0075,BANK05,2022,2022-02,88819,22330.36,20,39976,4038.19,670,2620.92,17763.8,I-REC,0.1493,13.2607,10.6085,8.0752
UI0002667,FAC0075,BANK05,2022,2022-03,65506,12550.63,10,32001,3526.85,596,2469.41,6550.6,I-REC,0.1493,9.78,8.802,6.4642
UI0002668,FAC0075,BANK05,2022,2022-04,71600,16986.29,10,33986,3871.5,1047,3634.0,7160.0,I-REC,0.1493,10.6899,9.6209,6.8652
UI0002669,FAC0075,BANK05,2022,2022-05,68594,13188.07,20,35179,3110.45,796,2686.56,13718.8,I-REC,0.1493,10.2411,8.1929,7.1062
UI0002670,FAC0075,BANK05,2022,2022-06,81558,24945.82,10,37644,3717.46,977,4875.43,8155.8,GO,0.1493,12.1766,10.9589,7.6041
UI0002671,FAC0075,BANK05,2022,2022-07,81567,15225.86,20,40087,3589.41,998,3407.59,16313.4,GO,0.1493,12.178,9.7424,8.0976
UI0002672,FAC0075,BANK05,2022,2022-08,87865,25661.51,20,36163,4089.75,588,1855.05,17573.0,GO,0.1493,13.1182,10.4946,7.3049
UI0002673,FAC0075,BANK05,2022,2022-09,75813,20047.95,0,29862,3195.6,829,3066.59,0.0,,0.1493,11.3189,11.3189,6.0321
UI0002674,FAC0075,BANK05,2022,2022-10,76905,20091.66,10,33879,4189.6,1178,4386.52,7690.5,GO,0.1493,11.4819,10.3337,6.8436
UI0002675,FAC0075,BANK05,2022,2022-11,72610,20219.03,0,31772,3005.45,657,2786.25,0.0,,0.1493,10.8407,10.8407,6.4179
UI0002676,FAC0075,BANK05,2022,2022-12,87264,26746.35,10,40428,4255.69,774,2621.91,8726.4,I-REC,0.1493,13.0285,11.7257,8.1665
UI0002677,FAC0075,BANK05,2023,2023-01,92288,26064.0,10,47509,5793.29,1025,3825.87,9228.8,I-REC,0.145,13.3818,12.0436,9.5968
UI0002678,FAC0075,BANK05,2023,2023-02,90537,27667.85,0,43621,6040.86,566,1821.09,0.0,,0.145,13.1279,13.1279,8.8114
UI0002679,FAC0075,BANK05,2023,2023-03,72634,21444.09,0,32899,2556.78,810,4047.31,0.0,,0.145,10.5319,10.5319,6.6456
UI0002680,FAC0075,BANK05,2023,2023-04,68167,13059.15,0,35413,2791.89,591,2106.33,0.0,,0.145,9.8842,9.8842,7.1534
UI0002681,FAC0075,BANK05,2023,2023-05,76231,17970.7,10,31066,2268.64,874,3009.47,7623.1,GO,0.145,11.0535,9.9481,6.2753
UI0002682,FAC0075,BANK05,2023,2023-06,86172,21665.96,10,43850,4354.15,1278,4206.02,8617.2,I-REC,0.145,12.4949,11.2454,8.8577
UI0002683,FAC0075,BANK05,2023,2023-07,87086,27138.15,10,39204,5198.35,669,2909.42,8708.6,I-REC,0.145,12.6275,11.3647,7.9192
UI0002684,FAC0075,BANK05,2023,2023-08,86233,21011.3,0,43747,4024.11,1114,3359.19,0.0,,0.145,12.5038,12.5038,8.8369
UI0002685,FAC0075,BANK05,2023,2023-09,77517,23973.1,20,32239,3497.61,1115,3437.92,15503.4,GO,0.145,11.24,8.992,6.5123
UI0002686,FAC0075,BANK05,2023,2023-10,73055,23085.82,0,31993,2425.9,1270,5137.28,0.0,,0.145,10.593,10.593,6.4626
UI0002687,FAC0075,BANK05,2023,2023-11,76944,22577.45,0,32885,4539.07,1070,3991.05,0.0,,0.145,11.1569,11.1569,6.6428
UI0002688,FAC0075,BANK05,2023,2023-12,101563,31349.05,20,44915,3196.55,729,3448.23,20312.6,GO,0.145,14.7266,11.7813,9.0728
UI0002689,FAC0075,BANK05,2024,2024-01,92446,29172.67,10,42750,5598.59,992,3806.51,9244.6,GO,0.1408,13.0164,11.7148,8.6355
UI0002690,FAC0075,BANK05,2024,2024-02,96328,19879.05,10,40731,5305.13,887,3913.91,9632.8,GO,0.1408,13.563,12.2067,8.2277
UI0002691,FAC0075,BANK05,2024,2024-03,68674,14909.77,20,31164,3817.32,689,3147.52,13734.8,GO,0.1408,9.6693,7.7354,6.2951
UI0002692,FAC0075,BANK05,2024,2024-04,74498,13665.69,20,34759,4186.79,1108,3998.97,14899.6,I-REC,0.1408,10.4893,8.3915,7.0213
UI0002693,FAC0075,BANK05,2024,2024-05,77812,17326.35,20,34547,3638.13,606,2762.22,15562.4,I-REC,0.1408,10.9559,8.7647,6.9785
UI0002694,FAC0075,BANK05,2024,2024-06,81651,23552.76,10,41850,5048.71,700,2413.98,8165.1,GO,0.1408,11.4965,10.3468,8.4537
UI0002695,FAC0075,BANK05,2024,2024-07,87299,24375.06,10,43138,4131.81,563,2029.79,8729.9,I-REC,0.1408,12.2917,11.0625,8.7139
UI0002696,FAC0075,BANK05,2024,2024-08,88166,26975.19,20,44011,3448.98,560,2543.6,17633.2,GO,0.1408,12.4138,9.931,8.8902
UI0002697,FAC0075,BANK05,2024,2024-09,69202,18722.35,20,33195,2546.47,892,3500.96,13840.4,I-REC,0.1408,9.7436,7.7949,6.7054
UI0002698,FAC0075,BANK05,2024,2024-10,77409,22808.42,0,35179,3302.27,886,3898.53,0.0,,0.1408,10.8992,10.8992,7.1062
UI0002699,FAC0075,BANK05,2024,2024-11,74416,22381.74,0,33872,4553.41,1064,4527.5,0.0,,0.1408,10.4778,10.4778,6.8421
UI0002700,FAC0075,BANK05,2024,2024-12,98117,22800.0,20,44438,4756.78,892,3485.96,19623.4,I-REC,0.1408,13.8149,11.0519,8.9765
UI0002701,FAC0076,BANK05,2022,2022-01,178595,44488.25,0,78713,9584.47,1052,5192.4,0.0,,0.1493,26.6642,26.6642,15.9
UI0002702,FAC0076,BANK05,2022,2022-02,184511,58553.54,0,76517,9028.56,1441,6401.24,0.0,,0.1493,27.5475,27.5475,15.4564
UI0002703,FAC0076,BANK05,2022,2022-03,141486,40701.41,20,61634,5130.68,1451,6435.11,28297.2,GO,0.1493,21.1239,16.8991,12.4501
UI0002704,FAC0076,BANK05,2022,2022-04,120001,26430.6,10,61624,6468.65,1661,6707.56,12000.1,GO,0.1493,17.9161,16.1245,12.448
UI0002705,FAC0076,BANK05,2022,2022-05,136787,31331.61,10,57614,6926.14,1000,4258.96,13678.7,GO,0.1493,20.4223,18.3801,11.638
UI0002706,FAC0076,BANK05,2022,2022-06,174069,39473.08,20,79482,6691.13,1502,7032.17,34813.8,GO,0.1493,25.9885,20.7908,16.0554
UI0002707,FAC0076,BANK05,2022,2022-07,159286,47961.11,10,76430,5385.98,1526,5374.45,15928.6,I-REC,0.1493,23.7814,21.4033,15.4389
UI0002708,FAC0076,BANK05,2022,2022-08,150077,33744.41,20,66786,5363.21,1226,5987.27,30015.4,I-REC,0.1493,22.4065,17.9252,13.4908
UI0002709,FAC0076,BANK05,2022,2022-09,122852,29176.59,0,55834,6879.09,1344,6661.38,0.0,,0.1493,18.3418,18.3418,11.2785
UI0002710,FAC0076,BANK05,2022,2022-10,139852,27547.96,0,62457,6278.66,1464,6912.25,0.0,,0.1493,20.8799,20.8799,12.6163
UI0002711,FAC0076,BANK05,2022,2022-11,118593,28585.74,0,55917,3926.82,1656,7118.66,0.0,,0.1493,17.7059,17.7059,11.2952
UI0002712,FAC0076,BANK05,2022,2022-12,178051,33725.36,20,86291,8863.36,717,2221.25,35610.2,I-REC,0.1493,26.583,21.2664,17.4308
UI0002713,FAC0076,BANK05,2023,2023-01,165936,33773.35,20,75601,5419.73,1371,6660.5,33187.2,GO,0.145,24.0607,19.2486,15.2714
UI0002714,FAC0076,BANK05,2023,2023-02,187347,55315.94,10,84262,10918.64,1213,5543.15,18734.7,GO,0.145,27.1653,24.4488,17.0209
UI0002715,FAC0076,BANK05,2023,2023-03,121493,28429.07,20,63246,5000.29,1156,5684.86,24298.6,GO,0.145,17.6165,14.0932,12.7757
UI0002716,FAC0076,BANK05,2023,2023-04,122037,32216.03,20,59146,5801.41,1330,5144.48,24407.4,GO,0.145,17.6954,14.1563,11.9475
UI0002717,FAC0076,BANK05,2023,2023-05,144800,33402.81,20,60537,7184.26,1319,5442.01,28960.0,I-REC,0.145,20.996,16.7968,12.2285
UI0002718,FAC0076,BANK05,2023,2023-06,149380,34293.79,0,76132,9677.66,873,4093.15,0.0,,0.145,21.6601,21.6601,15.3787
UI0002719,FAC0076,BANK05,2023,2023-07,177198,52583.01,20,72776,9851.15,943,4079.22,35439.6,GO,0.145,25.6937,20.555,14.7008
UI0002720,FAC0076,BANK05,2023,2023-08,171567,35078.44,20,78191,5719.04,1459,5824.3,34313.4,I-REC,0.145,24.8772,19.9018,15.7946
UI0002721,FAC0076,BANK05,2023,2023-09,122055,30939.94,20,60750,6969.69,967,3266.79,24411.0,I-REC,0.145,17.698,14.1584,12.2715
UI0002722,FAC0076,BANK05,2023,2023-10,133596,37643.53,10,61778,5458.08,1410,5496.95,13359.6,GO,0.145,19.3714,17.4343,12.4792
UI0002723,FAC0076,BANK05,2023,2023-11,145230,43694.52,10,61143,6908.87,1292,5485.71,14523.0,I-REC,0.145,21.0583,18.9525,12.3509
UI0002724,FAC0076,BANK05,2023,2023-12,182959,46688.68,0,78817,7574.24,1238,5210.52,0.0,,0.145,26.5291,26.5291,15.921
UI0002725,FAC0076,BANK05,2024,2024-01,181654,52356.86,0,86500,11155.45,883,3729.15,0.0,,0.1408,25.5769,25.5769,17.473
UI0002726,FAC0076,BANK05,2024,2024-02,162788,42473.05,20,80377,6463.06,956,4416.44,32557.6,I-REC,0.1408,22.9206,18.3364,16.2362
UI0002727,FAC0076,BANK05,2024,2024-03,123439,32159.25,20,56689,4804.81,1114,3874.44,24687.8,GO,0.1408,17.3802,13.9042,11.4512
UI0002728,FAC0076,BANK05,2024,2024-04,121448,29994.57,20,63336,5394.48,948,3452.5,24289.6,GO,0.1408,17.0999,13.6799,12.7939
UI0002729,FAC0076,BANK05,2024,2024-05,130970,37930.2,20,57227,5503.74,1474,5116.02,26194.0,GO,0.1408,18.4406,14.7525,11.5599
UI0002730,FAC0076,BANK05,2024,2024-06,174788,34783.72,0,70628,8283.79,1370,6235.01,0.0,,0.1408,24.6102,24.6102,14.2669
UI0002731,FAC0076,BANK05,2024,2024-07,178484,36782.25,0,71771,5815.97,1194,4993.05,0.0,,0.1408,25.1305,25.1305,14.4977
UI0002732,FAC0076,BANK05,2024,2024-08,168944,41102.06,0,70916,7796.57,1424,4742.5,0.0,,0.1408,23.7873,23.7873,14.325
UI0002733,FAC0076,BANK05,2024,2024-09,123856,30271.97,20,62741,6286.97,793,3815.39,24771.2,I-REC,0.1408,17.4389,13.9511,12.6737
UI0002734,FAC0076,BANK05,2024,2024-10,120659,33901.67,20,58607,7564.96,1334,4998.56,24131.8,I-REC,0.1408,16.9888,13.591,11.8386
UI0002735,FAC0076,BANK05,2024,2024-11,140731,38979.85,10,63598,6655.3,1015,4024.51,14073.1,GO,0.1408,19.8149,17.8334,12.8468
UI0002736,FAC0076,BANK05,2024,2024-12,190746,58758.92,0,75418,8812.76,1000,3423.37,0.0,,0.1408,26.857,26.857,15.2344
UI0002737,FAC0077,BANK05,2022,2022-01,62328,11886.5,20,26336,3115.43,1277,5095.11,12465.6,GO,0.0927,5.7778,4.6222,5.3199
UI0002738,FAC0077,BANK05,2022,2022-02,54943,11104.47,10,28469,3226.19,2112,8513.76,5494.3,I-REC,0.0927,5.0932,4.5839,5.7507
UI0002739,FAC0077,BANK05,2022,2022-03,47586,11568.11,10,19675,1862.51,1717,6585.4,4758.6,GO,0.0927,4.4112,3.9701,3.9744
UI0002740,FAC0077,BANK05,2022,2022-04,48940,11597.37,0,19963,1925.03,1215,5654.08,0.0,,0.0927,4.5367,4.5367,4.0325
UI0002741,FAC0077,BANK05,2022,2022-05,45108,10168.78,10,18906,1852.44,1627,7350.84,4510.8,I-REC,0.0927,4.1815,3.7634,3.819
UI0002742,FAC0077,BANK05,2022,2022-06,52545,11415.04,10,27816,2153.82,1783,8151.34,5254.5,I-REC,0.0927,4.8709,4.3838,5.6188
UI0002743,FAC0077,BANK05,2022,2022-07,50763,13351.72,20,24621,2172.33,2058,6968.19,10152.6,GO,0.0927,4.7057,3.7646,4.9734
UI0002744,FAC0077,BANK05,2022,2022-08,53107,10353.35,0,26081,2783.36,1107,3478.2,0.0,,0.0927,4.923,4.923,5.2684
UI0002745,FAC0077,BANK05,2022,2022-09,45882,12379.43,20,21574,1833.55,1492,4940.38,9176.4,I-REC,0.0927,4.2533,3.4026,4.3579
UI0002746,FAC0077,BANK05,2022,2022-10,48626,15363.79,10,21520,1989.89,1274,5169.05,4862.6,I-REC,0.0927,4.5076,4.0569,4.347
UI0002747,FAC0077,BANK05,2022,2022-11,48163,10860.42,0,22612,2373.44,1059,4988.08,0.0,,0.0927,4.4647,4.4647,4.5676
UI0002748,FAC0077,BANK05,2022,2022-12,58192,17567.64,0,27249,3504.17,1028,3672.62,0.0,,0.0927,5.3944,5.3944,5.5043
UI0002749,FAC0077,BANK05,2023,2023-01,66530,19726.4,10,29317,2738.28,1452,5294.96,6653.0,I-REC,0.09,5.9877,5.3889,5.922
UI0002750,FAC0077,BANK05,2023,2023-02,60202,17836.29,0,26352,2474.92,2127,7447.31,0.0,,0.09,5.4182,5.4182,5.3231
UI0002751,FAC0077,BANK05,2023,2023-03,44905,9654.31,20,22081,1985.4,1177,4684.91,8981.0,GO,0.09,4.0415,3.2332,4.4604
UI0002752,FAC0077,BANK05,2023,2023-04,49228,10439.8,10,22257,2157.69,1275,6153.33,4922.8,GO,0.09,4.4305,3.9875,4.4959
UI0002753,FAC0077,BANK05,2023,2023-05,49763,12247.66,10,22472,1651.04,2145,9274.94,4976.3,GO,0.09,4.4787,4.0308,4.5393
UI0002754,FAC0077,BANK05,2023,2023-06,55195,13995.71,20,27438,3813.05,1280,3971.77,11039.0,I-REC,0.09,4.9676,3.974,5.5425
UI0002755,FAC0077,BANK05,2023,2023-07,57002,12952.08,0,27323,2055.21,1099,4687.03,0.0,,0.09,5.1302,5.1302,5.5192
UI0002756,FAC0077,BANK05,2023,2023-08,58799,11945.85,0,27149,3103.61,961,3820.18,0.0,,0.09,5.2919,5.2919,5.4841
UI0002757,FAC0077,BANK05,2023,2023-09,44997,10225.16,20,20698,1815.56,1013,4720.58,8999.4,GO,0.09,4.0497,3.2398,4.181
UI0002758,FAC0077,BANK05,2023,2023-10,46185,9553.1,0,23120,2709.38,1390,5378.61,0.0,,0.09,4.1566,4.1566,4.6702
UI0002759,FAC0077,BANK05,2023,2023-11,44632,14160.54,10,22481,2513.6,1140,5519.93,4463.2,GO,0.09,4.0169,3.6152,4.5412
UI0002760,FAC0077,BANK05,2023,2023-12,59131,15212.6,10,27870,2807.82,1932,8163.18,5913.1,GO,0.09,5.3218,4.7896,5.6297
UI0002761,FAC0077,BANK05,2024,2024-01,63905,12035.63,20,29838,2776.23,1662,7438.2,12781.0,I-REC,0.0874,5.5853,4.4682,6.0273
UI0002762,FAC0077,BANK05,2024,2024-02,59416,17871.75,20,26705,3071.58,1070,3429.66,11883.2,GO,0.0874,5.193,4.1544,5.3944
UI0002763,FAC0077,BANK05,2024,2024-03,44368,11115.46,10,21708,1960.53,2125,7583.04,4436.8,GO,0.0874,3.8778,3.49,4.385
UI0002764,FAC0077,BANK05,2024,2024-04,48709,13495.87,10,20192,1974.25,1617,6717.81,4870.9,I-REC,0.0874,4.2572,3.8314,4.0788
UI0002765,FAC0077,BANK05,2024,2024-05,43500,9787.61,10,19784,1392.8,2054,6657.86,4350.0,I-REC,0.0874,3.8019,3.4217,3.9964
UI0002766,FAC0077,BANK05,2024,2024-06,52858,16100.77,10,27265,2198.93,1098,4653.94,5285.8,I-REC,0.0874,4.6198,4.1578,5.5075
UI0002767,FAC0077,BANK05,2024,2024-07,56756,18000.56,20,25131,2662.49,1353,5467.67,11351.2,I-REC,0.0874,4.9605,3.9684,5.0765
UI0002768,FAC0077,BANK05,2024,2024-08,55590,14227.97,20,26813,2746.58,1656,8079.61,11118.0,I-REC,0.0874,4.8586,3.8869,5.4162
UI0002769,FAC0077,BANK05,2024,2024-09,47306,10680.41,20,20324,2285.78,1454,4657.98,9461.2,I-REC,0.0874,4.1345,3.3076,4.1054
UI0002770,FAC0077,BANK05,2024,2024-10,45604,8998.84,20,23361,3121.5,1848,6702.16,9120.8,GO,0.0874,3.9858,3.1886,4.7189
UI0002771,FAC0077,BANK05,2024,2024-11,49125,14980.19,0,22345,1718.02,1676,5234.6,0.0,,0.0874,4.2935,4.2935,4.5137
UI0002772,FAC0077,BANK05,2024,2024-12,59548,17628.29,10,26472,2841.86,1091,3645.74,5954.8,GO,0.0874,5.2045,4.684,5.3473
UI0002773,FAC0078,BANK05,2022,2022-01,117524,37160.9,20,47543,5748.36,1322,4356.13,23504.8,I-REC,0.1493,17.5463,14.0371,9.6037
UI0002774,FAC0078,BANK05,2022,2022-02,112403,35066.78,0,51960,5370.74,1024,3239.27,0.0,,0.1493,16.7818,16.7818,10.4959
UI0002775,FAC0078,BANK05,2022,2022-03,76498,17123.23,0,39309,5330.72,777,3834.53,0.0,,0.1493,11.4212,11.4212,7.9404
UI0002776,FAC0078,BANK05,2022,2022-04,86796,25342.51,10,34683,4402.94,1315,5191.85,8679.6,GO,0.1493,12.9586,11.6628,7.006
UI0002777,FAC0078,BANK05,2022,2022-05,73061,15175.24,20,39253,5475.79,1399,6809.37,14612.2,GO,0.1493,10.908,8.7264,7.9291
UI0002778,FAC0078,BANK05,2022,2022-06,101737,31272.94,20,47780,4771.43,1271,4817.44,20347.4,I-REC,0.1493,15.1893,12.1515,9.6516
UI0002779,FAC0078,BANK05,2022,2022-07,97974,24312.37,10,41416,3287.87,1317,4055.62,9797.4,GO,0.1493,14.6275,13.1648,8.366
UI0002780,FAC0078,BANK05,2022,2022-08,101533,19011.68,20,42568,3698.19,1065,3660.75,20306.6,GO,0.1493,15.1589,12.1271,8.5987
UI0002781,FAC0078,BANK05,2022,2022-09,73161,20215.05,0,39391,5002.9,1640,7394.19,0.0,,0.1493,10.9229,10.9229,7.957
UI0002782,FAC0078,BANK05,2022,2022-10,84111,24540.14,10,37170,4694.68,1704,5580.84,8411.1,GO,0.1493,12.5578,11.302,7.5083
UI0002783,FAC0078,BANK05,2022,2022-11,77043,18579.81,0,36718,4654.29,1062,5286.18,0.0,,0.1493,11.5025,11.5025,7.417
UI0002784,FAC0078,BANK05,2022,2022-12,109523,31251.71,10,46725,6389.42,948,4189.36,10952.3,GO,0.1493,16.3518,14.7166,9.4385
UI0002785,FAC0078,BANK05,2023,2023-01,102827,26506.45,0,50636,3911.02,1481,6076.05,0.0,,0.145,14.9099,14.9099,10.2285
UI0002786,FAC0078,BANK05,2023,2023-02,115015,31138.54,10,50239,6928.82,961,4087.25,11501.5,I-REC,0.145,16.6772,15.0095,10.1483
UI0002787,FAC0078,BANK05,2023,2023-03,85968,15731.1,20,37289,4919.34,1432,6408.47,17193.6,GO,0.145,12.4654,9.9723,7.5324
UI0002788,FAC0078,BANK05,2023,2023-04,73956,22669.75,10,35193,3588.37,1662,7148.06,7395.6,GO,0.145,10.7236,9.6513,7.109
UI0002789,FAC0078,BANK05,2023,2023-05,74597,14166.62,0,38453,2908.78,1142,4399.86,0.0,,0.145,10.8166,10.8166,7.7675
UI0002790,FAC0078,BANK05,2023,2023-06,101121,22714.28,0,43073,3957.22,849,3340.95,0.0,,0.145,14.6625,14.6625,8.7007
UI0002791,FAC0078,BANK05,2023,2023-07,90736,16374.36,20,41417,4289.31,1246,3753.28,18147.2,GO,0.145,13.1567,10.5254,8.3662
UI0002792,FAC0078,BANK05,2023,2023-08,100722,22114.26,20,49798,5500.23,1689,7134.19,20144.4,GO,0.145,14.6047,11.6838,10.0592
UI0002793,FAC0078,BANK05,2023,2023-09,88182,22101.9,10,35322,4214.07,1121,4292.54,8818.2,I-REC,0.145,12.7864,11.5078,7.135
UI0002794,FAC0078,BANK05,2023,2023-10,85832,26408.22,10,35622,3387.23,1721,7265.67,8583.2,GO,0.145,12.4456,11.2011,7.1956
UI0002795,FAC0078,BANK05,2023,2023-11,86720,24693.98,10,37989,3092.37,1523,5698.42,8672.0,I-REC,0.145,12.5744,11.317,7.6738
UI0002796,FAC0078,BANK05,2023,2023-12,104975,29300.36,0,46124,5625.96,1602,6767.92,0.0,,0.145,15.2214,15.2214,9.317
UI0002797,FAC0078,BANK05,2024,2024-01,106424,29418.47,20,46539,3615.21,1189,5344.93,21284.8,I-REC,0.1408,14.9845,11.9876,9.4009
UI0002798,FAC0078,BANK05,2024,2024-02,118991,26559.64,10,46572,3609.69,1376,4762.04,11899.1,I-REC,0.1408,16.7539,15.0785,9.4075
UI0002799,FAC0078,BANK05,2024,2024-03,88202,24941.66,10,41249,2915.77,1001,4711.71,8820.2,GO,0.1408,12.4188,11.177,8.3323
UI0002800,FAC0078,BANK05,2024,2024-04,86119,26146.28,10,36086,4813.61,1269,4164.01,8611.9,I-REC,0.1408,12.1256,10.913,7.2894
UI0002801,FAC0078,BANK05,2024,2024-05,78334,22729.27,20,37361,3834.3,1484,7302.88,15666.8,I-REC,0.1408,11.0294,8.8235,7.5469
UI0002802,FAC0078,BANK05,2024,2024-06,91291,18636.92,20,48352,5528.14,1669,6826.19,18258.2,I-REC,0.1408,12.8538,10.283,9.7671
UI0002803,FAC0078,BANK05,2024,2024-07,93310,27455.63,20,42512,4921.57,831,3440.68,18662.0,GO,0.1408,13.138,10.5104,8.5874
UI0002804,FAC0078,BANK05,2024,2024-08,95123,26999.84,10,50534,6549.85,1080,3931.54,9512.3,GO,0.1408,13.3933,12.054,10.2079
UI0002805,FAC0078,BANK05,2024,2024-09,76330,18454.53,0,40409,3725.8,839,3492.5,0.0,,0.1408,10.7473,10.7473,8.1626
UI0002806,FAC0078,BANK05,2024,2024-10,78060,14819.4,0,40679,3718.34,1677,7852.6,0.0,,0.1408,10.9908,10.9908,8.2172
UI0002807,FAC0078,BANK05,2024,2024-11,77429,24737.3,0,41696,4389.37,874,2905.13,0.0,,0.1408,10.902,10.902,8.4226
UI0002808,FAC0078,BANK05,2024,2024-12,104004,30099.35,10,53831,5959.23,1515,5331.03,10400.4,GO,0.1408,14.6438,13.1794,10.8739
UI0002809,FAC0079,BANK05,2022,2022-01,38805,7503.86,20,15209,1917.58,197,686.92,7761.0,GO,0.0536,2.0799,1.664,3.0722
UI0002810,FAC0079,BANK05,2022,2022-02,35798,9839.13,0,16958,2276.42,141,459.37,0.0,,0.0536,1.9188,1.9188,3.4255
UI0002811,FAC0079,BANK05,2022,2022-03,27303,6993.83,0,12107,1226.94,184,601.58,0.0,,0.0536,1.4634,1.4634,2.4456
UI0002812,FAC0079,BANK05,2022,2022-04,25998,6392.43,20,12405,1255.3,148,678.59,5199.6,I-REC,0.0536,1.3935,1.1148,2.5058
UI0002813,FAC0079,BANK05,2022,2022-05,25615,6668.91,20,13253,1727.28,130,612.05,5123.0,GO,0.0536,1.373,1.0984,2.6771
UI0002814,FAC0079,BANK05,2022,2022-06,31428,8491.59,0,14255,1660.71,97,340.63,0.0,,0.0536,1.6845,1.6845,2.8795
UI0002815,FAC0079,BANK05,2022,2022-07,34862,8282.87,0,14804,1105.03,111,342.99,0.0,,0.0536,1.8686,1.8686,2.9904
UI0002816,FAC0079,BANK05,2022,2022-08,30168,8086.86,0,16457,1279.31,95,308.17,0.0,,0.0536,1.617,1.617,3.3243
UI0002817,FAC0079,BANK05,2022,2022-09,26405,5874.71,20,12181,893.02,188,741.61,5281.0,GO,0.0536,1.4153,1.1322,2.4606
UI0002818,FAC0079,BANK05,2022,2022-10,29897,6352.6,20,11709,1606.55,180,692.37,5979.4,I-REC,0.0536,1.6025,1.282,2.3652
UI0002819,FAC0079,BANK05,2022,2022-11,29268,7272.42,0,13085,1644.05,111,350.04,0.0,,0.0536,1.5688,1.5688,2.6432
UI0002820,FAC0079,BANK05,2022,2022-12,36564,11398.17,20,17687,1924.38,207,917.14,7312.8,I-REC,0.0536,1.9598,1.5679,3.5728
UI0002821,FAC0079,BANK05,2023,2023-01,39749,11248.05,10,18064,2425.05,156,737.81,3974.9,I-REC,0.052,2.0669,1.8603,3.6489
UI0002822,FAC0079,BANK05,2023,2023-02,34687,10079.24,0,16901,1900.57,177,560.74,0.0,,0.052,1.8037,1.8037,3.414
UI0002823,FAC0079,BANK05,2023,2023-03,30169,8808.85,20,12021,876.58,152,610.03,6033.8,GO,0.052,1.5688,1.255,2.4282
UI0002824,FAC0079,BANK05,2023,2023-04,26055,5853.83,10,12153,1479.61,109,416.36,2605.5,I-REC,0.052,1.3549,1.2194,2.4549
UI0002825,FAC0079,BANK05,2023,2023-05,27626,8176.24,10,13563,1161.46,176,567.94,2762.6,GO,0.052,1.4366,1.2929,2.7397
UI0002826,FAC0079,BANK05,2023,2023-06,34073,9268.7,20,16131,2008.63,157,699.57,6814.6,GO,0.052,1.7718,1.4174,3.2585
UI0002827,FAC0079,BANK05,2023,2023-07,30599,9262.08,10,15947,2014.74,195,783.9,3059.9,I-REC,0.052,1.5911,1.432,3.2213
UI0002828,FAC0079,BANK05,2023,2023-08,34507,9291.3,20,16820,1458.12,108,408.52,6901.4,GO,0.052,1.7944,1.4355,3.3976
UI0002829,FAC0079,BANK05,2023,2023-09,25588,6758.64,10,12374,1530.72,130,541.72,2558.8,I-REC,0.052,1.3306,1.1975,2.4995
UI0002830,FAC0079,BANK05,2023,2023-10,27286,8514.37,0,13169,1131.92,134,486.16,0.0,,0.052,1.4189,1.4189,2.6601
UI0002831,FAC0079,BANK05,2023,2023-11,27133,7690.67,0,12614,1733.76,112,352.73,0.0,,0.052,1.4109,1.4109,2.548
UI0002832,FAC0079,BANK05,2023,2023-12,35697,6701.18,0,16827,2232.49,177,658.1,0.0,,0.052,1.8562,1.8562,3.3991
UI0002833,FAC0079,BANK05,2024,2024-01,38236,8593.37,20,17888,1605.79,190,858.54,7647.2,I-REC,0.0505,1.9309,1.5447,3.6134
UI0002834,FAC0079,BANK05,2024,2024-02,33685,8862.1,20,18024,1782.98,210,826.55,6737.0,GO,0.0505,1.7011,1.3609,3.6408
UI0002835,FAC0079,BANK05,2024,2024-03,30453,9434.28,20,13816,1126.45,162,717.92,6090.6,GO,0.0505,1.5379,1.2303,2.7908
UI0002836,FAC0079,BANK05,2024,2024-04,29128,8261.79,0,14074,1433.96,195,639.54,0.0,,0.0505,1.471,1.471,2.8429
UI0002837,FAC0079,BANK05,2024,2024-05,28773,6429.32,20,13947,1718.09,97,304.2,5754.6,I-REC,0.0505,1.453,1.1624,2.8173
UI0002838,FAC0079,BANK05,2024,2024-06,31482,7621.89,20,14684,1715.19,145,590.85,6296.4,I-REC,0.0505,1.5898,1.2719,2.9662
UI0002839,FAC0079,BANK05,2024,2024-07,30739,9632.34,0,17103,2377.15,106,435.01,0.0,,0.0505,1.5523,1.5523,3.4548
UI0002840,FAC0079,BANK05,2024,2024-08,33416,6711.63,10,14395,1444.37,147,667.26,3341.6,GO,0.0505,1.6875,1.5188,2.9078
UI0002841,FAC0079,BANK05,2024,2024-09,26737,5781.25,20,14002,1517.86,157,618.59,5347.4,GO,0.0505,1.3502,1.0802,2.8284
UI0002842,FAC0079,BANK05,2024,2024-10,25703,6304.13,10,11608,823.76,109,379.8,2570.3,I-REC,0.0505,1.298,1.1682,2.3448
UI0002843,FAC0079,BANK05,2024,2024-11,26880,5943.87,20,13564,1695.61,182,556.61,5376.0,I-REC,0.0505,1.3574,1.086,2.7399
UI0002844,FAC0079,BANK05,2024,2024-12,35231,10152.69,10,16479,1806.77,142,600.25,3523.1,GO,0.0505,1.7792,1.6012,3.3288
UI0002845,FAC0080,BANK05,2022,2022-01,152087,28649.82,20,75959,6453.88,2456,11178.72,30417.4,I-REC,0.2575,39.1624,31.3299,15.3437
UI0002846,FAC0080,BANK05,2022,2022-02,145308,42486.88,0,76922,7766.18,2297,9623.52,0.0,,0.2575,37.4168,37.4168,15.5382
UI0002847,FAC0080,BANK05,2022,2022-03,119967,28378.44,10,57406,6323.43,2406,8582.83,11996.7,GO,0.2575,30.8915,27.8024,11.596
UI0002848,FAC0080,BANK05,2022,2022-04,103523,21411.76,20,56578,4329.75,1584,6101.58,20704.6,GO,0.2575,26.6572,21.3257,11.4288
UI0002849,FAC0080,BANK05,2022,2022-05,125390,38761.28,10,50133,5928.42,1813,8396.33,12539.0,GO,0.2575,32.2879,29.0591,10.1269
UI0002850,FAC0080,BANK05,2022,2022-06,128614,33858.26,10,68273,9068.54,1665,6575.52,12861.4,GO,0.2575,33.1181,29.8063,13.7911
UI0002851,FAC0080,BANK05,2022,2022-07,126507,27567.6,10,61611,7456.08,3006,9947.2,12650.7,I-REC,0.2575,32.5756,29.318,12.4454
UI0002852,FAC0080,BANK05,2022,2022-08,150756,47661.61,0,68518,8604.24,2216,10114.02,0.0,,0.2575,38.8197,38.8197,13.8406
UI0002853,FAC0080,BANK05,2022,2022-09,110579,30303.68,20,51558,4350.74,1937,6093.95,22115.8,GO,0.2575,28.4741,22.7793,10.4147
UI0002854,FAC0080,BANK05,2022,2022-10,110716,32886.57,20,48698,6480.17,1484,6351.75,22143.2,I-REC,0.2575,28.5094,22.8075,9.837
UI0002855,FAC0080,BANK05,2022,2022-11,103647,24489.88,20,47666,5282.06,1550,4813.55,20729.4,I-REC,0.2575,26.6891,21.3513,9.6285
UI0002856,FAC0080,BANK05,2022,2022-12,138357,30895.24,20,75664,6164.84,1684,7964.0,27671.4,I-REC,0.2575,35.6269,28.5015,15.2841
UI0002857,FAC0080,BANK05,2023,2023-01,162896,46385.74,0,70254,6715.41,3157,10734.85,0.0,,0.25,40.724,40.724,14.1913
UI0002858,FAC0080,BANK05,2023,2023-02,146907,28987.26,0,65962,6507.48,2772,13656.65,0.0,,0.25,36.7268,36.7268,13.3243
UI0002859,FAC0080,BANK05,2023,2023-03,111271,24874.81,20,56177,6820.96,2401,9186.64,22254.2,GO,0.25,27.8178,22.2542,11.3478
UI0002860,FAC0080,BANK05,2023,2023-04,120267,26944.82,10,53717,5409.37,2911,13239.11,12026.7,GO,0.25,30.0667,27.0601,10.8508
UI0002861,FAC0080,BANK05,2023,2023-05,124339,24596.16,20,53732,6172.78,1644,6144.43,24867.8,GO,0.25,31.0847,24.8678,10.8539
UI0002862,FAC0080,BANK05,2023,2023-06,142248,31797.02,20,62208,4491.29,2476,11385.01,28449.6,GO,0.25,35.562,28.4496,12.566
UI0002863,FAC0080,BANK05,2023,2023-07,130936,38700.33,0,63220,6687.56,2037,8936.99,0.0,,0.25,32.734,32.734,12.7704
UI0002864,FAC0080,BANK05,2023,2023-08,153979,31410.99,20,68300,7256.94,2506,9202.35,30795.8,GO,0.25,38.4948,30.7958,13.7966
UI0002865,FAC0080,BANK05,2023,2023-09,125452,35157.92,10,53310,5629.2,1446,6032.45,12545.2,I-REC,0.25,31.363,28.2267,10.7686
UI0002866,FAC0080,BANK05,2023,2023-10,124446,28684.77,0,54747,6853.52,2184,10144.44,0.0,,0.25,31.1115,31.1115,11.0589
UI0002867,FAC0080,BANK05,2023,2023-11,125129,30815.59,20,51841,5402.14,1873,6567.16,25025.8,I-REC,0.25,31.2823,25.0258,10.4719
UI0002868,FAC0080,BANK05,2023,2023-12,162724,34878.18,20,67917,6209.54,2073,7389.46,32544.8,GO,0.25,40.681,32.5448,13.7192
UI0002869,FAC0080,BANK05,2024,2024-01,141755,42856.87,20,70913,9550.21,2066,7810.2,28351.0,GO,0.2427,34.4039,27.5232,14.3244
UI0002870,FAC0080,BANK05,2024,2024-02,157120,36291.83,10,66475,6351.72,2712,9263.61,15712.0,GO,0.2427,38.133,34.3197,13.4279
UI0002871,FAC0080,BANK05,2024,2024-03,115885,26564.21,20,50955,5890.96,2974,10648.43,23177.0,I-REC,0.2427,28.1253,22.5002,10.2929
UI0002872,FAC0080,BANK05,2024,2024-04,123867,22679.99,0,48722,6297.37,1547,4716.36,0.0,,0.2427,30.0625,30.0625,9.8418
UI0002873,FAC0080,BANK05,2024,2024-05,108752,30707.16,10,52384,5878.2,2836,8754.86,10875.2,GO,0.2427,26.3941,23.7547,10.5816
UI0002874,FAC0080,BANK05,2024,2024-06,150001,44943.42,20,60073,7629.16,2879,9450.81,30000.2,I-REC,0.2427,36.4052,29.1242,12.1347
UI0002875,FAC0080,BANK05,2024,2024-07,146478,29305.17,20,62608,8555.63,1420,5284.02,29295.6,GO,0.2427,35.5502,28.4402,12.6468
UI0002876,FAC0080,BANK05,2024,2024-08,155207,32311.13,10,69736,8228.47,2648,12042.32,15520.7,GO,0.2427,37.6687,33.9019,14.0867
UI0002877,FAC0080,BANK05,2024,2024-09,110163,31389.04,0,52506,7271.93,2544,11585.31,0.0,,0.2427,26.7366,26.7366,10.6062
UI0002878,FAC0080,BANK05,2024,2024-10,112021,24220.28,20,55763,4947.33,2450,8107.32,22404.2,GO,0.2427,27.1875,21.75,11.2641
UI0002879,FAC0080,BANK05,2024,2024-11,118084,28320.46,0,52352,6546.36,2610,10436.74,0.0,,0.2427,28.659,28.659,10.5751
UI0002880,FAC0080,BANK05,2024,2024-12,168453,52170.54,10,72856,6662.0,2683,11797.95,16845.3,GO,0.2427,40.8835,36.7952,14.7169
