requirement_id,standard,paragraph_id,paragraph_ref,source_pdf,source_pages,report_section,topic,mandatory_status,banking_relevance,evidence_tags,subclause_markers,requirement_label,paragraph_text
IFRS_S1.1,IFRS S1,1,IFRS S1 1,gen_data\IFRS\ifrs_s1.pdf,7,General Requirements,"Objective, scope, conceptual foundations, materiality, reporting entity, connected information",objective,general,[],[],The objective of IFRS S1 General Requirements for Disclosure of Sustainability- related Financial Information is to require an entity to disclose information about its sustainability-related risks and opportunities that is useful to primary users of general purpose financial repo...,The objective of IFRS S1 General Requirements for Disclosure of Sustainability- related Financial Information is to require an entity to disclose information about its sustainability-related risks and opportunities that is useful to primary users of general purpose financial reports in making decisions relating to providing resources to the entity.1
IFRS_S1.2,IFRS S1,2,IFRS S1 2,gen_data\IFRS\ifrs_s1.pdf,7,General Requirements,"Objective, scope, conceptual foundations, materiality, reporting entity, connected information",context_or_guidance,general,"['financial_effects', 'value_chain']",[],"Information about sustainability-related risks and opportunities is useful to primary users because an entity’s ability to generate cash flows over the short, medium and long term is inextricably linked to the interactions between the entity and its stakeholders, society, the eco...","Information about sustainability-related risks and opportunities is useful to primary users because an entity’s ability to generate cash flows over the short, medium and long term is inextricably linked to the interactions between the entity and its stakeholders, society, the economy and the natural environment throughout the entity’s value chain. Together, the entity and the resources and relationships throughout its value chain form an interdependent system in which the entity operates. The entity’s dependencies on those resources and relationships and its impacts on those resources and relationships give rise to sustainability-related risks and opportunities for the entity."
IFRS_S1.3,IFRS S1,3,IFRS S1 3,gen_data\IFRS\ifrs_s1.pdf,7,General Requirements,"Objective, scope, conceptual foundations, materiality, reporting entity, connected information",mandatory,general,['financial_effects'],[],"This Standard requires an entity to disclose information about all sustainability-related risks and opportunities that could reasonably be expected to affect the entity’s cash flows, its access to finance or cost of capital over the short, medium or long term.","This Standard requires an entity to disclose information about all sustainability-related risks and opportunities that could reasonably be expected to affect the entity’s cash flows, its access to finance or cost of capital over the short, medium or long term. For the purposes of this Standard, these risks and opportunities are collectively referred to as ‘sustainability-related risks and opportunities that could reasonably be expected to affect the entity’s prospects’."
IFRS_S1.4,IFRS S1,4,IFRS S1 4,gen_data\IFRS\ifrs_s1.pdf,7,General Requirements,"Objective, scope, conceptual foundations, materiality, reporting entity, connected information",context_or_guidance,general,[],[],This Standard also prescribes how an entity prepares and reports its sustainability-related financial disclosures.,This Standard also prescribes how an entity prepares and reports its sustainability-related financial disclosures. It sets out general requirements for the content and presentation of those disclosures so that the information disclosed is useful to primary users in making decisions relating to providing resources to the entity.
IFRS_S1.5,IFRS S1,5,IFRS S1 5,gen_data\IFRS\ifrs_s1.pdf,7,General Requirements,"Objective, scope, conceptual foundations, materiality, reporting entity, connected information",mandatory,general,[],[],An entity shall apply this Standard in preparing and reporting sustainability-related financial disclosures in accordance with IFRS Sustainability Disclosure Standards.,An entity shall apply this Standard in preparing and reporting sustainability-related financial disclosures in accordance with IFRS Sustainability Disclosure Standards.
IFRS_S1.6,IFRS S1,6,IFRS S1 6,gen_data\IFRS\ifrs_s1.pdf,7,General Requirements,"Objective, scope, conceptual foundations, materiality, reporting entity, connected information",context_or_guidance,general,[],[],Sustainability-related risks and opportunities that could not reasonably be expected to affect an entity’s prospects are outside the scope of this Standard.,Sustainability-related risks and opportunities that could not reasonably be expected to affect an entity’s prospects are outside the scope of this Standard.
IFRS_S1.7,IFRS S1,7,IFRS S1 7,gen_data\IFRS\ifrs_s1.pdf,7,General Requirements,"Objective, scope, conceptual foundations, materiality, reporting entity, connected information",mandatory,general,[],[],Other IFRS Sustainability Disclosure Standards specify information an entity is required to disclose about specific sustainability-related risks and opportunities.,Other IFRS Sustainability Disclosure Standards specify information an entity is required to disclose about specific sustainability-related risks and opportunities.
IFRS_S1.8,IFRS S1,8,IFRS S1 8,gen_data\IFRS\ifrs_s1.pdf,8,General Requirements,"Objective, scope, conceptual foundations, materiality, reporting entity, connected information",optional_or_relief,general,[],[],An entity may apply IFRS Sustainability Disclosure Standards irrespective of whether the entity’s related general purpose financial statements (referred to as ‘financial statements’) are prepared in accordance with IFRS Accounting Standards or other generally accepted accounting...,An entity may apply IFRS Sustainability Disclosure Standards irrespective of whether the entity’s related general purpose financial statements (referred to as ‘financial statements’) are prepared in accordance with IFRS Accounting Standards or other generally accepted accounting principles or practices (GAAP).
IFRS_S1.9,IFRS S1,9,IFRS S1 9,gen_data\IFRS\ifrs_s1.pdf,8,General Requirements,"Objective, scope, conceptual foundations, materiality, reporting entity, connected information",context_or_guidance,general,[],[],"This Standard uses terminology suitable for profit-oriented entities, including public-sector business entities.","This Standard uses terminology suitable for profit-oriented entities, including public-sector business entities. If entities with not-for-profit activities in the private sector or the public sector apply this Standard, they might need to amend the descriptions used for particular items of information when applying IFRS Sustainability Disclosure Standards."
IFRS_S1.10,IFRS S1,10,IFRS S1 10,gen_data\IFRS\ifrs_s1.pdf,8,General Requirements,"Objective, scope, conceptual foundations, materiality, reporting entity, connected information",context_or_guidance,general,[],[],"For sustainability-related financial information to be useful, it must be relevant and faithfully represent what it purports to represent.","For sustainability-related financial information to be useful, it must be relevant and faithfully represent what it purports to represent. These are fundamental qualitative characteristics of useful sustainability-related financial information. The usefulness of sustainability-related financial information is enhanced if the information is comparable, verifiable, timely and understandable. These are enhancing qualitative characteristics of useful sustainability-related financial information (see Appendix D). Fair presentation"
IFRS_S1.11,IFRS S1,11,IFRS S1 11,gen_data\IFRS\ifrs_s1.pdf,8,General Requirements,"Objective, scope, conceptual foundations, materiality, reporting entity, connected information",mandatory,general,[],[],A complete set of sustainability-related financial disclosures shall present fairly all sustainability-related risks and opportunities that could reasonably be expected to affect an entity’s prospects.,A complete set of sustainability-related financial disclosures shall present fairly all sustainability-related risks and opportunities that could reasonably be expected to affect an entity’s prospects.
IFRS_S1.12,IFRS S1,12,IFRS S1 12,gen_data\IFRS\ifrs_s1.pdf,8,General Requirements,"Objective, scope, conceptual foundations, materiality, reporting entity, connected information",mandatory,general,['risk_process'],[],"To identify sustainability-related risks and opportunities that could reasonably be expected to affect an entity’s prospects, an entity shall apply paragraphs B1–B12.","To identify sustainability-related risks and opportunities that could reasonably be expected to affect an entity’s prospects, an entity shall apply paragraphs B1–B12."
IFRS_S1.13,IFRS S1,13,IFRS S1 13,gen_data\IFRS\ifrs_s1.pdf,8,General Requirements,"Objective, scope, conceptual foundations, materiality, reporting entity, connected information",mandatory,general,[],[],"Fair presentation requires disclosure of relevant information about sustainability-related risks and opportunities that could reasonably be expected to affect the entity’s prospects, and their faithful representation in accordance with the principles set out in this Standard.","Fair presentation requires disclosure of relevant information about sustainability-related risks and opportunities that could reasonably be expected to affect the entity’s prospects, and their faithful representation in accordance with the principles set out in this Standard. To achieve faithful representation, an entity shall provide a complete, neutral and accurate depiction of those sustainability-related risks and opportunities."
IFRS_S1.14,IFRS S1,14,IFRS S1 14,gen_data\IFRS\ifrs_s1.pdf,8,General Requirements,"Objective, scope, conceptual foundations, materiality, reporting entity, connected information",context_or_guidance,general,['materiality'],[],"Materiality is an entity-specific aspect of relevance based on the nature or magnitude, or both, of the items to which the information relates, in the context of the entity’s sustainability-related financial disclosures.","Materiality is an entity-specific aspect of relevance based on the nature or magnitude, or both, of the items to which the information relates, in the context of the entity’s sustainability-related financial disclosures."
IFRS_S1.15,IFRS S1,15,IFRS S1 15,gen_data\IFRS\ifrs_s1.pdf,8-9,General Requirements,"Objective, scope, conceptual foundations, materiality, reporting entity, connected information",context_or_guidance,general,"['compliance', 'financial_effects']","['(a)', '(b)']","Fair presentation also requires an entity: (a) to disclose information that is comparable, verifiable, timely and understandable; and (b) to disclose additional information if compliance with the specifically applicable requirements in IFRS Sustainability Disclosure Standards is...","Fair presentation also requires an entity: (a) to disclose information that is comparable, verifiable, timely and understandable; and (b) to disclose additional information if compliance with the specifically applicable requirements in IFRS Sustainability Disclosure Standards is insufficient to enable users of general purpose financial reports to understand the effects of sustainability-related risks and opportunities on the entity’s cash flows, its access to finance and cost of capital over the short, medium and long term."
IFRS_S1.16,IFRS S1,16,IFRS S1 16,gen_data\IFRS\ifrs_s1.pdf,9,General Requirements,"Objective, scope, conceptual foundations, materiality, reporting entity, connected information",context_or_guidance,general,['materiality'],[],"Applying IFRS Sustainability Disclosure Standards, with additional information disclosed when necessary (see paragraph 15(b)), is presumed to result in sustainability-related financial disclosures that achieve fair presentation. Materiality","Applying IFRS Sustainability Disclosure Standards, with additional information disclosed when necessary (see paragraph 15(b)), is presumed to result in sustainability-related financial disclosures that achieve fair presentation. Materiality"
IFRS_S1.17,IFRS S1,17,IFRS S1 17,gen_data\IFRS\ifrs_s1.pdf,9,General Requirements,"Objective, scope, conceptual foundations, materiality, reporting entity, connected information",mandatory,general,['materiality'],[],An entity shall disclose material information about the sustainability-related risks and opportunities that could reasonably be expected to affect the entity’s prospects.,An entity shall disclose material information about the sustainability-related risks and opportunities that could reasonably be expected to affect the entity’s prospects.
IFRS_S1.18,IFRS S1,18,IFRS S1 18,gen_data\IFRS\ifrs_s1.pdf,9,General Requirements,"Objective, scope, conceptual foundations, materiality, reporting entity, connected information",context_or_guidance,general,['materiality'],[],"In the context of sustainability-related financial disclosures, information is material if omitting, misstating or obscuring that information could reasonably be expected to influence decisions that primary users of general purpose financial reports make on the basis of those rep...","In the context of sustainability-related financial disclosures, information is material if omitting, misstating or obscuring that information could reasonably be expected to influence decisions that primary users of general purpose financial reports make on the basis of those reports, which include financial statements and sustainability-related financial disclosures and which provide information about a specific reporting entity."
IFRS_S1.19,IFRS S1,19,IFRS S1 19,gen_data\IFRS\ifrs_s1.pdf,9,General Requirements,"Objective, scope, conceptual foundations, materiality, reporting entity, connected information",mandatory,general,"['materiality', 'risk_process']",[],"To identify and disclose material information, an entity shall apply paragraphs B13–B37. Reporting entity","To identify and disclose material information, an entity shall apply paragraphs B13–B37. Reporting entity"
IFRS_S1.20,IFRS S1,20,IFRS S1 20,gen_data\IFRS\ifrs_s1.pdf,9,General Requirements,"Objective, scope, conceptual foundations, materiality, reporting entity, connected information",mandatory,general,[],[],An entity’s sustainability-related financial disclosures shall be for the same reporting entity as the related financial statements (see paragraph B38). Connected information,An entity’s sustainability-related financial disclosures shall be for the same reporting entity as the related financial statements (see paragraph B38). Connected information
IFRS_S1.21,IFRS S1,21,IFRS S1 21,gen_data\IFRS\ifrs_s1.pdf,9,General Requirements,"Objective, scope, conceptual foundations, materiality, reporting entity, connected information",mandatory,general,"['metrics', 'risk_process', 'strategy', 'targets']","['(a)', '(b)', '(i)', '(ii)']",An entity shall provide information in a manner that enables users of general purpose financial reports to understand the following types of connections:,"An entity shall provide information in a manner that enables users of general purpose financial reports to understand the following types of connections: (a) the connections between the items to which the information relates —such as connections between various sustainability-related risks and opportunities that could reasonably be expected to affect the entity’s prospects; and (b) the connections between disclosures provided by the entity: (i) within its sustainability-related financial disclosures—such as connections between disclosures on governance, strategy, risk management and metrics and targets; and (ii) across its sustainability-related financial disclosures and other general purpose financial reports published by the entity —such as its related financial statements (see paragraphs B39–B44)."
IFRS_S1.22,IFRS S1,22,IFRS S1 22,gen_data\IFRS\ifrs_s1.pdf,9,General Requirements,"Objective, scope, conceptual foundations, materiality, reporting entity, connected information",mandatory,general,['risk_process'],[],An entity shall identify the financial statements to which the sustainability-related financial disclosures relate.,An entity shall identify the financial statements to which the sustainability-related financial disclosures relate.
IFRS_S1.23,IFRS S1,23,IFRS S1 23,gen_data\IFRS\ifrs_s1.pdf,10,General Requirements,"Objective, scope, conceptual foundations, materiality, reporting entity, connected information",mandatory,general,['methodology'],[],Data and assumptions used in preparing the sustainability-related financial disclosures shall be consistent—to the extent possible considering the requirements of IFRS Accounting Standards or other applicable GAAP— with the corresponding data and assumptions used in preparing the...,Data and assumptions used in preparing the sustainability-related financial disclosures shall be consistent—to the extent possible considering the requirements of IFRS Accounting Standards or other applicable GAAP— with the corresponding data and assumptions used in preparing the related financial statements (see paragraph B42).
IFRS_S1.24,IFRS S1,24,IFRS S1 24,gen_data\IFRS\ifrs_s1.pdf,10,General Requirements,"Objective, scope, conceptual foundations, materiality, reporting entity, connected information",mandatory,general,[],[],"When currency is specified as the unit of measure in the sustainability-related financial disclosures, the entity shall use the presentation currency of its related financial statements.","When currency is specified as the unit of measure in the sustainability-related financial disclosures, the entity shall use the presentation currency of its related financial statements."
IFRS_S1.25,IFRS S1,25,IFRS S1 25,gen_data\IFRS\ifrs_s1.pdf,10,General Requirements,Core content categories,mandatory,general,"['metrics', 'risk_process', 'strategy', 'targets']","['(a)', '(b)', '(c)', '(d)']","Unless another IFRS Sustainability Disclosure Standard permits or requires otherwise in specified circumstances, an entity shall provide disclosures about:","Unless another IFRS Sustainability Disclosure Standard permits or requires otherwise in specified circumstances, an entity shall provide disclosures about: (a) governance—the governance processes, controls and procedures the entity uses to monitor and manage sustainability-related risks and opportunities (see paragraphs 26–27); (b) strategy—the approach the entity uses to manage sustainability-related risks and opportunities (see paragraphs 28–42); (c) risk management—the processes the entity uses to identify, assess, prioritise and monitor sustainability-related risks and opportunities (see paragraphs 43–44); and (d) metrics and targets—the entity’s performance in relation to sustainability-related risks and opportunities, including progress towards any targets the entity has set or is required to meet by law or regulation (see paragraphs 45–53). Governance"
IFRS_S1.26,IFRS S1,26,IFRS S1 26,gen_data\IFRS\ifrs_s1.pdf,10,Governance,Sustainability-related governance,objective,general,['risk_process'],[],"The objective of sustainability-related financial disclosures on governance is to enable users of general purpose financial reports to understand the governance processes, controls and procedures an entity uses to monitor, manage and oversee sustainability-related risks and oppor...","The objective of sustainability-related financial disclosures on governance is to enable users of general purpose financial reports to understand the governance processes, controls and procedures an entity uses to monitor, manage and oversee sustainability-related risks and opportunities."
IFRS_S1.27,IFRS S1,27,IFRS S1 27,gen_data\IFRS\ifrs_s1.pdf,10-11,Governance,Sustainability-related governance,mandatory,general,"['governance_body', 'management_role', 'metrics', 'remuneration', 'risk_process', 'skills_competencies', 'strategy', 'targets']","['(a)', '(i)', '(ii)', '(iii)', '(iv)', '(v)', '(b)', '(i)', '(ii)']","To achieve this objective, an entity shall disclose information about: (a) the governance body(s) (which can include a board, committee or equivalent body charged with governance) or individual(s) responsible for oversight of sustainability-related risks and opportunities.","To achieve this objective, an entity shall disclose information about: (a) the governance body(s) (which can include a board, committee or equivalent body charged with governance) or individual(s) responsible for oversight of sustainability-related risks and opportunities. Specifically, the entity shall identify that body(s) or individual(s) and disclose information about: (i) how responsibilities for sustainability-related risks and opportunities are reflected in the terms of reference, mandates, role descriptions and other related policies applicable to that body(s) or individual(s); (ii) how the body(s) or individual(s) determines whether appropriate skills and competencies are available or will be developed to oversee strategies designed to respond to sustainability-related risks and opportunities; (iii) how and how often the body(s) or individual(s) is informed about sustainability-related risks and opportunities; (iv) how the body(s) or individual(s) takes into account sustainability-related risks and opportunities when overseeing the entity’s strategy, its decisions on major transactions and its risk management processes and related policies, including whether the body(s) or individual(s) has considered trade-offs associated with those risks and opportunities; and (v) how the body(s) or individual(s) oversees the setting of targets related to sustainability-related risks and opportunities, and monitors progress towards those targets (see paragraph 51), including whether and how related performance metrics are included in remuneration policies. (b) management’s role in the governance processes, controls and procedures used to monitor, manage and oversee sustainability-related risks and opportunities, including information about: (i) whether the role is delegated to a specific management-level position or management-level committee and how oversight is exercised over that position or committee; and (ii) whether management uses controls and procedures to support the oversight of sustainability-related risks and opportunities and, if so, how these controls and procedures are integrated with other internal functions. Strategy"
IFRS_S1.28,IFRS S1,28,IFRS S1 28,gen_data\IFRS\ifrs_s1.pdf,11,Strategy,Sustainability-related strategy,objective,general,['strategy'],[],The objective of sustainability-related financial disclosures on strategy is to enable users of general purpose financial reports to understand an entity’s strategy for managing sustainability-related risks and opportunities.,The objective of sustainability-related financial disclosures on strategy is to enable users of general purpose financial reports to understand an entity’s strategy for managing sustainability-related risks and opportunities.
IFRS_S1.29,IFRS S1,29,IFRS S1 29,gen_data\IFRS\ifrs_s1.pdf,11-12,Strategy,Sustainability-related strategy,mandatory,general,"['business_model', 'financial_effects', 'resilience', 'strategy', 'value_chain']","['(a)', '(b)', '(c)', '(d)', '(e)']","Specifically, an entity shall disclose information to enable users of general purpose financial reports to understand:","Specifically, an entity shall disclose information to enable users of general purpose financial reports to understand: (a) the sustainability-related risks and opportunities that could reasonably be expected to affect the entity’s prospects (see paragraphs 30–31); (b) the current and anticipated effects of those sustainability-related risks and opportunities on the entity’s business model and value chain (see paragraph 32); (c) the effects of those sustainability-related risks and opportunities on the entity’s strategy and decision-making (see paragraph 33); (d) the effects of those sustainability-related risks and opportunities on the entity’s financial position, financial performance and cash flows for the reporting period, and their anticipated effects on the entity’s financial position, financial performance and cash flows over the short, medium and long term, taking into consideration how those sustainability-related risks and opportunities have been factored into the entityʼs financial planning (see paragraphs 34–40); and (e) the resilience of the entity’s strategy and its business model to those sustainability-related risks (see paragraphs 41–42). Sustainability-related risks and opportunities"
IFRS_S1.30,IFRS S1,30,IFRS S1 30,gen_data\IFRS\ifrs_s1.pdf,12,Strategy,Sustainability-related strategy,mandatory,general,['strategy'],"['(a)', '(b)', '(c)']","An entity shall disclose information that enables users of general purpose financial reports to understand the sustainability-related risks and opportunities that could reasonably be expected to affect the entity’s prospects. Specifically, the entity shall:","An entity shall disclose information that enables users of general purpose financial reports to understand the sustainability-related risks and opportunities that could reasonably be expected to affect the entity’s prospects. Specifically, the entity shall: (a) describe sustainability-related risks and opportunities that could reasonably be expected to affect the entity’s prospects; (b) specify the time horizons—short, medium or long term—over which the effects of each of those sustainability-related risks and opportunities could reasonably be expected to occur; and (c) explain how the entity defines ‘short term’, ‘medium term’ and ‘long term’ and how these definitions are linked to the planning horizons used by the entity for strategic decision-making."
IFRS_S1.31,IFRS S1,31,IFRS S1 31,gen_data\IFRS\ifrs_s1.pdf,12,Strategy,Sustainability-related strategy,context_or_guidance,general,"['business_model', 'risk_process', 'strategy', 'value_chain']",[],"Short-, medium- and long- term time horizons can vary between entities and depend on many factors, including industry-specific characteristics, such as cash flow, investment and business cycles, the planning horizons typically used in an entity’s industry for strategic decision-m...","Short-, medium- and long- term time horizons can vary between entities and depend on many factors, including industry-specific characteristics, such as cash flow, investment and business cycles, the planning horizons typically used in an entity’s industry for strategic decision-making and capital allocation plans, and the time horizons over which users of general purpose financial reports conduct their assessments of entities in that industry. Business model and value chain"
IFRS_S1.32,IFRS S1,32,IFRS S1 32,gen_data\IFRS\ifrs_s1.pdf,12-13,Strategy,Sustainability-related strategy,mandatory,general,"['business_model', 'strategy', 'value_chain']","['(a)', '(b)']","An entity shall disclose information that enables users of general purpose financial reports to understand the current and anticipated effects of sustainability-related risks and opportunities on the entity’s business model and value chain. Specifically, the entity shall disclose:","An entity shall disclose information that enables users of general purpose financial reports to understand the current and anticipated effects of sustainability-related risks and opportunities on the entity’s business model and value chain. Specifically, the entity shall disclose: (a) a description of the current and anticipated effects of sustainability-related risks and opportunities on the entity’s business model and value chain; and (b) a description of where in the entity’s business model and value chain sustainability-related risks and opportunities are concentrated (for example, geographical areas, facilities and types of assets). Strategy and decision-making"
IFRS_S1.33,IFRS S1,33,IFRS S1 33,gen_data\IFRS\ifrs_s1.pdf,13,Strategy,Sustainability-related strategy,mandatory,general,"['financial_effects', 'strategy']","['(a)', '(b)', '(c)']","An entity shall disclose information that enables users of general purpose financial reports to understand the effects of sustainability-related risks and opportunities on its strategy and decision-making. Specifically, the entity shall disclose information about:","An entity shall disclose information that enables users of general purpose financial reports to understand the effects of sustainability-related risks and opportunities on its strategy and decision-making. Specifically, the entity shall disclose information about: (a) how the entity has responded to, and plans to respond to, sustainability-related risks and opportunities in its strategy and decision-making; (b) the progress against plans the entity has disclosed in previous reporting periods, including quantitative and qualitative information; and (c) trade-offs between sustainability-related risks and opportunities that the entity considered (for example, in making a decision on the location of new operations, an entity might have considered the environmental impacts of those operations and the employment opportunities they would create in a community). Financial position, financial performance and cash flows"
IFRS_S1.34,IFRS S1,34,IFRS S1 34,gen_data\IFRS\ifrs_s1.pdf,13,Strategy,Sustainability-related strategy,mandatory,general,['financial_effects'],"['(a)', '(b)']",An entity shall disclose information that enables users of general purpose financial reports to understand:,"An entity shall disclose information that enables users of general purpose financial reports to understand: (a) the effects of sustainability-related risks and opportunities on the entity’s financial position, financial performance and cash flows for the reporting period (current financial effects); and (b) the anticipated effects of sustainability-related risks and opportunities on the entity’s financial position, financial performance and cash flows over the short, medium and long term, taking into consideration how sustainability-related risks and opportunities are included in the entity’s financial planning (anticipated financial effects)."
IFRS_S1.35,IFRS S1,35,IFRS S1 35,gen_data\IFRS\ifrs_s1.pdf,13-14,Strategy,Sustainability-related strategy,mandatory,general,"['financial_effects', 'materiality', 'strategy']","['(a)', '(b)', '(c)', '(i)', '(ii)', '(d)']","Specifically, an entity shall disclose quantitative and qualitative information about:","Specifically, an entity shall disclose quantitative and qualitative information about: (a) how sustainability-related risks and opportunities have affected its financial position, financial performance and cash flows for the reporting period; (b) the sustainability-related risks and opportunities identified in paragraph 35(a) for which there is a significant risk of a material adjustment within the next annual reporting period to the carrying amounts of assets and liabilities reported in the related financial statements; (c) how the entity expects its financial position to change over the short, medium and long term, given its strategy to manage sustainability-related risks and opportunities, taking into consideration: (i) its investment and disposal plans (for example, plans for capital expenditure, major acquisitions and divestments, joint ventures, business transformation, innovation, new business areas, and asset retirements), including plans the entity is not contractually committed to; and (ii) its planned sources of funding to implement its strategy; and (d) how the entity expects its financial performance and cash flows to change over the short, medium and long term, given its strategy to manage sustainability-related risks and opportunities."
IFRS_S1.36,IFRS S1,36,IFRS S1 36,gen_data\IFRS\ifrs_s1.pdf,14,Strategy,Sustainability-related strategy,optional_or_relief,general,[],[],"In providing quantitative information, an entity may disclose a single amount or a range.","In providing quantitative information, an entity may disclose a single amount or a range."
IFRS_S1.37,IFRS S1,37,IFRS S1 37,gen_data\IFRS\ifrs_s1.pdf,14,Strategy,Sustainability-related strategy,mandatory,general,"['data_quality', 'skills_competencies']","['(a)', '(b)']","In preparing disclosures about the anticipated financial effects of a sustainability-related risk or opportunity, an entity shall:","In preparing disclosures about the anticipated financial effects of a sustainability-related risk or opportunity, an entity shall: (a) use all reasonable and supportable information that is available to the entity at the reporting date without undue cost or effort (see paragraphs B8–B10); and (b) use an approach that is commensurate with the skills, capabilities and resources that are available to the entity for preparing those disclosures."
IFRS_S1.38,IFRS S1,38,IFRS S1 38,gen_data\IFRS\ifrs_s1.pdf,14,Strategy,Sustainability-related strategy,optional_or_relief,general,[],"['(a)', '(b)']",An entity need not provide quantitative information about the current or anticipated financial effects of a sustainability-related risk or opportunity if the entity determines that:,An entity need not provide quantitative information about the current or anticipated financial effects of a sustainability-related risk or opportunity if the entity determines that: (a) those effects are not separately identifiable; or (b) the level of measurement uncertainty involved in estimating those effects is so high that the resulting quantitative information would not be useful (see paragraphs 77–82).
IFRS_S1.39,IFRS S1,39,IFRS S1 39,gen_data\IFRS\ifrs_s1.pdf,14,Strategy,Sustainability-related strategy,optional_or_relief,general,['skills_competencies'],[],"In addition, an entity need not provide quantitative information about the anticipated financial effects of a sustainability-related risk or opportunity if the entity does not have the skills, capabilities or resources to provide that quantitative information.","In addition, an entity need not provide quantitative information about the anticipated financial effects of a sustainability-related risk or opportunity if the entity does not have the skills, capabilities or resources to provide that quantitative information."
IFRS_S1.40,IFRS S1,40,IFRS S1 40,gen_data\IFRS\ifrs_s1.pdf,14-15,Strategy,Sustainability-related strategy,conditional_or_relief_with_mandatory_conditions,general,"['resilience', 'risk_process']","['(a)', '(b)', '(c)']","If an entity determines that it need not provide quantitative information about the current or anticipated financial effects of a sustainability-related risk or opportunity applying the criteria set out in paragraphs 38–39, the entity shall:","If an entity determines that it need not provide quantitative information about the current or anticipated financial effects of a sustainability-related risk or opportunity applying the criteria set out in paragraphs 38–39, the entity shall: (a) explain why it has not provided quantitative information; (b) provide qualitative information about those financial effects, including identifying line items, totals and subtotals within the related financial statements that are likely to be affected, or have been affected, by that sustainability-related risk or opportunity; and (c) provide quantitative information about the combined financial effects of that sustainability-related risk or opportunity with other sustainability-related risks or opportunities and other factors unless the entity determines that quantitative information about the combined financial effects would not be useful. Resilience"
IFRS_S1.41,IFRS S1,41,IFRS S1 41,gen_data\IFRS\ifrs_s1.pdf,15,Strategy,Sustainability-related strategy,conditional_or_relief_with_mandatory_conditions,general,"['business_model', 'resilience', 'risk_process', 'strategy']",[],An entity shall disclose information that enables users of general purpose financial reports to understand its capacity to adjust to the uncertainties arising from sustainability-related risks.,"An entity shall disclose information that enables users of general purpose financial reports to understand its capacity to adjust to the uncertainties arising from sustainability-related risks. An entity shall disclose a qualitative and, if applicable, quantitative assessment of the resilience of its strategy and business model in relation to its sustainability-related risks, including information about how the assessment was carried out and its time horizon. When providing quantitative information, an entity may disclose a single amount or a range."
IFRS_S1.42,IFRS S1,42,IFRS S1 42,gen_data\IFRS\ifrs_s1.pdf,15,Strategy,Sustainability-related strategy,conditional_or_relief_with_mandatory_conditions,general,"['resilience', 'risk_process']",[],"Other IFRS Sustainability Disclosure Standards may specify the type of information an entity is required to disclose about its resilience to specific sustainability-related risks and how to prepare those disclosures, including whether a scenario analysis is required.","Other IFRS Sustainability Disclosure Standards may specify the type of information an entity is required to disclose about its resilience to specific sustainability-related risks and how to prepare those disclosures, including whether a scenario analysis is required. Risk management"
IFRS_S1.43,IFRS S1,43,IFRS S1 43,gen_data\IFRS\ifrs_s1.pdf,15,Risk Management,Sustainability-related risk management,objective,general,['risk_process'],"['(a)', '(b)']",The objective of sustainability-related financial disclosures on risk management is to enable users of general purpose financial reports:,"The objective of sustainability-related financial disclosures on risk management is to enable users of general purpose financial reports: (a) to understand an entity’s processes to identify, assess, prioritise and monitor sustainability-related risks and opportunities, including whether and how those processes are integrated into and inform the entity’s overall risk management process; and (b) to assess the entity’s overall risk profile and its overall risk management process."
IFRS_S1.44,IFRS S1,44,IFRS S1 44,gen_data\IFRS\ifrs_s1.pdf,15-16,Risk Management,Sustainability-related risk management,mandatory,general,"['methodology', 'metrics', 'resilience', 'risk_process', 'targets']","['(a)', '(i)', '(ii)', '(iii)', '(iv)', '(v)', '(vi)', '(b)', '(c)']","To achieve this objective, an entity shall disclose information about: (a) the processes and related policies the entity uses to identify, assess, prioritise and monitor sustainability-related risks, including information about: (i) the inputs and parameters the entity uses (for...","To achieve this objective, an entity shall disclose information about: (a) the processes and related policies the entity uses to identify, assess, prioritise and monitor sustainability-related risks, including information about: (i) the inputs and parameters the entity uses (for example, information about data sources and the scope of operations covered in the processes); (ii) whether and how the entity uses scenario analysis to inform its identification of sustainability-related risks; (iii) how the entity assesses the nature, likelihood and magnitude of the effects of those risks (for example, whether the entity considers qualitative factors, quantitative thresholds or other criteria); (iv) whether and how the entity prioritises sustainability-related risks relative to other types of risk; (v) how the entity monitors sustainability-related risks; and (vi) whether and how the entity has changed the processes it uses compared with the previous reporting period; (b) the processes the entity uses to identify, assess, prioritise and monitor sustainability-related opportunities; and (c) the extent to which, and how, the processes for identifying, assessing, prioritising and monitoring sustainability-related risks and opportunities are integrated into and inform the entity’s overall risk management process. Metrics and targets"
IFRS_S1.45,IFRS S1,45,IFRS S1 45,gen_data\IFRS\ifrs_s1.pdf,16,Metrics and Targets,Sustainability-related metrics and targets,mandatory,general,"['metrics', 'targets']",[],"The objective of sustainability-related financial disclosures on metrics and targets is to enable users of general purpose financial reports to understand an entity’s performance in relation to its sustainability-related risks and opportunities, including progress towards any tar...","The objective of sustainability-related financial disclosures on metrics and targets is to enable users of general purpose financial reports to understand an entity’s performance in relation to its sustainability-related risks and opportunities, including progress towards any targets the entity has set, and any targets it is required to meet by law or regulation."
IFRS_S1.46,IFRS S1,46,IFRS S1 46,gen_data\IFRS\ifrs_s1.pdf,16,Metrics and Targets,Sustainability-related metrics and targets,mandatory,general,"['metrics', 'risk_process', 'targets']","['(a)', '(b)', '(i)', '(ii)']","An entity shall disclose, for each sustainability-related risk and opportunity that could reasonably be expected to affect the entity’s prospects:","An entity shall disclose, for each sustainability-related risk and opportunity that could reasonably be expected to affect the entity’s prospects: (a) metrics required by an applicable IFRS Sustainability Disclosure Standard; and (b) metrics the entity uses to measure and monitor: (i) that sustainability-related risk or opportunity; and (ii) its performance in relation to that sustainability-related risk or opportunity, including progress towards any targets the entity has set, and any targets it is required to meet by law or regulation."
IFRS_S1.47,IFRS S1,47,IFRS S1 47,gen_data\IFRS\ifrs_s1.pdf,16,Metrics and Targets,Sustainability-related metrics and targets,mandatory,general,"['metrics', 'risk_process']",[],"In the absence of an IFRS Sustainability Disclosure Standard that specifically applies to a sustainability-related risk or opportunity, an entity shall apply paragraphs 57–58 to identify applicable metrics.","In the absence of an IFRS Sustainability Disclosure Standard that specifically applies to a sustainability-related risk or opportunity, an entity shall apply paragraphs 57–58 to identify applicable metrics."
IFRS_S1.48,IFRS S1,48,IFRS S1 48,gen_data\IFRS\ifrs_s1.pdf,16,Metrics and Targets,Sustainability-related metrics and targets,mandatory,general,"['business_model', 'metrics']",[],"Metrics disclosed by an entity applying paragraphs 45–46 shall include metrics associated with particular business models, activities or other common features that characterise participation in an industry.","Metrics disclosed by an entity applying paragraphs 45–46 shall include metrics associated with particular business models, activities or other common features that characterise participation in an industry."
IFRS_S1.49,IFRS S1,49,IFRS S1 49,gen_data\IFRS\ifrs_s1.pdf,16,Metrics and Targets,Sustainability-related metrics and targets,mandatory,general,"['metrics', 'risk_process']",[],"If an entity discloses a metric taken from a source other than IFRS Sustainability Disclosure Standards, the entity shall identify the source and the metric taken.","If an entity discloses a metric taken from a source other than IFRS Sustainability Disclosure Standards, the entity shall identify the source and the metric taken."
IFRS_S1.50,IFRS S1,50,IFRS S1 50,gen_data\IFRS\ifrs_s1.pdf,16-17,Metrics and Targets,Sustainability-related metrics and targets,mandatory,general,"['methodology', 'metrics']","['(a)', '(b)', '(c)', '(d)']","If a metric has been developed by an entity, the entity shall disclose information about:","If a metric has been developed by an entity, the entity shall disclose information about: (a) how the metric is defined, including whether it is derived by adjusting a metric taken from a source other than IFRS Sustainability Disclosure Standards and, if so, which source and how the metric disclosed by the entity differs from the metric specified in that source; (b) whether the metric is an absolute measure, a measure expressed in relation to another metric or a qualitative measure (such as a red, amber, green—or RAG—status); (c) whether the metric is validated by a third party and, if so, which party; and (d) the method used to calculate the metric and the inputs to the calculation, including the limitations of the method used and the significant assumptions made."
IFRS_S1.51,IFRS S1,51,IFRS S1 51,gen_data\IFRS\ifrs_s1.pdf,17,Metrics and Targets,Sustainability-related metrics and targets,mandatory,general,"['metrics', 'risk_process', 'strategy', 'targets']","['(a)', '(b)', '(c)', '(d)', '(e)', '(f)', '(g)']","An entity shall disclose information about the targets it has set to monitor progress towards achieving its strategic goals, and any targets it is required to meet by law or regulation. For each target, the entity shall disclose:","An entity shall disclose information about the targets it has set to monitor progress towards achieving its strategic goals, and any targets it is required to meet by law or regulation. For each target, the entity shall disclose: (a) the metric used to set the target and to monitor progress towards reaching the target; (b) the specific quantitative or qualitative target the entity has set or is required to meet; (c) the period over which the target applies; (d) the base period from which progress is measured; (e) any milestones and interim targets; (f) performance against each target and an analysis of trends or changes in the entity’s performance; and (g) any revisions to the target and an explanation for those revisions."
IFRS_S1.52,IFRS S1,52,IFRS S1 52,gen_data\IFRS\ifrs_s1.pdf,17,Metrics and Targets,Sustainability-related metrics and targets,mandatory,general,"['metrics', 'risk_process', 'targets']",[],"The definition and calculation of metrics, including metrics used to set the entity’s targets and monitor progress towards reaching them, shall be consistent over time. If a metric is redefined or replaced, an entity shall apply paragraph B52.","The definition and calculation of metrics, including metrics used to set the entity’s targets and monitor progress towards reaching them, shall be consistent over time. If a metric is redefined or replaced, an entity shall apply paragraph B52."
IFRS_S1.53,IFRS S1,53,IFRS S1 53,gen_data\IFRS\ifrs_s1.pdf,17,Metrics and Targets,Sustainability-related metrics and targets,mandatory,general,"['metrics', 'risk_process', 'targets']",[],"An entity shall label and define metrics and targets using meaningful, clear and precise names and descriptions. Sources of guidance Identifying sustainability-related risks and opportunities","An entity shall label and define metrics and targets using meaningful, clear and precise names and descriptions. Sources of guidance Identifying sustainability-related risks and opportunities"
IFRS_S1.54,IFRS S1,54,IFRS S1 54,gen_data\IFRS\ifrs_s1.pdf,17,General Requirements,"Sources of guidance, location, timing, comparative information, compliance, judgements, uncertainty, errors",mandatory,general,['risk_process'],[],"In identifying sustainability-related risks and opportunities that could reasonably be expected to affect an entity’s prospects, an entity shall apply IFRS Sustainability Disclosure Standards.","In identifying sustainability-related risks and opportunities that could reasonably be expected to affect an entity’s prospects, an entity shall apply IFRS Sustainability Disclosure Standards."
IFRS_S1.55,IFRS S1,55,IFRS S1 55,gen_data\IFRS\ifrs_s1.pdf,17-18,General Requirements,"Sources of guidance, location, timing, comparative information, compliance, judgements, uncertainty, errors",conditional_or_relief_with_mandatory_conditions,general,['risk_process'],"['(a)', '(b)', '(i)', '(ii)', '(iii)']",In addition to IFRS Sustainability Disclosure Standards: (a) an entity shall refer to and consider the applicability of the disclosure topics in the SASB Standards.,In addition to IFRS Sustainability Disclosure Standards: (a) an entity shall refer to and consider the applicability of the disclosure topics in the SASB Standards. An entity might conclude that the disclosure topics in the SASB Standards are not applicable in the entity’s circumstances. (b) an entity may refer to and consider the applicability of: (i) the CDSB Framework Application Guidance for Water-related Disclosures and the CDSB Framework Application Guidance for Biodiversity-related Disclosures (collectively referred to as ‘CDSB Framework Application Guidance’); (ii) the most recent pronouncements of other standard‑setting bodies whose requirements are designed to meet the information needs of users of general purpose financial reports; and (iii) the sustainability-related risks and opportunities identified by entities that operate in the same industry(s) or geographical region(s). Identifying applicable disclosure requirements
IFRS_S1.56,IFRS S1,56,IFRS S1 56,gen_data\IFRS\ifrs_s1.pdf,18,General Requirements,"Sources of guidance, location, timing, comparative information, compliance, judgements, uncertainty, errors",mandatory,general,['risk_process'],[],"In identifying applicable disclosure requirements about a sustainability-related risk or opportunity that could reasonably be expected to affect an entity’s prospects, an entity shall apply the IFRS Sustainability Disclosure Standard that specifically applies to that sustainabili...","In identifying applicable disclosure requirements about a sustainability-related risk or opportunity that could reasonably be expected to affect an entity’s prospects, an entity shall apply the IFRS Sustainability Disclosure Standard that specifically applies to that sustainability-related risk or opportunity."
IFRS_S1.57,IFRS S1,57,IFRS S1 57,gen_data\IFRS\ifrs_s1.pdf,18,General Requirements,"Sources of guidance, location, timing, comparative information, compliance, judgements, uncertainty, errors",mandatory,general,"['risk_process', 'strategy']","['(a)', '(b)']","In the absence of an IFRS Sustainability Disclosure Standard that specifically applies to a sustainability-related risk or opportunity, an entity shall apply judgement to identify information that:","In the absence of an IFRS Sustainability Disclosure Standard that specifically applies to a sustainability-related risk or opportunity, an entity shall apply judgement to identify information that: (a) is relevant to the decision-making of users of general purpose financial reports; and (b) faithfully represents that sustainability-related risk or opportunity."
IFRS_S1.58,IFRS S1,58,IFRS S1 58,gen_data\IFRS\ifrs_s1.pdf,18-19,General Requirements,"Sources of guidance, location, timing, comparative information, compliance, judgements, uncertainty, errors",conditional_or_relief_with_mandatory_conditions,general,['metrics'],"['(a)', '(b)', '(i)', '(ii)', '(iii)', '(c)']",In making the judgement described in paragraph 57: (a) an entity shall refer to and consider the applicability of the metrics associated with the disclosure topics included in the SASB Standards.,"In making the judgement described in paragraph 57: (a) an entity shall refer to and consider the applicability of the metrics associated with the disclosure topics included in the SASB Standards. An entity might conclude that the metrics specified in the SASB Standards are not applicable in the entity’s circumstances. (b) an entity may—to the extent that these sources do not conflict with IFRS Sustainability Disclosure Standards—refer to and consider the applicability of: (i) the CDSB Framework Application Guidance; (ii) the most recent pronouncements of other standard‑setting bodies whose requirements are designed to meet the information needs of users of general purpose financial reports; and (iii) the information, including metrics, disclosed by entities that operate in the same industry(s) or geographical region(s). (c) an entity may—to the extent that these sources assist the entity in meeting the objective of this Standard (see paragraphs 1–4) and do not conflict with IFRS Sustainability Disclosure Standards—refer to and consider the applicability of the sources specified in Appendix C. Disclosure of information about sources of guidance"
IFRS_S1.59,IFRS S1,59,IFRS S1 59,gen_data\IFRS\ifrs_s1.pdf,19,General Requirements,"Sources of guidance, location, timing, comparative information, compliance, judgements, uncertainty, errors",mandatory,general,"['metrics', 'risk_process']","['(a)', '(b)']","An entity shall identify: (a) the specific standards, pronouncements, industry practice and other sources of guidance that the entity has applied in preparing its sustainability-related financial disclosures, including, if applicable, identifying the disclosure topics in the SASB...","An entity shall identify: (a) the specific standards, pronouncements, industry practice and other sources of guidance that the entity has applied in preparing its sustainability-related financial disclosures, including, if applicable, identifying the disclosure topics in the SASB Standards; and (b) the industry(s) specified in the IFRS Sustainability Disclosure Standards, the SASB Standards or other sources of guidance relating to a particular industry(s) that the entity has applied in preparing its sustainability-related financial disclosures, including in identifying applicable metrics. Location of disclosures"
IFRS_S1.60,IFRS S1,60,IFRS S1 60,gen_data\IFRS\ifrs_s1.pdf,19,General Requirements,"Sources of guidance, location, timing, comparative information, compliance, judgements, uncertainty, errors",mandatory,general,[],[],An entity is required to provide disclosures required by IFRS Sustainability Disclosure Standards as part of its general purpose financial reports.,An entity is required to provide disclosures required by IFRS Sustainability Disclosure Standards as part of its general purpose financial reports.
IFRS_S1.61,IFRS S1,61,IFRS S1 61,gen_data\IFRS\ifrs_s1.pdf,19,General Requirements,"Sources of guidance, location, timing, comparative information, compliance, judgements, uncertainty, errors",context_or_guidance,general,['strategy'],[],"Subject to any regulation or other requirements that apply to an entity, there are various possible locations in its general purpose financial reports in which to disclose sustainability-related financial information.","Subject to any regulation or other requirements that apply to an entity, there are various possible locations in its general purpose financial reports in which to disclose sustainability-related financial information. Sustainability-related financial disclosures could be included in an entity’s management commentary or a similar report when it forms part of an entity’s general purpose financial reports. Management commentary or a similar report is a required report in many jurisdictions. It might be known by or included in reports with various names, such as ‘management report’, ‘management’s discussion and analysis’, ‘operating and financial review’, ‘integrated report’ or ‘strategic report’."
IFRS_S1.62,IFRS S1,62,IFRS S1 62,gen_data\IFRS\ifrs_s1.pdf,19,General Requirements,"Sources of guidance, location, timing, comparative information, compliance, judgements, uncertainty, errors",conditional_or_relief_with_mandatory_conditions,general,[],[],"An entity may disclose information required by an IFRS Sustainability Disclosure Standard in the same location as information disclosed to meet other requirements, such as information required by regulators.","An entity may disclose information required by an IFRS Sustainability Disclosure Standard in the same location as information disclosed to meet other requirements, such as information required by regulators. The entity shall ensure that the sustainability-related financial disclosures are clearly identifiable and not obscured by that additional information (see paragraph B27)."
IFRS_S1.63,IFRS S1,63,IFRS S1 63,gen_data\IFRS\ifrs_s1.pdf,19-20,General Requirements,"Sources of guidance, location, timing, comparative information, compliance, judgements, uncertainty, errors",conditional_or_relief_with_mandatory_conditions,general,[],[],Information required by an IFRS Sustainability Disclosure Standard may be included in sustainability-related financial disclosures by cross-reference to another report published by the entity.,"Information required by an IFRS Sustainability Disclosure Standard may be included in sustainability-related financial disclosures by cross-reference to another report published by the entity. If an entity includes information by cross-reference, the entity shall apply the requirements in paragraphs B45–B47. Timing of reporting"
IFRS_S1.64,IFRS S1,64,IFRS S1 64,gen_data\IFRS\ifrs_s1.pdf,20,General Requirements,"Sources of guidance, location, timing, comparative information, compliance, judgements, uncertainty, errors",mandatory,general,[],[],An entity shall report its sustainability-related financial disclosures at the same time as its related financial statements. The entity’s sustainability-related financial disclosures shall cover the same reporting period as the related financial statements.,An entity shall report its sustainability-related financial disclosures at the same time as its related financial statements. The entity’s sustainability-related financial disclosures shall cover the same reporting period as the related financial statements.
IFRS_S1.65,IFRS S1,65,IFRS S1 65,gen_data\IFRS\ifrs_s1.pdf,20,General Requirements,"Sources of guidance, location, timing, comparative information, compliance, judgements, uncertainty, errors",context_or_guidance,general,[],[],"Normally, an entity prepares sustainability-related financial disclosures for a 12-month period. However, for practical reasons, some entities prefer to report, for example, for a 52-week period. This Standard does not preclude that practice.","Normally, an entity prepares sustainability-related financial disclosures for a 12-month period. However, for practical reasons, some entities prefer to report, for example, for a 52-week period. This Standard does not preclude that practice."
IFRS_S1.66,IFRS S1,66,IFRS S1 66,gen_data\IFRS\ifrs_s1.pdf,20,General Requirements,"Sources of guidance, location, timing, comparative information, compliance, judgements, uncertainty, errors",mandatory,general,[],"['(a)', '(b)', '(c)']","When an entity changes the end of its reporting period and provides sustainability-related financial disclosures for a period longer or shorter than 12 months, it shall disclose:","When an entity changes the end of its reporting period and provides sustainability-related financial disclosures for a period longer or shorter than 12 months, it shall disclose: (a) the period covered by the sustainability-related financial disclosures; (b) the reason for using a longer or shorter period; and (c) the fact that the amounts disclosed in the sustainability-related financial disclosures are not entirely comparable."
IFRS_S1.67,IFRS S1,67,IFRS S1 67,gen_data\IFRS\ifrs_s1.pdf,20,General Requirements,"Sources of guidance, location, timing, comparative information, compliance, judgements, uncertainty, errors",mandatory,general,[],[],"If, after the end of the reporting period but before the date on which the sustainability-related financial disclosures are authorised for issue, an entity receives information about conditions that existed at the end of the reporting period, it shall update disclosures that rela...","If, after the end of the reporting period but before the date on which the sustainability-related financial disclosures are authorised for issue, an entity receives information about conditions that existed at the end of the reporting period, it shall update disclosures that relate to those conditions in the light of the new information."
IFRS_S1.68,IFRS S1,68,IFRS S1 68,gen_data\IFRS\ifrs_s1.pdf,20,General Requirements,"Sources of guidance, location, timing, comparative information, compliance, judgements, uncertainty, errors",mandatory,general,[],[],"An entity shall disclose information about transactions, other events and conditions that occur after the end of the reporting period, but before the date on which the sustainability-related financial disclosures are authorised for issue, if non-disclosure of that information cou...","An entity shall disclose information about transactions, other events and conditions that occur after the end of the reporting period, but before the date on which the sustainability-related financial disclosures are authorised for issue, if non-disclosure of that information could reasonably be expected to influence decisions that primary users of general purpose financial reports make on the basis of those reports."
IFRS_S1.69,IFRS S1,69,IFRS S1 69,gen_data\IFRS\ifrs_s1.pdf,20,General Requirements,"Sources of guidance, location, timing, comparative information, compliance, judgements, uncertainty, errors",conditional_or_relief_with_mandatory_conditions,general,['comparatives'],[],"This Standard does not mandate which entities would be required to provide interim sustainability-related financial disclosures, how frequently, or how soon after the end of an interim period.","This Standard does not mandate which entities would be required to provide interim sustainability-related financial disclosures, how frequently, or how soon after the end of an interim period. However, governments, securities regulators, stock exchanges and accountancy bodies may require entities whose debt or equity securities are publicly traded to publish interim general purpose financial reports. If an entity is required or elects to publish interim sustainability-related financial disclosures in accordance with IFRS Sustainability Disclosure Standards, the entity shall apply paragraph B48. Comparative information"
IFRS_S1.70,IFRS S1,70,IFRS S1 70,gen_data\IFRS\ifrs_s1.pdf,20-21,General Requirements,"Sources of guidance, location, timing, comparative information, compliance, judgements, uncertainty, errors",mandatory,general,['comparatives'],[],"Unless another IFRS Sustainability Disclosure Standard permits or requires otherwise, an entity shall disclose comparative information in respect of the preceding period for all amounts disclosed in the reporting period.","Unless another IFRS Sustainability Disclosure Standard permits or requires otherwise, an entity shall disclose comparative information in respect of the preceding period for all amounts disclosed in the reporting period. If such information would be useful for an understanding of the sustainability-related financial disclosures for the reporting period, the entity shall also disclose comparative information for narrative and descriptive sustainability-related financial information (see paragraphs B49–B59)."
IFRS_S1.71,IFRS S1,71,IFRS S1 71,gen_data\IFRS\ifrs_s1.pdf,21,General Requirements,"Sources of guidance, location, timing, comparative information, compliance, judgements, uncertainty, errors",context_or_guidance,general,"['compliance', 'metrics', 'targets']",[],"Amounts reported in sustainability-related financial disclosures might relate, for example, to metrics and targets or to current and anticipated financial effects of sustainability-related risks and opportunities. Statement of compliance","Amounts reported in sustainability-related financial disclosures might relate, for example, to metrics and targets or to current and anticipated financial effects of sustainability-related risks and opportunities. Statement of compliance"
IFRS_S1.72,IFRS S1,72,IFRS S1 72,gen_data\IFRS\ifrs_s1.pdf,21,General Requirements,"Sources of guidance, location, timing, comparative information, compliance, judgements, uncertainty, errors",mandatory,general,['compliance'],[],An entity whose sustainability-related financial disclosures comply with all the requirements of IFRS Sustainability Disclosure Standards shall make an explicit and unreserved statement of compliance.,An entity whose sustainability-related financial disclosures comply with all the requirements of IFRS Sustainability Disclosure Standards shall make an explicit and unreserved statement of compliance. An entity shall not describe sustainability-related financial disclosures as complying with IFRS Sustainability Disclosure Standards unless they comply with all the requirements of IFRS Sustainability Disclosure Standards.
IFRS_S1.73,IFRS S1,73,IFRS S1 73,gen_data\IFRS\ifrs_s1.pdf,21,General Requirements,"Sources of guidance, location, timing, comparative information, compliance, judgements, uncertainty, errors",mandatory,general,['compliance'],[],This Standard relieves an entity from disclosing information otherwise required by an IFRS Sustainability Disclosure Standard if law or regulation prohibits the entity from disclosing that information (see paragraph B33).,This Standard relieves an entity from disclosing information otherwise required by an IFRS Sustainability Disclosure Standard if law or regulation prohibits the entity from disclosing that information (see paragraph B33). This Standard also relieves an entity from disclosing information about a sustainability-related opportunity otherwise required by an IFRS Sustainability Disclosure Standard if that information is commercially sensitive as described in this Standard (see paragraphs B34–B37). An entity using these exemptions is not prevented from asserting compliance with IFRS Sustainability Disclosure Standards. Judgements
IFRS_S1.74,IFRS S1,74,IFRS S1 74,gen_data\IFRS\ifrs_s1.pdf,21,General Requirements,"Sources of guidance, location, timing, comparative information, compliance, judgements, uncertainty, errors",mandatory,general,[],[],"An entity shall disclose information to enable users of general purpose financial reports to understand the judgements, apart from those involving estimations of amounts (see paragraph 77), that the entity has made in the process of preparing its sustainability-related financial...","An entity shall disclose information to enable users of general purpose financial reports to understand the judgements, apart from those involving estimations of amounts (see paragraph 77), that the entity has made in the process of preparing its sustainability-related financial disclosures and that have the most significant effect on the information included in those disclosures."
IFRS_S1.75,IFRS S1,75,IFRS S1 75,gen_data\IFRS\ifrs_s1.pdf,21-22,General Requirements,"Sources of guidance, location, timing, comparative information, compliance, judgements, uncertainty, errors",context_or_guidance,general,"['materiality', 'risk_process', 'value_chain']","['(a)', '(b)', '(c)', '(d)']","In the process of preparing sustainability-related financial disclosures, an entity makes various judgements, apart from those involving estimations, that can significantly affect the information reported in the entity’s sustainability-related financial disclosures.","In the process of preparing sustainability-related financial disclosures, an entity makes various judgements, apart from those involving estimations, that can significantly affect the information reported in the entity’s sustainability-related financial disclosures. For example, an entity makes judgements in: (a) identifying sustainability-related risks and opportunities that could be reasonably expected to affect the entity’s prospects; (b) determining which sources of guidance to apply in accordance with paragraphs 54–58; (c) identifying material information to include in the sustainability-related financial disclosures; and (d) assessing whether an event or change in circumstances is significant and requires reassessment of the scope of all affected sustainability-related risks and opportunities throughout the entity’s value chain (see paragraph B11)."
IFRS_S1.76,IFRS S1,76,IFRS S1 76,gen_data\IFRS\ifrs_s1.pdf,22,General Requirements,"Sources of guidance, location, timing, comparative information, compliance, judgements, uncertainty, errors",optional_or_relief,general,[],[],Other IFRS Sustainability Disclosure Standards may require disclosure of some of the information that an entity would otherwise be required to disclose in accordance with paragraph 74. Measurement uncertainty,Other IFRS Sustainability Disclosure Standards may require disclosure of some of the information that an entity would otherwise be required to disclose in accordance with paragraph 74. Measurement uncertainty
IFRS_S1.77,IFRS S1,77,IFRS S1 77,gen_data\IFRS\ifrs_s1.pdf,22,General Requirements,"Sources of guidance, location, timing, comparative information, compliance, judgements, uncertainty, errors",mandatory,general,[],[],An entity shall disclose information to enable users of general purpose financial reports to understand the most significant uncertainties affecting the amounts reported in its sustainability-related financial disclosures.,An entity shall disclose information to enable users of general purpose financial reports to understand the most significant uncertainties affecting the amounts reported in its sustainability-related financial disclosures.
IFRS_S1.78,IFRS S1,78,IFRS S1 78,gen_data\IFRS\ifrs_s1.pdf,22,General Requirements,"Sources of guidance, location, timing, comparative information, compliance, judgements, uncertainty, errors",mandatory,general,"['methodology', 'risk_process', 'value_chain']","['(a)', '(b)', '(i)', '(ii)']","An entity shall: (a) identify the amounts that it has disclosed that are subject to a high level of measurement uncertainty; and (b) in relation to each amount identified in paragraph 78(a), disclose information about: (i) the sources of measurement uncertainty—for example, the d...","An entity shall: (a) identify the amounts that it has disclosed that are subject to a high level of measurement uncertainty; and (b) in relation to each amount identified in paragraph 78(a), disclose information about: (i) the sources of measurement uncertainty—for example, the dependence of the amount on the outcome of a future event, on a measurement technique or on the availability and quality of data from the entity’s value chain; and (ii) the assumptions, approximations and judgements the entity has made in measuring the amount."
IFRS_S1.79,IFRS S1,79,IFRS S1 79,gen_data\IFRS\ifrs_s1.pdf,22,General Requirements,"Sources of guidance, location, timing, comparative information, compliance, judgements, uncertainty, errors",context_or_guidance,general,['methodology'],[],"When amounts reported in sustainability-related financial disclosures cannot be measured directly and can only be estimated, measurement uncertainty arises.","When amounts reported in sustainability-related financial disclosures cannot be measured directly and can only be estimated, measurement uncertainty arises. In some cases, an estimate involves assumptions about possible future events with uncertain outcomes. The use of reasonable estimates is an essential part of preparing sustainability-related financial disclosures and does not undermine the usefulness of the information if the estimates are accurately described and explained. Even a high level of measurement uncertainty would not necessarily prevent such an estimate from providing useful information."
IFRS_S1.80,IFRS S1,80,IFRS S1 80,gen_data\IFRS\ifrs_s1.pdf,22,General Requirements,"Sources of guidance, location, timing, comparative information, compliance, judgements, uncertainty, errors",context_or_guidance,general,['methodology'],[],"The requirement in paragraph 77 for an entity to disclose information about the uncertainties affecting the amounts reported in sustainability-related financial disclosures relates to the estimates that require the entity’s most difficult, subjective or complex judgements.","The requirement in paragraph 77 for an entity to disclose information about the uncertainties affecting the amounts reported in sustainability-related financial disclosures relates to the estimates that require the entity’s most difficult, subjective or complex judgements. As the number of variables and assumptions increases, those judgements become more subjective and complex, and the uncertainty affecting the amounts reported in the sustainability-related financial disclosures increases accordingly."
IFRS_S1.81,IFRS S1,81,IFRS S1 81,gen_data\IFRS\ifrs_s1.pdf,22-23,General Requirements,"Sources of guidance, location, timing, comparative information, compliance, judgements, uncertainty, errors",context_or_guidance,general,['methodology'],"['(a)', '(b)', '(c)', '(d)']",The type and extent of the information an entity might need to disclose vary according to the nature of the amount reported in the sustainability-related financial disclosures—the sources of and the factors contributing to the uncertainty and other circumstances.,"The type and extent of the information an entity might need to disclose vary according to the nature of the amount reported in the sustainability-related financial disclosures—the sources of and the factors contributing to the uncertainty and other circumstances. Examples of the type of information an entity might need to disclose are: (a) the nature of the assumption or other source of measurement uncertainty; (b) the sensitivity of the disclosed amount to the methods, assumptions and estimates underlying its calculation, including the reasons for the sensitivity; (c) the expected resolution of an uncertainty and the range of reasonably possible outcomes for the disclosed amount; and (d) an explanation of changes made to past assumptions concerning the disclosed amount, if the uncertainty remains unresolved."
IFRS_S1.82,IFRS S1,82,IFRS S1 82,gen_data\IFRS\ifrs_s1.pdf,23,General Requirements,"Sources of guidance, location, timing, comparative information, compliance, judgements, uncertainty, errors",optional_or_relief,general,[],[],Other IFRS Sustainability Disclosure Standards may require disclosure of some of the information that an entity would otherwise be required to disclose in accordance with paragraphs 77–78. Errors,Other IFRS Sustainability Disclosure Standards may require disclosure of some of the information that an entity would otherwise be required to disclose in accordance with paragraphs 77–78. Errors
IFRS_S1.83,IFRS S1,83,IFRS S1 83,gen_data\IFRS\ifrs_s1.pdf,23,General Requirements,"Sources of guidance, location, timing, comparative information, compliance, judgements, uncertainty, errors",mandatory,general,"['comparatives', 'materiality']",[],An entity shall correct material prior period errors by restating the comparative amounts for the prior period(s) disclosed unless it is impracticable to do so.,An entity shall correct material prior period errors by restating the comparative amounts for the prior period(s) disclosed unless it is impracticable to do so.
IFRS_S1.84,IFRS S1,84,IFRS S1 84,gen_data\IFRS\ifrs_s1.pdf,23,General Requirements,"Sources of guidance, location, timing, comparative information, compliance, judgements, uncertainty, errors",context_or_guidance,general,[],"['(a)', '(b)']","Prior period errors are omissions from and misstatements in the entity’s sustainability-related financial disclosures for one or more prior periods. Such errors arise from a failure to use, or the misuse of, reliable information that:","Prior period errors are omissions from and misstatements in the entity’s sustainability-related financial disclosures for one or more prior periods. Such errors arise from a failure to use, or the misuse of, reliable information that: (a) was available when the sustainability-related financial disclosures for that period(s) were authorised for issue; and (b) could reasonably be expected to have been obtained and considered in the preparation of those disclosures."
IFRS_S1.85,IFRS S1,85,IFRS S1 85,gen_data\IFRS\ifrs_s1.pdf,23,General Requirements,"Sources of guidance, location, timing, comparative information, compliance, judgements, uncertainty, errors",context_or_guidance,general,[],[],Corrections of errors are distinguished from changes in estimates. Estimates are approximations that an entity might need to revise as additional information becomes known.,Corrections of errors are distinguished from changes in estimates. Estimates are approximations that an entity might need to revise as additional information becomes known.
IFRS_S1.86,IFRS S1,86,IFRS S1 86,gen_data\IFRS\ifrs_s1.pdf,23-25,General Requirements,"Sources of guidance, location, timing, comparative information, compliance, judgements, uncertainty, errors",mandatory,banking_relevant,"['financial_effects', 'governance_body', 'materiality', 'metrics', 'risk_process', 'strategy', 'targets', 'value_chain']","['(a)', '(b)', '(c)']","If an entity identifies a material error in its prior period sustainability-related financial disclosures, it shall apply paragraphs B55–B59.","If an entity identifies a material error in its prior period sustainability-related financial disclosures, it shall apply paragraphs B55–B59. Reports that provide financial information about a reporting entity that is useful to primary users in making decisions relating to providing resources to the entity. Those decisions involve decisions about: (a) buying, selling or holding equity and debt instruments; (b) providing or selling loans and other forms of credit; or (c) exercising rights to vote on, or otherwise influence, the entity’s management’s actions that affect the use of the entity’s economic resources. General purpose financial reports include—but are not restricted to—an entity’s general purpose financial statements and sustainability-related financial disclosures. Standards of that name issued by the International Sustainability Standards Board. Existing and potential investors, lenders and other creditors. A particular form of general purpose financial reports that provide information about the reporting entity’s sustainability-related risks and opportunities that could reasonably be expected to affect the entity’s cash flows, its access to finance or cost of capital over the short, medium or long term, including information about the entity’s governance, strategy and risk management in relation to those risks and opportunities, and related metrics and targets. See primary users of general purpose financial reports (primary users). These definitions describe the same population. A value chain encompasses the interactions, resources and relationships an entity uses and depends on to create its products or services from conception to delivery, consumption and end-of-life, including interactions, resources and relationships in the entity’s operations, such as human resources; those along its supply, marketing and distribution channels, such as materials and service sourcing, and product and service sale and delivery; and the financing, geographical, geopolitical and regulatory environments in which the entity operates."
IFRS_S1.B1,IFRS S1,B1,IFRS S1 B1,gen_data\IFRS\ifrs_s1.pdf,26,General Requirements,Identifying sustainability-related risks and opportunities,mandatory,general,['financial_effects'],[],"This Standard requires an entity to disclose information about all sustainability-related risks and opportunities that could reasonably be expected to affect the entity’s cash flows, its access to finance or cost of capital over the short, medium or long term (referred to as ‘sus...","This Standard requires an entity to disclose information about all sustainability-related risks and opportunities that could reasonably be expected to affect the entity’s cash flows, its access to finance or cost of capital over the short, medium or long term (referred to as ‘sustainability-related risks and opportunities that could reasonably be expected to affect the entity’s prospects’) (see paragraph 3)."
IFRS_S1.B2,IFRS S1,B2,IFRS S1 B2,gen_data\IFRS\ifrs_s1.pdf,26,General Requirements,Identifying sustainability-related risks and opportunities,context_or_guidance,general,"['business_model', 'financial_effects', 'strategy', 'value_chain']",[],"An entity’s sustainability-related risks and opportunities arise out of the interactions between the entity and its stakeholders, society, the economy and the natural environment throughout the entity’s value chain.","An entity’s sustainability-related risks and opportunities arise out of the interactions between the entity and its stakeholders, society, the economy and the natural environment throughout the entity’s value chain. These interactions—which can be direct and indirect—result from operating an entity’s business model in pursuit of the entity’s strategic purposes and from the external environment in which the entity operates. These interactions take place within an interdependent system in which an entity both depends on resources and relationships throughout its value chain to generate cash flows and affects those resources and relationships through its activities and outputs—contributing to the preservation, regeneration and development of those resources and relationships or to their degradation and depletion. These dependencies and impacts might give rise to sustainability-related risks and opportunities that could reasonably be expected to affect an entity’s cash flows, its access to finance and cost of capital over the short, medium and long term."
IFRS_S1.B3,IFRS S1,B3,IFRS S1 B3,gen_data\IFRS\ifrs_s1.pdf,26,General Requirements,Identifying sustainability-related risks and opportunities,context_or_guidance,general,"['business_model', 'financial_effects', 'strategy']",[],"For example, if an entity’s business model depends on a natural resource— such as water—the entity could both affect and be affected by the quality, availability and affordability of that resource.","For example, if an entity’s business model depends on a natural resource— such as water—the entity could both affect and be affected by the quality, availability and affordability of that resource. Specifically, degradation or depletion of that resource—including resulting from the entity’s own activities and from other factors—could create a risk of disruption to the entity’s operations and affect the entity’s business model or strategy and could ultimately negatively affect the entity’s financial performance and financial position. In contrast, regeneration and preservation of that resource— including resulting from the entity’s own activities and from other factors— could positively affect the entity. Similarly, if an entity operates in a highly competitive market and requires a highly specialised workforce to achieve its strategic purposes, the entity’s future success will likely depend on the entity’s ability to attract and retain that resource. At the same time, that ability will depend, in part, on the entity’s employment practices—such as whether the entity invests in employee training and wellbeing—and the levels of employee satisfaction, engagement and retention. These examples illustrate the close relationship between the value the entity creates, preserves or erodes for others and the entity’s own ability to succeed and achieve its goals."
IFRS_S1.B4,IFRS S1,B4,IFRS S1 B4,gen_data\IFRS\ifrs_s1.pdf,27,General Requirements,Identifying sustainability-related risks and opportunities,context_or_guidance,general,['materiality'],[],"Resources and relationships that an entity depends on and affects by its activities and outputs can take various forms, such as natural, manufactured, intellectual, human, social or financial.","Resources and relationships that an entity depends on and affects by its activities and outputs can take various forms, such as natural, manufactured, intellectual, human, social or financial. They can be internal—such as the entity’s workforce, its know-how or its organisational processes—or they can be external—such as materials and services the entity needs to access or the relationships it has with suppliers, distributors and customers. Furthermore, resources and relationships include, but are not limited to, the resources and relationships recognised as assets in the entity’s financial statements."
IFRS_S1.B5,IFRS S1,B5,IFRS S1 B5,gen_data\IFRS\ifrs_s1.pdf,27,General Requirements,Identifying sustainability-related risks and opportunities,context_or_guidance,general,"['financed_emissions', 'risk_process', 'value_chain']",[],"An entity’s dependencies and impacts are not limited to resources the entity engages with directly, and to the entity’s direct relationships.","An entity’s dependencies and impacts are not limited to resources the entity engages with directly, and to the entity’s direct relationships. Those dependencies and impacts also relate to resources and relationships throughout the entity’s value chain. For example, they can relate to the entity’s supply and distribution channels; the effects of the consumption and disposal of the entity’s products; and the entity’s sources of finance and its investments, including investments in associates and joint ventures. If the entity’s business partners throughout its value chain face sustainability-related risks and opportunities, the entity could be exposed to related consequences of its own. Identifying sustainability-related risks and opportunities"
IFRS_S1.B6,IFRS S1,B6,IFRS S1 B6,gen_data\IFRS\ifrs_s1.pdf,27,General Requirements,Identifying sustainability-related risks and opportunities,mandatory,general,"['data_quality', 'risk_process', 'value_chain']","['(a)', '(b)']",An entity shall use all reasonable and supportable information that is available to the entity at the reporting date without undue cost or effort (see paragraphs B8–B10):,"An entity shall use all reasonable and supportable information that is available to the entity at the reporting date without undue cost or effort (see paragraphs B8–B10): (a) to identify the sustainability-related risks and opportunities that could reasonably be expected to affect the entity’s prospects; and (b) to determine the scope of its value chain, including its breadth and composition, in relation to each of those sustainability-related risks and opportunities."
IFRS_S1.B7,IFRS S1,B7,IFRS S1 B7,gen_data\IFRS\ifrs_s1.pdf,27,General Requirements,Identifying sustainability-related risks and opportunities,mandatory,general,"['data_quality', 'risk_process']",[],"In identifying the sustainability-related risks and opportunities that could reasonably be expected to affect its prospects, an entity shall apply the requirements on sources of guidance in paragraphs 54–55. Reasonable and supportable information","In identifying the sustainability-related risks and opportunities that could reasonably be expected to affect its prospects, an entity shall apply the requirements on sources of guidance in paragraphs 54–55. Reasonable and supportable information"
IFRS_S1.B8,IFRS S1,B8,IFRS S1 B8,gen_data\IFRS\ifrs_s1.pdf,27,General Requirements,Identifying sustainability-related risks and opportunities,conditional_or_relief_with_mandatory_conditions,general,"['data_quality', 'risk_process']",[],Reasonable and supportable information used by an entity in preparing its sustainability-related financial disclosures shall cover factors that are specific to the entity as well as general conditions in the external environment.,"Reasonable and supportable information used by an entity in preparing its sustainability-related financial disclosures shall cover factors that are specific to the entity as well as general conditions in the external environment. In some cases—such as in identifying sustainability-related risks and opportunities that could reasonably be expected to affect an entity’s prospects —reasonable and supportable information includes information about past events, current conditions and forecasts of future conditions. Other IFRS Sustainability Disclosure Standards may specify what is reasonable and supportable information in specific cases."
IFRS_S1.B9,IFRS S1,B9,IFRS S1 B9,gen_data\IFRS\ifrs_s1.pdf,28,General Requirements,Identifying sustainability-related risks and opportunities,optional_or_relief,general,"['business_model', 'risk_process', 'strategy']",[],An entity may use various sources of data that may be both internal and external.,"An entity may use various sources of data that may be both internal and external. Possible data sources include the entity’s risk management processes; industry and peer group experience; and external ratings, reports and statistics. Information that is used by the entity in preparing its financial statements, operating its business model, setting its strategy and managing its risks and opportunities is considered to be available to the entity without undue cost or effort."
IFRS_S1.B10,IFRS S1,B10,IFRS S1 B10,gen_data\IFRS\ifrs_s1.pdf,28,General Requirements,Identifying sustainability-related risks and opportunities,optional_or_relief,general,"['risk_process', 'value_chain']",[],An entity need not undertake an exhaustive search for information to identify sustainability-related risks and opportunities that could reasonably be expected to affect the entity’s prospects.,An entity need not undertake an exhaustive search for information to identify sustainability-related risks and opportunities that could reasonably be expected to affect the entity’s prospects. The assessment of what constitutes undue cost or effort depends on the entity’s specific circumstances and requires a balanced consideration of the costs and efforts for the entity and the benefits of the resulting information for primary users. That assessment can change over time as circumstances change. Reassessment of the scope of sustainability-related risks and opportunities throughout the value chain
IFRS_S1.B11,IFRS S1,B11,IFRS S1 B11,gen_data\IFRS\ifrs_s1.pdf,28,General Requirements,Identifying sustainability-related risks and opportunities,mandatory,general,"['business_model', 'ghg_emissions', 'risk_process', 'value_chain']","['(a)', '(b)', '(c)']","On the occurrence of a significant event or significant change in circumstances, an entity shall reassess the scope of all affected sustainability-related risks and opportunities throughout its value chain.","On the occurrence of a significant event or significant change in circumstances, an entity shall reassess the scope of all affected sustainability-related risks and opportunities throughout its value chain. A significant event or significant change in circumstances can occur without the entity being involved in that event or change in circumstances or as a result of a change in what the entity assesses to be important to users of general purpose financial reports. For example, such significant events or significant changes in circumstances might include: (a) a significant change in the entity’s value chain (for example, a supplier in the entity’s value chain makes a change that significantly alters the supplier’s greenhouse gas emissions); (b) a significant change in the entity’s business model, activities or corporate structure (for example, a merger or acquisition that expands the entity’s value chain); and (c) a significant change in an entity’s exposure to sustainability-related risks and opportunities (for example, a supplier in the entity’s value chain is affected by the introduction of a new regulation that the entity had not anticipated)."
IFRS_S1.B12,IFRS S1,B12,IFRS S1 B12,gen_data\IFRS\ifrs_s1.pdf,28,General Requirements,Identifying sustainability-related risks and opportunities,mandatory,general,"['risk_process', 'value_chain']",[],"An entity is permitted, but not required, to reassess the scope of any sustainability-related risk or opportunity throughout its value chain more frequently than required by paragraph B11.","An entity is permitted, but not required, to reassess the scope of any sustainability-related risk or opportunity throughout its value chain more frequently than required by paragraph B11."
IFRS_S1.B13,IFRS S1,B13,IFRS S1 B13,gen_data\IFRS\ifrs_s1.pdf,28-29,General Requirements,"Materiality, aggregation, law/regulation, commercially sensitive information",mandatory,general,['materiality'],[],Paragraph 17 requires an entity to disclose material information about the sustainability-related risks and opportunities that could reasonably be expected to affect the entity’s prospects.,"Paragraph 17 requires an entity to disclose material information about the sustainability-related risks and opportunities that could reasonably be expected to affect the entity’s prospects. Materiality of information is judged in relation to whether omitting, misstating or obscuring that information could reasonably be expected to influence decisions of primary users of general purpose financial reports, which provide information about a specific reporting entity."
IFRS_S1.B14,IFRS S1,B14,IFRS S1 B14,gen_data\IFRS\ifrs_s1.pdf,29,General Requirements,"Materiality, aggregation, law/regulation, commercially sensitive information",context_or_guidance,banking_relevant,[],"['(a)', '(b)', '(c)']",The decisions of primary users relate to providing resources to the entity and involve decisions about:,"The decisions of primary users relate to providing resources to the entity and involve decisions about: (a) buying, selling or holding equity and debt instruments; (b) providing or selling loans and other forms of credit; or (c) exercising rights to vote on, or otherwise influence, the entity’s management’s actions that affect the use of the entity’s economic resources."
IFRS_S1.B15,IFRS S1,B15,IFRS S1 B15,gen_data\IFRS\ifrs_s1.pdf,29,General Requirements,"Materiality, aggregation, law/regulation, commercially sensitive information",context_or_guidance,general,['risk_process'],[],"The decisions described in paragraph B14 depend on primary users’ expectations about returns, for example, dividends, principal and interest payments or market price increases.","The decisions described in paragraph B14 depend on primary users’ expectations about returns, for example, dividends, principal and interest payments or market price increases. Those expectations depend on primary users’ assessment of the amount, timing and uncertainty of future net cash inflows to the entity and on their assessment of stewardship of the entity’s economic resources by the entity’s management and its governing body(s) or individual(s)."
IFRS_S1.B16,IFRS S1,B16,IFRS S1 B16,gen_data\IFRS\ifrs_s1.pdf,29,General Requirements,"Materiality, aggregation, law/regulation, commercially sensitive information",context_or_guidance,general,['risk_process'],[],Assessing whether information could reasonably be expected to influence the decisions made by primary users requires consideration of the characteristics of those users and of the entity’s own circumstances.,Assessing whether information could reasonably be expected to influence the decisions made by primary users requires consideration of the characteristics of those users and of the entity’s own circumstances.
IFRS_S1.B17,IFRS S1,B17,IFRS S1 B17,gen_data\IFRS\ifrs_s1.pdf,29,General Requirements,"Materiality, aggregation, law/regulation, commercially sensitive information",optional_or_relief,general,[],[],Sustainability-related financial disclosures are prepared for primary users who have reasonable knowledge of business and economic activities and who review and analyse information diligently.,"Sustainability-related financial disclosures are prepared for primary users who have reasonable knowledge of business and economic activities and who review and analyse information diligently. At times, even well-informed and diligent users may need to seek the aid of an adviser to understand sustainability-related financial information."
IFRS_S1.B18,IFRS S1,B18,IFRS S1 B18,gen_data\IFRS\ifrs_s1.pdf,29,General Requirements,"Materiality, aggregation, law/regulation, commercially sensitive information",optional_or_relief,general,"['materiality', 'risk_process']",[],"Individual primary users may have different, and sometimes even conflicting, information needs and desires.","Individual primary users may have different, and sometimes even conflicting, information needs and desires. Information needs of primary users may also evolve over time. Sustainability-related financial disclosures are intended to meet common information needs of primary users. Identifying material information"
IFRS_S1.B19,IFRS S1,B19,IFRS S1 B19,gen_data\IFRS\ifrs_s1.pdf,29,General Requirements,"Materiality, aggregation, law/regulation, commercially sensitive information",context_or_guidance,general,['materiality'],[],"Materiality judgements are specific to an entity. Consequently, this Standard does not specify any thresholds for materiality or predetermine what would be material in a particular situation.","Materiality judgements are specific to an entity. Consequently, this Standard does not specify any thresholds for materiality or predetermine what would be material in a particular situation."
IFRS_S1.B20,IFRS S1,B20,IFRS S1 B20,gen_data\IFRS\ifrs_s1.pdf,29,General Requirements,"Materiality, aggregation, law/regulation, commercially sensitive information",conditional_or_relief_with_mandatory_conditions,general,"['materiality', 'metrics', 'risk_process']",[],"To identify material information about a sustainability-related risk or opportunity, an entity shall apply, as the starting point, the requirements of the IFRS Sustainability Disclosure Standard that specifically applies to that sustainability-related risk or opportunity.","To identify material information about a sustainability-related risk or opportunity, an entity shall apply, as the starting point, the requirements of the IFRS Sustainability Disclosure Standard that specifically applies to that sustainability-related risk or opportunity. In the absence of an IFRS Sustainability Disclosure Standard that specifically applies to a sustainability-related risk or opportunity, the entity shall apply the requirements on sources of guidance specified in paragraphs 57–58. Those sources specify information, including metrics, that may be relevant to a particular sustainability-related risk or opportunity, to a particular industry or in specified circumstances."
IFRS_S1.B21,IFRS S1,B21,IFRS S1 B21,gen_data\IFRS\ifrs_s1.pdf,30,General Requirements,"Materiality, aggregation, law/regulation, commercially sensitive information",mandatory,general,"['materiality', 'risk_process']",[],"An entity shall assess whether the information identified in applying paragraph B20, either individually or in combination with other information, is material in the context of the entity’s sustainability-related financial disclosures taken as a whole.","An entity shall assess whether the information identified in applying paragraph B20, either individually or in combination with other information, is material in the context of the entity’s sustainability-related financial disclosures taken as a whole. In assessing whether information is material, an entity shall consider both quantitative and qualitative factors. For example, an entity might consider the magnitude and the nature of the effect of a sustainability-related risk or opportunity on the entity."
IFRS_S1.B22,IFRS S1,B22,IFRS S1 B22,gen_data\IFRS\ifrs_s1.pdf,30,General Requirements,"Materiality, aggregation, law/regulation, commercially sensitive information",mandatory,general,"['financial_effects', 'materiality']","['(a)', '(b)']","In some cases, IFRS Sustainability Disclosure Standards require the disclosure of information about possible future events with uncertain outcomes. In judging whether information about such possible future events is material, an entity shall consider:","In some cases, IFRS Sustainability Disclosure Standards require the disclosure of information about possible future events with uncertain outcomes. In judging whether information about such possible future events is material, an entity shall consider: (a) the potential effects of the events on the amount, timing and uncertainty of the entity’s future cash flows over the short, medium and long term (referred to as ‘the possible outcome’); and (b) the range of possible outcomes and the likelihood of the possible outcomes within that range."
IFRS_S1.B23,IFRS S1,B23,IFRS S1 B23,gen_data\IFRS\ifrs_s1.pdf,30,General Requirements,"Materiality, aggregation, law/regulation, commercially sensitive information",mandatory,general,['materiality'],[],"When considering possible outcomes, an entity shall consider all pertinent facts and circumstances.","When considering possible outcomes, an entity shall consider all pertinent facts and circumstances. Information about a possible future event is more likely to be judged as being material if the potential effects are significant and the event is likely to occur. However, an entity shall also consider whether information about low-probability and high-impact outcomes might be material either individually or in combination with information about other low-probability and high-impact outcomes. For example, an entity might be exposed to several sustainability-related risks, each of which could cause the same type of disruption—such as disruption to the entity’s supply chain. Information about an individual source of risk might not be material if disruption from that source is highly unlikely to occur. However, information about the aggregate risk—the risk of supply chain disruption from all sources —might be material."
IFRS_S1.B24,IFRS S1,B24,IFRS S1 B24,gen_data\IFRS\ifrs_s1.pdf,30,General Requirements,"Materiality, aggregation, law/regulation, commercially sensitive information",context_or_guidance,general,"['financial_effects', 'materiality']",[],"If a possible future event is expected to affect an entity’s cash flows, but only many years in the future, information about that event is usually less likely to be judged material than information about a possible future event with similar effects that are expected to occur soo...","If a possible future event is expected to affect an entity’s cash flows, but only many years in the future, information about that event is usually less likely to be judged material than information about a possible future event with similar effects that are expected to occur sooner. However, in some circumstances, an item of information could reasonably be expected to influence primary users’ decisions regardless of the magnitude of the potential effects of the future event or the timing of that event. For example, this might happen if information about a particular sustainability-related risk or opportunity is highly scrutinised by primary users of an entity’s general purpose financial reports."
IFRS_S1.B25,IFRS S1,B25,IFRS S1 B25,gen_data\IFRS\ifrs_s1.pdf,30,General Requirements,"Materiality, aggregation, law/regulation, commercially sensitive information",conditional_or_relief_with_mandatory_conditions,general,['materiality'],[],An entity need not disclose information otherwise required by an IFRS Sustainability Disclosure Standard if the information is not material.,An entity need not disclose information otherwise required by an IFRS Sustainability Disclosure Standard if the information is not material. This is the case even if the IFRS Sustainability Disclosure Standard contains a list of specific requirements or describes them as minimum requirements.
IFRS_S1.B26,IFRS S1,B26,IFRS S1 B26,gen_data\IFRS\ifrs_s1.pdf,31,General Requirements,"Materiality, aggregation, law/regulation, commercially sensitive information",mandatory,general,"['compliance', 'financial_effects']",[],An entity shall disclose additional information when compliance with the specifically applicable requirements in an IFRS Sustainability Disclosure Standard is insufficient to enable users of general purpose financial reports to understand the effects of sustainability-related ris...,"An entity shall disclose additional information when compliance with the specifically applicable requirements in an IFRS Sustainability Disclosure Standard is insufficient to enable users of general purpose financial reports to understand the effects of sustainability-related risks and opportunities on the entity’s cash flows, its access to finance and cost of capital over the short, medium and long term."
IFRS_S1.B27,IFRS S1,B27,IFRS S1 B27,gen_data\IFRS\ifrs_s1.pdf,31,General Requirements,"Materiality, aggregation, law/regulation, commercially sensitive information",mandatory,general,"['materiality', 'risk_process']","['(a)', '(b)', '(c)', '(d)', '(e)', '(f)']",An entity shall identify its sustainability-related financial disclosures clearly and distinguish them from other information provided by the entity (see paragraph 62).,"An entity shall identify its sustainability-related financial disclosures clearly and distinguish them from other information provided by the entity (see paragraph 62). An entity shall not obscure material information. Information is obscured if it is communicated in a way that would have a similar effect for primary users to omitting or misstating that information. Examples of circumstances that might result in material information being obscured include: (a) material information is not clearly distinguished from additional information that is not material; (b) material information is disclosed in the sustainability-related financial disclosures, but the language used is vague or unclear; (c) material information about a sustainability-related risk or opportunity is scattered throughout the sustainability-related financial disclosures; (d) items of information that are dissimilar are inappropriately aggregated; (e) items of information that are similar are inappropriately disaggregated; and (f) the understandability of the sustainability-related financial disclosures is reduced as a result of material information being hidden by immaterial information to the extent that a primary user is unable to determine what information is material."
IFRS_S1.B28,IFRS S1,B28,IFRS S1 B28,gen_data\IFRS\ifrs_s1.pdf,31,General Requirements,"Materiality, aggregation, law/regulation, commercially sensitive information",mandatory,general,"['materiality', 'methodology', 'risk_process']",[],An entity shall reassess its materiality judgements at each reporting date to take account of changed circumstances and assumptions.,"An entity shall reassess its materiality judgements at each reporting date to take account of changed circumstances and assumptions. Because of changes in the entity’s individual circumstances, or in the external environment, some types of information included in an entity’s sustainability-related financial disclosures for prior periods might no longer be material. Conversely, some types of information not previously disclosed might become material. Aggregation and disaggregation"
IFRS_S1.B29,IFRS S1,B29,IFRS S1 B29,gen_data\IFRS\ifrs_s1.pdf,31,General Requirements,"Materiality, aggregation, law/regulation, commercially sensitive information",mandatory,general,['materiality'],[],"When an entity applies IFRS Sustainability Disclosure Standards, it shall consider all facts and circumstances and decide how to aggregate and disaggregate information in its sustainability-related financial disclosures.","When an entity applies IFRS Sustainability Disclosure Standards, it shall consider all facts and circumstances and decide how to aggregate and disaggregate information in its sustainability-related financial disclosures. The entity shall not reduce the understandability of its sustainability-related financial disclosures by obscuring material information with immaterial information or by aggregating material items of information that are dissimilar to each other."
IFRS_S1.B30,IFRS S1,B30,IFRS S1 B30,gen_data\IFRS\ifrs_s1.pdf,32,General Requirements,"Materiality, aggregation, law/regulation, commercially sensitive information",mandatory,general,['materiality'],[],An entity shall not aggregate information if doing so would obscure information that is material.,"An entity shall not aggregate information if doing so would obscure information that is material. Information shall be aggregated if items of information have shared characteristics and shall not be aggregated if they do not have shared characteristics. The entity might need to disaggregate information about sustainability-related risks and opportunities, for example, by geographical location or in consideration of the geopolitical environment. For example, to ensure that material information is not obscured, an entity might need to disaggregate information about its use of water to distinguish between water drawn from abundant sources and water drawn from water- stressed areas. Interaction with law or regulation"
IFRS_S1.B31,IFRS S1,B31,IFRS S1 B31,gen_data\IFRS\ifrs_s1.pdf,32,General Requirements,"Materiality, aggregation, law/regulation, commercially sensitive information",conditional_or_relief_with_mandatory_conditions,general,['materiality'],[],Law or regulation might specify requirements for an entity to disclose sustainability-related information in its general purpose financial reports.,"Law or regulation might specify requirements for an entity to disclose sustainability-related information in its general purpose financial reports. In such circumstances, the entity is permitted to include in its sustainability-related financial disclosures information to meet legal or regulatory requirements, even if that information is not material. However, such information shall not obscure material information."
IFRS_S1.B32,IFRS S1,B32,IFRS S1 B32,gen_data\IFRS\ifrs_s1.pdf,32,General Requirements,"Materiality, aggregation, law/regulation, commercially sensitive information",mandatory,general,['materiality'],[],"An entity shall disclose material sustainability-related financial information, even if law or regulation permits the entity not to disclose such information.","An entity shall disclose material sustainability-related financial information, even if law or regulation permits the entity not to disclose such information."
IFRS_S1.B33,IFRS S1,B33,IFRS S1 B33,gen_data\IFRS\ifrs_s1.pdf,32,General Requirements,"Materiality, aggregation, law/regulation, commercially sensitive information",conditional_or_relief_with_mandatory_conditions,general,"['materiality', 'risk_process']",[],An entity need not disclose information otherwise required by an IFRS Sustainability Disclosure Standard if law or regulation prohibits the entity from disclosing that information.,"An entity need not disclose information otherwise required by an IFRS Sustainability Disclosure Standard if law or regulation prohibits the entity from disclosing that information. If an entity omits material information for that reason, it shall identify the type of information not disclosed and explain the source of the restriction. Commercially sensitive information"
IFRS_S1.B34,IFRS S1,B34,IFRS S1 B34,gen_data\IFRS\ifrs_s1.pdf,32,General Requirements,"Materiality, aggregation, law/regulation, commercially sensitive information",conditional_or_relief_with_mandatory_conditions,general,['materiality'],[],"If an entity determines that information about a sustainability-related opportunity is commercially sensitive in the limited circumstances described in paragraph B35, the entity is permitted to omit that information from its sustainability-related financial disclosures.","If an entity determines that information about a sustainability-related opportunity is commercially sensitive in the limited circumstances described in paragraph B35, the entity is permitted to omit that information from its sustainability-related financial disclosures. Such an omission is permitted even if information is otherwise required by an IFRS Sustainability Disclosure Standard and the information is material."
IFRS_S1.B35,IFRS S1,B35,IFRS S1 B35,gen_data\IFRS\ifrs_s1.pdf,32,General Requirements,"Materiality, aggregation, law/regulation, commercially sensitive information",optional_or_relief,general,[],"['(a)', '(b)', '(c)']","An entity qualifies for the exemption specified in paragraph B34 if, and only if:","An entity qualifies for the exemption specified in paragraph B34 if, and only if: (a) information about the sustainability-related opportunity is not already publicly available; (b) disclosure of that information could reasonably be expected to prejudice seriously the economic benefits the entity would otherwise be able to realise in pursuing the opportunity; and (c) the entity has determined that it is impossible to disclose that information in a manner—for example, at an aggregated level—that would enable the entity to meet the objectives of the disclosure requirements without prejudicing seriously the economic benefits the entity would otherwise be able to realise in pursuing the opportunity."
IFRS_S1.B36,IFRS S1,B36,IFRS S1 B36,gen_data\IFRS\ifrs_s1.pdf,33,General Requirements,"Materiality, aggregation, law/regulation, commercially sensitive information",conditional_or_relief_with_mandatory_conditions,general,['risk_process'],"['(a)', '(b)']","If an entity elects to use the exemption specified in paragraph B34, the entity shall, for each item of information omitted: (a) disclose the fact that it has used the exemption; and (b) reassess, at each reporting date, whether the information qualifies for the exemption.","If an entity elects to use the exemption specified in paragraph B34, the entity shall, for each item of information omitted: (a) disclose the fact that it has used the exemption; and (b) reassess, at each reporting date, whether the information qualifies for the exemption."
IFRS_S1.B37,IFRS S1,B37,IFRS S1 B37,gen_data\IFRS\ifrs_s1.pdf,33,General Requirements,"Materiality, aggregation, law/regulation, commercially sensitive information",optional_or_relief,general,[],[],An entity is prohibited from using the exemption specified in paragraph B34 in relation to a sustainability-related risk or as a basis for broad non-disclosure of sustainability-related financial information.,An entity is prohibited from using the exemption specified in paragraph B34 in relation to a sustainability-related risk or as a basis for broad non-disclosure of sustainability-related financial information.
IFRS_S1.B38,IFRS S1,B38,IFRS S1 B38,gen_data\IFRS\ifrs_s1.pdf,33,General Requirements,Reporting entity guidance,mandatory,general,['financial_effects'],[],Paragraph 20 requires that sustainability-related financial disclosures shall be for the same reporting entity as the related financial statements.,"Paragraph 20 requires that sustainability-related financial disclosures shall be for the same reporting entity as the related financial statements. For example, consolidated financial statements prepared in accordance with IFRS Accounting Standards provide information about the parent and its subsidiaries as a single reporting entity. Consequently, that entity’s sustainability-related financial disclosures shall enable users of general purpose financial reports to understand the effects of the sustainability-related risks and opportunities on the cash flows, access to finance and cost of capital over the short, medium and long term for the parent and its subsidiaries."
IFRS_S1.B39,IFRS S1,B39,IFRS S1 B39,gen_data\IFRS\ifrs_s1.pdf,33,General Requirements,Connected information guidance,mandatory,general,[],[],Paragraph 21 requires an entity to provide information in a manner that enables users of general purpose financial reports to understand connections both between the items to which the information relates and between disclosures provided by the entity in its general purpose finan...,Paragraph 21 requires an entity to provide information in a manner that enables users of general purpose financial reports to understand connections both between the items to which the information relates and between disclosures provided by the entity in its general purpose financial reports.
IFRS_S1.B40,IFRS S1,B40,IFRS S1 B40,gen_data\IFRS\ifrs_s1.pdf,33,General Requirements,Connected information guidance,context_or_guidance,general,"['financial_effects', 'risk_process', 'strategy', 'targets']","['(a)', '(b)', '(c)']",Connected information provides insight into connections between the items to which the information relates. For example:,"Connected information provides insight into connections between the items to which the information relates. For example: (a) if an entity pursued a particular sustainability-related opportunity and that resulted in an increase in the entity’s revenue, connected information will depict that relationship between the entity’s strategy and its financial performance; (b) if an entity identified a trade-off between two sustainability-related risks it is exposed to and took action on the basis of its assessment of that trade-off, connected information will depict the relationship between those risks and the entity’s strategy; and (c) if an entity committed to a particular sustainability-related target, but that commitment has not yet affected the entity’s financial position or financial performance because the applicable recognition criteria have not been met, connected information will depict that relationship."
IFRS_S1.B41,IFRS S1,B41,IFRS S1 B41,gen_data\IFRS\ifrs_s1.pdf,33-34,General Requirements,Connected information guidance,mandatory,general,"['metrics', 'risk_process', 'strategy', 'targets']","['(a)', '(i)', '(ii)', '(b)']","Connected information includes: (a) connections between various types of information about a particular sustainability-related risk or opportunity, such as: (i) between disclosures on governance, strategy and risk management; and (ii) between narrative information and quantitativ...","Connected information includes: (a) connections between various types of information about a particular sustainability-related risk or opportunity, such as: (i) between disclosures on governance, strategy and risk management; and (ii) between narrative information and quantitative information (including related metrics and targets and information in the related financial statements). (b) connections between disclosures about various sustainability-related risks and opportunities. For example, if an entity integrates its oversight of sustainability-related risks and opportunities, the entity shall integrate the disclosures on governance instead of providing separate disclosures on governance for each sustainability-related risk and opportunity."
IFRS_S1.B42,IFRS S1,B42,IFRS S1 B42,gen_data\IFRS\ifrs_s1.pdf,34,General Requirements,Connected information guidance,mandatory,general,['methodology'],"['(a)', '(b)', '(c)']","Drawing connections between disclosures involves, but is not limited to, providing necessary explanations and cross-references and using consistent data, assumptions, and units of measure. In providing connected information, an entity shall:","Drawing connections between disclosures involves, but is not limited to, providing necessary explanations and cross-references and using consistent data, assumptions, and units of measure. In providing connected information, an entity shall: (a) explain connections between disclosures in a clear and concise manner; (b) avoid unnecessary duplication if IFRS Sustainability Disclosure Standards require the disclosure of common items of information; and (c) disclose information about significant differences between the data and assumptions used in preparing the entity’s sustainability-related financial disclosures and the data and assumptions used in preparing the related financial statements."
IFRS_S1.B43,IFRS S1,B43,IFRS S1 B43,gen_data\IFRS\ifrs_s1.pdf,34,General Requirements,Connected information guidance,context_or_guidance,general,"['financial_effects', 'metrics', 'strategy', 'targets']",[],"For example, in providing connected information an entity might need to explain the effect or likely effect of its strategy on its financial statements and financial planning, or explain how that strategy relates to the metrics the entity uses to measure progress against targets.","For example, in providing connected information an entity might need to explain the effect or likely effect of its strategy on its financial statements and financial planning, or explain how that strategy relates to the metrics the entity uses to measure progress against targets. Another entity might need to explain how its use of natural resources or changes within its supply chain could amplify or, in contrast, reduce its sustainability-related risks and opportunities. The entity might need to link the information about its use of natural resources or changes within its supply chain to information about current or anticipated financial effects on the entity’s production costs, its strategic response to mitigate those risks and its related investment in new assets. The entity might need to link narrative information to the related metrics and targets and to information in the related financial statements."
IFRS_S1.B44,IFRS S1,B44,IFRS S1 B44,gen_data\IFRS\ifrs_s1.pdf,34-35,General Requirements,Connected information guidance,context_or_guidance,general,"['financial_effects', 'risk_process', 'strategy']","['(a)', '(b)']","Other examples of connected information include: (a) an explanation of the combined effects of the entity’s sustainability-related risks and opportunities and its strategy on its financial position, financial performance and cash flows over the short, medium and long term.","Other examples of connected information include: (a) an explanation of the combined effects of the entity’s sustainability-related risks and opportunities and its strategy on its financial position, financial performance and cash flows over the short, medium and long term. For example, an entity might face decreasing demand for its products because of consumer preferences for lower-carbon alternatives. The entity might need to explain how its strategic response, such as closing a major factory, could affect its workforce and local communities, and the effect of such a closure on the useful lives of its assets and on impairment assessments. (b) a description of the alternatives that an entity evaluated in setting its strategy in response to its sustainability-related risks and opportunities, including a description of the trade-offs between those risks and opportunities that the entity considered (see paragraph 33(c)). For example, an entity might need to explain the potential effects of its decision to restructure its operations in response to a sustainability-related risk on the future size and composition of the entity’s workforce."
IFRS_S1.B45,IFRS S1,B45,IFRS S1 B45,gen_data\IFRS\ifrs_s1.pdf,35,General Requirements,Cross-reference and interim reporting guidance,mandatory,general,['materiality'],"['(a)', '(b)']",Information required by an IFRS Sustainability Disclosure Standard might be available in another report published by the entity.,"Information required by an IFRS Sustainability Disclosure Standard might be available in another report published by the entity. For example, the required information could be disclosed in the related financial statements. Material information can be included in an entity’s sustainability-related financial disclosures by cross-reference, provided that: (a) the cross-referenced information is available on the same terms and at the same time as the sustainability-related financial disclosures; and (b) the complete set of sustainability-related financial disclosures is not made less understandable by including information by cross-reference."
IFRS_S1.B46,IFRS S1,B46,IFRS S1 B46,gen_data\IFRS\ifrs_s1.pdf,35,General Requirements,Cross-reference and interim reporting guidance,mandatory,general,['compliance'],[],Information included by cross-reference becomes part of the complete set of sustainability-related financial disclosures and shall comply with the requirements of IFRS Sustainability Disclosure Standards.,"Information included by cross-reference becomes part of the complete set of sustainability-related financial disclosures and shall comply with the requirements of IFRS Sustainability Disclosure Standards. For example, it needs to be relevant, representationally faithful, comparable, verifiable, timely and understandable. The body(s) or individual(s) that authorises the general purpose financial reports takes the same responsibility for the information included by cross-reference as it does for the information included directly."
IFRS_S1.B47,IFRS S1,B47,IFRS S1 B47,gen_data\IFRS\ifrs_s1.pdf,35,General Requirements,Cross-reference and interim reporting guidance,mandatory,general,['risk_process'],"['(a)', '(b)']",If information required by an IFRS Sustainability Disclosure Standard is included by cross-reference:,If information required by an IFRS Sustainability Disclosure Standard is included by cross-reference: (a) the sustainability-related financial disclosures shall clearly identify the report within which that information is located and explain how to access that report; and (b) the cross-reference shall be to a precisely specified part of that report.
IFRS_S1.B48,IFRS S1,B48,IFRS S1 B48,gen_data\IFRS\ifrs_s1.pdf,35-36,General Requirements,Cross-reference and interim reporting guidance,optional_or_relief,general,[],[],"In the interest of timeliness and cost considerations, and to avoid repetition of information previously reported, an entity may be required or choose to provide less information at interim dates than it provides in its annual sustainability-related financial disclosures.","In the interest of timeliness and cost considerations, and to avoid repetition of information previously reported, an entity may be required or choose to provide less information at interim dates than it provides in its annual sustainability-related financial disclosures. Interim sustainability-related financial disclosures are intended to provide an update on the latest complete set of annual disclosures of sustainability-related financial information. These disclosures focus on new information, events and circumstances and do not duplicate information previously reported. Although the information provided in interim sustainability-related financial disclosures may be more condensed than in annual sustainability-related financial disclosures, an entity is not prohibited or discouraged from publishing a complete set of sustainability-related financial disclosures as specified in this Standard as part of its interim general purpose financial report."
IFRS_S1.B49,IFRS S1,B49,IFRS S1 B49,gen_data\IFRS\ifrs_s1.pdf,36,Metrics and Targets,Comparative information for metrics,mandatory,general,"['comparatives', 'metrics']",[],Paragraph 70 requires an entity to disclose comparative information in respect of the preceding period for all amounts disclosed in the reporting period. Metrics,Paragraph 70 requires an entity to disclose comparative information in respect of the preceding period for all amounts disclosed in the reporting period. Metrics
IFRS_S1.B50,IFRS S1,B50,IFRS S1 B50,gen_data\IFRS\ifrs_s1.pdf,36,Metrics and Targets,Comparative information for metrics,mandatory,general,"['comparatives', 'metrics']","['(a)', '(b)', '(c)']","In some cases, the amount disclosed for a metric is an estimate. Except as specified in paragraph B51, if an entity identifies new information in relation to the estimated amount disclosed in the preceding period and the new information provides evidence of circumstances that exi...","In some cases, the amount disclosed for a metric is an estimate. Except as specified in paragraph B51, if an entity identifies new information in relation to the estimated amount disclosed in the preceding period and the new information provides evidence of circumstances that existed in that period, the entity shall: (a) disclose a revised comparative amount that reflects that new information; (b) disclose the difference between the amount disclosed in the preceding period and the revised comparative amount; and (c) explain the reasons for revising the comparative amount."
IFRS_S1.B51,IFRS S1,B51,IFRS S1 B51,gen_data\IFRS\ifrs_s1.pdf,36,Metrics and Targets,Comparative information for metrics,optional_or_relief,general,"['comparatives', 'metrics']","['(a)', '(b)']","In applying the requirement in paragraph B50, an entity need not disclose a revised comparative amount:","In applying the requirement in paragraph B50, an entity need not disclose a revised comparative amount: (a) if it is impracticable to do so (see paragraph B54). (b) if the metric is forward-looking. Forward-looking metrics relate to possible future transactions, events and other conditions. The entity is permitted to revise a comparative amount for a forward-looking metric if doing so does not involve the use of hindsight."
IFRS_S1.B52,IFRS S1,B52,IFRS S1 B52,gen_data\IFRS\ifrs_s1.pdf,36,Metrics and Targets,Comparative information for metrics,mandatory,general,"['comparatives', 'metrics']","['(a)', '(b)', '(c)']","If an entity redefines or replaces a metric in the reporting period, the entity shall:","If an entity redefines or replaces a metric in the reporting period, the entity shall: (a) disclose a revised comparative amount, unless it is impracticable to do so; (b) explain the changes; and (c) explain the reasons for those changes, including why the redefined or replacement metric provides more useful information."
IFRS_S1.B53,IFRS S1,B53,IFRS S1 B53,gen_data\IFRS\ifrs_s1.pdf,36,Metrics and Targets,Comparative information for metrics,mandatory,general,"['comparatives', 'metrics']",[],"If an entity introduces a new metric in the reporting period, it shall disclose a comparative amount for that metric unless it is impracticable to do so.","If an entity introduces a new metric in the reporting period, it shall disclose a comparative amount for that metric unless it is impracticable to do so."
IFRS_S1.B54,IFRS S1,B54,IFRS S1 B54,gen_data\IFRS\ifrs_s1.pdf,36-37,Metrics and Targets,Comparative information for metrics,mandatory,general,"['comparatives', 'metrics']",[],"Sometimes, it is impracticable to revise a comparative amount to achieve comparability with the reporting period.","Sometimes, it is impracticable to revise a comparative amount to achieve comparability with the reporting period. For example, data might not have been collected in the preceding period in a way that allows retrospective application of a new definition of a metric, and it might be impracticable to recreate the data. If it is impracticable to revise a comparative amount for the preceding period, an entity shall disclose that fact. Errors"
IFRS_S1.B55,IFRS S1,B55,IFRS S1 B55,gen_data\IFRS\ifrs_s1.pdf,37,General Requirements,Error correction guidance,mandatory,general,['materiality'],[],Paragraph 83 requires an entity to correct material prior period errors.,Paragraph 83 requires an entity to correct material prior period errors.
IFRS_S1.B56,IFRS S1,B56,IFRS S1 B56,gen_data\IFRS\ifrs_s1.pdf,37,General Requirements,Error correction guidance,context_or_guidance,general,"['metrics', 'targets']",[],"Such errors include: the effects of mathematical mistakes, mistakes in applying the definitions for metrics or targets, oversights or misinterpretations of facts, and fraud.","Such errors include: the effects of mathematical mistakes, mistakes in applying the definitions for metrics or targets, oversights or misinterpretations of facts, and fraud."
IFRS_S1.B57,IFRS S1,B57,IFRS S1 B57,gen_data\IFRS\ifrs_s1.pdf,37,General Requirements,Error correction guidance,context_or_guidance,general,['materiality'],[],"Potential reporting period errors discovered in that period are corrected before the sustainability-related financial disclosures are authorised for issue. However, material errors are sometimes not discovered until a subsequent period.","Potential reporting period errors discovered in that period are corrected before the sustainability-related financial disclosures are authorised for issue. However, material errors are sometimes not discovered until a subsequent period."
IFRS_S1.B58,IFRS S1,B58,IFRS S1 B58,gen_data\IFRS\ifrs_s1.pdf,37,General Requirements,Error correction guidance,mandatory,general,['materiality'],"['(a)', '(b)', '(c)']","If an entity identifies a material error in its prior period(s) sustainability-related financial disclosures, it shall disclose:","If an entity identifies a material error in its prior period(s) sustainability-related financial disclosures, it shall disclose: (a) the nature of the prior period error; (b) the correction, to the extent practicable, for each prior period disclosed; and (c) if correction of the error is impracticable, the circumstances that led to the existence of that condition and a description of how and from when the error has been corrected."
IFRS_S1.B59,IFRS S1,B59,IFRS S1 B59,gen_data\IFRS\ifrs_s1.pdf,37,General Requirements,Error correction guidance,mandatory,general,['comparatives'],[],"When it is impracticable to determine the effect of an error on all prior periods presented, the entity shall restate the comparative information to correct the error from the earliest date practicable.","When it is impracticable to determine the effect of an error on all prior periods presented, the entity shall restate the comparative information to correct the error from the earliest date practicable."
IFRS_S1.C1,IFRS S1,C1,IFRS S1 C1,gen_data\IFRS\ifrs_s1.pdf,38,General Requirements,Other sources of guidance,mandatory,general,"['risk_process', 'strategy']","['(a)', '(b)']","This Standard requires (see paragraph 57) that in the absence of an IFRS Sustainability Disclosure Standard that specifically applies to a sustainability-related risk or opportunity, an entity shall apply judgement to identify information that:","This Standard requires (see paragraph 57) that in the absence of an IFRS Sustainability Disclosure Standard that specifically applies to a sustainability-related risk or opportunity, an entity shall apply judgement to identify information that: (a) is relevant to the decision-making of users of general purpose financial reports; and (b) faithfully represents that sustainability-related risk or opportunity."
IFRS_S1.C2,IFRS S1,C2,IFRS S1 C2,gen_data\IFRS\ifrs_s1.pdf,38,General Requirements,Other sources of guidance,optional_or_relief,general,[],"['(a)', '(b)']","In making that judgement, an entity may—to the extent that these sources assist the entity in meeting the objective of this Standard (see paragraphs 1–4) and do not conflict with IFRS Sustainability Disclosure Standards—refer to and consider the applicability of:","In making that judgement, an entity may—to the extent that these sources assist the entity in meeting the objective of this Standard (see paragraphs 1–4) and do not conflict with IFRS Sustainability Disclosure Standards—refer to and consider the applicability of: (a) the Global Reporting Initiative Standards; and (b) the European Sustainability Reporting Standards."
IFRS_S1.C3,IFRS S1,C3,IFRS S1 C3,gen_data\IFRS\ifrs_s1.pdf,38,General Requirements,Other sources of guidance,mandatory,general,"['compliance', 'materiality']",[],"In applying the sources of guidance specified in paragraph C2, an entity shall not obscure material information required by IFRS Sustainability Disclosure Standards (see paragraph B27).","In applying the sources of guidance specified in paragraph C2, an entity shall not obscure material information required by IFRS Sustainability Disclosure Standards (see paragraph B27). If an entity applies the sources of guidance specified in paragraph C2 without applying the requirements in IFRS Sustainability Disclosure Standards, the entity shall not make an explicit and unreserved statement of compliance with IFRS Sustainability Disclosure Standards."
IFRS_S1.D1,IFRS S1,D1,IFRS S1 D1,gen_data\IFRS\ifrs_s1.pdf,39,General Requirements,Qualitative characteristics of useful sustainability-related financial information,objective,general,['governance_body'],[],The Conceptual Framework for Financial Reporting (Conceptual Framework) was issued by the International Accounting Standards Board (IASB).,"The Conceptual Framework for Financial Reporting (Conceptual Framework) was issued by the International Accounting Standards Board (IASB). It describes the objective of, and the concepts that apply to, general purpose financial reports. One purpose of the Conceptual Framework is to assist the IASB to develop IFRS Accounting Standards for preparing financial statements based on consistent concepts."
IFRS_S1.D2,IFRS S1,D2,IFRS S1 D2,gen_data\IFRS\ifrs_s1.pdf,39,General Requirements,Qualitative characteristics of useful sustainability-related financial information,objective,general,[],[],Sustainability-related financial disclosures are part of general purpose financial reports.,"Sustainability-related financial disclosures are part of general purpose financial reports. The qualitative characteristics in the Conceptual Framework, therefore, apply to sustainability-related financial information. However, the nature of some of the information required to meet the objective of this Standard (see paragraphs 1–4) differs in some respects from the information provided in financial statements."
IFRS_S1.D3,IFRS S1,D3,IFRS S1 D3,gen_data\IFRS\ifrs_s1.pdf,39,General Requirements,Qualitative characteristics of useful sustainability-related financial information,context_or_guidance,general,[],[],Sustainability-related financial information is useful if it is relevant and faithfully represents what it purports to represent.,"Sustainability-related financial information is useful if it is relevant and faithfully represents what it purports to represent. Relevance and faithful representation are fundamental qualitative characteristics of useful sustainability-related financial information. The usefulness of sustainability-related financial information is enhanced if the information is comparable, verifiable, timely and understandable. Comparability, verifiability, timeliness and understandability are enhancing characteristics of useful sustainability-related financial information. Relevance"
IFRS_S1.D4,IFRS S1,D4,IFRS S1 D4,gen_data\IFRS\ifrs_s1.pdf,39,General Requirements,Qualitative characteristics of useful sustainability-related financial information,optional_or_relief,general,[],[],Relevant sustainability-related financial information is capable of making a difference in the decisions made by primary users.,"Relevant sustainability-related financial information is capable of making a difference in the decisions made by primary users. Information may be capable of making a difference in a decision even if some users choose not to take advantage of it or are already aware of it from other sources. Sustainability-related financial information is capable of making a difference in decisions made by users if it has predictive value, confirmatory value or both."
IFRS_S1.D5,IFRS S1,D5,IFRS S1 D5,gen_data\IFRS\ifrs_s1.pdf,39-40,General Requirements,Qualitative characteristics of useful sustainability-related financial information,optional_or_relief,general,[],[],Sustainability-related financial information has predictive value if it can be used as an input to processes employed by primary users to predict future outcomes.,"Sustainability-related financial information has predictive value if it can be used as an input to processes employed by primary users to predict future outcomes. Sustainability-related financial information need not be a prediction or forecast to have predictive value. Sustainability-related financial information with predictive value is employed by primary users in making their own predictions. For example, information about water quality, which can include information about the water being polluted, could inform the expectations of users about the ability of an entity to meet local water-quality requirements."
IFRS_S1.D6,IFRS S1,D6,IFRS S1 D6,gen_data\IFRS\ifrs_s1.pdf,40,General Requirements,Qualitative characteristics of useful sustainability-related financial information,context_or_guidance,general,[],[],Sustainability-related financial information has confirmatory value if it provides feedback about (confirms or changes) previous evaluations.,Sustainability-related financial information has confirmatory value if it provides feedback about (confirms or changes) previous evaluations.
IFRS_S1.D7,IFRS S1,D7,IFRS S1 D7,gen_data\IFRS\ifrs_s1.pdf,40,General Requirements,Qualitative characteristics of useful sustainability-related financial information,context_or_guidance,general,"['ghg_emissions', 'materiality']",[],The predictive value and confirmatory value of sustainability-related financial information are interrelated.,"The predictive value and confirmatory value of sustainability-related financial information are interrelated. Information that has predictive value often also has confirmatory value. For example, information for the current year about greenhouse gas emissions, which can be used as the basis for predicting greenhouse gas emissions in future years, can also be compared with predictions about greenhouse gas emissions for the current year that were made in past years. The results of those comparisons can help a user to correct and improve the processes that were used to make those previous predictions. Materiality"
IFRS_S1.D8,IFRS S1,D8,IFRS S1 D8,gen_data\IFRS\ifrs_s1.pdf,40,General Requirements,Qualitative characteristics of useful sustainability-related financial information,context_or_guidance,general,"['materiality', 'risk_process']",[],"Information is material if omitting, misstating or obscuring that information could reasonably be expected to influence decisions that the primary users of general purpose financial reports make on the basis of those reports, which provide information about a specific reporting e...","Information is material if omitting, misstating or obscuring that information could reasonably be expected to influence decisions that the primary users of general purpose financial reports make on the basis of those reports, which provide information about a specific reporting entity. In other words, materiality is an entity-specific aspect of relevance. The materiality of information is assessed in the context of an entity’s sustainability-related financial disclosures and is based on the nature or magnitude of the item to which the information relates, or both. Faithful representation"
IFRS_S1.D9,IFRS S1,D9,IFRS S1 D9,gen_data\IFRS\ifrs_s1.pdf,40,General Requirements,Qualitative characteristics of useful sustainability-related financial information,context_or_guidance,general,[],[],"Sustainability-related financial information represents phenomena in words and numbers. To be useful, the information must not only represent relevant phenomena, it must also faithfully represent the substance of the phenomena that it purports to represent.","Sustainability-related financial information represents phenomena in words and numbers. To be useful, the information must not only represent relevant phenomena, it must also faithfully represent the substance of the phenomena that it purports to represent."
IFRS_S1.D10,IFRS S1,D10,IFRS S1 D10,gen_data\IFRS\ifrs_s1.pdf,40,General Requirements,Qualitative characteristics of useful sustainability-related financial information,objective,general,[],[],"To be a faithful representation, a depiction would be complete, neutral and accurate. The objective of general purpose financial reports is to maximise those qualities to the extent possible.","To be a faithful representation, a depiction would be complete, neutral and accurate. The objective of general purpose financial reports is to maximise those qualities to the extent possible."
IFRS_S1.D11,IFRS S1,D11,IFRS S1 D11,gen_data\IFRS\ifrs_s1.pdf,40,General Requirements,Qualitative characteristics of useful sustainability-related financial information,context_or_guidance,general,['materiality'],[],A complete depiction of a sustainability-related risk or opportunity includes all material information necessary for primary users to understand that risk or opportunity.,A complete depiction of a sustainability-related risk or opportunity includes all material information necessary for primary users to understand that risk or opportunity.
IFRS_S1.D12,IFRS S1,D12,IFRS S1 D12,gen_data\IFRS\ifrs_s1.pdf,40,General Requirements,Qualitative characteristics of useful sustainability-related financial information,mandatory,general,[],[],"Sustainability-related financial information shall be neutral. A neutral depiction is one without bias in the selection or disclosure of information. Information is neutral if it is not slanted, weighted, emphasised, de- emphasised or otherwise manipulated to make it more likely...","Sustainability-related financial information shall be neutral. A neutral depiction is one without bias in the selection or disclosure of information. Information is neutral if it is not slanted, weighted, emphasised, de- emphasised or otherwise manipulated to make it more likely that primary users will receive that information favourably or unfavourably. Neutral information is not information without purpose or without influence on behaviour. On the contrary, relevant information is, by definition, capable of making a difference in users’ decisions."
IFRS_S1.D13,IFRS S1,D13,IFRS S1 D13,gen_data\IFRS\ifrs_s1.pdf,41,General Requirements,Qualitative characteristics of useful sustainability-related financial information,context_or_guidance,general,['targets'],[],"Some sustainability-related financial information—for example, targets or plans—is aspirational. A neutral discussion of such matters covers both aspirations and the factors that could prevent an entity from achieving these aspirations.","Some sustainability-related financial information—for example, targets or plans—is aspirational. A neutral discussion of such matters covers both aspirations and the factors that could prevent an entity from achieving these aspirations."
IFRS_S1.D14,IFRS S1,D14,IFRS S1 D14,gen_data\IFRS\ifrs_s1.pdf,41,General Requirements,Qualitative characteristics of useful sustainability-related financial information,context_or_guidance,general,[],[],"Neutrality is supported by the exercise of prudence. Prudence is the exercise of caution when making judgements under conditions of uncertainty. The exercise of prudence means that opportunities are not overstated and risks are not understated. Equally, the exercise of prudence d...","Neutrality is supported by the exercise of prudence. Prudence is the exercise of caution when making judgements under conditions of uncertainty. The exercise of prudence means that opportunities are not overstated and risks are not understated. Equally, the exercise of prudence does not allow for the understatement of opportunities or the overstatement of risks."
IFRS_S1.D15,IFRS S1,D15,IFRS S1 D15,gen_data\IFRS\ifrs_s1.pdf,41,General Requirements,Qualitative characteristics of useful sustainability-related financial information,mandatory,general,"['materiality', 'methodology']","['(a)', '(b)', '(c)', '(d)', '(e)', '(f)']","Sustainability-related financial information shall be accurate. Information can be accurate without being perfectly precise in all respects. The precision needed and attainable, and the factors that make information accurate, depend on the nature of the information and the nature...","Sustainability-related financial information shall be accurate. Information can be accurate without being perfectly precise in all respects. The precision needed and attainable, and the factors that make information accurate, depend on the nature of the information and the nature of the matters to which it relates. For example, accuracy requires that: (a) factual information is free from material error; (b) descriptions are precise; (c) estimates, approximations and forecasts are clearly identified as such; (d) no material errors are made in selecting and applying an appropriate process for developing an estimate, approximation or forecast; (e) assertions and inputs used in developing estimates are reasonable and based on information of sufficient quality and quantity; and (f) information on judgements about the future faithfully reflects both those judgements and the information on which they are based."
IFRS_S1.D16,IFRS S1,D16,IFRS S1 D16,gen_data\IFRS\ifrs_s1.pdf,41,General Requirements,Qualitative characteristics of useful sustainability-related financial information,context_or_guidance,general,[],[],"The usefulness of sustainability-related financial information is enhanced if it is comparable, verifiable, timely and understandable. Comparability","The usefulness of sustainability-related financial information is enhanced if it is comparable, verifiable, timely and understandable. Comparability"
IFRS_S1.D17,IFRS S1,D17,IFRS S1 D17,gen_data\IFRS\ifrs_s1.pdf,41,General Requirements,Qualitative characteristics of useful sustainability-related financial information,context_or_guidance,general,['risk_process'],"['(a)', '(b)']","The decisions made by the primary users of general purpose financial reports involve choosing between alternatives; for example, selling or holding an investment, or investing in one reporting entity or another.","The decisions made by the primary users of general purpose financial reports involve choosing between alternatives; for example, selling or holding an investment, or investing in one reporting entity or another. Comparability is the characteristic that enables users to identify and understand similarities in, and differences among, items. Unlike the other qualitative characteristics, comparability does not relate to a single item. A comparison requires at least two items. Information is more useful to users if it is also comparable, that is, if it can be compared with: (a) information provided by the entity in previous periods; and (b) information provided by other entities, in particular those with similar activities or operating within the same industry."
IFRS_S1.D18,IFRS S1,D18,IFRS S1 D18,gen_data\IFRS\ifrs_s1.pdf,42,General Requirements,Qualitative characteristics of useful sustainability-related financial information,mandatory,general,[],[],Sustainability-related financial disclosures shall be provided in a way that enhances comparability.,Sustainability-related financial disclosures shall be provided in a way that enhances comparability.
IFRS_S1.D19,IFRS S1,D19,IFRS S1 D19,gen_data\IFRS\ifrs_s1.pdf,42,General Requirements,Qualitative characteristics of useful sustainability-related financial information,context_or_guidance,general,['methodology'],[],"Consistency is related to, but is not the same as, comparability. Consistency refers to the use of the same approaches or methods for providing disclosures about the same sustainability-related risks and opportunities, from period to period, both by a reporting entity and other e...","Consistency is related to, but is not the same as, comparability. Consistency refers to the use of the same approaches or methods for providing disclosures about the same sustainability-related risks and opportunities, from period to period, both by a reporting entity and other entities. Comparability is the goal; consistency helps to achieve that goal."
IFRS_S1.D20,IFRS S1,D20,IFRS S1 D20,gen_data\IFRS\ifrs_s1.pdf,42,General Requirements,Qualitative characteristics of useful sustainability-related financial information,mandatory,general,[],[],"Comparability is not uniformity. For information to be comparable, like things shall look alike and different things shall look different. Comparability of sustainability-related financial information is not enhanced by making unlike things look alike any more than it is enhanced...","Comparability is not uniformity. For information to be comparable, like things shall look alike and different things shall look different. Comparability of sustainability-related financial information is not enhanced by making unlike things look alike any more than it is enhanced by making like things look different. Verifiability"
IFRS_S1.D21,IFRS S1,D21,IFRS S1 D21,gen_data\IFRS\ifrs_s1.pdf,42,General Requirements,Qualitative characteristics of useful sustainability-related financial information,context_or_guidance,general,['methodology'],[],"Verifiability helps to give users confidence that information is complete, neutral and accurate.","Verifiability helps to give users confidence that information is complete, neutral and accurate. Information is verifiable if it is possible to corroborate either the information itself or the inputs used to derive it. Verifiable information is more useful to primary users than information that is not verifiable."
IFRS_S1.D22,IFRS S1,D22,IFRS S1 D22,gen_data\IFRS\ifrs_s1.pdf,42,General Requirements,Qualitative characteristics of useful sustainability-related financial information,optional_or_relief,general,['data_quality'],[],"Verifiability means that various knowledgeable and independent observers could reach consensus, although not necessarily complete agreement, that a particular depiction is a faithful representation.","Verifiability means that various knowledgeable and independent observers could reach consensus, although not necessarily complete agreement, that a particular depiction is a faithful representation. Quantified information need not be a single point estimate to be verifiable. A range of possible amounts and the related probabilities could also be verified."
IFRS_S1.D23,IFRS S1,D23,IFRS S1 D23,gen_data\IFRS\ifrs_s1.pdf,42,General Requirements,Qualitative characteristics of useful sustainability-related financial information,mandatory,general,"['governance_body', 'methodology']","['(a)', '(b)', '(c)']","Sustainability-related financial information shall be provided in a way that enhances its verifiability. Verifiability can be enhanced by, for example:","Sustainability-related financial information shall be provided in a way that enhances its verifiability. Verifiability can be enhanced by, for example: (a) including information that can be corroborated by comparing it with other information available to primary users about an entity’s business, about other businesses or about the external environment in which the entity operates; (b) providing information about inputs and methods of calculation used to produce estimates or approximations; and (c) providing information reviewed and agreed by the entity’s board, board committees or equivalent bodies."
IFRS_S1.D24,IFRS S1,D24,IFRS S1 D24,gen_data\IFRS\ifrs_s1.pdf,42-43,General Requirements,Qualitative characteristics of useful sustainability-related financial information,mandatory,general,['methodology'],[],Some sustainability-related financial information will be presented as explanations or forward-looking information.,"Some sustainability-related financial information will be presented as explanations or forward-looking information. That information can be supportable, for example by faithfully representing fact-based strategies, plans and risk analyses. To help primary users decide whether to use such information, an entity shall describe the underlying assumptions and methods of producing the information, as well as other factors that provide evidence that the information reflects the actual plans or decisions made by the entity. Timeliness"
IFRS_S1.D25,IFRS S1,D25,IFRS S1 D25,gen_data\IFRS\ifrs_s1.pdf,43,General Requirements,Qualitative characteristics of useful sustainability-related financial information,optional_or_relief,general,['risk_process'],[],Timeliness means having information available to decision-makers in time to be capable of influencing their decisions.,"Timeliness means having information available to decision-makers in time to be capable of influencing their decisions. Generally, the older information is, the less useful it is. However, some information may continue to be timely long after the end of a reporting period because, for example, some users may need to identify and assess trends. Understandability"
IFRS_S1.D26,IFRS S1,D26,IFRS S1 D26,gen_data\IFRS\ifrs_s1.pdf,43,General Requirements,Qualitative characteristics of useful sustainability-related financial information,mandatory,general,[],"['(a)', '(b)', '(c)']","Sustainability-related financial information shall be clear and concise. For sustainability-related financial disclosures to be concise, they need:","Sustainability-related financial information shall be clear and concise. For sustainability-related financial disclosures to be concise, they need: (a) to avoid generic information, sometimes called ‘boilerplate’, that is not specific to the entity; (b) to avoid duplication of information in the general purpose financial reports, including unnecessary duplication of information also provided in the related financial statements; and (c) to use clear language and clearly structured sentences and paragraphs."
IFRS_S1.D27,IFRS S1,D27,IFRS S1 D27,gen_data\IFRS\ifrs_s1.pdf,43,General Requirements,Qualitative characteristics of useful sustainability-related financial information,context_or_guidance,general,['materiality'],[],"The clearest form a disclosure can take will depend on the nature of the information and might include tables, graphs or diagrams in addition to narrative text. If graphs or diagrams are used, additional text or tables might be necessary to avoid obscuring material detail.","The clearest form a disclosure can take will depend on the nature of the information and might include tables, graphs or diagrams in addition to narrative text. If graphs or diagrams are used, additional text or tables might be necessary to avoid obscuring material detail."
IFRS_S1.D28,IFRS S1,D28,IFRS S1 D28,gen_data\IFRS\ifrs_s1.pdf,43,General Requirements,Qualitative characteristics of useful sustainability-related financial information,context_or_guidance,general,['risk_process'],[],"Clarity might be enhanced by distinguishing information about developments in the reporting period from ‘standing’ information that remains unchanged, or changes little, from one period to the next—for example, by separately describing features of an entity’s sustainability-relat...","Clarity might be enhanced by distinguishing information about developments in the reporting period from ‘standing’ information that remains unchanged, or changes little, from one period to the next—for example, by separately describing features of an entity’s sustainability-related governance and risk management processes that have changed since the previous reporting period."
IFRS_S1.D29,IFRS S1,D29,IFRS S1 D29,gen_data\IFRS\ifrs_s1.pdf,43,General Requirements,Qualitative characteristics of useful sustainability-related financial information,mandatory,general,['materiality'],[],Disclosures are concise if they include only material information. Any immaterial information included shall be provided in a way that avoids obscuring material information.,Disclosures are concise if they include only material information. Any immaterial information included shall be provided in a way that avoids obscuring material information.
IFRS_S1.D30,IFRS S1,D30,IFRS S1 D30,gen_data\IFRS\ifrs_s1.pdf,43,General Requirements,Qualitative characteristics of useful sustainability-related financial information,mandatory,general,[],[],Some sustainability-related risks and opportunities are inherently complex and might be difficult to present in a manner that is easy to understand.,"Some sustainability-related risks and opportunities are inherently complex and might be difficult to present in a manner that is easy to understand. An entity shall present such information as clearly as possible. However, complex information about these risks and opportunities shall not be excluded from general purpose financial reports to make those reports easier to understand. Excluding such information would render those reports incomplete and, therefore, possibly misleading."
IFRS_S1.D31,IFRS S1,D31,IFRS S1 D31,gen_data\IFRS\ifrs_s1.pdf,43,General Requirements,Qualitative characteristics of useful sustainability-related financial information,mandatory,general,[],[],"The completeness, clarity and comparability of sustainability-related financial information all rely on information being presented as a coherent whole.","The completeness, clarity and comparability of sustainability-related financial information all rely on information being presented as a coherent whole. For sustainability-related financial information to be coherent, it shall be presented in a way that explains the context and the connections between the related items of information."
IFRS_S1.D32,IFRS S1,D32,IFRS S1 D32,gen_data\IFRS\ifrs_s1.pdf,44,General Requirements,Qualitative characteristics of useful sustainability-related financial information,mandatory,general,['risk_process'],[],"If sustainability-related risks and opportunities located in one part of an entity’s general purpose financial reports have implications for information disclosed in other parts, the entity shall include the information necessary for users to assess those implications.","If sustainability-related risks and opportunities located in one part of an entity’s general purpose financial reports have implications for information disclosed in other parts, the entity shall include the information necessary for users to assess those implications."
IFRS_S1.D33,IFRS S1,D33,IFRS S1 D33,gen_data\IFRS\ifrs_s1.pdf,44,General Requirements,Qualitative characteristics of useful sustainability-related financial information,mandatory,general,[],[],Coherence also requires an entity to provide information in a way that allows users to relate information about its sustainability-related risks and opportunities to information in the entity’s financial statements.,Coherence also requires an entity to provide information in a way that allows users to relate information about its sustainability-related risks and opportunities to information in the entity’s financial statements.
IFRS_S1.E1,IFRS S1,E1,IFRS S1 E1,gen_data\IFRS\ifrs_s1.pdf,45,General Requirements,Effective date and transition,mandatory,general,[],[],"An entity shall apply this Standard for annual reporting periods beginning on or after 1 January 2024. Earlier application is permitted. If an entity applies this Standard earlier, it shall disclose that fact and apply IFRS S2 Climate-related Disclosures at the same time.","An entity shall apply this Standard for annual reporting periods beginning on or after 1 January 2024. Earlier application is permitted. If an entity applies this Standard earlier, it shall disclose that fact and apply IFRS S2 Climate-related Disclosures at the same time."
IFRS_S1.E2,IFRS S1,E2,IFRS S1 E2,gen_data\IFRS\ifrs_s1.pdf,45,General Requirements,Effective date and transition,context_or_guidance,general,[],[],"For the purposes of applying paragraphs E3–E6, the date of initial application is the beginning of the annual reporting period in which an entity first applies this Standard.","For the purposes of applying paragraphs E3–E6, the date of initial application is the beginning of the annual reporting period in which an entity first applies this Standard."
IFRS_S1.E3,IFRS S1,E3,IFRS S1 E3,gen_data\IFRS\ifrs_s1.pdf,45,General Requirements,Effective date and transition,context_or_guidance,general,['comparatives'],[],An entity is not required to provide the disclosures specified in this Standard for any period before the date of initial application.,"An entity is not required to provide the disclosures specified in this Standard for any period before the date of initial application. Accordingly, an entity is not required to disclose comparative information in the first annual reporting period in which it applies this Standard."
IFRS_S1.E4,IFRS S1,E4,IFRS S1 E4,gen_data\IFRS\ifrs_s1.pdf,45,General Requirements,Effective date and transition,conditional_or_relief_with_mandatory_conditions,general,[],"['(a)', '(b)', '(c)']","In the first annual reporting period in which an entity applies this Standard, the entity is permitted to report its sustainability-related financial disclosures after it publishes its related financial statements.","In the first annual reporting period in which an entity applies this Standard, the entity is permitted to report its sustainability-related financial disclosures after it publishes its related financial statements. In applying this transition relief, an entity shall report its sustainability-related financial disclosures: (a) at the same time as its next second-quarter or half-year interim general purpose financial report, if the entity is required to provide such an interim report; (b) at the same time as its next second-quarter or half-year interim general purpose financial report, but within nine months of the end of the annual reporting period in which the entity first applies this Standard, if the entity voluntarily provides such an interim report; or (c) within nine months of the end of the annual reporting period in which the entity first applies this Standard, if the entity is not required to and does not voluntarily provide an interim general purpose financial report."
IFRS_S1.E5,IFRS S1,E5,IFRS S1 E5,gen_data\IFRS\ifrs_s1.pdf,45,General Requirements,Effective date and transition,conditional_or_relief_with_mandatory_conditions,general,[],[],"In the first annual reporting period in which an entity applies this Standard, the entity is permitted to disclose information on only climate-related risks and opportunities (in accordance with IFRS S2) and consequently apply the requirements in this Standard only insofar as the...","In the first annual reporting period in which an entity applies this Standard, the entity is permitted to disclose information on only climate-related risks and opportunities (in accordance with IFRS S2) and consequently apply the requirements in this Standard only insofar as they relate to the disclosure of information on climate-related risks and opportunities. If an entity uses this transition relief, it shall disclose that fact."
IFRS_S1.E6,IFRS S1,E6,IFRS S1 E6,gen_data\IFRS\ifrs_s1.pdf,45-46,General Requirements,Effective date and transition,optional_or_relief,general,['comparatives'],"['(a)', '(b)']","If an entity uses the transition relief in paragraph E5: (a) in the first annual reporting period in which the entity applies this Standard, it is not required to disclose comparative information about its climate-related risks and opportunities (see paragraph E3); and (b) in the...","If an entity uses the transition relief in paragraph E5: (a) in the first annual reporting period in which the entity applies this Standard, it is not required to disclose comparative information about its climate-related risks and opportunities (see paragraph E3); and (b) in the second annual reporting period in which the entity applies this Standard, it is not required to disclose comparative information about its sustainability-related risks and opportunities, other than its climate-related risks and opportunities."
IFRS_S2.1,IFRS S2,1,IFRS S2 1,gen_data\IFRS\ifrs_s2.pdf,6,General Requirements,Climate objective and scope,objective,general,[],[],The objective of IFRS S2 Climate-related Disclosures is to require an entity to disclose information about its climate-related risks and opportunities that is useful to primary users of general purpose financial reports in making decisions relating to providing resources to the e...,The objective of IFRS S2 Climate-related Disclosures is to require an entity to disclose information about its climate-related risks and opportunities that is useful to primary users of general purpose financial reports in making decisions relating to providing resources to the entity.1
IFRS_S2.2,IFRS S2,2,IFRS S2 2,gen_data\IFRS\ifrs_s2.pdf,6,General Requirements,Climate objective and scope,mandatory,general,['financial_effects'],[],"This Standard requires an entity to disclose information about climate-related risks and opportunities that could reasonably be expected to affect the entity’s cash flows, its access to finance or cost of capital over the short, medium or long term.","This Standard requires an entity to disclose information about climate-related risks and opportunities that could reasonably be expected to affect the entity’s cash flows, its access to finance or cost of capital over the short, medium or long term. For the purposes of this Standard, these risks and opportunities are collectively referred to as ‘climate-related risks and opportunities that could reasonably be expected to affect the entity’s prospects’."
IFRS_S2.3,IFRS S2,3,IFRS S2 3,gen_data\IFRS\ifrs_s2.pdf,6,General Requirements,Climate objective and scope,context_or_guidance,general,[],"['(a)', '(i)', '(ii)', '(b)']","This Standard applies to: (a) climate-related risks to which the entity is exposed, which are: (i) climate-related physical risks; and (ii) climate-related transition risks; and (b) climate-related opportunities available to the entity.","This Standard applies to: (a) climate-related risks to which the entity is exposed, which are: (i) climate-related physical risks; and (ii) climate-related transition risks; and (b) climate-related opportunities available to the entity."
IFRS_S2.4,IFRS S2,4,IFRS S2 4,gen_data\IFRS\ifrs_s2.pdf,6,General Requirements,Climate objective and scope,context_or_guidance,general,[],[],Climate-related risks and opportunities that could not reasonably be expected to affect an entity’s prospects are outside the scope of this Standard. Governance,Climate-related risks and opportunities that could not reasonably be expected to affect an entity’s prospects are outside the scope of this Standard. Governance
IFRS_S2.5,IFRS S2,5,IFRS S2 5,gen_data\IFRS\ifrs_s2.pdf,6,Governance,Climate-related governance,objective,general,['risk_process'],[],"The objective of climate-related financial disclosures on governance is to enable users of general purpose financial reports to understand the governance processes, controls and procedures an entity uses to monitor, manage and oversee climate-related risks and opportunities.","The objective of climate-related financial disclosures on governance is to enable users of general purpose financial reports to understand the governance processes, controls and procedures an entity uses to monitor, manage and oversee climate-related risks and opportunities."
IFRS_S2.6,IFRS S2,6,IFRS S2 6,gen_data\IFRS\ifrs_s2.pdf,6-7,Governance,Climate-related governance,mandatory,general,"['governance_body', 'management_role', 'metrics', 'remuneration', 'risk_process', 'skills_competencies', 'strategy', 'targets']","['(a)', '(i)', '(ii)', '(iii)', '(iv)', '(v)', '(b)', '(i)', '(ii)']","To achieve this objective, an entity shall disclose information about: (a) the governance body(s) (which can include a board, committee or equivalent body charged with governance) or individual(s) responsible for oversight of climate-related risks and opportunities.","To achieve this objective, an entity shall disclose information about: (a) the governance body(s) (which can include a board, committee or equivalent body charged with governance) or individual(s) responsible for oversight of climate-related risks and opportunities. Specifically, the entity shall identify that body(s) or individual(s) and disclose information about: (i) how responsibilities for climate-related risks and opportunities are reflected in the terms of reference, mandates, role descriptions and other related policies applicable to that body(s) or individual(s); (ii) how the body(s) or individual(s) determines whether appropriate skills and competencies are available or will be developed to oversee strategies designed to respond to climate-related risks and opportunities; (iii) how and how often the body(s) or individual(s) is informed about climate-related risks and opportunities; (iv) how the body(s) or individual(s) takes into account climate-related risks and opportunities when overseeing the entity’s strategy, its decisions on major transactions and its risk management processes and related policies, including whether the body(s) or individual(s) has considered trade-offs associated with those risks and opportunities; and (v) how the body(s) or individual(s) oversees the setting of targets related to climate-related risks and opportunities, and monitors progress towards those targets (see paragraphs 33–36), including whether and how related performance metrics are included in remuneration policies (see paragraph 29(g)). (b) management’s role in the governance processes, controls and procedures used to monitor, manage and oversee climate-related risks and opportunities, including information about: (i) whether the role is delegated to a specific management-level position or management-level committee and how oversight is exercised over that position or committee; and (ii) whether management uses controls and procedures to support the oversight of climate-related risks and opportunities and, if so, how these controls and procedures are integrated with other internal functions."
IFRS_S2.7,IFRS S2,7,IFRS S2 7,gen_data\IFRS\ifrs_s2.pdf,7-8,Governance,Climate-related governance,mandatory,general,['strategy'],[],"In preparing disclosures to fulfil the requirements in paragraph 6, an entity shall avoid unnecessary duplication in accordance with IFRS S1 General Requirements for Disclosure of Sustainability-related Financial Information (IFRS S1) (see paragraph B42(b) of IFRS S1).","In preparing disclosures to fulfil the requirements in paragraph 6, an entity shall avoid unnecessary duplication in accordance with IFRS S1 General Requirements for Disclosure of Sustainability-related Financial Information (IFRS S1) (see paragraph B42(b) of IFRS S1). For example, although an entity shall provide the information required by paragraph 6, if oversight of sustainability-related risks and opportunities is managed on an integrated basis, the entity would avoid duplication by providing integrated governance disclosures instead of separate disclosures for each sustainability-related risk and opportunity. Strategy"
IFRS_S2.8,IFRS S2,8,IFRS S2 8,gen_data\IFRS\ifrs_s2.pdf,8,Strategy,Climate-related strategy and resilience,objective,general,['strategy'],[],The objective of climate-related financial disclosures on strategy is to enable users of general purpose financial reports to understand an entity’s strategy for managing climate-related risks and opportunities.,The objective of climate-related financial disclosures on strategy is to enable users of general purpose financial reports to understand an entity’s strategy for managing climate-related risks and opportunities.
IFRS_S2.9,IFRS S2,9,IFRS S2 9,gen_data\IFRS\ifrs_s2.pdf,8,Strategy,Climate-related strategy and resilience,mandatory,general,"['business_model', 'financial_effects', 'resilience', 'strategy', 'transition_plan', 'value_chain']","['(a)', '(b)', '(c)', '(d)', '(e)']","Specifically, an entity shall disclose information to enable users of general purpose financial reports to understand:","Specifically, an entity shall disclose information to enable users of general purpose financial reports to understand: (a) the climate-related risks and opportunities that could reasonably be expected to affect the entity’s prospects (see paragraphs 10–12); (b) the current and anticipated effects of those climate-related risks and opportunities on the entity’s business model and value chain (see paragraph 13); (c) the effects of those climate-related risks and opportunities on the entity’s strategy and decision-making, including information about its climate-related transition plan (see paragraph 14); (d) the effects of those climate-related risks and opportunities on the entity’s financial position, financial performance and cash flows for the reporting period, and their anticipated effects on the entity’s financial position, financial performance and cash flows over the short, medium and long term, taking into consideration how those climate-related risks and opportunities have been factored into the entity’s financial planning (see paragraphs 15–21); and (e) the climate resilience of the entity’s strategy and its business model to climate-related changes, developments and uncertainties, taking into consideration the entity’s identified climate-related risks and opportunities (see paragraph 22). Climate-related risks and opportunities"
IFRS_S2.10,IFRS S2,10,IFRS S2 10,gen_data\IFRS\ifrs_s2.pdf,8,Strategy,Climate-related strategy and resilience,mandatory,general,['strategy'],"['(a)', '(b)', '(c)', '(d)']","An entity shall disclose information that enables users of general purpose financial reports to understand the climate-related risks and opportunities that could reasonably be expected to affect the entity’s prospects. Specifically, the entity shall:","An entity shall disclose information that enables users of general purpose financial reports to understand the climate-related risks and opportunities that could reasonably be expected to affect the entity’s prospects. Specifically, the entity shall: (a) describe climate-related risks and opportunities that could reasonably be expected to affect the entity’s prospects; (b) explain, for each climate-related risk the entity has identified, whether the entity considers the risk to be a climate-related physical risk or climate-related transition risk; (c) specify, for each climate-related risk and opportunity the entity has identified, over which time horizons—short, medium or long term— the effects of each climate-related risk and opportunity could reasonably be expected to occur; and (d) explain how the entity defines ‘short term’, ‘medium term’ and ‘long term’ and how these definitions are linked to the planning horizons used by the entity for strategic decision-making."
IFRS_S2.11,IFRS S2,11,IFRS S2 11,gen_data\IFRS\ifrs_s2.pdf,9,Strategy,Climate-related strategy and resilience,mandatory,general,"['data_quality', 'risk_process']",[],"In identifying the climate-related risks and opportunities that could reasonably be expected to affect an entity’s prospects, the entity shall use all reasonable and supportable information that is available to the entity at the reporting date without undue cost or effort, includ...","In identifying the climate-related risks and opportunities that could reasonably be expected to affect an entity’s prospects, the entity shall use all reasonable and supportable information that is available to the entity at the reporting date without undue cost or effort, including information about past events, current conditions and forecasts of future conditions."
IFRS_S2.12,IFRS S2,12,IFRS S2 12,gen_data\IFRS\ifrs_s2.pdf,9,Strategy,Climate-related strategy and resilience,mandatory,general,"['business_model', 'risk_process', 'value_chain']",[],"In identifying the climate-related risks and opportunities that could reasonably be expected to affect an entity’s prospects, the entity shall refer to and consider the applicability of the industry-based disclosure topics defined in the Industry-based Guidance on Implementing IF...","In identifying the climate-related risks and opportunities that could reasonably be expected to affect an entity’s prospects, the entity shall refer to and consider the applicability of the industry-based disclosure topics defined in the Industry-based Guidance on Implementing IFRS S2. Business model and value chain"
IFRS_S2.13,IFRS S2,13,IFRS S2 13,gen_data\IFRS\ifrs_s2.pdf,9,Strategy,Climate-related strategy and resilience,mandatory,general,"['business_model', 'strategy', 'value_chain']","['(a)', '(b)']","An entity shall disclose information that enables users of general purpose financial reports to understand the current and anticipated effects of climate-related risks and opportunities on the entity’s business model and value chain. Specifically, the entity shall disclose:","An entity shall disclose information that enables users of general purpose financial reports to understand the current and anticipated effects of climate-related risks and opportunities on the entity’s business model and value chain. Specifically, the entity shall disclose: (a) a description of the current and anticipated effects of climate-related risks and opportunities on the entity’s business model and value chain; and (b) a description of where in the entity’s business model and value chain climate-related risks and opportunities are concentrated (for example, geographical areas, facilities and types of assets). Strategy and decision-making"
IFRS_S2.14,IFRS S2,14,IFRS S2 14,gen_data\IFRS\ifrs_s2.pdf,9-10,Strategy,Climate-related strategy and resilience,mandatory,general,"['business_model', 'financial_effects', 'ghg_emissions', 'methodology', 'strategy', 'targets', 'transition_plan']","['(a)', '(i)', '(ii)', '(iii)', '(iv)', '(v)', '(b)', '(c)']","An entity shall disclose information that enables users of general purpose financial reports to understand the effects of climate-related risks and opportunities on its strategy and decision-making. Specifically, the entity shall disclose:","An entity shall disclose information that enables users of general purpose financial reports to understand the effects of climate-related risks and opportunities on its strategy and decision-making. Specifically, the entity shall disclose: (a) information about how the entity has responded to, and plans to respond to, climate-related risks and opportunities in its strategy and decision-making, including how the entity plans to achieve any climate-related targets it has set and any targets it is required to meet by law or regulation. Specifically, the entity shall disclose information about: (i) current and anticipated changes to the entity’s business model, including its resource allocation, to address climate-related risks and opportunities (for example, these changes could include plans to manage or decommission carbon-, energy- or water-intensive operations; resource allocations resulting from demand or supply-chain changes; resource allocations arising from business development through capital expenditure or additional expenditure on research and development; and acquisitions or divestments); (ii) current and anticipated direct mitigation and adaptation efforts (for example, through changes in production processes or equipment, relocation of facilities, workforce adjustments, and changes in product specifications); (iii) current and anticipated indirect mitigation and adaptation efforts (for example, through working with customers and supply chains); (iv) any climate-related transition plan the entity has, including information about key assumptions used in developing its transition plan, and dependencies on which the entity’s transition plan relies; and (v) how the entity plans to achieve any climate-related targets, including any greenhouse gas emissions targets, described in accordance with paragraphs 33–36. (b) information about how the entity is resourcing, and plans to resource, the activities disclosed in accordance with paragraph 14(a). (c) quantitative and qualitative information about the progress of plans disclosed in previous reporting periods in accordance with paragraph 14(a). Financial position, financial performance and cash flows"
IFRS_S2.15,IFRS S2,15,IFRS S2 15,gen_data\IFRS\ifrs_s2.pdf,10,Strategy,Climate-related strategy and resilience,mandatory,general,['financial_effects'],"['(a)', '(b)']",An entity shall disclose information that enables users of general purpose financial reports to understand:,"An entity shall disclose information that enables users of general purpose financial reports to understand: (a) the effects of climate-related risks and opportunities on the entity’s financial position, financial performance and cash flows for the reporting period (current financial effects); and (b) the anticipated effects of climate-related risks and opportunities on the entity’s financial position, financial performance and cash flows over the short, medium and long term, taking into consideration how climate-related risks and opportunities are included in the entity’s financial planning (anticipated financial effects)."
IFRS_S2.16,IFRS S2,16,IFRS S2 16,gen_data\IFRS\ifrs_s2.pdf,10-11,Strategy,Climate-related strategy and resilience,mandatory,general,"['financial_effects', 'materiality', 'strategy']","['(a)', '(b)', '(c)', '(i)', '(ii)', '(d)']","Specifically, an entity shall disclose quantitative and qualitative information about:","Specifically, an entity shall disclose quantitative and qualitative information about: (a) how climate-related risks and opportunities have affected its financial position, financial performance and cash flows for the reporting period; (b) the climate-related risks and opportunities identified in paragraph 16(a) for which there is a significant risk of a material adjustment within the next annual reporting period to the carrying amounts of assets and liabilities reported in the related financial statements; (c) how the entity expects its financial position to change over the short, medium and long term, given its strategy to manage climate-related risks and opportunities, taking into consideration: (i) its investment and disposal plans (for example, plans for capital expenditure, major acquisitions and divestments, joint ventures, business transformation, innovation, new business areas, and asset retirements), including plans the entity is not contractually committed to; and (ii) its planned sources of funding to implement its strategy; and (d) how the entity expects its financial performance and cash flows to change over the short, medium and long term, given its strategy to manage climate-related risks and opportunities (for example, increased revenue from products and services aligned with a lower-carbon economy; costs arising from physical damage to assets from climate events; and expenses associated with climate adaptation or mitigation)."
IFRS_S2.17,IFRS S2,17,IFRS S2 17,gen_data\IFRS\ifrs_s2.pdf,11,Strategy,Climate-related strategy and resilience,optional_or_relief,general,[],[],"In providing quantitative information, an entity may disclose a single amount or a range.","In providing quantitative information, an entity may disclose a single amount or a range."
IFRS_S2.18,IFRS S2,18,IFRS S2 18,gen_data\IFRS\ifrs_s2.pdf,11,Strategy,Climate-related strategy and resilience,mandatory,general,"['data_quality', 'skills_competencies']","['(a)', '(b)']","In preparing disclosures about the anticipated financial effects of a climate-related risk or opportunity, an entity shall:","In preparing disclosures about the anticipated financial effects of a climate-related risk or opportunity, an entity shall: (a) use all reasonable and supportable information that is available to the entity at the reporting date without undue cost or effort; and (b) use an approach that is commensurate with the skills, capabilities and resources that are available to the entity for preparing those disclosures."
IFRS_S2.19,IFRS S2,19,IFRS S2 19,gen_data\IFRS\ifrs_s2.pdf,11,Strategy,Climate-related strategy and resilience,optional_or_relief,general,[],"['(a)', '(b)']",An entity need not provide quantitative information about the current or anticipated financial effects of a climate-related risk or opportunity if the entity determines that:,An entity need not provide quantitative information about the current or anticipated financial effects of a climate-related risk or opportunity if the entity determines that: (a) those effects are not separately identifiable; or (b) the level of measurement uncertainty involved in estimating those effects is so high that the resulting quantitative information would not be useful.
IFRS_S2.20,IFRS S2,20,IFRS S2 20,gen_data\IFRS\ifrs_s2.pdf,11,Strategy,Climate-related strategy and resilience,optional_or_relief,general,['skills_competencies'],[],"In addition, an entity need not provide quantitative information about the anticipated financial effects of a climate-related risk or opportunity if the entity does not have the skills, capabilities or resources to provide that quantitative information.","In addition, an entity need not provide quantitative information about the anticipated financial effects of a climate-related risk or opportunity if the entity does not have the skills, capabilities or resources to provide that quantitative information."
IFRS_S2.21,IFRS S2,21,IFRS S2 21,gen_data\IFRS\ifrs_s2.pdf,11-12,Strategy,Climate-related strategy and resilience,conditional_or_relief_with_mandatory_conditions,general,"['resilience', 'risk_process']","['(a)', '(b)', '(c)']","If an entity determines that it need not provide quantitative information about the current or anticipated financial effects of a climate-related risk or opportunity applying the criteria set out in paragraphs 19–20, the entity shall:","If an entity determines that it need not provide quantitative information about the current or anticipated financial effects of a climate-related risk or opportunity applying the criteria set out in paragraphs 19–20, the entity shall: (a) explain why it has not provided quantitative information; (b) provide qualitative information about those financial effects, including identifying line items, totals and subtotals within the related financial statements that are likely to be affected, or have been affected, by that climate-related risk or opportunity; and (c) provide quantitative information about the combined financial effects of that climate-related risk or opportunity with other climate-related risks or opportunities and other factors unless the entity determines that quantitative information about the combined financial effects would not be useful. Climate resilience"
IFRS_S2.22,IFRS S2,22,IFRS S2 22,gen_data\IFRS\ifrs_s2.pdf,12-13,Strategy,Climate-related strategy and resilience,conditional_or_relief_with_mandatory_conditions,general,"['business_model', 'financed_emissions', 'methodology', 'resilience', 'risk_process', 'strategy']","['(a)', '(i)', '(ii)', '(iii)', '(1)', '(2)', '(3)', '(b)', '(i)', '(1)', '(2)', '(3)', '(4)', '(5)', '(6)', '(7)', '(ii)', '(1)', '(2)', '(3)', '(4)', '(5)', '(iii)']","An entity shall disclose information that enables users of general purpose financial reports to understand the resilience of the entity’s strategy and business model to climate-related changes, developments and uncertainties, taking into consideration the entity’s identified clim...","An entity shall disclose information that enables users of general purpose financial reports to understand the resilience of the entity’s strategy and business model to climate-related changes, developments and uncertainties, taking into consideration the entity’s identified climate-related risks and opportunities. The entity shall use climate-related scenario analysis to assess its climate resilience using an approach that is commensurate with the entity’s circumstances (see paragraphs B1–B18). In providing quantitative information, the entity may disclose a single amount or a range. Specifically, the entity shall disclose: (a) the entity’s assessment of its climate resilience as at the reporting date, which shall enable users of general purpose financial reports to understand: (i) the implications, if any, of the entity’s assessment for its strategy and business model, including how the entity would need to respond to the effects identified in the climate-related scenario analysis; (ii) the significant areas of uncertainty considered in the entity’s assessment of its climate resilience; (iii) the entity’s capacity to adjust or adapt its strategy and business model to climate change over the short, medium and long term, including; (1) the availability of, and flexibility in, the entity’s existing financial resources to respond to the effects identified in the climate-related scenario analysis, including to address climate-related risks and to take advantage of climate-related opportunities; (2) the entity’s ability to redeploy, repurpose, upgrade or decommission existing assets; and (3) the effect of the entity’s current and planned investments in climate-related mitigation, adaptation and opportunities for climate resilience; and (b) how and when the climate-related scenario analysis was carried out, including: (i) information about the inputs the entity used, including: (1) which climate-related scenarios the entity used for the analysis and the sources of those scenarios; (2) whether the analysis included a diverse range of climate-related scenarios; (3) whether the climate-related scenarios used for the analysis are associated with climate-related transition risks or climate-related physical risks; (4) whether the entity used, among its scenarios, a climate-related scenario aligned with the latest international agreement on climate change; (5) why the entity decided that its chosen climate-related scenarios are relevant to assessing its resilience to climate-related changes, developments or uncertainties; (6) the time horizons the entity used in the analysis; and (7) what scope of operations the entity used in the analysis (for example, the operating locations and business units used in the analysis); (ii) the key assumptions the entity made in the analysis, including assumptions about: (1) climate-related policies in the jurisdictions in which the entity operates; (2) macroeconomic trends; (3) national- or regional-level variables (for example, local weather patterns, demographics, land use, infrastructure and availability of natural resources); (4) energy usage and mix; and (5) developments in technology; and (iii) the reporting period in which the climate-related scenario analysis was carried out (see paragraph B18)."
IFRS_S2.23,IFRS S2,23,IFRS S2 23,gen_data\IFRS\ifrs_s2.pdf,13-14,Strategy,Climate-related strategy and resilience,mandatory,general,"['metrics', 'risk_process']",[],"In preparing disclosures to meet the requirements in paragraphs 13–22, an entity shall refer to and consider the applicability of cross-industry metric categories, as described in paragraph 29, and industry-based metrics associated with disclosure topics defined in the Industry-b...","In preparing disclosures to meet the requirements in paragraphs 13–22, an entity shall refer to and consider the applicability of cross-industry metric categories, as described in paragraph 29, and industry-based metrics associated with disclosure topics defined in the Industry-based Guidance on Implementing IFRS S2 as described in paragraph 32. Risk management"
IFRS_S2.24,IFRS S2,24,IFRS S2 24,gen_data\IFRS\ifrs_s2.pdf,14,Risk Management,Climate-related risk management,objective,general,['risk_process'],[],"The objective of climate-related financial disclosures on risk management is to enable users of general purpose financial reports to understand an entity’s processes to identify, assess, prioritise and monitor climate-related risks and opportunities, including whether and how tho...","The objective of climate-related financial disclosures on risk management is to enable users of general purpose financial reports to understand an entity’s processes to identify, assess, prioritise and monitor climate-related risks and opportunities, including whether and how those processes are integrated into and inform the entity’s overall risk management process."
IFRS_S2.25,IFRS S2,25,IFRS S2 25,gen_data\IFRS\ifrs_s2.pdf,14,Risk Management,Climate-related risk management,mandatory,general,"['methodology', 'resilience', 'risk_process']","['(a)', '(i)', '(ii)', '(iii)', '(iv)', '(v)', '(vi)', '(b)', '(c)']","To achieve this objective, an entity shall disclose information about: (a) the processes and related policies the entity uses to identify, assess, prioritise and monitor climate-related risks, including information about: (i) the inputs and parameters the entity uses (for example...","To achieve this objective, an entity shall disclose information about: (a) the processes and related policies the entity uses to identify, assess, prioritise and monitor climate-related risks, including information about: (i) the inputs and parameters the entity uses (for example, information about data sources and the scope of operations covered in the processes); (ii) whether and how the entity uses climate-related scenario analysis to inform its identification of climate-related risks; (iii) how the entity assesses the nature, likelihood and magnitude of the effects of those risks (for example, whether the entity considers qualitative factors, quantitative thresholds or other criteria); (iv) whether and how the entity prioritises climate-related risks relative to other types of risk; (v) how the entity monitors climate-related risks; and (vi) whether and how the entity has changed the processes it uses compared with the previous reporting period; (b) the processes the entity uses to identify, assess, prioritise and monitor climate-related opportunities, including information about whether and how the entity uses climate-related scenario analysis to inform its identification of climate-related opportunities; and (c) the extent to which, and how, the processes for identifying, assessing, prioritising and monitoring climate-related risks and opportunities are integrated into and inform the entity’s overall risk management process."
IFRS_S2.26,IFRS S2,26,IFRS S2 26,gen_data\IFRS\ifrs_s2.pdf,14-15,Risk Management,Climate-related risk management,mandatory,general,"['metrics', 'risk_process', 'targets']",[],"In preparing disclosures to fulfil the requirements in paragraph 25, an entity shall avoid unnecessary duplication in accordance with IFRS S1 (see paragraph B42(b) of IFRS S1).","In preparing disclosures to fulfil the requirements in paragraph 25, an entity shall avoid unnecessary duplication in accordance with IFRS S1 (see paragraph B42(b) of IFRS S1). For example, although an entity shall provide the information required by paragraph 25, if oversight of sustainability-related risks and opportunities is managed on an integrated basis, the entity would avoid duplication by providing integrated risk management disclosures instead of separate disclosures for each sustainability-related risk and opportunity. Metrics and targets"
IFRS_S2.27,IFRS S2,27,IFRS S2 27,gen_data\IFRS\ifrs_s2.pdf,15,Metrics and Targets,Climate-related metrics and targets,mandatory,general,"['metrics', 'targets']",[],"The objective of climate-related financial disclosures on metrics and targets is to enable users of general purpose financial reports to understand an entity’s performance in relation to its climate-related risks and opportunities, including progress towards any climate-related t...","The objective of climate-related financial disclosures on metrics and targets is to enable users of general purpose financial reports to understand an entity’s performance in relation to its climate-related risks and opportunities, including progress towards any climate-related targets it has set, and any targets it is required to meet by law or regulation."
IFRS_S2.28,IFRS S2,28,IFRS S2 28,gen_data\IFRS\ifrs_s2.pdf,15,Metrics and Targets,Climate-related metrics and targets,mandatory,general,"['business_model', 'governance_body', 'metrics', 'targets']","['(a)', '(b)', '(c)']","To achieve this objective, an entity shall disclose: (a) information relevant to the cross-industry metric categories (see paragraphs 29–31); (b) industry-based metrics that are associated with particular business models, activities or other common features that characterise part...","To achieve this objective, an entity shall disclose: (a) information relevant to the cross-industry metric categories (see paragraphs 29–31); (b) industry-based metrics that are associated with particular business models, activities or other common features that characterise participation in an industry (see paragraph 32); and (c) targets set by the entity, and any targets it is required to meet by law or regulation, to mitigate or adapt to climate-related risks or take advantage of climate-related opportunities, including metrics used by the governance body or management to measure progress towards these targets (see paragraphs 33–37). Climate-related metrics"
IFRS_S2.29,IFRS S2,29,IFRS S2 29,gen_data\IFRS\ifrs_s2.pdf,15-17,Metrics and Targets,Climate-related metrics and targets,mandatory,high_banking_specific,"['commercial_banking', 'financed_emissions', 'ghg_emissions', 'methodology', 'metrics', 'remuneration', 'resilience', 'risk_process', 'scope_1', 'scope_2', 'scope_3', 'strategy', 'value_chain']","['(a)', '(i)', '(1)', '(2)', '(3)', '(ii)', '(2004)', '(iii)', '(1)', '(2)', '(3)', '(iv)', '(i)', '(1)', '(2)', '(1)', '(2)', '(iv)', '(1)', '(v)', '(i)', '(2)', '(vi)', '(i)', '(3)', '(1)', '(2011)', '(2)', '(b)', '(c)', '(d)', '(e)', '(f)', '(i)', '(ii)', '(g)', '(i)', '(v)', '(ii)']",An entity shall disclose information relevant to the cross-industry metric categories of:,"An entity shall disclose information relevant to the cross-industry metric categories of: (a) greenhouse gases—the entity shall: (i) disclose its absolute gross greenhouse gas emissions generated during the reporting period, expressed as metric tonnes of CO2 equivalent (see paragraphs B19–B22), classified as: (1) Scope 1 greenhouse gas emissions; (2) Scope 2 greenhouse gas emissions; and (3) Scope 3 greenhouse gas emissions; (ii) measure its greenhouse gas emissions in accordance with the Greenhouse Gas Protocol: A Corporate Accounting and Reporting Standard (2004) unless the entity is required, in whole or in part, by a jurisdictional authority or an exchange on which it is listed to use a different method for measuring its greenhouse gas emissions (see paragraphs B23–B25); (iii) disclose the approach it uses to measure its greenhouse gas emissions (see paragraphs B26–B29) including: (1) the measurement approach, inputs and assumptions the entity uses to measure its greenhouse gas emissions; (2) the reason why the entity has chosen the measurement approach, inputs and assumptions it uses to measure its greenhouse gas emissions; and (3) any changes the entity made to the measurement approach, inputs and assumptions during the reporting period and the reasons for those changes; (iv) for Scope 1 and Scope 2 greenhouse gas emissions disclosed in accordance with paragraph 29(a)(i)(1)–(2), disaggregate emissions between: (1) the consolidated accounting group (for example, for an entity applying IFRS Accounting Standards, this group would comprise the parent and its consolidated subsidiaries); and (2) other investees excluded from paragraph 29(a)(iv)(1) (for example, for an entity applying IFRS Accounting Standards, these investees would include associates, joint ventures and unconsolidated subsidiaries); (v) for Scope 2 greenhouse gas emissions disclosed in accordance with paragraph 29(a)(i)(2), disclose its location-based Scope 2 greenhouse gas emissions, and provide information about any contractual instruments that is necessary to inform users’ understanding of the entity’s Scope 2 greenhouse gas emissions (see paragraphs B30–B31); and (vi) for Scope 3 greenhouse gas emissions disclosed in accordance with paragraph 29(a)(i)(3), and with reference to paragraphs B32–B57, disclose: (1) the categories included within the entity’s measure of Scope 3 greenhouse gas emissions, in accordance with the Scope 3 categories described in the Greenhouse Gas Protocol Corporate Value Chain (Scope 3) Accounting and Reporting Standard (2011); and (2) additional information about the entity’s financed emissions (which are part of Category 15 greenhouse gas emissions), if its activities include asset management, commercial banking or insurance (see paragraphs B58–B63A); (b) climate-related transition risks—the amount and percentage of assets or business activities vulnerable to climate-related transition risks; (c) climate-related physical risks—the amount and percentage of assets or business activities vulnerable to climate-related physical risks; (d) climate-related opportunities—the amount and percentage of assets or business activities aligned with climate-related opportunities; (e) capital deployment—the amount of capital expenditure, financing or investment deployed towards climate-related risks and opportunities; (f) internal carbon prices—the entity shall disclose: (i) an explanation of whether and how the entity is applying a carbon price in decision-making (for example, investment decisions, transfer pricing and scenario analysis); and (ii) the price for each metric tonne of greenhouse gas emissions the entity uses to assess the costs of its greenhouse gas emissions; (g) remuneration—the entity shall disclose: (i) a description of whether and how climate-related considerations are factored into executive remuneration (see also paragraph 6(a)(v)); and (ii) the percentage of executive management remuneration recognised in the current period that is linked to climate-related considerations."
IFRS_S2.29A,IFRS S2,29A,IFRS S2 29A,gen_data\IFRS\ifrs_s2.pdf,17,Metrics and Targets,Climate-related metrics and targets,optional_or_relief,high_banking_specific,"['commercial_banking', 'financed_emissions', 'ghg_emissions', 'scope_3']","['(i)', '(3)']","In preparing disclosures to meet the requirement in paragraph 29(a)(i)(3), an entity is permitted to limit what it includes in its measure of Scope 3 Category 15 greenhouse gas emissions to only its financed emissions.","In preparing disclosures to meet the requirement in paragraph 29(a)(i)(3), an entity is permitted to limit what it includes in its measure of Scope 3 Category 15 greenhouse gas emissions to only its financed emissions. That is, the entity is permitted to limit its Category 15 greenhouse gas emissions to emissions attributed to loans and investments made by the entity to investees or counterparties. ‘Loans and investments’ include loans, project finance, bonds, equity investments and undrawn loan commitments. For an entity that participates in asset management activities, financed emissions include greenhouse gas emissions attributed to assets under management. For the purpose of the limitation, an entity is permitted to exclude greenhouse gas emissions attributable to derivatives."
IFRS_S2.29B,IFRS S2,29B,IFRS S2 29B,gen_data\IFRS\ifrs_s2.pdf,17,Metrics and Targets,Climate-related metrics and targets,mandatory,general,"['financed_emissions', 'ghg_emissions', 'scope_3']","['(a)', '(b)']","If an entity applies the limitation in paragraph 29A, the entity shall: (a) explain what it has treated as a derivative to enable users of general purpose financial reports to understand how it applied the limitation.","If an entity applies the limitation in paragraph 29A, the entity shall: (a) explain what it has treated as a derivative to enable users of general purpose financial reports to understand how it applied the limitation. For example, the entity could explain that, in applying the limitation, it treated as derivatives items that meet the definition of a derivative in accordance with the requirements of IFRS Accounting Standards or other applicable generally accepted accounting principles or practices (GAAP) used in preparing its related financial statements. (b) describe the financial activities it has excluded from its measure of Scope 3 Category 15 greenhouse gas emissions as a result of applying paragraph 29A, including activities associated with derivatives."
IFRS_S2.29C,IFRS S2,29C,IFRS S2 29C,gen_data\IFRS\ifrs_s2.pdf,17,Metrics and Targets,Climate-related metrics and targets,mandatory,high_banking_specific,"['financed_emissions', 'ghg_emissions', 'scope_3']","['(i)', '(3)']","If an entity has included Category 15 greenhouse gas emissions in its measure of Scope 3 greenhouse gas emissions disclosed in accordance with paragraph 29(a)(i)(3), the entity shall disclose the total Category 15 greenhouse gas emissions and the subtotal of financed emissions in...","If an entity has included Category 15 greenhouse gas emissions in its measure of Scope 3 greenhouse gas emissions disclosed in accordance with paragraph 29(a)(i)(3), the entity shall disclose the total Category 15 greenhouse gas emissions and the subtotal of financed emissions included in that total."
IFRS_S2.30,IFRS S2,30,IFRS S2 30,gen_data\IFRS\ifrs_s2.pdf,17,Metrics and Targets,Climate-related metrics and targets,mandatory,general,['data_quality'],['(d)'],"In preparing disclosures to meet the requirements in paragraph 29(b)–(d), an entity shall use all reasonable and supportable information that is available to the entity at the reporting date without undue cost or effort.","In preparing disclosures to meet the requirements in paragraph 29(b)–(d), an entity shall use all reasonable and supportable information that is available to the entity at the reporting date without undue cost or effort."
IFRS_S2.31,IFRS S2,31,IFRS S2 31,gen_data\IFRS\ifrs_s2.pdf,17,Metrics and Targets,Climate-related metrics and targets,mandatory,general,[],['(g)'],"In preparing disclosures to meet the requirements in paragraph 29(b)–(g), an entity shall refer to paragraphs B64–B65.","In preparing disclosures to meet the requirements in paragraph 29(b)–(g), an entity shall refer to paragraphs B64–B65."
IFRS_S2.32,IFRS S2,32,IFRS S2 32,gen_data\IFRS\ifrs_s2.pdf,18,Metrics and Targets,Climate-related metrics and targets,mandatory,general,"['business_model', 'metrics', 'targets']",[],"An entity shall disclose industry-based metrics that are associated with one or more particular business models, activities or other common features that characterise participation in an industry.","An entity shall disclose industry-based metrics that are associated with one or more particular business models, activities or other common features that characterise participation in an industry. In determining the industry-based metrics that the entity discloses, the entity shall refer to and consider the applicability of the industry-based metrics associated with disclosure topics described in the Industry-based Guidance on Implementing IFRS S2. Climate-related targets"
IFRS_S2.33,IFRS S2,33,IFRS S2 33,gen_data\IFRS\ifrs_s2.pdf,18,Metrics and Targets,Climate-related metrics and targets,mandatory,general,"['ghg_emissions', 'metrics', 'risk_process', 'strategy', 'targets']","['(a)', '(b)', '(c)', '(d)', '(e)', '(f)', '(g)', '(h)']","An entity shall disclose the quantitative and qualitative climate-related targets it has set to monitor progress towards achieving its strategic goals, and any targets it is required to meet by law or regulation, including any greenhouse gas emissions targets.","An entity shall disclose the quantitative and qualitative climate-related targets it has set to monitor progress towards achieving its strategic goals, and any targets it is required to meet by law or regulation, including any greenhouse gas emissions targets. For each target, the entity shall disclose: (a) the metric used to set the target (see paragraphs B66–B67); (b) the objective of the target (for example, mitigation, adaptation or conformance with science-based initiatives); (c) the part of the entity to which the target applies (for example, whether the target applies to the entity in its entirety or only a part of the entity, such as a specific business unit or specific geographical region); (d) the period over which the target applies; (e) the base period from which progress is measured; (f) any milestones and interim targets; (g) if the target is quantitative, whether it is an absolute target or an intensity target; and (h) how the latest international agreement on climate change, including jurisdictional commitments that arise from that agreement, has informed the target."
IFRS_S2.34,IFRS S2,34,IFRS S2 34,gen_data\IFRS\ifrs_s2.pdf,18,Metrics and Targets,Climate-related metrics and targets,mandatory,general,"['methodology', 'metrics', 'risk_process', 'targets']","['(a)', '(b)', '(c)', '(d)']","An entity shall disclose information about its approach to setting and reviewing each target, and how it monitors progress against each target, including:","An entity shall disclose information about its approach to setting and reviewing each target, and how it monitors progress against each target, including: (a) whether the target and the methodology for setting the target has been validated by a third party; (b) the entity’s processes for reviewing the target; (c) the metrics used to monitor progress towards reaching the target; and (d) any revisions to the target and an explanation for those revisions."
IFRS_S2.35,IFRS S2,35,IFRS S2 35,gen_data\IFRS\ifrs_s2.pdf,18,Metrics and Targets,Climate-related metrics and targets,mandatory,general,['targets'],[],An entity shall disclose information about its performance against each climate-related target and an analysis of trends or changes in the entity’s performance.,An entity shall disclose information about its performance against each climate-related target and an analysis of trends or changes in the entity’s performance.
IFRS_S2.36,IFRS S2,36,IFRS S2 36,gen_data\IFRS\ifrs_s2.pdf,18-19,Metrics and Targets,Climate-related metrics and targets,mandatory,general,"['carbon_credits', 'ghg_emissions', 'methodology', 'scope_1', 'scope_2', 'scope_3', 'targets']","['(a)', '(b)', '(c)', '(d)', '(e)', '(i)', '(ii)', '(iii)', '(iv)']","For each greenhouse gas emissions target disclosed in accordance with paragraphs 33–35, an entity shall disclose:","For each greenhouse gas emissions target disclosed in accordance with paragraphs 33–35, an entity shall disclose: (a) which greenhouse gases are covered by the target. (b) whether Scope 1, Scope 2 or Scope 3 greenhouse gas emissions are covered by the target. (c) whether the target is a gross greenhouse gas emissions target or net greenhouse gas emissions target. If the entity discloses a net greenhouse gas emissions target, the entity is also required to separately disclose its associated gross greenhouse gas emissions target (see paragraphs B68–B69). (d) whether the target was derived using a sectoral decarbonisation approach. (e) the entity’s planned use of carbon credits to offset greenhouse gas emissions to achieve any net greenhouse gas emissions target. In explaining its planned use of carbon credits the entity shall disclose information including, and with reference to paragraphs B70–B71: (i) the extent to which, and how, achieving any net greenhouse gas emissions target relies on the use of carbon credits; (ii) which third-party scheme(s) will verify or certify the carbon credits; (iii) the type of carbon credit, including whether the underlying offset will be nature-based or based on technological carbon removals, and whether the underlying offset is achieved through carbon reduction or removal; and (iv) any other factors necessary for users of general purpose financial reports to understand the credibility and integrity of the carbon credits the entity plans to use (for example, assumptions regarding the permanence of the carbon offset)."
IFRS_S2.37,IFRS S2,37,IFRS S2 37,gen_data\IFRS\ifrs_s2.pdf,19-24,Metrics and Targets,Climate-related metrics and targets,mandatory,banking_relevant,"['financed_emissions', 'financial_effects', 'ghg_emissions', 'materiality', 'metrics', 'risk_process', 'scope_1', 'scope_2', 'scope_3', 'strategy', 'targets', 'value_chain']","['(a)', '(b)', '(2011)', '(1)', '(2)', '(3)', '(4)', '(5)', '(6)', '(7)', '(8)', '(9)', '(10)', '(11)', '(12)', '(13)', '(14)', '(15)', '(a)', '(b)', '(c)']","In identifying and disclosing the metrics used to set and monitor progress towards reaching a target described in paragraphs 33–34, an entity shall refer to and consider the applicability of cross-industry metrics (see paragraph 29) and industry-based metrics (see paragraph 32),...","In identifying and disclosing the metrics used to set and monitor progress towards reaching a target described in paragraphs 33–34, an entity shall refer to and consider the applicability of cross-industry metrics (see paragraph 29) and industry-based metrics (see paragraph 32), including those described in an applicable IFRS Sustainability Disclosure Standard, or metrics that otherwise satisfy the requirements in IFRS S1. Risks resulting from climate change that can be event-driven (acute physical risk) or from longer-term shifts in climatic patterns (chronic physical risk). Acute physical risks arise from weather-related events such as storms, floods, drought or heatwaves, which are increasing in severity and frequency. Chronic physical risks arise from longer-term shifts in climatic patterns including changes in precipitation and temperature which could lead to sea level rise, reduced water availability, biodiversity loss and changes in soil productivity. These risks could carry financial implications for an entity, such as costs resulting from direct damage to assets or indirect effects of supply-chain disruption. The entity’s financial performance could also be affected by changes in water availability, sourcing and quality; and extreme temperature changes affecting the entity’s premises, operations, supply chains, transportation needs and employee health and safety. Climate-related risks refers to the potential negative effects of climate change on an entity. These risks are categorised as climate-related physical risks and climate-related transition risks. Climate-related opportunities refers to the potential positive effects arising from climate change for an entity. Efforts to mitigate and adapt to climate change can produce climate-related opportunities for an entity. An aspect of an entity’s overall strategy that lays out the entity’s targets, actions or resources for its transition towards a lower-carbon economy, including actions such as reducing its greenhouse gas emissions. Risks that arise from efforts to transition to a lower-carbon economy. Transition risks include policy, legal, technological, market and reputational risks. These risks could carry financial implications for an entity, such as increased operating costs or asset impairment due to new or amended climate-related regulations. The entity’s financial performance could also be affected by shifting consumer demands and the development and deployment of new technology. A factor describing the radiative forcing impact (degree of harm to the atmosphere) of one unit of a given greenhouse gas relative to one unit of CO2. carbon dioxide (CO2); methane (CH4); nitrous oxide (N2O); hydrofluorocarbons (HFCs); nitrogen trifluoride (NF3); perfluorocarbons (PFCs) and sulphur hexafluoride (SF6). Emissions that are a consequence of the activities of an entity, but occur at sources owned or controlled by another entity. (a) a shadow price, which is a theoretical cost or notional amount that the entity does not charge but that can be used to understand the economic implications or trade- offs for such things as risk impacts, new investments, the net present value of projects, and the cost and benefit of various initiatives; and (b) an internal tax or fee, which is a carbon price charged to a business activity, product line, or other business unit based on its greenhouse gas emissions (these internal taxes or fees are similar to intracompany transfer pricing). An agreement by states, as members of the United Nations Framework Convention on Climate Change, to combat climate change. The agreements set norms and targets for a reduction in greenhouse gases. Direct greenhouse gas emissions that occur from sources that are owned or controlled by an entity. Indirect greenhouse gas emissions from the generation of purchased or acquired electricity, steam, heating or cooling consumed by an entity. Purchased and acquired electricity is electricity that is purchased or otherwise brought into an entity’s boundary. Scope 2 greenhouse gas emissions physically occur at the facility where electricity is generated. Indirect greenhouse gas emissions (not included in Scope 2 greenhouse gas emissions) that occur in the value chain of an entity, including both upstream and downstream emissions. Scope 3 greenhouse gas emissions include the Scope 3 categories in the Greenhouse Gas Protocol Corporate Value Chain (Scope 3) Accounting and Reporting Standard (2011). (1) purchased goods and services; (2) capital goods; (3) fuel- and energy-related activities not included in Scope 1 greenhouse gas emissions or Scope 2 greenhouse gas emissions; (4) upstream transportation and distribution; (5) waste generated in operations; (6) business travel; (7) employee commuting; (8) upstream leased assets; (9) downstream transportation and distribution; (10) processing of sold products; (11) use of sold products; (12) end-of-life treatment of sold products; (13) downstream leased assets; (14) franchises; and (15) investments. Reports that provide financial information about a reporting entity that is useful to primary users in making decisions relating to providing resources to the entity. Those decisions involve decisions about: (a) buying, selling or holding equity and debt instruments; (b) providing or settling loans and other forms of credit; or (c) exercising rights to vote on, or otherwise influence, the entity’s management’s actions that affect the use of the entity’s economic resources. General purpose financial reports include—but are not restricted to—an entity’s general purpose financial statements and sustainability-related financial disclosures. Existing and potential investors, lenders and other creditors. A value chain encompasses the interactions, resources and relationships an entity uses and depends on to create its products or services from conception to delivery, consumption and end-of-life, including interactions, resources and relationships in the entity’s operations, such as human resources; those along its supply, marketing and distribution channels, such as materials and service sourcing, and product and service sale and delivery; and the financing, geographical, geopolitical and regulatory environments in which the entity operates."
IFRS_S2.B1,IFRS S2,B1,IFRS S2 B1,gen_data\IFRS\ifrs_s2.pdf,25,Strategy,Climate resilience and scenario analysis guidance,mandatory,general,"['data_quality', 'resilience', 'risk_process']","['(a)', '(b)', '(c)']","Paragraph 22 requires an entity to use climate-related scenario analysis to assess its climate resilience, using an approach that is commensurate with its circumstances.","Paragraph 22 requires an entity to use climate-related scenario analysis to assess its climate resilience, using an approach that is commensurate with its circumstances.2 The entity is required to use an approach to climate-related scenario analysis that enables it to consider all reasonable and supportable information that is available to the entity at the reporting date without undue cost or effort. Paragraphs B2–B18 provide guidance on how an entity uses scenario analysis to assess the entity’s climate resilience. Specifically: (a) paragraphs B2–B7 set out the factors the entity shall consider when assessing its circumstances; (b) paragraphs B8–B15 set out the factors the entity shall consider when determining an appropriate approach to climate-related scenario analysis; and (c) paragraphs B16–B18 set out additional factors for the entity to consider when determining its approach to climate-related scenario analysis over time. Assessing the circumstances"
IFRS_S2.B2,IFRS S2,B2,IFRS S2 B2,gen_data\IFRS\ifrs_s2.pdf,25,Strategy,Climate resilience and scenario analysis guidance,mandatory,general,"['resilience', 'risk_process', 'skills_competencies']","['(a)', '(b)']",An entity shall use an approach to climate-related scenario analysis that is commensurate with its circumstances as at the time the entity carries out its climate-related scenario analysis (see paragraph B3). To assess its circumstances the entity shall consider:,"An entity shall use an approach to climate-related scenario analysis that is commensurate with its circumstances as at the time the entity carries out its climate-related scenario analysis (see paragraph B3). To assess its circumstances the entity shall consider: (a) the entity’s exposure to climate-related risks and opportunities (see paragraphs B4–B5); and (b) the skills, capabilities and resources available to the entity for the climate-related scenario analysis (see paragraphs B6–B7)."
IFRS_S2.B3,IFRS S2,B3,IFRS S2 B3,gen_data\IFRS\ifrs_s2.pdf,25-26,Strategy,Climate resilience and scenario analysis guidance,mandatory,general,"['resilience', 'risk_process', 'skills_competencies', 'strategy']",[],An entity shall assess its circumstances each time it carries out its climate-related scenario analysis.,"An entity shall assess its circumstances each time it carries out its climate-related scenario analysis. For example, an entity that carries out its climate-related scenario analysis every three years to align with its strategic planning cycle (see paragraph B18) would be required to reconsider for this purpose its exposure to climate-related risks and opportunities and the skills, capabilities and resources available at that time. Exposure to climate-related risks and opportunities"
IFRS_S2.B4,IFRS S2,B4,IFRS S2 B4,gen_data\IFRS\ifrs_s2.pdf,26,Strategy,Climate resilience and scenario analysis guidance,mandatory,general,"['resilience', 'risk_process']",[],An entity shall consider its exposure to climate-related risks and opportunities in its assessment of its circumstances and when determining the approach to use for its climate-related scenario analysis.,"An entity shall consider its exposure to climate-related risks and opportunities in its assessment of its circumstances and when determining the approach to use for its climate-related scenario analysis. This consideration provides essential context for understanding the potential benefits of using a particular approach to climate-related scenario analysis. For example, if an entity has a high degree of exposure to climate-related risk then a more quantitative or technically sophisticated approach to climate-related scenario analysis would be of greater benefit to the entity and users of general purpose financial reports. Users of general purpose financial reports would be less likely to benefit from quantitative or technically sophisticated climate-related scenario analysis if the entity is exposed to few or relatively less severe climate-related risks and opportunities. This means that—with all else being equal—the greater the entity’s exposure to climate-related risks or opportunities, the more likely it is the entity would determine that a more technically sophisticated form of climate-related scenario analysis is required."
IFRS_S2.B5,IFRS S2,B5,IFRS S2 B5,gen_data\IFRS\ifrs_s2.pdf,26,Strategy,Climate resilience and scenario analysis guidance,mandatory,general,"['risk_process', 'skills_competencies']",[],"This Standard requires an entity to identify the climate-related risks and opportunities to which it is exposed (see paragraph 10) and to disclose information about the process the entity uses to identify, assess, prioritise and monitor those risks and opportunities (see paragrap...","This Standard requires an entity to identify the climate-related risks and opportunities to which it is exposed (see paragraph 10) and to disclose information about the process the entity uses to identify, assess, prioritise and monitor those risks and opportunities (see paragraph 25). The information the entity discloses in accordance with paragraphs 10 and 25 can inform the entity’s consideration of its exposure to climate-related risks and opportunities. Skills, capabilities and resources available"
IFRS_S2.B6,IFRS S2,B6,IFRS S2 B6,gen_data\IFRS\ifrs_s2.pdf,26,Strategy,Climate resilience and scenario analysis guidance,mandatory,general,"['resilience', 'risk_process', 'skills_competencies']",[],"An entity shall consider the available skills, capabilities and resources when determining an appropriate approach to use for its climate-related scenario analysis.","An entity shall consider the available skills, capabilities and resources when determining an appropriate approach to use for its climate-related scenario analysis. These skills, capabilities and resources might include both internal and external skills, capabilities and resources. The entity’s available skills, capabilities and resources provide context to inform its consideration of the potential cost and level of effort required by a particular approach to climate-related scenario analysis. For example, if an entity has only just begun to explore the use of climate-related scenario analysis to assess its climate resilience, it might be unable to use a quantitative or technically sophisticated approach to climate-related scenario analysis without undue cost or effort. For the avoidance of doubt, if resources are available to the entity then it will be able to invest in obtaining or developing the necessary skills and capabilities."
IFRS_S2.B7,IFRS S2,B7,IFRS S2 B7,gen_data\IFRS\ifrs_s2.pdf,26-27,Strategy,Climate resilience and scenario analysis guidance,context_or_guidance,general,"['resilience', 'skills_competencies']",[],Climate-related scenario analysis can be resource intensive and might— through an iterative learning process—be developed and refined over multiple planning cycles.,"Climate-related scenario analysis can be resource intensive and might— through an iterative learning process—be developed and refined over multiple planning cycles. As an entity repeats the climate-related scenario analysis, it is likely to develop skills and capabilities that will enable the entity to strengthen its approach to climate-related scenario analysis over time. For example, if an entity has not yet used climate-related scenario analysis or participates in an industry where climate-related scenario analysis is not commonly used, the entity might need more time to develop its skills and capabilities. In contrast, an entity in an industry where climate-related scenario analysis is established practice—such as extractives and mineral processing—would be expected to have strengthened its skills and capabilities through its experience. Determining the appropriate approach"
IFRS_S2.B8,IFRS S2,B8,IFRS S2 B8,gen_data\IFRS\ifrs_s2.pdf,27,Strategy,Climate resilience and scenario analysis guidance,mandatory,general,"['data_quality', 'methodology', 'resilience', 'risk_process', 'skills_competencies']","['(a)', '(b)']",An entity shall determine an approach to climate-related scenario analysis that enables it to consider all reasonable and supportable information that is available to the entity at the reporting date without undue cost or effort.,"An entity shall determine an approach to climate-related scenario analysis that enables it to consider all reasonable and supportable information that is available to the entity at the reporting date without undue cost or effort. The determination of the approach shall be informed by the assessments of the entity’s exposure to climate-related risks and opportunities (see paragraphs B4–B5) and its available skills, capabilities and resources (see paragraphs B6–B7). Making such a determination involves: (a) selecting inputs to the climate-related scenario analysis (see paragraphs B11–B13); and (b) making analytical choices about how to carry out the climate-related scenario analysis (see paragraphs B14–B15)."
IFRS_S2.B9,IFRS S2,B9,IFRS S2 B9,gen_data\IFRS\ifrs_s2.pdf,27,Strategy,Climate resilience and scenario analysis guidance,context_or_guidance,general,['data_quality'],[],"Reasonable and supportable information includes information about past events, current conditions and forecasts of future conditions.","Reasonable and supportable information includes information about past events, current conditions and forecasts of future conditions. It also includes quantitative or qualitative information, and information that is obtained from an external source or owned or developed internally."
IFRS_S2.B10,IFRS S2,B10,IFRS S2 B10,gen_data\IFRS\ifrs_s2.pdf,27,Strategy,Climate resilience and scenario analysis guidance,context_or_guidance,general,"['data_quality', 'methodology']",[],An entity will need to use judgement to determine the mix of inputs and analytical choices that will enable the entity to consider all reasonable and supportable information that is available to the entity at the reporting date without undue cost or effort.,"An entity will need to use judgement to determine the mix of inputs and analytical choices that will enable the entity to consider all reasonable and supportable information that is available to the entity at the reporting date without undue cost or effort. The degree of judgement that is required depends on the availability of detailed information. As the time horizon increases and the availability of detailed information decreases, the degree of judgement required increases. Selecting inputs"
IFRS_S2.B11,IFRS S2,B11,IFRS S2 B11,gen_data\IFRS\ifrs_s2.pdf,27,Strategy,Climate resilience and scenario analysis guidance,mandatory,general,"['data_quality', 'methodology', 'resilience']",[],"When an entity selects the inputs to use in its climate-related scenario analysis, the entity shall consider all reasonable and supportable information —including scenarios, variables and other inputs—available to the entity at the reporting date without undue cost or effort.","When an entity selects the inputs to use in its climate-related scenario analysis, the entity shall consider all reasonable and supportable information —including scenarios, variables and other inputs—available to the entity at the reporting date without undue cost or effort. The inputs used in scenario analysis might include information that is qualitative or quantitative, and is obtained from an external source or developed internally. For example, publicly available climate-related scenarios—from authoritative sources—that describe future trends and a range of pathways to plausible outcomes are considered to be available to the entity without undue cost or effort."
IFRS_S2.B12,IFRS S2,B12,IFRS S2 B12,gen_data\IFRS\ifrs_s2.pdf,27-28,Strategy,Climate resilience and scenario analysis guidance,mandatory,general,"['data_quality', 'ghg_emissions', 'methodology', 'resilience']",[],"When selecting scenarios, variables and other inputs to use in climate-related scenario analysis, an entity might, for example, use one or more climate-related scenarios—including international and regional scenarios—that are publicly and freely available from authoritative sourc...","When selecting scenarios, variables and other inputs to use in climate-related scenario analysis, an entity might, for example, use one or more climate-related scenarios—including international and regional scenarios—that are publicly and freely available from authoritative sources. The entity shall have a reasonable and supportable basis for using a particular scenario or set of scenarios. For example, an entity with operations concentrated in a jurisdiction where emissions are regulated—or are likely to be regulated in the future—might determine that it is appropriate to carry out its analysis using a scenario consistent with an orderly transition to a lower-carbon economy or consistent with relevant jurisdictional commitments to the latest international agreement on climate change. Elsewhere, for example, an entity with heightened exposure to physical climate-related risks might determine that it is appropriate to carry out its analysis using a localised climate-related scenario that takes into account current policies."
IFRS_S2.B13,IFRS S2,B13,IFRS S2 B13,gen_data\IFRS\ifrs_s2.pdf,28,Strategy,Climate resilience and scenario analysis guidance,mandatory,general,"['business_model', 'data_quality', 'methodology', 'resilience', 'strategy']",[],"In considering whether the selected inputs are reasonable and supportable, an entity shall consider the objective of paragraph 22, which requires the entity to disclose information that enables users of general purpose financial reports to understand the resilience of the entity’...","In considering whether the selected inputs are reasonable and supportable, an entity shall consider the objective of paragraph 22, which requires the entity to disclose information that enables users of general purpose financial reports to understand the resilience of the entity’s strategy and business model to climate-related changes, developments and uncertainties, taking into consideration the entity’s identified climate-related risks and opportunities. This means that the inputs to the entity’s climate-related scenario analysis shall be relevant to the entity’s circumstances, for example, to the particular activities the entity undertakes and the geographical location of those activities. Making analytical choices"
IFRS_S2.B14,IFRS S2,B14,IFRS S2 B14,gen_data\IFRS\ifrs_s2.pdf,28,Strategy,Climate resilience and scenario analysis guidance,mandatory,general,"['data_quality', 'methodology', 'resilience', 'risk_process']",[],"An entity’s resilience assessment will be informed not only by the individual inputs to its climate-related scenario analysis, but also by the information it develops in combining those inputs to carry out the analysis.","An entity’s resilience assessment will be informed not only by the individual inputs to its climate-related scenario analysis, but also by the information it develops in combining those inputs to carry out the analysis. The entity shall prioritise the analytical choices (for example, whether to use qualitative analysis or quantitative modelling) that will enable it to consider all reasonable and supportable information that is available to the entity at the reporting date without undue cost or effort. For example, if an entity is able— without undue cost or effort—to incorporate multiple carbon price pathways associated with a given outcome (for example, a 1.5 degree Celsius outcome), this analysis is likely to strengthen the entity’s resilience assessment, assuming such an approach is warranted by the entity’s risk exposure."
IFRS_S2.B15,IFRS S2,B15,IFRS S2 B15,gen_data\IFRS\ifrs_s2.pdf,28,Strategy,Climate resilience and scenario analysis guidance,context_or_guidance,general,"['data_quality', 'resilience', 'risk_process']",[],Quantitative information will often enable an entity to carry out a more robust assessment of its climate resilience.,"Quantitative information will often enable an entity to carry out a more robust assessment of its climate resilience. However, qualitative information (including scenario narratives), either alone or combined with quantitative data, can also provide a reasonable and supportable basis for the entity’s resilience assessment. Additional considerations"
IFRS_S2.B16,IFRS S2,B16,IFRS S2 B16,gen_data\IFRS\ifrs_s2.pdf,28,Strategy,Climate resilience and scenario analysis guidance,conditional_or_relief_with_mandatory_conditions,general,"['resilience', 'skills_competencies', 'strategy']",[],"Climate-related scenario analysis is an evolving practice and, therefore, the approach that an entity uses is likely to change over time.","Climate-related scenario analysis is an evolving practice and, therefore, the approach that an entity uses is likely to change over time. As described in paragraphs B2–B7, the entity shall determine its approach to climate-related scenario analysis based on its particular circumstances, including the entity’s exposure to climate-related risks and opportunities and the skills, capabilities and resources available for the scenario analysis. Those circumstances are also likely to change over time. Therefore, the entity’s approach to climate-related scenario analysis need not be the same from one reporting period or strategic planning cycle to the next (see paragraph B18)."
IFRS_S2.B17,IFRS S2,B17,IFRS S2 B17,gen_data\IFRS\ifrs_s2.pdf,29,Strategy,Climate resilience and scenario analysis guidance,mandatory,general,"['resilience', 'skills_competencies']",[],"An entity might use a simpler approach to climate-related scenario analysis, such as qualitative scenario narratives, if such an approach is appropriate to the entity’s circumstances.","An entity might use a simpler approach to climate-related scenario analysis, such as qualitative scenario narratives, if such an approach is appropriate to the entity’s circumstances. For example, if an entity does not currently have the skills, capabilities or resources to carry out quantitative climate-related scenario analysis but has a high degree of exposure to climate-related risk, the entity might initially use a simpler approach to climate-related scenario analysis, but would build its capabilities through experience and, therefore, would apply a more advanced quantitative approach to climate-related scenario analysis over time. An entity with a high degree of exposure to climate-related risks and opportunities, and with access to the necessary skills, capabilities or resources, is required to apply a more advanced quantitative approach to climate-related scenario analysis."
IFRS_S2.B18,IFRS S2,B18,IFRS S2 B18,gen_data\IFRS\ifrs_s2.pdf,29-30,Strategy,Climate resilience and scenario analysis guidance,mandatory,general,"['business_model', 'ghg_emissions', 'resilience', 'risk_process', 'strategy']",[],"Although paragraph 22 requires an entity to disclose information about its climate resilience at each reporting date, the entity might carry out its climate-related scenario analysis in line with its strategic planning cycle, including a multi-year strategic planning cycle (for e...","Although paragraph 22 requires an entity to disclose information about its climate resilience at each reporting date, the entity might carry out its climate-related scenario analysis in line with its strategic planning cycle, including a multi-year strategic planning cycle (for example, every three to five years). Therefore, in some reporting periods the entity’s disclosures in accordance with paragraph 22(b) could remain unchanged from the previous reporting period if the entity does not conduct a scenario analysis annually. The entity shall—at a minimum—update its climate-related scenario analysis in line with its strategic planning cycle. However, an assessment of the entity’s resilience is required to be carried out annually to reflect updated insight into the implications of climate uncertainty for the entity’s business model and strategy. As such, an entity’s disclosure in accordance with paragraph 22(a)— that is, the results of the entity’s resilience assessment—shall be updated at each reporting period. Greenhouse gas emissions Permission to use information from a reporting period that is different from the entity’s reporting period, in specific circumstances"
IFRS_S2.B19,IFRS S2,B19,IFRS S2 B19,gen_data\IFRS\ifrs_s2.pdf,30,Metrics and Targets,Greenhouse gas emissions and Scope 3 measurement guidance,optional_or_relief,general,"['ghg_emissions', 'value_chain']","['(i)', '(a)', '(b)', '(c)']",An entity might have a different reporting period from some or all of the entities in its value chain.,"An entity might have a different reporting period from some or all of the entities in its value chain. Such a difference would mean that greenhouse gas emissions information from these entities in its value chain for the entity’s reporting period might not be readily available for the entity to use for its own disclosure. In such circumstances, the entity is permitted to measure its greenhouse gas emissions in accordance with paragraph 29(a)(i) using information for reporting periods that are different from its own reporting period if that information is obtained from entities in its value chain with reporting periods that are different from the entity’s reporting period, on the condition that: (a) the entity uses the most recent data available from those entities in its value chain without undue cost or effort to measure and disclose its greenhouse gas emissions; (b) the length of the reporting periods is the same; and (c) the entity discloses the effects of significant events and changes in circumstances (relevant to its greenhouse gas emissions) that occur between the reporting dates of the entities in its value chain and the date of the entity’s general purpose financial reports. Aggregation of greenhouse gases into CO2 equivalent using global warming potential values"
IFRS_S2.B20,IFRS S2,B20,IFRS S2 B20,gen_data\IFRS\ifrs_s2.pdf,30,Metrics and Targets,Greenhouse gas emissions and Scope 3 measurement guidance,mandatory,general,"['ghg_emissions', 'metrics']",[],"Paragraph 29(a) requires an entity to disclose its absolute gross greenhouse gas emissions generated during the reporting period, expressed as metric tonnes of CO2 equivalent.","Paragraph 29(a) requires an entity to disclose its absolute gross greenhouse gas emissions generated during the reporting period, expressed as metric tonnes of CO2 equivalent. To meet this requirement, the entity shall aggregate the seven constituent greenhouse gases into CO2 equivalent values."
IFRS_S2.B21,IFRS S2,B21,IFRS S2 B21,gen_data\IFRS\ifrs_s2.pdf,30,Metrics and Targets,Greenhouse gas emissions and Scope 3 measurement guidance,conditional_or_relief_with_mandatory_conditions,general,"['ghg_emissions', 'risk_process']",[],"If an entity uses direct measurement to measure its greenhouse gas emissions, the entity is required to convert the seven constituent greenhouse gases into a CO2 equivalent value using global warming potential values based on a 100‑year time horizon, from the latest Intergovernme...","If an entity uses direct measurement to measure its greenhouse gas emissions, the entity is required to convert the seven constituent greenhouse gases into a CO2 equivalent value using global warming potential values based on a 100‑year time horizon, from the latest Intergovernmental Panel on Climate Change assessment available at the reporting date. The requirement to use such global warming potential values applies unless the entity is required, in whole or in part, by a jurisdictional authority or an exchange on which it is listed to use different global warming potential values for converting the seven constituent greenhouse gases into a CO2 equivalent value. In such a case, the entity is instead permitted to use the global warming potential values required by such a jurisdictional authority or exchange for the part of the entity to which that requirement applies, for as long as that requirement applies to that part of the entity."
IFRS_S2.B22,IFRS S2,B22,IFRS S2 B22,gen_data\IFRS\ifrs_s2.pdf,31,Metrics and Targets,Greenhouse gas emissions and Scope 3 measurement guidance,conditional_or_relief_with_mandatory_conditions,general,"['ghg_emissions', 'risk_process']",[],"If an entity uses emission factors to estimate its greenhouse gas emissions, the entity shall use—as its basis for measuring its greenhouse gas emissions—the emission factors that best represent the entity’s activity (see paragraph B29).","If an entity uses emission factors to estimate its greenhouse gas emissions, the entity shall use—as its basis for measuring its greenhouse gas emissions—the emission factors that best represent the entity’s activity (see paragraph B29). If these emission factors have already converted the constituent gases into CO2 equivalent values, the entity is not required to recalculate the emission factors using global warming potential values based on a 100-year time horizon from the latest Intergovernmental Panel on Climate Change assessment available at the reporting date. However, if an entity uses emission factors that are not converted into CO2 equivalent values, then the entity shall use the global warming potential values based on a 100-year time horizon from the latest Intergovernmental Panel on Climate Change assessment available at the reporting date. The requirement to use such global warming potential values applies unless the entity is required, in whole or in part, by a jurisdictional authority or an exchange on which it is listed to use different global warming potential values for converting the seven constituent greenhouse gases into a CO2 equivalent value. In such a case, the entity is instead permitted to use the global warming potential values required by such a jurisdictional authority or exchange for the part of the entity to which that requirement applies, for as long as that requirement applies to that part of the entity. Greenhouse Gas Protocol"
IFRS_S2.B23,IFRS S2,B23,IFRS S2 B23,gen_data\IFRS\ifrs_s2.pdf,31,Metrics and Targets,Greenhouse gas emissions and Scope 3 measurement guidance,mandatory,general,"['ghg_emissions', 'scope_3']","['(ii)', '(2004)', '(2004)', '(2004)']",Paragraph 29(a)(ii) requires an entity to disclose its greenhouse gas emissions measured in accordance with the Greenhouse Gas Protocol:,"Paragraph 29(a)(ii) requires an entity to disclose its greenhouse gas emissions measured in accordance with the Greenhouse Gas Protocol: A Corporate Accounting and Reporting Standard (2004). For the avoidance of doubt, an entity shall apply the requirements in the Greenhouse Gas Protocol: A Corporate Accounting and Reporting Standard (2004) only to the extent that they do not conflict with the requirements in this Standard. For example, the Greenhouse Gas Protocol: A Corporate Accounting and Reporting Standard (2004) does not require an entity to disclose its Scope 3 greenhouse gas emissions, however, the entity is required to disclose Scope 3 greenhouse gas emissions in accordance with paragraph 29(a)."
IFRS_S2.B24,IFRS S2,B24,IFRS S2 B24,gen_data\IFRS\ifrs_s2.pdf,31,Metrics and Targets,Greenhouse gas emissions and Scope 3 measurement guidance,conditional_or_relief_with_mandatory_conditions,general,"['ghg_emissions', 'methodology']","['(2004)', '(2004)']","An entity is required to use the Greenhouse Gas Protocol: A Corporate Accounting and Reporting Standard (2004) unless the entity is required, in whole or in part, by a jurisdictional authority or an exchange on which it is listed to use a different method for measuring its greenh...","An entity is required to use the Greenhouse Gas Protocol: A Corporate Accounting and Reporting Standard (2004) unless the entity is required, in whole or in part, by a jurisdictional authority or an exchange on which it is listed to use a different method for measuring its greenhouse gas emissions. If the entity is required, in whole or in part, by a jurisdictional authority or an exchange on which it is listed to use a different method for measuring its greenhouse gas emissions, the entity is permitted to use this different method for the part of the entity to which that requirement applies, rather than using the Greenhouse Gas Protocol: A Corporate Accounting and Reporting Standard (2004), for as long as such jurisdictional or exchange requirement applies to that part of the entity."
IFRS_S2.B25,IFRS S2,B25,IFRS S2 B25,gen_data\IFRS\ifrs_s2.pdf,31-32,Metrics and Targets,Greenhouse gas emissions and Scope 3 measurement guidance,context_or_guidance,general,"['ghg_emissions', 'methodology', 'scope_1', 'scope_2', 'scope_3']",[],"In some circumstances, an entity might be subject to a requirement in the jurisdiction in which it operates to disclose its greenhouse gas emissions for a specific part of the entity or for some of its greenhouse gas emissions (for example, only for Scope 1 and Scope 2 greenhouse...","In some circumstances, an entity might be subject to a requirement in the jurisdiction in which it operates to disclose its greenhouse gas emissions for a specific part of the entity or for some of its greenhouse gas emissions (for example, only for Scope 1 and Scope 2 greenhouse gas emissions). In such circumstances, the jurisdictional requirement does not exempt the entity from applying the requirements in this Standard to disclose the entity’s Scope 1, Scope 2 and Scope 3 greenhouse gas emissions for the entity as a whole. Measurement approach, inputs and assumptions"
IFRS_S2.B26,IFRS S2,B26,IFRS S2 B26,gen_data\IFRS\ifrs_s2.pdf,32,Metrics and Targets,Greenhouse gas emissions and Scope 3 measurement guidance,mandatory,general,"['ghg_emissions', 'methodology']","['(iii)', '(a)', '(2004)', '(b)', '(2004)', '(c)']","Paragraph 29(a)(iii) requires an entity to disclose the measurement approach, inputs and assumptions it uses to measure its greenhouse gas emissions. As part of this requirement, the entity shall include information about:","Paragraph 29(a)(iii) requires an entity to disclose the measurement approach, inputs and assumptions it uses to measure its greenhouse gas emissions. As part of this requirement, the entity shall include information about: (a) the measurement approach the entity uses in accordance with the Greenhouse Gas Protocol: A Corporate Accounting and Reporting Standard (2004) (see paragraph B27); (b) the applicable method if the entity is not using the Greenhouse Gas Protocol: A Corporate Accounting and Reporting Standard (2004) and the measurement approach the entity uses (see paragraph B28); and (c) the emission factors the entity uses (see paragraph B29). The measurement approach set out in the Greenhouse Gas Protocol"
IFRS_S2.B27,IFRS S2,B27,IFRS S2 B27,gen_data\IFRS\ifrs_s2.pdf,32,Metrics and Targets,Greenhouse gas emissions and Scope 3 measurement guidance,mandatory,general,"['ghg_emissions', 'methodology']","['(2004)', '(iii)', '(2004)', '(a)', '(2004)', '(b)']",The Greenhouse Gas Protocol: A Corporate Accounting and Reporting Standard (2004) includes different measurement approaches that an entity might use when measuring its greenhouse gas emissions.,"The Greenhouse Gas Protocol: A Corporate Accounting and Reporting Standard (2004) includes different measurement approaches that an entity might use when measuring its greenhouse gas emissions. In disclosing information in accordance with paragraph 29(a)(iii), the entity is required to disclose information about the measurement approach it uses. For example, when the entity discloses its greenhouse gas emissions measured in accordance with the Greenhouse Gas Protocol: A Corporate Accounting and Reporting Standard (2004), the entity is required to use the equity share or control approach. Specifically, the entity shall disclose: (a) the approach it uses to determine its greenhouse gas emissions (for example, the equity share or control approach in the Greenhouse Gas Protocol: A Corporate Accounting and Reporting Standard (2004)); and (b) the reason, or reasons, for the entity’s choice of measurement approach and how that approach relates to the disclosure objective in paragraph 27. Other methods and measurement approaches"
IFRS_S2.B28,IFRS S2,B28,IFRS S2 B28,gen_data\IFRS\ifrs_s2.pdf,32-33,Metrics and Targets,Greenhouse gas emissions and Scope 3 measurement guidance,mandatory,general,"['ghg_emissions', 'methodology']","['(ii)', '(a)', '(b)']","When an entity discloses its greenhouse gas emissions measured in accordance with another method, applying paragraphs 29(a)(ii), B24–B25 or C4(a), the entity shall disclose for each alternative method:","When an entity discloses its greenhouse gas emissions measured in accordance with another method, applying paragraphs 29(a)(ii), B24–B25 or C4(a), the entity shall disclose for each alternative method: (a) the applicable method and measurement approach the entity uses to determine its greenhouse gas emissions; and (b) the reason, or reasons, for the entity’s choice of method and measurement approach and how that approach relates to the disclosure objective in paragraph 27. Emission factors"
IFRS_S2.B29,IFRS S2,B29,IFRS S2 B29,gen_data\IFRS\ifrs_s2.pdf,33,Metrics and Targets,Greenhouse gas emissions and Scope 3 measurement guidance,mandatory,general,"['ghg_emissions', 'methodology', 'scope_2']",[],"As part of an entity’s disclosure of the measurement approach, inputs and assumptions, the entity shall disclose information to enable users of general purpose financial reports to understand which emission factors the entity uses in its measurement of its greenhouse gas emission...","As part of an entity’s disclosure of the measurement approach, inputs and assumptions, the entity shall disclose information to enable users of general purpose financial reports to understand which emission factors the entity uses in its measurement of its greenhouse gas emissions. This Standard does not specify emission factors an entity is required to use in its measurement of its greenhouse gas emissions. Instead, this Standard requires an entity to use emission factors that best represent the entity’s activity as its basis for measuring its greenhouse gas emissions. Scope 2 greenhouse gas emissions"
IFRS_S2.B30,IFRS S2,B30,IFRS S2 B30,gen_data\IFRS\ifrs_s2.pdf,33,Metrics and Targets,Greenhouse gas emissions and Scope 3 measurement guidance,mandatory,general,"['ghg_emissions', 'scope_2']",['(v)'],Paragraph 29(a)(v) requires an entity to disclose its location-based Scope 2 greenhouse gas emissions and provide information about any contractual instruments the entity has entered into that could inform users’ understanding of the entity’s Scope 2 greenhouse gas emissions.,"Paragraph 29(a)(v) requires an entity to disclose its location-based Scope 2 greenhouse gas emissions and provide information about any contractual instruments the entity has entered into that could inform users’ understanding of the entity’s Scope 2 greenhouse gas emissions. For the avoidance of doubt, an entity is required to disclose its Scope 2 greenhouse gas emissions using a location-based approach and is required to provide information about contractual instruments only if such instruments exist and information about them informs users’ understanding of an entity’s Scope 2 greenhouse gas emissions."
IFRS_S2.B31,IFRS S2,B31,IFRS S2 B31,gen_data\IFRS\ifrs_s2.pdf,33,Metrics and Targets,Greenhouse gas emissions and Scope 3 measurement guidance,context_or_guidance,general,"['ghg_emissions', 'scope_2', 'scope_3']",[],Contractual instruments are any type of contract between an entity and another party for the sale and purchase of energy bundled with attributes about the energy generation or for unbundled energy attribute claims (unbundled energy attribute claims relate to the sale and purchase...,Contractual instruments are any type of contract between an entity and another party for the sale and purchase of energy bundled with attributes about the energy generation or for unbundled energy attribute claims (unbundled energy attribute claims relate to the sale and purchase of energy that is separate and distinct from the greenhouse gas attribute contractual instruments). Various types of contractual instruments are available in different markets and the entity might disclose information about its market- based Scope 2 greenhouse gas emissions as part of its disclosure. Scope 3 greenhouse gas emissions
IFRS_S2.B32,IFRS S2,B32,IFRS S2 B32,gen_data\IFRS\ifrs_s2.pdf,33,Metrics and Targets,Greenhouse gas emissions and Scope 3 measurement guidance,mandatory,general,"['ghg_emissions', 'scope_3', 'value_chain']","['(vi)', '(2011)', '(vi)']","In accordance with paragraph 29(a)(vi), an entity shall disclose information about its Scope 3 greenhouse gas emissions to enable users of general purpose financial reports to understand the source of these emissions.","In accordance with paragraph 29(a)(vi), an entity shall disclose information about its Scope 3 greenhouse gas emissions to enable users of general purpose financial reports to understand the source of these emissions. The entity shall consider its entire value chain (upstream and downstream) and shall consider all 15 categories of Scope 3 greenhouse gas emissions, as described in the Greenhouse Gas Protocol Corporate Value Chain (Scope 3) Accounting and Reporting Standard (2011). In accordance with paragraph 29(a)(vi), the entity shall disclose which of these categories are included in its Scope 3 greenhouse gas emissions disclosures."
IFRS_S2.B33,IFRS S2,B33,IFRS S2 B33,gen_data\IFRS\ifrs_s2.pdf,33,Metrics and Targets,Greenhouse gas emissions and Scope 3 measurement guidance,mandatory,general,"['ghg_emissions', 'methodology', 'scope_3']","['(vi)', '(1)']","For the avoidance of doubt, regardless of the method an entity uses to measure its greenhouse gas emissions, the entity is required to disclose the categories included within its measure of Scope 3 greenhouse gas emissions as described in paragraph 29(a)(vi)(1).","For the avoidance of doubt, regardless of the method an entity uses to measure its greenhouse gas emissions, the entity is required to disclose the categories included within its measure of Scope 3 greenhouse gas emissions as described in paragraph 29(a)(vi)(1)."
IFRS_S2.B34,IFRS S2,B34,IFRS S2 B34,gen_data\IFRS\ifrs_s2.pdf,34,Metrics and Targets,Greenhouse gas emissions and Scope 3 measurement guidance,mandatory,general,"['business_model', 'ghg_emissions', 'risk_process', 'scope_3', 'value_chain']","['(a)', '(b)', '(c)']","In accordance with paragraph B11 in IFRS S1, on the occurrence of a significant event or a significant change in circumstances, an entity shall reassess the scope of all affected climate-related risks and opportunities throughout its value chain, including reassessing which Scope...","In accordance with paragraph B11 in IFRS S1, on the occurrence of a significant event or a significant change in circumstances, an entity shall reassess the scope of all affected climate-related risks and opportunities throughout its value chain, including reassessing which Scope 3 categories and entities throughout its value chain to include in the measurement of its Scope 3 greenhouse gas emissions. A significant event or significant change in circumstances can occur without the entity being involved in that event or change in circumstances or as a result of a change in what the entity assesses to be important to users of general purpose financial reports. For example, such significant events or significant changes in circumstances might include: (a) a significant change in the entity’s value chain (for example, a supplier in the entity’s value chain makes a change that significantly alters the supplier’s greenhouse gas emissions); (b) a significant change in the entity’s business model, activities or corporate structure (for example, a merger or acquisition that expands the entity’s value chain); and (c) a significant change in the entity’s exposure to climate-related risks and opportunities (for example, a supplier in the entity’s value chain is affected by the introduction of an emissions regulation that the entity had not anticipated)."
IFRS_S2.B35,IFRS S2,B35,IFRS S2 B35,gen_data\IFRS\ifrs_s2.pdf,34,Metrics and Targets,Greenhouse gas emissions and Scope 3 measurement guidance,mandatory,general,"['risk_process', 'value_chain']",[],"An entity is permitted, but not required, to reassess the scope of any climate-related risk or opportunity throughout its value chain more frequently than required by paragraph B11 in IFRS S1.","An entity is permitted, but not required, to reassess the scope of any climate-related risk or opportunity throughout its value chain more frequently than required by paragraph B11 in IFRS S1."
IFRS_S2.B36,IFRS S2,B36,IFRS S2 B36,gen_data\IFRS\ifrs_s2.pdf,34,Metrics and Targets,Greenhouse gas emissions and Scope 3 measurement guidance,mandatory,general,"['data_quality', 'value_chain']",[],"In accordance with paragraph B6(b) in IFRS S1, to determine the scope of the value chain, which includes its breadth and composition, an entity shall use all reasonable and supportable information that is available to the entity at the reporting date without undue cost or effort.","In accordance with paragraph B6(b) in IFRS S1, to determine the scope of the value chain, which includes its breadth and composition, an entity shall use all reasonable and supportable information that is available to the entity at the reporting date without undue cost or effort."
IFRS_S2.B37,IFRS S2,B37,IFRS S2 B37,gen_data\IFRS\ifrs_s2.pdf,34,Metrics and Targets,Greenhouse gas emissions and Scope 3 measurement guidance,mandatory,high_banking_specific,"['commercial_banking', 'financed_emissions', 'ghg_emissions', 'scope_3']",[],"An entity that participates in one or more financial activities associated with asset management, commercial banking and insurance shall disclose additional information about the financed emissions associated with those activities as part of the entity’s disclosure of its Scope 3...","An entity that participates in one or more financial activities associated with asset management, commercial banking and insurance shall disclose additional information about the financed emissions associated with those activities as part of the entity’s disclosure of its Scope 3 greenhouse gas emissions (see paragraphs B58–B63A). Scope 3 measurement framework"
IFRS_S2.B38,IFRS S2,B38,IFRS S2 B38,gen_data\IFRS\ifrs_s2.pdf,34,Metrics and Targets,Greenhouse gas emissions and Scope 3 measurement guidance,mandatory,general,"['ghg_emissions', 'methodology', 'scope_3']",[],An entity’s measurement of Scope 3 greenhouse gas emissions is likely to include the use of estimation rather than solely comprising direct measurement.,"An entity’s measurement of Scope 3 greenhouse gas emissions is likely to include the use of estimation rather than solely comprising direct measurement. In measuring Scope 3 greenhouse gas emissions an entity shall use a measurement approach, inputs and assumptions that result in a faithful representation of this measurement. The measurement framework described in paragraphs B40–B54 provides guidance for an entity to use in preparing its Scope 3 greenhouse gas emissions disclosures."
IFRS_S2.B39,IFRS S2,B39,IFRS S2 B39,gen_data\IFRS\ifrs_s2.pdf,34,Metrics and Targets,Greenhouse gas emissions and Scope 3 measurement guidance,mandatory,general,"['data_quality', 'ghg_emissions', 'methodology', 'scope_3']",[],"An entity is required to use all reasonable and supportable information that is available to the entity at the reporting date without undue cost or effort when the entity selects the measurement approach, inputs and assumptions it uses in measuring Scope 3 greenhouse gas emission...","An entity is required to use all reasonable and supportable information that is available to the entity at the reporting date without undue cost or effort when the entity selects the measurement approach, inputs and assumptions it uses in measuring Scope 3 greenhouse gas emissions."
IFRS_S2.B40,IFRS S2,B40,IFRS S2 B40,gen_data\IFRS\ifrs_s2.pdf,35,Metrics and Targets,Greenhouse gas emissions and Scope 3 measurement guidance,mandatory,general,"['data_quality', 'ghg_emissions', 'methodology', 'risk_process', 'scope_3', 'value_chain']","['(a)', '(b)', '(c)', '(d)']",An entity’s measurement of Scope 3 greenhouse gas emissions relies upon a range of inputs.,"An entity’s measurement of Scope 3 greenhouse gas emissions relies upon a range of inputs. This Standard does not specify the inputs the entity is required to use to measure its Scope 3 greenhouse gas emissions, but does require the entity to prioritise inputs and assumptions using these identifying characteristics (which are listed in no particular order): (a) data based on direct measurement (paragraphs B43–B45); (b) data from specific activities within the entity’s value chain (paragraphs B46–B49); (c) timely data that faithfully represents the jurisdiction of, and the technology used for, the value chain activity and its greenhouse gas emissions (paragraphs B50–B52); and (d) data that has been verified (paragraphs B53–B54)."
IFRS_S2.B41,IFRS S2,B41,IFRS S2 B41,gen_data\IFRS\ifrs_s2.pdf,35,Metrics and Targets,Greenhouse gas emissions and Scope 3 measurement guidance,conditional_or_relief_with_mandatory_conditions,general,"['ghg_emissions', 'methodology', 'risk_process', 'scope_3']",['(2004)'],An entity is required to apply the Scope 3 measurement framework to prioritise inputs and assumptions even when the entity is required by a jurisdictional authority or an exchange on which the entity is listed to use a method other than the Greenhouse Gas Protocol:,"An entity is required to apply the Scope 3 measurement framework to prioritise inputs and assumptions even when the entity is required by a jurisdictional authority or an exchange on which the entity is listed to use a method other than the Greenhouse Gas Protocol: A Corporate Accounting and Reporting Standard (2004) for measuring its greenhouse gas emissions (see paragraphs B24–B25), or whether the entity uses the transition relief described in paragraph C4(a)."
IFRS_S2.B42,IFRS S2,B42,IFRS S2 B42,gen_data\IFRS\ifrs_s2.pdf,35,Metrics and Targets,Greenhouse gas emissions and Scope 3 measurement guidance,context_or_guidance,general,"['ghg_emissions', 'methodology', 'value_chain']",[],"An entity’s prioritisation of the measurement approach, inputs and assumptions and the entity’s considerations of associated trade-offs—based on the characteristics in paragraph B40—requires management to apply judgement.","An entity’s prioritisation of the measurement approach, inputs and assumptions and the entity’s considerations of associated trade-offs—based on the characteristics in paragraph B40—requires management to apply judgement. For example, an entity might need to consider the trade-offs between timely data and data that is more representative of the jurisdiction and technology used for the value chain activity and its emissions. More recent data might provide less detail about the specific activity, including the technology that was used in the value chain and the location of that activity. On the other hand, older data that is published infrequently might be considered more representative of the specific activity and its greenhouse gas emissions. Data based on direct measurement"
IFRS_S2.B43,IFRS S2,B43,IFRS S2 B43,gen_data\IFRS\ifrs_s2.pdf,35,Metrics and Targets,Greenhouse gas emissions and Scope 3 measurement guidance,mandatory,general,"['ghg_emissions', 'methodology', 'risk_process', 'scope_3']",[],Two methods are used to quantify Scope 3 greenhouse gas emissions: direct measurement and estimation. Of these two methods—and with all else being equal—an entity shall prioritise direct measurement.,Two methods are used to quantify Scope 3 greenhouse gas emissions: direct measurement and estimation. Of these two methods—and with all else being equal—an entity shall prioritise direct measurement.
IFRS_S2.B44,IFRS S2,B44,IFRS S2 B44,gen_data\IFRS\ifrs_s2.pdf,35,Metrics and Targets,Greenhouse gas emissions and Scope 3 measurement guidance,context_or_guidance,general,"['ghg_emissions', 'risk_process', 'scope_3']",[],"‘Direct measurement’ refers to the direct monitoring of greenhouse gas emissions and, in theory, provides the most accurate evidence.","‘Direct measurement’ refers to the direct monitoring of greenhouse gas emissions and, in theory, provides the most accurate evidence. However, it is expected that Scope 3 greenhouse gas emissions data will include estimation due to the challenges associated with direct measurement of Scope 3 greenhouse gas emissions."
IFRS_S2.B45,IFRS S2,B45,IFRS S2 B45,gen_data\IFRS\ifrs_s2.pdf,35-36,Metrics and Targets,Greenhouse gas emissions and Scope 3 measurement guidance,context_or_guidance,general,"['ghg_emissions', 'methodology', 'scope_3', 'value_chain']","['(a)', '(b)']",Estimation of Scope 3 greenhouse gas emissions involves approximate calculations of data based on assumptions and appropriate inputs. An entity that measures its Scope 3 greenhouse gas emissions using estimation is likely to use two types of input:,"Estimation of Scope 3 greenhouse gas emissions involves approximate calculations of data based on assumptions and appropriate inputs. An entity that measures its Scope 3 greenhouse gas emissions using estimation is likely to use two types of input: (a) data that represents the entity’s activity that results in greenhouse gas emissions (activity data). For example, the entity might use distance travelled as activity data to represent the transport of goods within its value chain. (b) emission factors that convert activity data into greenhouse gas emissions. For example, the entity will convert the distance travelled (activity data) into greenhouse gas emissions data using emission factors. Data from specific activities within the entity’s value chain"
IFRS_S2.B46,IFRS S2,B46,IFRS S2 B46,gen_data\IFRS\ifrs_s2.pdf,36,Metrics and Targets,Greenhouse gas emissions and Scope 3 measurement guidance,context_or_guidance,general,"['data_quality', 'ghg_emissions', 'scope_3', 'value_chain']",[],"An entity’s measurement of its Scope 3 greenhouse gas emissions will be based on data obtained directly from specific activities within the entity’s value chain (primary data), data not obtained directly from activities within the entity’s value chain (secondary data), or a combi...","An entity’s measurement of its Scope 3 greenhouse gas emissions will be based on data obtained directly from specific activities within the entity’s value chain (primary data), data not obtained directly from activities within the entity’s value chain (secondary data), or a combination of both."
IFRS_S2.B47,IFRS S2,B47,IFRS S2 B47,gen_data\IFRS\ifrs_s2.pdf,36,Metrics and Targets,Greenhouse gas emissions and Scope 3 measurement guidance,mandatory,general,"['data_quality', 'ghg_emissions', 'risk_process', 'scope_3', 'value_chain']",[],"In measuring an entity’s Scope 3 greenhouse gas emissions, primary data is more likely to be representative of the entity’s value chain activity and its greenhouse gas emissions than secondary data.","In measuring an entity’s Scope 3 greenhouse gas emissions, primary data is more likely to be representative of the entity’s value chain activity and its greenhouse gas emissions than secondary data. Therefore, the entity shall prioritise—with all else being equal—the use of primary data."
IFRS_S2.B48,IFRS S2,B48,IFRS S2 B48,gen_data\IFRS\ifrs_s2.pdf,36,Metrics and Targets,Greenhouse gas emissions and Scope 3 measurement guidance,context_or_guidance,general,"['data_quality', 'ghg_emissions', 'methodology', 'scope_3', 'value_chain']",[],Primary data for Scope 3 greenhouse gas emissions includes data provided by suppliers or other entities in the value chain related to specific activities in an entity’s value chain.,"Primary data for Scope 3 greenhouse gas emissions includes data provided by suppliers or other entities in the value chain related to specific activities in an entity’s value chain. For example, primary data could be sourced from meter readings, utility bills or other methods that represent specific activities in the entity’s value chain. Primary data could be collected internally (for example, through the entity’s own records), or externally from suppliers and other value chain partners (for example, supplier-specific emission factors for purchased goods or services). Data from specific activities within an entity’s value chain provides a more accurate representation of the entity’s specific value chain activities and, therefore, will provide a better basis for measuring the entity’s Scope 3 greenhouse gas emissions."
IFRS_S2.B49,IFRS S2,B49,IFRS S2 B49,gen_data\IFRS\ifrs_s2.pdf,36-37,Metrics and Targets,Greenhouse gas emissions and Scope 3 measurement guidance,mandatory,general,"['data_quality', 'ghg_emissions', 'scope_3', 'value_chain']",[],Secondary data for Scope 3 greenhouse gas emissions is data that is not obtained directly from specific activities within an entity’s value chain.,"Secondary data for Scope 3 greenhouse gas emissions is data that is not obtained directly from specific activities within an entity’s value chain. Secondary data is often supplied by third-party data providers and includes industry-average data (for example, from published databases, government statistics, literature studies and industry associations). Secondary data includes data used to approximate the activity or emission factors. Additionally, secondary data includes primary data from a specific activity (proxy data) used to estimate greenhouse gas emissions for another activity. If an entity uses secondary data to measure its Scope 3 greenhouse gas emissions, it shall consider the extent to which the data faithfully represents the entity’s activities. Timely data that faithfully represents the jurisdiction of, and the technology used for, the value chain activity and its greenhouse gas emissions"
IFRS_S2.B50,IFRS S2,B50,IFRS S2 B50,gen_data\IFRS\ifrs_s2.pdf,37,Metrics and Targets,Greenhouse gas emissions and Scope 3 measurement guidance,mandatory,general,"['data_quality', 'ghg_emissions', 'risk_process', 'value_chain']",[],"If an entity uses secondary data, it shall prioritise the use of activity or emissions data that is based on, or represents, the technology used in the value chain activity the data is intended to represent.","If an entity uses secondary data, it shall prioritise the use of activity or emissions data that is based on, or represents, the technology used in the value chain activity the data is intended to represent. For example, an entity might obtain primary data from its activities (for example, the specific aircraft model, distance travelled and travel-class used by employees when travelling) and would then use secondary data that represents the greenhouse gas emissions arising from those activities to convert the primary data into an estimate of its greenhouse gas emissions from air travel."
IFRS_S2.B51,IFRS S2,B51,IFRS S2 B51,gen_data\IFRS\ifrs_s2.pdf,37,Metrics and Targets,Greenhouse gas emissions and Scope 3 measurement guidance,mandatory,general,"['data_quality', 'ghg_emissions', 'risk_process']",[],"If an entity uses secondary data, it shall prioritise activity or emissions data that is based on, or represents, the jurisdiction in which the activity happened.","If an entity uses secondary data, it shall prioritise activity or emissions data that is based on, or represents, the jurisdiction in which the activity happened. For example, an entity shall prioritise emission factors that relate to the jurisdiction in which the entity operates or in which the activity has taken place."
IFRS_S2.B52,IFRS S2,B52,IFRS S2 B52,gen_data\IFRS\ifrs_s2.pdf,37,Metrics and Targets,Greenhouse gas emissions and Scope 3 measurement guidance,mandatory,general,"['data_quality', 'ghg_emissions', 'risk_process', 'value_chain']",[],"If an entity uses secondary data, it shall prioritise activity or emissions data that is timely and representative of the entity’s value chain activity during the reporting period.","If an entity uses secondary data, it shall prioritise activity or emissions data that is timely and representative of the entity’s value chain activity during the reporting period. In some jurisdictions, and for some technologies, secondary data is collected annually and, therefore, the data is likely to be representative of the entity’s current practice. However, some secondary data sources rely on information collected in a reporting period that is different from the entity’s own reporting period. Verified data"
IFRS_S2.B53,IFRS S2,B53,IFRS S2 B53,gen_data\IFRS\ifrs_s2.pdf,37,Metrics and Targets,Greenhouse gas emissions and Scope 3 measurement guidance,mandatory,general,"['data_quality', 'ghg_emissions', 'risk_process', 'scope_3']",[],"An entity shall prioritise Scope 3 greenhouse gas emissions data that is verified. Verification can provide users of general purpose financial reports with confidence that the information is complete, neutral and accurate.","An entity shall prioritise Scope 3 greenhouse gas emissions data that is verified. Verification can provide users of general purpose financial reports with confidence that the information is complete, neutral and accurate."
IFRS_S2.B54,IFRS S2,B54,IFRS S2 B54,gen_data\IFRS\ifrs_s2.pdf,37,Metrics and Targets,Greenhouse gas emissions and Scope 3 measurement guidance,context_or_guidance,general,"['data_quality', 'ghg_emissions', 'methodology', 'scope_3', 'value_chain']",[],Verified data might include data that has been internally or externally verified.,"Verified data might include data that has been internally or externally verified. Verification can take place in several ways, including on-site checking, reviewing calculations, or cross-checking of data against other sources. However, in some cases an entity might be unable to verify its Scope 3 greenhouse gas emissions without undue cost or effort. For example, the entity might be prevented from obtaining a complete set of verified data due to the volume of data or because the data is obtained from entities in the value chain that are separated by many tiers from the reporting entity, that is, entities that the reporting entity does not interact with directly. In such cases, an entity might need to use unverified data. Disclosure of inputs to Scope 3 greenhouse gas emissions"
IFRS_S2.B55,IFRS S2,B55,IFRS S2 B55,gen_data\IFRS\ifrs_s2.pdf,37-38,Metrics and Targets,Greenhouse gas emissions and Scope 3 measurement guidance,mandatory,general,"['ghg_emissions', 'methodology', 'risk_process', 'scope_3', 'value_chain']",['(iii)'],"An entity shall disclose information about the measurement approach, inputs and assumptions it uses to measure its Scope 3 greenhouse gas emissions in accordance with paragraph 29(a)(iii).","An entity shall disclose information about the measurement approach, inputs and assumptions it uses to measure its Scope 3 greenhouse gas emissions in accordance with paragraph 29(a)(iii). This disclosure shall include information about the characteristics of the data inputs as described in paragraph B40. The purpose of this disclosure is to provide users of general purpose financial reports with information about how the entity has prioritised the highest quality data available, which faithfully represents the value chain activity and its Scope 3 greenhouse gas emissions. This disclosure also helps users of general purpose financial reports to understand why the measurement approach, inputs and assumptions the entity uses to estimate its Scope 3 greenhouse gas emissions are relevant."
IFRS_S2.B56,IFRS S2,B56,IFRS S2 B56,gen_data\IFRS\ifrs_s2.pdf,38,Metrics and Targets,Greenhouse gas emissions and Scope 3 measurement guidance,mandatory,general,"['data_quality', 'ghg_emissions', 'methodology', 'risk_process', 'scope_3', 'value_chain']","['(iii)', '(a)', '(b)']","As part of the requirement in paragraph 29(a)(iii), and to reflect how an entity prioritises Scope 3 data in accordance with the measurement framework set out in paragraphs B40–B54, the entity shall disclose information that enables users of general purpose financial reports to u...","As part of the requirement in paragraph 29(a)(iii), and to reflect how an entity prioritises Scope 3 data in accordance with the measurement framework set out in paragraphs B40–B54, the entity shall disclose information that enables users of general purpose financial reports to understand: (a) the extent to which the entity’s Scope 3 greenhouse gas emissions are measured using inputs from specific activities within the entity’s value chain; and (b) the extent to which the entity’s Scope 3 greenhouse gas emissions are measured using inputs that are verified."
IFRS_S2.B57,IFRS S2,B57,IFRS S2 B57,gen_data\IFRS\ifrs_s2.pdf,38,Metrics and Targets,Greenhouse gas emissions and Scope 3 measurement guidance,mandatory,high_banking_specific,"['data_quality', 'financed_emissions', 'ghg_emissions', 'scope_3']",[],This Standard includes the presumption that Scope 3 greenhouse gas emissions can be estimated reliably using secondary data and industry averages.,"This Standard includes the presumption that Scope 3 greenhouse gas emissions can be estimated reliably using secondary data and industry averages. In those rare cases when an entity determines it is impracticable to estimate its Scope 3 greenhouse gas emissions, the entity shall disclose how it is managing its Scope 3 greenhouse gas emissions. Applying a requirement is impracticable when the entity cannot apply it after making every reasonable effort to do so. Financed emissions"
IFRS_S2.B58,IFRS S2,B58,IFRS S2 B58,gen_data\IFRS\ifrs_s2.pdf,38,Metrics and Targets,Financed emissions for financial activities,context_or_guidance,high_banking_specific,"['financed_emissions', 'ghg_emissions', 'risk_process']",[],Entities participating in financial activities face risks and opportunities related to the greenhouse gas emissions associated with those activities.,"Entities participating in financial activities face risks and opportunities related to the greenhouse gas emissions associated with those activities. Counterparties, borrowers or investees with higher greenhouse gas emissions might be susceptible to risks associated with technological changes, shifts in supply and demand and policy change, which in turn can affect the financial institution that is providing financial services to these entities. These risks and opportunities can arise in the form of credit risk, market risk, reputational risk and other financial and operational risks. For example, credit risk might arise in relation to financing clients affected by increasingly stringent carbon taxes, fuel efficiency regulations or other policies; credit risk might also arise through technological shifts. Reputational risk might arise from financing fossil-fuel projects. Entities participating in financial activities, including commercial and investment banks, asset managers and insurance entities, are increasingly monitoring and managing such risks by measuring their financed emissions. This measurement serves as an indicator of an entity’s exposure to climate-related risks and opportunities and how the entity might need to adapt its financial activities over time."
IFRS_S2.B59,IFRS S2,B59,IFRS S2 B59,gen_data\IFRS\ifrs_s2.pdf,38-39,Metrics and Targets,Financed emissions for financial activities,mandatory,high_banking_specific,"['commercial_banking', 'financed_emissions', 'ghg_emissions', 'scope_3']","['(i)', '(3)', '(a)', '(b)', '(c)']","Paragraph 29(a)(i)(3) requires an entity to disclose its absolute gross Scope 3 greenhouse gas emissions generated during the reporting period, including upstream and downstream emissions.","Paragraph 29(a)(i)(3) requires an entity to disclose its absolute gross Scope 3 greenhouse gas emissions generated during the reporting period, including upstream and downstream emissions. An entity that participates in one or more of the following financial activities is required to disclose additional and specific information about its financed emissions (which are part of Category 15 greenhouse gas emissions): (a) asset management (see paragraph B61); (b) commercial banking (see paragraphs B62–B62A); and (c) insurance (see paragraphs B63–B63A)."
IFRS_S2.B60,IFRS S2,B60,IFRS S2 B60,gen_data\IFRS\ifrs_s2.pdf,39,Metrics and Targets,Financed emissions for financial activities,mandatory,high_banking_specific,"['financed_emissions', 'ghg_emissions']",[],An entity shall apply the requirements for disclosing greenhouse gas emissions in accordance with paragraph 29(a) when disclosing information about its financed emissions. Asset management,An entity shall apply the requirements for disclosing greenhouse gas emissions in accordance with paragraph 29(a) when disclosing information about its financed emissions. Asset management
IFRS_S2.B61,IFRS S2,B61,IFRS S2 B61,gen_data\IFRS\ifrs_s2.pdf,39,Metrics and Targets,Financed emissions for financial activities,mandatory,high_banking_specific,"['commercial_banking', 'financed_emissions', 'ghg_emissions', 'methodology', 'scope_1', 'scope_2', 'scope_3']","['(a)', '(b)', '(c)', '(d)']","An entity that participates in asset management activities shall disclose: (a) its absolute gross financed emissions, disaggregated by Scope 1, Scope 2 and Scope 3 greenhouse gas emissions.","An entity that participates in asset management activities shall disclose: (a) its absolute gross financed emissions, disaggregated by Scope 1, Scope 2 and Scope 3 greenhouse gas emissions. (b) for each of the disaggregated items in paragraph B61(a), the total amount of assets under management (AUM) that is included in the financed emissions disclosure, expressed in the presentation currency of the entity’s financial statements. (c) the percentage of the entity’s total AUM included in the financed emissions calculation. If the percentage is less than 100%, the entity shall disclose information that explains the exclusions, including types of assets and associated amount of AUM. (d) the methodology used to calculate the financed emissions, including the method of allocation the entity used to attribute its share of emissions in relation to the size of investments. Commercial banking"
IFRS_S2.B62,IFRS S2,B62,IFRS S2 B62,gen_data\IFRS\ifrs_s2.pdf,39-40,Metrics and Targets,Financed emissions for financial activities,mandatory,high_banking_specific,"['commercial_banking', 'financed_emissions', 'ghg_emissions', 'methodology', 'scope_1', 'scope_2', 'scope_3']","['(a)', '(b)', '(i)', '(ii)', '(c)', '(i)', '(ii)', '(iii)', '(d)']","An entity that participates in commercial banking activities shall disclose: (a) its absolute gross financed emissions, disaggregated by Scope 1, Scope 2 and Scope 3 greenhouse gas emissions for each industry by asset class.","An entity that participates in commercial banking activities shall disclose: (a) its absolute gross financed emissions, disaggregated by Scope 1, Scope 2 and Scope 3 greenhouse gas emissions for each industry by asset class. (b) its gross exposure to each industry by asset class, expressed in the presentation currency of the entity’s financial statements. For: (i) funded amounts—gross exposure shall be calculated as the funded carrying amounts (before subtracting the loss allowance, when applicable), whether prepared in accordance with IFRS Accounting Standards or other GAAP. (ii) undrawn loan commitments—the entity shall disclose the full amount of the commitment separately from the drawn portion of loan commitments. (c) the percentage of the entity’s gross exposure included in the financed emissions calculation. The entity shall: (i) if the percentage of the entity’s gross exposure included in the financed emissions calculation is less than 100%, disclose information that explains the exclusions, including the type of assets excluded. (ii) for funded amounts, exclude from gross exposure all impacts of risk mitigants, if applicable. (iii) disclose separately the percentage of its undrawn loan commitments included in the financed emissions calculation. (d) the methodology the entity used to calculate its financed emissions, including the method of allocation the entity used to attribute its share of emissions in relation to the size of its gross exposure."
IFRS_S2.B62A,IFRS S2,B62A,IFRS S2 B62A,gen_data\IFRS\ifrs_s2.pdf,40-41,Metrics and Targets,Financed emissions for financial activities,conditional_or_relief_with_mandatory_conditions,high_banking_specific,"['commercial_banking', 'financed_emissions', 'ghg_emissions', 'risk_process']","['(b)', '(a)', '(i)', '(i)', '(ii)', '(1)', '(2)', '(i)', '(b)']",When disaggregating information disclosed in accordance with paragraph B62(a)–(b) by:,"When disaggregating information disclosed in accordance with paragraph B62(a)–(b) by: (a) industry—an entity shall: (i) select an industry-classification system that enables it to classify investees or counterparties in a manner that results in information that enables users of general purpose financial reports to understand the entity’s exposure to climate-related transition risks. A system that is commonly used by other entities such as those operating in the same industry or jurisdiction (commonly used system) is more likely to support the comparability of information than a system used only by the entity (entity-specific system). If a commonly used system enables the entity to provide useful information about its exposure to climate-related transition risks—with all else being equal—the entity shall prioritise that system. An entity that participates in both commercial banking and insurance activities need not use the same system to classify investees or counterparties for its commercial banking and insurance activities (see paragraph B63A(a)(i)). (ii) disclose: (1) the industry-classification system it used to classify investees or counterparties; and (2) information that enables users of general purpose financial reports to understand how the entity’s selection of that system fulfils the requirements in paragraph B62A(a)(i). (b) asset class—the disclosure shall include loans, project finance, bonds, equity investments and undrawn loan commitments. If the entity calculates and discloses financed emissions for other asset classes, it shall include an explanation of why the inclusion of those additional asset classes provides relevant information to users of general purpose financial reports. Insurance"
IFRS_S2.B63,IFRS S2,B63,IFRS S2 B63,gen_data\IFRS\ifrs_s2.pdf,41,Metrics and Targets,Financed emissions for financial activities,mandatory,high_banking_specific,"['commercial_banking', 'financed_emissions', 'ghg_emissions', 'methodology', 'scope_1', 'scope_2', 'scope_3']","['(a)', '(b)', '(i)', '(ii)', '(c)', '(i)', '(ii)', '(d)']",An entity that participates in financial activities associated with the insurance industry shall disclose:,"An entity that participates in financial activities associated with the insurance industry shall disclose: (a) its absolute gross financed emissions, disaggregated by Scope 1, Scope 2 and Scope 3 greenhouse gas emissions for each industry by asset class. (b) the gross exposure for each industry by asset class, expressed in the presentation currency of the entity’s financial statements. For: (i) funded amounts—gross exposure shall be calculated as the funded carrying amounts (before subtracting the loss allowance, when applicable), whether prepared in accordance with IFRS Accounting Standards or other GAAP. (ii) undrawn loan commitments—the entity shall disclose the full amount of the commitment separately from the drawn portion of loan commitments. (c) the percentage of the entity’s gross exposure included in the financed emissions calculation. The entity shall: (i) if the percentage of the entity’s gross exposure included in the financed emissions calculation is less than 100%, disclose information that explains the exclusions, including type of assets excluded. (ii) disclose separately the percentage of its undrawn loan commitments included in the financed emissions calculation. (d) the methodology the entity used to calculate its financed emissions, including the method of allocation the entity used to attribute its share of emissions in relation to the size of its gross exposure."
IFRS_S2.B63A,IFRS S2,B63A,IFRS S2 B63A,gen_data\IFRS\ifrs_s2.pdf,41-42,Metrics and Targets,Financed emissions for financial activities,conditional_or_relief_with_mandatory_conditions,high_banking_specific,"['commercial_banking', 'financed_emissions', 'ghg_emissions', 'risk_process']","['(b)', '(a)', '(i)', '(i)', '(ii)', '(1)', '(2)', '(i)', '(b)']",When disaggregating information disclosed in accordance with paragraph B63(a)–(b) by:,"When disaggregating information disclosed in accordance with paragraph B63(a)–(b) by: (a) industry—an entity shall: (i) select an industry-classification system that enables it to classify investees or counterparties in a manner that results in information that enables users of general purpose financial reports to understand the entity’s exposure to climate-related transition risks. A system that is commonly used by other entities such as those operating in the same industry or jurisdiction (commonly used system) is more likely to support the comparability of information than a system used only by the entity (entity-specific system). If a commonly used system enables the entity to provide useful information about its exposure to climate-related transition risks—with all else being equal—the entity shall prioritise that system. An entity that participates in both commercial banking and insurance activities need not use the same system to classify investees or counterparties for its commercial banking and insurance activities (see paragraph B62A(a)(i)). (ii) disclose: (1) the industry-classification system it used to classify investees or counterparties; and (2) information that enables users of general purpose financial reports to understand how the entity’s selection of that system fulfils the requirements in paragraph B63A(a)(i). (b) asset class—the disclosure shall include loans, bonds, equity investments and undrawn loan commitments. If the entity calculates and discloses financed emissions for other asset classes, it shall include an explanation of why the inclusion of those additional asset classes provides relevant information to users of general purpose financial reports."
IFRS_S2.B64,IFRS S2,B64,IFRS S2 B64,gen_data\IFRS\ifrs_s2.pdf,42,Metrics and Targets,Cross-industry metric categories guidance,mandatory,general,"['ghg_emissions', 'metrics']",['(g)'],"In addition to information about an entity’s greenhouse gas emissions, the entity is required to disclose information relevant to the cross-industry metric categories set out in paragraph 29(b)–(g).","In addition to information about an entity’s greenhouse gas emissions, the entity is required to disclose information relevant to the cross-industry metric categories set out in paragraph 29(b)–(g)."
IFRS_S2.B65,IFRS S2,B65,IFRS S2 B65,gen_data\IFRS\ifrs_s2.pdf,42-43,Metrics and Targets,Cross-industry metric categories guidance,mandatory,general,"['business_model', 'financial_effects', 'methodology', 'metrics', 'targets', 'value_chain']","['(g)', '(a)', '(b)', '(c)', '(b)', '(d)', '(e)', '(g)', '(ii)', '(g)']","In preparing disclosures to fulfil the requirements in paragraph 29(b)–(g), an entity shall:","In preparing disclosures to fulfil the requirements in paragraph 29(b)–(g), an entity shall: (a) consider the time horizons over which the effects of climate-related risks and opportunities could reasonably be expected to occur, described in accordance with paragraph 10. (b) consider where in the entity’s business model and value chain climate-related risks and opportunities are concentrated (for example, geographical areas, facilities or types of assets) (see paragraph 13). (c) consider the information disclosed in accordance with paragraph 16(a)–(b) in relation to the effects of climate-related risks and opportunities on the entity’s financial position, financial performance and cash flows for the reporting period. (d) consider whether industry-based metrics, as described in paragraph 32 —including those defined in an applicable IFRS Sustainability Disclosure Standard or those that otherwise satisfy the requirements in IFRS S1—could be used to satisfy the requirements in whole or in part. (e) consider the connections between the information disclosed to fulfil the requirements in paragraph 29(b)–(g) with the information disclosed in the related financial statements, in accordance with paragraph 21(b)(ii) of IFRS S1. These connections include consistency in the data and assumptions used—to the extent possible—and linkages between the amounts disclosed in accordance with paragraph 29(b)–(g) and the amounts recognised and disclosed in the financial statements. For example, an entity would consider whether the carrying amount of assets used is consistent with amounts included in the financial statements and would explain the connections between information in these disclosures and amounts in the financial statements. Characteristics of a climate-related target"
IFRS_S2.B66,IFRS S2,B66,IFRS S2 B66,gen_data\IFRS\ifrs_s2.pdf,43,Metrics and Targets,Climate targets and carbon credits guidance,mandatory,general,"['ghg_emissions', 'metrics', 'targets']",['(h)'],"Paragraph 33 requires an entity to disclose the quantitative or qualitative climate-related targets it has set, and any it is required to meet by law or regulation, including any greenhouse gas emissions targets.","Paragraph 33 requires an entity to disclose the quantitative or qualitative climate-related targets it has set, and any it is required to meet by law or regulation, including any greenhouse gas emissions targets. In disclosing these climate-related targets, the entity is required to disclose information about the characteristics of these targets as described in paragraph 33(a)–(h). If the climate-related target is quantitative, an entity is required to describe whether the target is an absolute target or an intensity target. An absolute target is defined as a total amount of a measure or a change in the total amount of a measure, whereas an intensity target is defined as a ratio of a measure, or a change in the ratio of a measure, to a business metric."
IFRS_S2.B67,IFRS S2,B67,IFRS S2 B67,gen_data\IFRS\ifrs_s2.pdf,43,Metrics and Targets,Climate targets and carbon credits guidance,mandatory,general,"['ghg_emissions', 'metrics', 'risk_process', 'targets']",[],"In identifying and disclosing the metric used to set a climate-related target and measure progress, an entity shall consider the cross-industry metrics and industry-based metrics.","In identifying and disclosing the metric used to set a climate-related target and measure progress, an entity shall consider the cross-industry metrics and industry-based metrics. If the metric has been developed by the entity to measure progress towards a target, the entity shall disclose information about that metric in accordance with paragraph 50 of IFRS S1. Greenhouse gas emissions targets Gross and net greenhouse gas emissions targets"
IFRS_S2.B68,IFRS S2,B68,IFRS S2 B68,gen_data\IFRS\ifrs_s2.pdf,43,Metrics and Targets,Climate targets and carbon credits guidance,mandatory,general,"['carbon_credits', 'ghg_emissions', 'targets', 'value_chain']",[],"If an entity has a greenhouse gas emissions target, the entity is required to specify whether the target is a gross greenhouse gas emissions target or a net greenhouse gas emissions target.","If an entity has a greenhouse gas emissions target, the entity is required to specify whether the target is a gross greenhouse gas emissions target or a net greenhouse gas emissions target. Gross greenhouse gas emissions targets reflect the total changes in greenhouse gas emissions planned within the entity’s value chain. Net greenhouse gas emissions targets are the entity’s targeted gross greenhouse gas emissions minus any planned offsetting efforts (for example, the entity’s planned use of carbon credits to offset its greenhouse gas emissions)."
IFRS_S2.B69,IFRS S2,B69,IFRS S2 B69,gen_data\IFRS\ifrs_s2.pdf,43-44,Metrics and Targets,Climate targets and carbon credits guidance,mandatory,general,"['carbon_credits', 'ghg_emissions', 'targets']",[],Paragraph 36(c) specifies that if an entity has a net greenhouse gas emissions target it is required to also disclose a gross greenhouse gas emissions target.,"Paragraph 36(c) specifies that if an entity has a net greenhouse gas emissions target it is required to also disclose a gross greenhouse gas emissions target. For the avoidance of doubt, if the entity discloses a net greenhouse gas emissions target, this target cannot obscure information about its gross greenhouse gas emissions targets. Carbon credits"
IFRS_S2.B70,IFRS S2,B70,IFRS S2 B70,gen_data\IFRS\ifrs_s2.pdf,44,Metrics and Targets,Climate targets and carbon credits guidance,mandatory,general,"['carbon_credits', 'ghg_emissions', 'targets']",[],"Paragraph 36(e) requires an entity to describe its planned use of carbon credits —which are transferable or tradeable instruments—to offset emissions to achieve any net greenhouse gas emissions targets the entity has set, or any it is required to meet by law or regulation.","Paragraph 36(e) requires an entity to describe its planned use of carbon credits —which are transferable or tradeable instruments—to offset emissions to achieve any net greenhouse gas emissions targets the entity has set, or any it is required to meet by law or regulation. Any information about the planned use of carbon credits shall clearly demonstrate the extent to which these carbon credits are relied on to achieve the net greenhouse gas emissions targets."
IFRS_S2.B71,IFRS S2,B71,IFRS S2 B71,gen_data\IFRS\ifrs_s2.pdf,44,Metrics and Targets,Climate targets and carbon credits guidance,mandatory,general,"['carbon_credits', 'ghg_emissions', 'targets']",[],"In accordance with paragraph 36(e), an entity is required to disclose only its planned use of carbon credits.","In accordance with paragraph 36(e), an entity is required to disclose only its planned use of carbon credits. However, as part of this disclosure, the entity might also include information about carbon credits it has already purchased that the entity is planning to use to meet its net greenhouse gas emissions target, if the information enables users of general purpose financial reports to understand the entity’s greenhouse gas emissions target."
IFRS_S2.C1,IFRS S2,C1,IFRS S2 C1,gen_data\IFRS\ifrs_s2.pdf,45,General Requirements,Effective date and transition,mandatory,general,[],[],An entity shall apply this Standard for annual reporting periods beginning on or after 1 January 2024.,"An entity shall apply this Standard for annual reporting periods beginning on or after 1 January 2024. Earlier application is permitted. If an entity applies this Standard earlier, it shall disclose that fact and apply IFRS S1 General Requirements for Disclosure of Sustainability-related Financial Information at the same time."
IFRS_S2.C1A,IFRS S2,C1A,IFRS S2 C1A,gen_data\IFRS\ifrs_s2.pdf,45,General Requirements,Effective date and transition,context_or_guidance,general,['ghg_emissions'],"['(a)', '(ii)', '(vi)', '(2)', '(b)']","Amendments to Greenhouse Gas Emissions Disclosures, issued in December 2025: (a) amended paragraphs 29(a)(ii), 29(a)(vi)(2), B21–B22, B24, B28, B37, B59, B62(a), B63(a) and C4(b); and (b) added paragraphs 29A–29C, B62A, B63A, C1B and C6.","Amendments to Greenhouse Gas Emissions Disclosures, issued in December 2025: (a) amended paragraphs 29(a)(ii), 29(a)(vi)(2), B21–B22, B24, B28, B37, B59, B62(a), B63(a) and C4(b); and (b) added paragraphs 29A–29C, B62A, B63A, C1B and C6."
IFRS_S2.C1B,IFRS S2,C1B,IFRS S2 C1B,gen_data\IFRS\ifrs_s2.pdf,45,General Requirements,Effective date and transition,mandatory,general,[],[],"An entity shall apply the amendments listed in paragraph C1A for annual reporting periods beginning on or after 1 January 2027. Earlier application is permitted. If an entity applies these amendments earlier, it shall disclose that fact.","An entity shall apply the amendments listed in paragraph C1A for annual reporting periods beginning on or after 1 January 2027. Earlier application is permitted. If an entity applies these amendments earlier, it shall disclose that fact."
IFRS_S2.C2,IFRS S2,C2,IFRS S2 C2,gen_data\IFRS\ifrs_s2.pdf,45,General Requirements,Effective date and transition,context_or_guidance,general,[],[],"For the purposes of applying paragraphs C3–C5, the date of initial application is the beginning of the annual reporting period in which an entity first applies this Standard.","For the purposes of applying paragraphs C3–C5, the date of initial application is the beginning of the annual reporting period in which an entity first applies this Standard."
IFRS_S2.C3,IFRS S2,C3,IFRS S2 C3,gen_data\IFRS\ifrs_s2.pdf,45,General Requirements,Effective date and transition,context_or_guidance,general,['comparatives'],[],An entity is not required to provide the disclosures specified in this Standard for any period before the date of initial application.,"An entity is not required to provide the disclosures specified in this Standard for any period before the date of initial application. Accordingly, an entity is not required to disclose comparative information in the first annual reporting period in which it applies this Standard."
IFRS_S2.C4,IFRS S2,C4,IFRS S2 C4,gen_data\IFRS\ifrs_s2.pdf,45,General Requirements,Effective date and transition,optional_or_relief,high_banking_specific,"['commercial_banking', 'financed_emissions', 'ghg_emissions', 'methodology', 'scope_3']","['(a)', '(2004)', '(b)', '(vi)', '(2)']","In the first annual reporting period in which an entity applies this Standard, the entity is permitted to use one or both of these reliefs:","In the first annual reporting period in which an entity applies this Standard, the entity is permitted to use one or both of these reliefs: (a) if, in the annual reporting period immediately preceding the date of initial application of this Standard, the entity used a method for measuring its greenhouse gas emissions other than the Greenhouse Gas Protocol: A Corporate Accounting and Reporting Standard (2004), the entity is permitted to continue using that other method; and (b) an entity is not required to disclose its Scope 3 greenhouse gas emissions (see paragraph 29(a)) which includes, if the entity participates in asset management, commercial banking or insurance activities, the additional information about its financed emissions (see paragraph 29(a)(vi)(2) and paragraphs B58–B63A)."
IFRS_S2.C5,IFRS S2,C5,IFRS S2 C5,gen_data\IFRS\ifrs_s2.pdf,46,General Requirements,Effective date and transition,optional_or_relief,general,"['comparatives', 'ghg_emissions']",[],"If an entity uses the relief in paragraph C4(a) or paragraph C4(b), the entity is permitted to continue to use that relief for the purposes of presenting that information as comparative information in subsequent reporting periods.","If an entity uses the relief in paragraph C4(a) or paragraph C4(b), the entity is permitted to continue to use that relief for the purposes of presenting that information as comparative information in subsequent reporting periods. Transition for Amendments to Greenhouse Gas Emissions Disclosures"
IFRS_S2.C6,IFRS S2,C6,IFRS S2 C6,gen_data\IFRS\ifrs_s2.pdf,46,General Requirements,Effective date and transition,conditional_or_relief_with_mandatory_conditions,high_banking_specific,"['comparatives', 'financed_emissions', 'ghg_emissions', 'scope_3']","['(a)', '(ii)', '(b)', '(c)']","If an entity previously applied IFRS S2, in the first annual reporting period in which the entity applies Amendments to Greenhouse Gas Emissions Disclosures, the entity shall—unless it is impracticable to do so—adjust comparative information for the preceding period as follows:","If an entity previously applied IFRS S2, in the first annual reporting period in which the entity applies Amendments to Greenhouse Gas Emissions Disclosures, the entity shall—unless it is impracticable to do so—adjust comparative information for the preceding period as follows: (a) if the entity has changed how it measures greenhouse gas emissions as a result of applying the relief in paragraphs 29(a)(ii) and B24 or paragraphs B21–B22—it shall adjust the comparative information as if it had changed how it measures greenhouse gas emissions in that preceding period; (b) if the entity disclosed Scope 3 greenhouse gas emissions in the preceding period and the measurement of these emissions included Category 15 greenhouse gas emissions—it shall adjust the comparative information to provide the total Category 15 greenhouse gas emissions and the subtotal of financed emissions included in that total as if it had applied the requirement in paragraph 29C in that preceding period; and (c) if the entity disclosed disaggregated financed emissions information by industry in the preceding period in accordance with paragraph B62 or B63—it shall adjust the comparative information to reflect the industry-classification system it selected in accordance with paragraph B62A(a) or B63A(a) as if it had used that system in that preceding period."
