bank_id,table,field,row_id,old_value,new_value,reason
BANK01,vehicles,scope1_tco2e_2024,VEH0001,4.8674,4.86741,Recalculated Scope 1 fleet emissions from annual_fuel_consumption_l * 2.67 kgCO2/litre / 1000; electric vehicles set to zero.
BANK01,vehicles,scope1_tco2e_2024,VEH0002,3.6851,3.685134,Recalculated Scope 1 fleet emissions from annual_fuel_consumption_l * 2.67 kgCO2/litre / 1000; electric vehicles set to zero.
BANK01,vehicles,scope1_tco2e_2024,VEH0003,2.6833,2.68335,Recalculated Scope 1 fleet emissions from annual_fuel_consumption_l * 2.67 kgCO2/litre / 1000; electric vehicles set to zero.
BANK01,vehicles,scope1_tco2e_2024,VEH0004,0.0708,0.0,Recalculated Scope 1 fleet emissions from annual_fuel_consumption_l * 2.67 kgCO2/litre / 1000; electric vehicles set to zero.
BANK01,vehicles,scope1_tco2e_2024,VEH0005,4.869,4.869012,Recalculated Scope 1 fleet emissions from annual_fuel_consumption_l * 2.67 kgCO2/litre / 1000; electric vehicles set to zero.
BANK01,vehicles,scope1_tco2e_2024,VEH0006,0.0213,0.0,Recalculated Scope 1 fleet emissions from annual_fuel_consumption_l * 2.67 kgCO2/litre / 1000; electric vehicles set to zero.
BANK01,vehicles,scope1_tco2e_2024,VEH0007,4.0712,4.071216,Recalculated Scope 1 fleet emissions from annual_fuel_consumption_l * 2.67 kgCO2/litre / 1000; electric vehicles set to zero.
BANK01,vehicles,scope1_tco2e_2024,VEH0008,1.8749,1.874874,Recalculated Scope 1 fleet emissions from annual_fuel_consumption_l * 2.67 kgCO2/litre / 1000; electric vehicles set to zero.
BANK01,vehicles,scope1_tco2e_2024,VEH0009,7.9766,7.976625,Recalculated Scope 1 fleet emissions from annual_fuel_consumption_l * 2.67 kgCO2/litre / 1000; electric vehicles set to zero.
BANK01,vehicles,scope1_tco2e_2024,VEH0010,3.3925,3.392502,Recalculated Scope 1 fleet emissions from annual_fuel_consumption_l * 2.67 kgCO2/litre / 1000; electric vehicles set to zero.
BANK01,vehicles,scope1_tco2e_2024,VEH0011,3.2822,3.282231,Recalculated Scope 1 fleet emissions from annual_fuel_consumption_l * 2.67 kgCO2/litre / 1000; electric vehicles set to zero.
BANK01,vehicles,scope1_tco2e_2024,VEH0012,3.0825,3.082515,Recalculated Scope 1 fleet emissions from annual_fuel_consumption_l * 2.67 kgCO2/litre / 1000; electric vehicles set to zero.
BANK01,vehicles,scope1_tco2e_2024,VEH0014,5.4084,5.408352,Recalculated Scope 1 fleet emissions from annual_fuel_consumption_l * 2.67 kgCO2/litre / 1000; electric vehicles set to zero.
BANK01,vehicles,scope1_tco2e_2024,VEH0015,0.1356,0.0,Recalculated Scope 1 fleet emissions from annual_fuel_consumption_l * 2.67 kgCO2/litre / 1000; electric vehicles set to zero.
BANK01,vehicles,scope1_tco2e_2024,VEH0016,5.5969,5.596854,Recalculated Scope 1 fleet emissions from annual_fuel_consumption_l * 2.67 kgCO2/litre / 1000; electric vehicles set to zero.
BANK01,vehicles,scope1_tco2e_2024,VEH0017,2.6147,2.614731,Recalculated Scope 1 fleet emissions from annual_fuel_consumption_l * 2.67 kgCO2/litre / 1000; electric vehicles set to zero.
BANK01,vehicles,scope1_tco2e_2024,VEH0018,4.4987,4.498683,Recalculated Scope 1 fleet emissions from annual_fuel_consumption_l * 2.67 kgCO2/litre / 1000; electric vehicles set to zero.
BANK01,vehicles,scope1_tco2e_2024,VEH0019,5.525,5.525031,Recalculated Scope 1 fleet emissions from annual_fuel_consumption_l * 2.67 kgCO2/litre / 1000; electric vehicles set to zero.
BANK01,vehicles,scope1_tco2e_2024,VEH0020,3.0574,3.057417,Recalculated Scope 1 fleet emissions from annual_fuel_consumption_l * 2.67 kgCO2/litre / 1000; electric vehicles set to zero.
BANK01,vehicles,scope1_tco2e_2024,VEH0021,1.5758,1.575834,Recalculated Scope 1 fleet emissions from annual_fuel_consumption_l * 2.67 kgCO2/litre / 1000; electric vehicles set to zero.
BANK01,vehicles,scope1_tco2e_2024,VEH0022,2.5023,2.502324,Recalculated Scope 1 fleet emissions from annual_fuel_consumption_l * 2.67 kgCO2/litre / 1000; electric vehicles set to zero.
BANK01,vehicles,scope1_tco2e_2024,VEH0023,2.6791,2.679078,Recalculated Scope 1 fleet emissions from annual_fuel_consumption_l * 2.67 kgCO2/litre / 1000; electric vehicles set to zero.
BANK01,vehicles,scope1_tco2e_2024,VEH0024,0.0582,0.0,Recalculated Scope 1 fleet emissions from annual_fuel_consumption_l * 2.67 kgCO2/litre / 1000; electric vehicles set to zero.
BANK01,vehicles,scope1_tco2e_2024,VEH0025,2.0917,2.091678,Recalculated Scope 1 fleet emissions from annual_fuel_consumption_l * 2.67 kgCO2/litre / 1000; electric vehicles set to zero.
BANK01,vehicles,scope1_tco2e_2024,VEH0026,3.3535,3.35352,Recalculated Scope 1 fleet emissions from annual_fuel_consumption_l * 2.67 kgCO2/litre / 1000; electric vehicles set to zero.
BANK01,vehicles,scope1_tco2e_2024,VEH0027,1.614,1.614015,Recalculated Scope 1 fleet emissions from annual_fuel_consumption_l * 2.67 kgCO2/litre / 1000; electric vehicles set to zero.
BANK01,vehicles,scope1_tco2e_2024,VEH0028,1.374,1.373982,Recalculated Scope 1 fleet emissions from annual_fuel_consumption_l * 2.67 kgCO2/litre / 1000; electric vehicles set to zero.
BANK01,vehicles,scope1_tco2e_2024,VEH0029,0.0439,0.0,Recalculated Scope 1 fleet emissions from annual_fuel_consumption_l * 2.67 kgCO2/litre / 1000; electric vehicles set to zero.
BANK01,vehicles,scope1_tco2e_2024,VEH0030,4.2205,4.220469,Recalculated Scope 1 fleet emissions from annual_fuel_consumption_l * 2.67 kgCO2/litre / 1000; electric vehicles set to zero.
BANK01,vehicles,scope1_tco2e_2024,VEH0031,5.831,5.831013,Recalculated Scope 1 fleet emissions from annual_fuel_consumption_l * 2.67 kgCO2/litre / 1000; electric vehicles set to zero.
BANK01,vehicles,scope1_tco2e_2024,VEH0032,2.4439,2.443851,Recalculated Scope 1 fleet emissions from annual_fuel_consumption_l * 2.67 kgCO2/litre / 1000; electric vehicles set to zero.
BANK01,vehicles,scope1_tco2e_2024,VEH0033,3.5351,3.53508,Recalculated Scope 1 fleet emissions from annual_fuel_consumption_l * 2.67 kgCO2/litre / 1000; electric vehicles set to zero.
BANK01,vehicles,scope1_tco2e_2024,VEH0034,0.0186,0.0,Recalculated Scope 1 fleet emissions from annual_fuel_consumption_l * 2.67 kgCO2/litre / 1000; electric vehicles set to zero.
BANK01,vehicles,scope1_tco2e_2024,VEH0035,0.0331,0.0,Recalculated Scope 1 fleet emissions from annual_fuel_consumption_l * 2.67 kgCO2/litre / 1000; electric vehicles set to zero.
BANK01,vehicles,scope1_tco2e_2024,VEH0036,2.9052,2.905227,Recalculated Scope 1 fleet emissions from annual_fuel_consumption_l * 2.67 kgCO2/litre / 1000; electric vehicles set to zero.
BANK01,vehicles,scope1_tco2e_2024,VEH0037,2.1141,2.114106,Recalculated Scope 1 fleet emissions from annual_fuel_consumption_l * 2.67 kgCO2/litre / 1000; electric vehicles set to zero.
BANK01,vehicles,scope1_tco2e_2024,VEH0038,4.1041,4.104057,Recalculated Scope 1 fleet emissions from annual_fuel_consumption_l * 2.67 kgCO2/litre / 1000; electric vehicles set to zero.
BANK01,vehicles,scope1_tco2e_2024,VEH0039,4.6116,4.611624,Recalculated Scope 1 fleet emissions from annual_fuel_consumption_l * 2.67 kgCO2/litre / 1000; electric vehicles set to zero.
BANK01,vehicles,scope1_tco2e_2024,VEH0040,4.1353,4.135296,Recalculated Scope 1 fleet emissions from annual_fuel_consumption_l * 2.67 kgCO2/litre / 1000; electric vehicles set to zero.
BANK01,vehicles,scope1_tco2e_2024,VEH0041,6.9834,6.983385,Recalculated Scope 1 fleet emissions from annual_fuel_consumption_l * 2.67 kgCO2/litre / 1000; electric vehicles set to zero.
BANK01,vehicles,scope1_tco2e_2024,VEH0042,0.0453,0.0,Recalculated Scope 1 fleet emissions from annual_fuel_consumption_l * 2.67 kgCO2/litre / 1000; electric vehicles set to zero.
BANK01,vehicles,scope1_tco2e_2024,VEH0043,2.1,2.099955,Recalculated Scope 1 fleet emissions from annual_fuel_consumption_l * 2.67 kgCO2/litre / 1000; electric vehicles set to zero.
BANK01,vehicles,scope1_tco2e_2024,VEH0044,0.0443,0.0,Recalculated Scope 1 fleet emissions from annual_fuel_consumption_l * 2.67 kgCO2/litre / 1000; electric vehicles set to zero.
BANK01,vehicles,scope1_tco2e_2024,VEH0045,2.1728,2.172846,Recalculated Scope 1 fleet emissions from annual_fuel_consumption_l * 2.67 kgCO2/litre / 1000; electric vehicles set to zero.
BANK01,vehicles,scope1_tco2e_2024,VEH0046,4.6501,4.650072,Recalculated Scope 1 fleet emissions from annual_fuel_consumption_l * 2.67 kgCO2/litre / 1000; electric vehicles set to zero.
BANK01,vehicles,scope1_tco2e_2024,VEH0047,6.2,6.200007,Recalculated Scope 1 fleet emissions from annual_fuel_consumption_l * 2.67 kgCO2/litre / 1000; electric vehicles set to zero.
BANK01,vehicles,scope1_tco2e_2024,VEH0048,7.9331,7.933104,Recalculated Scope 1 fleet emissions from annual_fuel_consumption_l * 2.67 kgCO2/litre / 1000; electric vehicles set to zero.
BANK01,vehicles,scope1_tco2e_2024,VEH0049,4.9675,4.967535,Recalculated Scope 1 fleet emissions from annual_fuel_consumption_l * 2.67 kgCO2/litre / 1000; electric vehicles set to zero.
BANK01,vehicles,scope1_tco2e_2024,VEH0050,3.1119,3.111885,Recalculated Scope 1 fleet emissions from annual_fuel_consumption_l * 2.67 kgCO2/litre / 1000; electric vehicles set to zero.
BANK01,vehicles,scope1_tco2e_2024,VEH0051,3.3567,3.356724,Recalculated Scope 1 fleet emissions from annual_fuel_consumption_l * 2.67 kgCO2/litre / 1000; electric vehicles set to zero.
BANK01,vehicles,scope1_tco2e_2024,VEH0052,2.7821,2.78214,Recalculated Scope 1 fleet emissions from annual_fuel_consumption_l * 2.67 kgCO2/litre / 1000; electric vehicles set to zero.
BANK01,vehicles,scope1_tco2e_2024,VEH0053,4.2643,4.264257,Recalculated Scope 1 fleet emissions from annual_fuel_consumption_l * 2.67 kgCO2/litre / 1000; electric vehicles set to zero.
BANK01,vehicles,scope1_tco2e_2024,VEH0054,3.235,3.234972,Recalculated Scope 1 fleet emissions from annual_fuel_consumption_l * 2.67 kgCO2/litre / 1000; electric vehicles set to zero.
BANK01,vehicles,scope1_tco2e_2024,VEH0055,0.071,0.0,Recalculated Scope 1 fleet emissions from annual_fuel_consumption_l * 2.67 kgCO2/litre / 1000; electric vehicles set to zero.
BANK01,vehicles,scope1_tco2e_2024,VEH0056,3.3127,3.312669,Recalculated Scope 1 fleet emissions from annual_fuel_consumption_l * 2.67 kgCO2/litre / 1000; electric vehicles set to zero.
BANK01,vehicles,scope1_tco2e_2024,VEH0057,4.4386,4.438608,Recalculated Scope 1 fleet emissions from annual_fuel_consumption_l * 2.67 kgCO2/litre / 1000; electric vehicles set to zero.
BANK01,vehicles,scope1_tco2e_2024,VEH0058,1.7905,1.790502,Recalculated Scope 1 fleet emissions from annual_fuel_consumption_l * 2.67 kgCO2/litre / 1000; electric vehicles set to zero.
BANK01,vehicles,scope1_tco2e_2024,VEH0059,6.7711,6.77112,Recalculated Scope 1 fleet emissions from annual_fuel_consumption_l * 2.67 kgCO2/litre / 1000; electric vehicles set to zero.
BANK01,vehicles,scope1_tco2e_2024,VEH0060,2.6054,2.605386,Recalculated Scope 1 fleet emissions from annual_fuel_consumption_l * 2.67 kgCO2/litre / 1000; electric vehicles set to zero.
BANK01,vehicles,scope1_tco2e_2024,VEH0061,2.8847,2.884668,Recalculated Scope 1 fleet emissions from annual_fuel_consumption_l * 2.67 kgCO2/litre / 1000; electric vehicles set to zero.
BANK01,vehicles,scope1_tco2e_2024,VEH0062,5.1675,5.167518,Recalculated Scope 1 fleet emissions from annual_fuel_consumption_l * 2.67 kgCO2/litre / 1000; electric vehicles set to zero.
BANK01,vehicles,scope1_tco2e_2024,VEH0063,4.2282,4.228212,Recalculated Scope 1 fleet emissions from annual_fuel_consumption_l * 2.67 kgCO2/litre / 1000; electric vehicles set to zero.
BANK01,vehicles,scope1_tco2e_2024,VEH0064,1.8938,1.893831,Recalculated Scope 1 fleet emissions from annual_fuel_consumption_l * 2.67 kgCO2/litre / 1000; electric vehicles set to zero.
BANK01,vehicles,scope1_tco2e_2024,VEH0065,2.1624,2.162433,Recalculated Scope 1 fleet emissions from annual_fuel_consumption_l * 2.67 kgCO2/litre / 1000; electric vehicles set to zero.
BANK01,vehicles,scope1_tco2e_2024,VEH0066,5.3776,5.377647,Recalculated Scope 1 fleet emissions from annual_fuel_consumption_l * 2.67 kgCO2/litre / 1000; electric vehicles set to zero.
BANK01,vehicles,scope1_tco2e_2024,VEH0067,7.5609,7.560906,Recalculated Scope 1 fleet emissions from annual_fuel_consumption_l * 2.67 kgCO2/litre / 1000; electric vehicles set to zero.
BANK01,vehicles,scope1_tco2e_2024,VEH0068,1.8741,1.874073,Recalculated Scope 1 fleet emissions from annual_fuel_consumption_l * 2.67 kgCO2/litre / 1000; electric vehicles set to zero.
BANK01,vehicles,scope1_tco2e_2024,VEH0069,2.8171,2.817117,Recalculated Scope 1 fleet emissions from annual_fuel_consumption_l * 2.67 kgCO2/litre / 1000; electric vehicles set to zero.
BANK01,vehicles,scope1_tco2e_2024,VEH0070,5.293,5.293008,Recalculated Scope 1 fleet emissions from annual_fuel_consumption_l * 2.67 kgCO2/litre / 1000; electric vehicles set to zero.
BANK01,vehicles,scope1_tco2e_2024,VEH0071,3.9332,3.933177,Recalculated Scope 1 fleet emissions from annual_fuel_consumption_l * 2.67 kgCO2/litre / 1000; electric vehicles set to zero.
BANK01,vehicles,scope1_tco2e_2024,VEH0072,4.7454,4.745391,Recalculated Scope 1 fleet emissions from annual_fuel_consumption_l * 2.67 kgCO2/litre / 1000; electric vehicles set to zero.
BANK01,vehicles,scope1_tco2e_2024,VEH0073,4.6693,4.669296,Recalculated Scope 1 fleet emissions from annual_fuel_consumption_l * 2.67 kgCO2/litre / 1000; electric vehicles set to zero.
BANK01,vehicles,scope1_tco2e_2024,VEH0074,0.0947,0.0,Recalculated Scope 1 fleet emissions from annual_fuel_consumption_l * 2.67 kgCO2/litre / 1000; electric vehicles set to zero.
BANK01,vehicles,scope1_tco2e_2024,VEH0075,3.5508,3.550833,Recalculated Scope 1 fleet emissions from annual_fuel_consumption_l * 2.67 kgCO2/litre / 1000; electric vehicles set to zero.
BANK01,vehicles,scope1_tco2e_2024,VEH0076,4.5892,4.589196,Recalculated Scope 1 fleet emissions from annual_fuel_consumption_l * 2.67 kgCO2/litre / 1000; electric vehicles set to zero.
BANK01,vehicles,scope1_tco2e_2024,VEH0077,2.007,2.007039,Recalculated Scope 1 fleet emissions from annual_fuel_consumption_l * 2.67 kgCO2/litre / 1000; electric vehicles set to zero.
BANK01,vehicles,scope1_tco2e_2024,VEH0078,4.4816,4.481595,Recalculated Scope 1 fleet emissions from annual_fuel_consumption_l * 2.67 kgCO2/litre / 1000; electric vehicles set to zero.
BANK01,vehicles,scope1_tco2e_2024,VEH0079,4.6079,4.607886,Recalculated Scope 1 fleet emissions from annual_fuel_consumption_l * 2.67 kgCO2/litre / 1000; electric vehicles set to zero.
BANK01,vehicles,scope1_tco2e_2024,VEH0081,4.7246,4.724565,Recalculated Scope 1 fleet emissions from annual_fuel_consumption_l * 2.67 kgCO2/litre / 1000; electric vehicles set to zero.
BANK01,vehicles,scope1_tco2e_2024,VEH0082,2.3363,2.33625,Recalculated Scope 1 fleet emissions from annual_fuel_consumption_l * 2.67 kgCO2/litre / 1000; electric vehicles set to zero.
BANK01,vehicles,scope1_tco2e_2024,VEH0083,2.984,2.983992,Recalculated Scope 1 fleet emissions from annual_fuel_consumption_l * 2.67 kgCO2/litre / 1000; electric vehicles set to zero.
BANK01,vehicles,scope1_tco2e_2024,VEH0084,0.0106,0.0,Recalculated Scope 1 fleet emissions from annual_fuel_consumption_l * 2.67 kgCO2/litre / 1000; electric vehicles set to zero.
BANK01,vehicles,scope1_tco2e_2024,VEH0085,3.9519,3.951867,Recalculated Scope 1 fleet emissions from annual_fuel_consumption_l * 2.67 kgCO2/litre / 1000; electric vehicles set to zero.
BANK01,vehicles,scope1_tco2e_2024,VEH0086,1.8546,1.854582,Recalculated Scope 1 fleet emissions from annual_fuel_consumption_l * 2.67 kgCO2/litre / 1000; electric vehicles set to zero.
BANK01,vehicles,scope1_tco2e_2024,VEH0087,5.0209,5.020935,Recalculated Scope 1 fleet emissions from annual_fuel_consumption_l * 2.67 kgCO2/litre / 1000; electric vehicles set to zero.
BANK01,vehicles,scope1_tco2e_2024,VEH0088,4.3379,4.337949,Recalculated Scope 1 fleet emissions from annual_fuel_consumption_l * 2.67 kgCO2/litre / 1000; electric vehicles set to zero.
BANK01,vehicles,scope1_tco2e_2024,VEH0089,4.994,4.993968,Recalculated Scope 1 fleet emissions from annual_fuel_consumption_l * 2.67 kgCO2/litre / 1000; electric vehicles set to zero.
BANK01,vehicles,scope1_tco2e_2024,VEH0090,5.2933,5.293275,Recalculated Scope 1 fleet emissions from annual_fuel_consumption_l * 2.67 kgCO2/litre / 1000; electric vehicles set to zero.
BANK01,vehicles,scope1_tco2e_2024,VEH0091,4.0165,4.016481,Recalculated Scope 1 fleet emissions from annual_fuel_consumption_l * 2.67 kgCO2/litre / 1000; electric vehicles set to zero.
BANK01,vehicles,scope1_tco2e_2024,VEH0092,3.8827,3.882714,Recalculated Scope 1 fleet emissions from annual_fuel_consumption_l * 2.67 kgCO2/litre / 1000; electric vehicles set to zero.
BANK01,vehicles,scope1_tco2e_2024,VEH0093,5.6489,5.648919,Recalculated Scope 1 fleet emissions from annual_fuel_consumption_l * 2.67 kgCO2/litre / 1000; electric vehicles set to zero.
BANK01,vehicles,scope1_tco2e_2024,VEH0094,3.3653,3.365268,Recalculated Scope 1 fleet emissions from annual_fuel_consumption_l * 2.67 kgCO2/litre / 1000; electric vehicles set to zero.
BANK01,vehicles,scope1_tco2e_2024,VEH0095,2.8171,2.817117,Recalculated Scope 1 fleet emissions from annual_fuel_consumption_l * 2.67 kgCO2/litre / 1000; electric vehicles set to zero.
BANK01,vehicles,scope1_tco2e_2024,VEH0096,2.7648,2.764785,Recalculated Scope 1 fleet emissions from annual_fuel_consumption_l * 2.67 kgCO2/litre / 1000; electric vehicles set to zero.
BANK01,vehicles,scope1_tco2e_2024,VEH0097,1.7427,1.742709,Recalculated Scope 1 fleet emissions from annual_fuel_consumption_l * 2.67 kgCO2/litre / 1000; electric vehicles set to zero.
BANK01,vehicles,scope1_tco2e_2024,VEH0098,4.2493,4.249305,Recalculated Scope 1 fleet emissions from annual_fuel_consumption_l * 2.67 kgCO2/litre / 1000; electric vehicles set to zero.
BANK01,vehicles,scope1_tco2e_2024,VEH0099,2.753,2.753037,Recalculated Scope 1 fleet emissions from annual_fuel_consumption_l * 2.67 kgCO2/litre / 1000; electric vehicles set to zero.
BANK01,vehicles,scope1_tco2e_2024,VEH0100,3.7108,3.710766,Recalculated Scope 1 fleet emissions from annual_fuel_consumption_l * 2.67 kgCO2/litre / 1000; electric vehicles set to zero.
BANK01,vehicles,scope1_tco2e_2024,VEH0101,2.9749,2.974914,Recalculated Scope 1 fleet emissions from annual_fuel_consumption_l * 2.67 kgCO2/litre / 1000; electric vehicles set to zero.
BANK01,vehicles,scope1_tco2e_2024,VEH0102,5.3016,5.301552,Recalculated Scope 1 fleet emissions from annual_fuel_consumption_l * 2.67 kgCO2/litre / 1000; electric vehicles set to zero.
BANK01,vehicles,scope1_tco2e_2024,VEH0103,2.0871,2.087139,Recalculated Scope 1 fleet emissions from annual_fuel_consumption_l * 2.67 kgCO2/litre / 1000; electric vehicles set to zero.
BANK01,vehicles,scope1_tco2e_2024,VEH0104,2.9253,2.925252,Recalculated Scope 1 fleet emissions from annual_fuel_consumption_l * 2.67 kgCO2/litre / 1000; electric vehicles set to zero.
BANK01,vehicles,scope1_tco2e_2024,VEH0105,1.421,1.420974,Recalculated Scope 1 fleet emissions from annual_fuel_consumption_l * 2.67 kgCO2/litre / 1000; electric vehicles set to zero.
BANK01,vehicles,scope1_tco2e_2024,VEH0106,3.1626,3.162615,Recalculated Scope 1 fleet emissions from annual_fuel_consumption_l * 2.67 kgCO2/litre / 1000; electric vehicles set to zero.
BANK01,vehicles,scope1_tco2e_2024,VEH0107,2.2404,2.240397,Recalculated Scope 1 fleet emissions from annual_fuel_consumption_l * 2.67 kgCO2/litre / 1000; electric vehicles set to zero.
BANK01,vehicles,scope1_tco2e_2024,VEH0108,1.4284,1.42845,Recalculated Scope 1 fleet emissions from annual_fuel_consumption_l * 2.67 kgCO2/litre / 1000; electric vehicles set to zero.
BANK01,vehicles,scope1_tco2e_2024,VEH0109,1.2068,1.20684,Recalculated Scope 1 fleet emissions from annual_fuel_consumption_l * 2.67 kgCO2/litre / 1000; electric vehicles set to zero.
BANK01,vehicles,scope1_tco2e_2024,VEH0110,6.5557,6.555651,Recalculated Scope 1 fleet emissions from annual_fuel_consumption_l * 2.67 kgCO2/litre / 1000; electric vehicles set to zero.
BANK01,vehicles,scope1_tco2e_2024,VEH0111,3.5885,3.58848,Recalculated Scope 1 fleet emissions from annual_fuel_consumption_l * 2.67 kgCO2/litre / 1000; electric vehicles set to zero.
BANK01,vehicles,scope1_tco2e_2024,VEH0112,3.9569,3.95694,Recalculated Scope 1 fleet emissions from annual_fuel_consumption_l * 2.67 kgCO2/litre / 1000; electric vehicles set to zero.
BANK01,vehicles,scope1_tco2e_2024,VEH0113,2.489,2.488974,Recalculated Scope 1 fleet emissions from annual_fuel_consumption_l * 2.67 kgCO2/litre / 1000; electric vehicles set to zero.
BANK01,vehicles,scope1_tco2e_2024,VEH0114,7.7363,7.736325,Recalculated Scope 1 fleet emissions from annual_fuel_consumption_l * 2.67 kgCO2/litre / 1000; electric vehicles set to zero.
BANK01,vehicles,scope1_tco2e_2024,VEH0115,1.7542,1.75419,Recalculated Scope 1 fleet emissions from annual_fuel_consumption_l * 2.67 kgCO2/litre / 1000; electric vehicles set to zero.
BANK01,vehicles,scope1_tco2e_2024,VEH0116,4.0085,4.008471,Recalculated Scope 1 fleet emissions from annual_fuel_consumption_l * 2.67 kgCO2/litre / 1000; electric vehicles set to zero.
BANK01,vehicles,scope1_tco2e_2024,VEH0117,4.2923,4.292292,Recalculated Scope 1 fleet emissions from annual_fuel_consumption_l * 2.67 kgCO2/litre / 1000; electric vehicles set to zero.
BANK01,vehicles,scope1_tco2e_2024,VEH0118,6.9124,6.912363,Recalculated Scope 1 fleet emissions from annual_fuel_consumption_l * 2.67 kgCO2/litre / 1000; electric vehicles set to zero.
BANK01,vehicles,scope1_tco2e_2024,VEH0119,4.4947,4.494678,Recalculated Scope 1 fleet emissions from annual_fuel_consumption_l * 2.67 kgCO2/litre / 1000; electric vehicles set to zero.
BANK01,vehicles,scope1_tco2e_2024,VEH0120,4.8618,4.861803,Recalculated Scope 1 fleet emissions from annual_fuel_consumption_l * 2.67 kgCO2/litre / 1000; electric vehicles set to zero.
BANK01,vehicles,scope1_tco2e_2024,VEH0121,0.0678,0.0,Recalculated Scope 1 fleet emissions from annual_fuel_consumption_l * 2.67 kgCO2/litre / 1000; electric vehicles set to zero.
BANK01,vehicles,scope1_tco2e_2024,VEH0122,0.0208,0.0,Recalculated Scope 1 fleet emissions from annual_fuel_consumption_l * 2.67 kgCO2/litre / 1000; electric vehicles set to zero.
BANK01,vehicles,scope1_tco2e_2024,VEH0123,3.2278,3.227763,Recalculated Scope 1 fleet emissions from annual_fuel_consumption_l * 2.67 kgCO2/litre / 1000; electric vehicles set to zero.
BANK01,vehicles,scope1_tco2e_2024,VEH0124,7.1035,7.103535,Recalculated Scope 1 fleet emissions from annual_fuel_consumption_l * 2.67 kgCO2/litre / 1000; electric vehicles set to zero.
BANK01,vehicles,scope1_tco2e_2024,VEH0125,4.5913,4.591332,Recalculated Scope 1 fleet emissions from annual_fuel_consumption_l * 2.67 kgCO2/litre / 1000; electric vehicles set to zero.
BANK01,vehicles,scope1_tco2e_2024,VEH0126,3.526,3.526002,Recalculated Scope 1 fleet emissions from annual_fuel_consumption_l * 2.67 kgCO2/litre / 1000; electric vehicles set to zero.
BANK01,vehicles,scope1_tco2e_2024,VEH0127,4.6341,4.634052,Recalculated Scope 1 fleet emissions from annual_fuel_consumption_l * 2.67 kgCO2/litre / 1000; electric vehicles set to zero.
BANK01,vehicles,scope1_tco2e_2024,VEH0128,3.5404,3.54042,Recalculated Scope 1 fleet emissions from annual_fuel_consumption_l * 2.67 kgCO2/litre / 1000; electric vehicles set to zero.
BANK01,vehicles,scope1_tco2e_2024,VEH0129,5.1958,5.19582,Recalculated Scope 1 fleet emissions from annual_fuel_consumption_l * 2.67 kgCO2/litre / 1000; electric vehicles set to zero.
BANK01,vehicles,scope1_tco2e_2024,VEH0130,3.8643,3.864291,Recalculated Scope 1 fleet emissions from annual_fuel_consumption_l * 2.67 kgCO2/litre / 1000; electric vehicles set to zero.
BANK01,vehicles,scope1_tco2e_2024,VEH0131,5.3104,5.310363,Recalculated Scope 1 fleet emissions from annual_fuel_consumption_l * 2.67 kgCO2/litre / 1000; electric vehicles set to zero.
BANK01,vehicles,scope1_tco2e_2024,VEH0132,3.1631,3.163149,Recalculated Scope 1 fleet emissions from annual_fuel_consumption_l * 2.67 kgCO2/litre / 1000; electric vehicles set to zero.
BANK01,vehicles,scope1_tco2e_2024,VEH0133,6.7636,6.763644,Recalculated Scope 1 fleet emissions from annual_fuel_consumption_l * 2.67 kgCO2/litre / 1000; electric vehicles set to zero.
BANK01,vehicles,scope1_tco2e_2024,VEH0134,3.1426,3.14259,Recalculated Scope 1 fleet emissions from annual_fuel_consumption_l * 2.67 kgCO2/litre / 1000; electric vehicles set to zero.
BANK01,vehicles,scope1_tco2e_2024,VEH0135,5.0468,5.046834,Recalculated Scope 1 fleet emissions from annual_fuel_consumption_l * 2.67 kgCO2/litre / 1000; electric vehicles set to zero.
BANK01,vehicles,scope1_tco2e_2024,VEH0136,4.5625,4.562496,Recalculated Scope 1 fleet emissions from annual_fuel_consumption_l * 2.67 kgCO2/litre / 1000; electric vehicles set to zero.
BANK01,vehicles,scope1_tco2e_2024,VEH0137,4.673,4.673034,Recalculated Scope 1 fleet emissions from annual_fuel_consumption_l * 2.67 kgCO2/litre / 1000; electric vehicles set to zero.
BANK01,vehicles,scope1_tco2e_2024,VEH0138,4.9528,4.95285,Recalculated Scope 1 fleet emissions from annual_fuel_consumption_l * 2.67 kgCO2/litre / 1000; electric vehicles set to zero.
BANK01,vehicles,scope1_tco2e_2024,VEH0139,3.8832,3.883248,Recalculated Scope 1 fleet emissions from annual_fuel_consumption_l * 2.67 kgCO2/litre / 1000; electric vehicles set to zero.
BANK01,vehicles,scope1_tco2e_2024,VEH0140,3.0857,3.085719,Recalculated Scope 1 fleet emissions from annual_fuel_consumption_l * 2.67 kgCO2/litre / 1000; electric vehicles set to zero.
BANK01,vehicles,scope1_tco2e_2024,VEH0141,4.233,4.233018,Recalculated Scope 1 fleet emissions from annual_fuel_consumption_l * 2.67 kgCO2/litre / 1000; electric vehicles set to zero.
BANK01,vehicles,scope1_tco2e_2024,VEH0142,3.0828,3.082782,Recalculated Scope 1 fleet emissions from annual_fuel_consumption_l * 2.67 kgCO2/litre / 1000; electric vehicles set to zero.
BANK01,vehicles,scope1_tco2e_2024,VEH0143,2.3245,2.324502,Recalculated Scope 1 fleet emissions from annual_fuel_consumption_l * 2.67 kgCO2/litre / 1000; electric vehicles set to zero.
BANK01,vehicles,scope1_tco2e_2024,VEH0144,3.1218,3.121764,Recalculated Scope 1 fleet emissions from annual_fuel_consumption_l * 2.67 kgCO2/litre / 1000; electric vehicles set to zero.
BANK01,vehicles,scope1_tco2e_2024,VEH0145,2.325,2.325036,Recalculated Scope 1 fleet emissions from annual_fuel_consumption_l * 2.67 kgCO2/litre / 1000; electric vehicles set to zero.
BANK01,vehicles,scope1_tco2e_2024,VEH0146,5.1341,5.134143,Recalculated Scope 1 fleet emissions from annual_fuel_consumption_l * 2.67 kgCO2/litre / 1000; electric vehicles set to zero.
BANK01,vehicles,scope1_tco2e_2024,VEH0147,5.4212,5.421168,Recalculated Scope 1 fleet emissions from annual_fuel_consumption_l * 2.67 kgCO2/litre / 1000; electric vehicles set to zero.
BANK01,vehicles,scope1_tco2e_2024,VEH0148,0.0888,0.0,Recalculated Scope 1 fleet emissions from annual_fuel_consumption_l * 2.67 kgCO2/litre / 1000; electric vehicles set to zero.
BANK01,vehicles,scope1_tco2e_2024,VEH0149,1.4485,1.448475,Recalculated Scope 1 fleet emissions from annual_fuel_consumption_l * 2.67 kgCO2/litre / 1000; electric vehicles set to zero.
BANK01,vehicles,scope1_tco2e_2024,VEH0150,3.2526,3.252594,Recalculated Scope 1 fleet emissions from annual_fuel_consumption_l * 2.67 kgCO2/litre / 1000; electric vehicles set to zero.
BANK01,vehicles,scope1_tco2e_2024,VEH0151,3.2123,3.212277,Recalculated Scope 1 fleet emissions from annual_fuel_consumption_l * 2.67 kgCO2/litre / 1000; electric vehicles set to zero.
BANK01,vehicles,scope1_tco2e_2024,VEH0152,1.4455,1.445538,Recalculated Scope 1 fleet emissions from annual_fuel_consumption_l * 2.67 kgCO2/litre / 1000; electric vehicles set to zero.
BANK01,vehicles,scope1_tco2e_2024,VEH0153,4.1129,4.112868,Recalculated Scope 1 fleet emissions from annual_fuel_consumption_l * 2.67 kgCO2/litre / 1000; electric vehicles set to zero.
BANK01,vehicles,scope1_tco2e_2024,VEH0154,2.6868,2.686821,Recalculated Scope 1 fleet emissions from annual_fuel_consumption_l * 2.67 kgCO2/litre / 1000; electric vehicles set to zero.
BANK01,vehicles,scope1_tco2e_2024,VEH0155,6.969,6.968967,Recalculated Scope 1 fleet emissions from annual_fuel_consumption_l * 2.67 kgCO2/litre / 1000; electric vehicles set to zero.
BANK01,vehicles,scope1_tco2e_2024,VEH0156,4.6247,4.624707,Recalculated Scope 1 fleet emissions from annual_fuel_consumption_l * 2.67 kgCO2/litre / 1000; electric vehicles set to zero.
BANK01,vehicles,scope1_tco2e_2024,VEH0157,2.8577,2.857701,Recalculated Scope 1 fleet emissions from annual_fuel_consumption_l * 2.67 kgCO2/litre / 1000; electric vehicles set to zero.
BANK01,vehicles,scope1_tco2e_2024,VEH0158,6.1186,6.118572,Recalculated Scope 1 fleet emissions from annual_fuel_consumption_l * 2.67 kgCO2/litre / 1000; electric vehicles set to zero.
BANK01,vehicles,scope1_tco2e_2024,VEH0159,0.1387,0.0,Recalculated Scope 1 fleet emissions from annual_fuel_consumption_l * 2.67 kgCO2/litre / 1000; electric vehicles set to zero.
BANK01,vehicles,scope1_tco2e_2024,VEH0160,3.808,3.807954,Recalculated Scope 1 fleet emissions from annual_fuel_consumption_l * 2.67 kgCO2/litre / 1000; electric vehicles set to zero.
BANK01,vehicles,scope1_tco2e_2024,VEH0161,2.2861,2.286054,Recalculated Scope 1 fleet emissions from annual_fuel_consumption_l * 2.67 kgCO2/litre / 1000; electric vehicles set to zero.
BANK01,vehicles,scope1_tco2e_2024,VEH0162,0.1369,0.0,Recalculated Scope 1 fleet emissions from annual_fuel_consumption_l * 2.67 kgCO2/litre / 1000; electric vehicles set to zero.
BANK01,vehicles,scope1_tco2e_2024,VEH0163,5.2313,5.231331,Recalculated Scope 1 fleet emissions from annual_fuel_consumption_l * 2.67 kgCO2/litre / 1000; electric vehicles set to zero.
BANK01,vehicles,scope1_tco2e_2024,VEH0164,2.5464,2.546379,Recalculated Scope 1 fleet emissions from annual_fuel_consumption_l * 2.67 kgCO2/litre / 1000; electric vehicles set to zero.
BANK01,vehicles,scope1_tco2e_2024,VEH0165,6.8971,6.897144,Recalculated Scope 1 fleet emissions from annual_fuel_consumption_l * 2.67 kgCO2/litre / 1000; electric vehicles set to zero.
BANK01,vehicles,scope1_tco2e_2024,VEH0166,7.4528,7.452771,Recalculated Scope 1 fleet emissions from annual_fuel_consumption_l * 2.67 kgCO2/litre / 1000; electric vehicles set to zero.
BANK01,vehicles,scope1_tco2e_2024,VEH0167,1.5112,1.51122,Recalculated Scope 1 fleet emissions from annual_fuel_consumption_l * 2.67 kgCO2/litre / 1000; electric vehicles set to zero.
BANK01,vehicles,scope1_tco2e_2024,VEH0168,1.8767,1.876743,Recalculated Scope 1 fleet emissions from annual_fuel_consumption_l * 2.67 kgCO2/litre / 1000; electric vehicles set to zero.
BANK01,vehicles,scope1_tco2e_2024,VEH0169,7.4402,7.440222,Recalculated Scope 1 fleet emissions from annual_fuel_consumption_l * 2.67 kgCO2/litre / 1000; electric vehicles set to zero.
BANK01,vehicles,scope1_tco2e_2024,VEH0171,4.2199,4.219935,Recalculated Scope 1 fleet emissions from annual_fuel_consumption_l * 2.67 kgCO2/litre / 1000; electric vehicles set to zero.
BANK01,vehicles,scope1_tco2e_2024,VEH0172,1.7561,1.756059,Recalculated Scope 1 fleet emissions from annual_fuel_consumption_l * 2.67 kgCO2/litre / 1000; electric vehicles set to zero.
BANK01,vehicles,scope1_tco2e_2024,VEH0173,6.423,6.422952,Recalculated Scope 1 fleet emissions from annual_fuel_consumption_l * 2.67 kgCO2/litre / 1000; electric vehicles set to zero.
BANK01,vehicles,scope1_tco2e_2024,VEH0174,5.6503,5.650254,Recalculated Scope 1 fleet emissions from annual_fuel_consumption_l * 2.67 kgCO2/litre / 1000; electric vehicles set to zero.
BANK01,vehicles,scope1_tco2e_2024,VEH0175,2.8032,2.803233,Recalculated Scope 1 fleet emissions from annual_fuel_consumption_l * 2.67 kgCO2/litre / 1000; electric vehicles set to zero.
BANK01,vehicles,scope1_tco2e_2024,VEH0176,0.0469,0.0,Recalculated Scope 1 fleet emissions from annual_fuel_consumption_l * 2.67 kgCO2/litre / 1000; electric vehicles set to zero.
BANK01,vehicles,scope1_tco2e_2024,VEH0178,1.2405,1.240482,Recalculated Scope 1 fleet emissions from annual_fuel_consumption_l * 2.67 kgCO2/litre / 1000; electric vehicles set to zero.
BANK01,vehicles,scope1_tco2e_2024,VEH0180,5.1859,5.185941,Recalculated Scope 1 fleet emissions from annual_fuel_consumption_l * 2.67 kgCO2/litre / 1000; electric vehicles set to zero.
BANK02,vehicles,scope1_tco2e_2024,VEH0181,2.7618,2.761848,Recalculated Scope 1 fleet emissions from annual_fuel_consumption_l * 2.67 kgCO2/litre / 1000; electric vehicles set to zero.
BANK02,vehicles,scope1_tco2e_2024,VEH0182,3.1279,3.127905,Recalculated Scope 1 fleet emissions from annual_fuel_consumption_l * 2.67 kgCO2/litre / 1000; electric vehicles set to zero.
BANK02,vehicles,scope1_tco2e_2024,VEH0183,3.5383,3.538284,Recalculated Scope 1 fleet emissions from annual_fuel_consumption_l * 2.67 kgCO2/litre / 1000; electric vehicles set to zero.
BANK02,vehicles,scope1_tco2e_2024,VEH0184,1.9451,1.945095,Recalculated Scope 1 fleet emissions from annual_fuel_consumption_l * 2.67 kgCO2/litre / 1000; electric vehicles set to zero.
BANK02,vehicles,scope1_tco2e_2024,VEH0185,2.101,2.101023,Recalculated Scope 1 fleet emissions from annual_fuel_consumption_l * 2.67 kgCO2/litre / 1000; electric vehicles set to zero.
BANK02,vehicles,scope1_tco2e_2024,VEH0186,5.8962,5.896161,Recalculated Scope 1 fleet emissions from annual_fuel_consumption_l * 2.67 kgCO2/litre / 1000; electric vehicles set to zero.
BANK02,vehicles,scope1_tco2e_2024,VEH0187,6.8566,6.85656,Recalculated Scope 1 fleet emissions from annual_fuel_consumption_l * 2.67 kgCO2/litre / 1000; electric vehicles set to zero.
BANK02,vehicles,scope1_tco2e_2024,VEH0189,3.0411,3.04113,Recalculated Scope 1 fleet emissions from annual_fuel_consumption_l * 2.67 kgCO2/litre / 1000; electric vehicles set to zero.
BANK02,vehicles,scope1_tco2e_2024,VEH0190,4.8135,4.813476,Recalculated Scope 1 fleet emissions from annual_fuel_consumption_l * 2.67 kgCO2/litre / 1000; electric vehicles set to zero.
BANK02,vehicles,scope1_tco2e_2024,VEH0191,2.7378,2.737818,Recalculated Scope 1 fleet emissions from annual_fuel_consumption_l * 2.67 kgCO2/litre / 1000; electric vehicles set to zero.
BANK02,vehicles,scope1_tco2e_2024,VEH0192,3.7986,3.798609,Recalculated Scope 1 fleet emissions from annual_fuel_consumption_l * 2.67 kgCO2/litre / 1000; electric vehicles set to zero.
BANK02,vehicles,scope1_tco2e_2024,VEH0193,3.1786,3.178635,Recalculated Scope 1 fleet emissions from annual_fuel_consumption_l * 2.67 kgCO2/litre / 1000; electric vehicles set to zero.
BANK02,vehicles,scope1_tco2e_2024,VEH0194,3.1661,3.166086,Recalculated Scope 1 fleet emissions from annual_fuel_consumption_l * 2.67 kgCO2/litre / 1000; electric vehicles set to zero.
BANK02,vehicles,scope1_tco2e_2024,VEH0195,4.7665,4.766484,Recalculated Scope 1 fleet emissions from annual_fuel_consumption_l * 2.67 kgCO2/litre / 1000; electric vehicles set to zero.
BANK02,vehicles,scope1_tco2e_2024,VEH0196,3.2809,3.280896,Recalculated Scope 1 fleet emissions from annual_fuel_consumption_l * 2.67 kgCO2/litre / 1000; electric vehicles set to zero.
BANK02,vehicles,scope1_tco2e_2024,VEH0197,2.6545,2.654514,Recalculated Scope 1 fleet emissions from annual_fuel_consumption_l * 2.67 kgCO2/litre / 1000; electric vehicles set to zero.
BANK02,vehicles,scope1_tco2e_2024,VEH0198,5.9351,5.935143,Recalculated Scope 1 fleet emissions from annual_fuel_consumption_l * 2.67 kgCO2/litre / 1000; electric vehicles set to zero.
BANK02,vehicles,scope1_tco2e_2024,VEH0199,1.7342,1.734165,Recalculated Scope 1 fleet emissions from annual_fuel_consumption_l * 2.67 kgCO2/litre / 1000; electric vehicles set to zero.
BANK02,vehicles,scope1_tco2e_2024,VEH0200,2.9052,2.905227,Recalculated Scope 1 fleet emissions from annual_fuel_consumption_l * 2.67 kgCO2/litre / 1000; electric vehicles set to zero.
BANK02,vehicles,scope1_tco2e_2024,VEH0201,2.9952,2.995206,Recalculated Scope 1 fleet emissions from annual_fuel_consumption_l * 2.67 kgCO2/litre / 1000; electric vehicles set to zero.
BANK02,vehicles,scope1_tco2e_2024,VEH0202,3.3674,3.367404,Recalculated Scope 1 fleet emissions from annual_fuel_consumption_l * 2.67 kgCO2/litre / 1000; electric vehicles set to zero.
BANK02,vehicles,scope1_tco2e_2024,VEH0203,6.2302,6.230178,Recalculated Scope 1 fleet emissions from annual_fuel_consumption_l * 2.67 kgCO2/litre / 1000; electric vehicles set to zero.
BANK02,vehicles,scope1_tco2e_2024,VEH0204,6.7647,6.764712,Recalculated Scope 1 fleet emissions from annual_fuel_consumption_l * 2.67 kgCO2/litre / 1000; electric vehicles set to zero.
BANK02,vehicles,scope1_tco2e_2024,VEH0205,5.356,5.35602,Recalculated Scope 1 fleet emissions from annual_fuel_consumption_l * 2.67 kgCO2/litre / 1000; electric vehicles set to zero.
BANK02,vehicles,scope1_tco2e_2024,VEH0206,5.0305,5.030547,Recalculated Scope 1 fleet emissions from annual_fuel_consumption_l * 2.67 kgCO2/litre / 1000; electric vehicles set to zero.
BANK02,vehicles,scope1_tco2e_2024,VEH0208,4.8765,4.876488,Recalculated Scope 1 fleet emissions from annual_fuel_consumption_l * 2.67 kgCO2/litre / 1000; electric vehicles set to zero.
BANK02,vehicles,scope1_tco2e_2024,VEH0209,2.167,2.166972,Recalculated Scope 1 fleet emissions from annual_fuel_consumption_l * 2.67 kgCO2/litre / 1000; electric vehicles set to zero.
BANK02,vehicles,scope1_tco2e_2024,VEH0210,2.4551,2.455065,Recalculated Scope 1 fleet emissions from annual_fuel_consumption_l * 2.67 kgCO2/litre / 1000; electric vehicles set to zero.
BANK02,vehicles,scope1_tco2e_2024,VEH0211,3.9925,3.992451,Recalculated Scope 1 fleet emissions from annual_fuel_consumption_l * 2.67 kgCO2/litre / 1000; electric vehicles set to zero.
BANK02,vehicles,scope1_tco2e_2024,VEH0212,3.4408,3.440829,Recalculated Scope 1 fleet emissions from annual_fuel_consumption_l * 2.67 kgCO2/litre / 1000; electric vehicles set to zero.
BANK02,vehicles,scope1_tco2e_2024,VEH0213,6.3559,6.355935,Recalculated Scope 1 fleet emissions from annual_fuel_consumption_l * 2.67 kgCO2/litre / 1000; electric vehicles set to zero.
BANK02,vehicles,scope1_tco2e_2024,VEH0214,4.928,4.928019,Recalculated Scope 1 fleet emissions from annual_fuel_consumption_l * 2.67 kgCO2/litre / 1000; electric vehicles set to zero.
BANK02,vehicles,scope1_tco2e_2024,VEH0215,5.7394,5.739432,Recalculated Scope 1 fleet emissions from annual_fuel_consumption_l * 2.67 kgCO2/litre / 1000; electric vehicles set to zero.
BANK02,vehicles,scope1_tco2e_2024,VEH0216,3.8336,3.833586,Recalculated Scope 1 fleet emissions from annual_fuel_consumption_l * 2.67 kgCO2/litre / 1000; electric vehicles set to zero.
BANK02,vehicles,scope1_tco2e_2024,VEH0217,2.8126,2.812578,Recalculated Scope 1 fleet emissions from annual_fuel_consumption_l * 2.67 kgCO2/litre / 1000; electric vehicles set to zero.
BANK02,vehicles,scope1_tco2e_2024,VEH0218,3.4486,3.448572,Recalculated Scope 1 fleet emissions from annual_fuel_consumption_l * 2.67 kgCO2/litre / 1000; electric vehicles set to zero.
BANK02,vehicles,scope1_tco2e_2024,VEH0219,5.5328,5.532774,Recalculated Scope 1 fleet emissions from annual_fuel_consumption_l * 2.67 kgCO2/litre / 1000; electric vehicles set to zero.
BANK02,vehicles,scope1_tco2e_2024,VEH0220,3.0534,3.053412,Recalculated Scope 1 fleet emissions from annual_fuel_consumption_l * 2.67 kgCO2/litre / 1000; electric vehicles set to zero.
BANK02,vehicles,scope1_tco2e_2024,VEH0221,5.4196,5.419566,Recalculated Scope 1 fleet emissions from annual_fuel_consumption_l * 2.67 kgCO2/litre / 1000; electric vehicles set to zero.
BANK02,vehicles,scope1_tco2e_2024,VEH0222,0.0081,0.0,Recalculated Scope 1 fleet emissions from annual_fuel_consumption_l * 2.67 kgCO2/litre / 1000; electric vehicles set to zero.
BANK02,vehicles,scope1_tco2e_2024,VEH0223,2.2447,2.244669,Recalculated Scope 1 fleet emissions from annual_fuel_consumption_l * 2.67 kgCO2/litre / 1000; electric vehicles set to zero.
BANK02,vehicles,scope1_tco2e_2024,VEH0224,6.9684,6.968433,Recalculated Scope 1 fleet emissions from annual_fuel_consumption_l * 2.67 kgCO2/litre / 1000; electric vehicles set to zero.
BANK02,vehicles,scope1_tco2e_2024,VEH0225,0.0211,0.0,Recalculated Scope 1 fleet emissions from annual_fuel_consumption_l * 2.67 kgCO2/litre / 1000; electric vehicles set to zero.
BANK02,vehicles,scope1_tco2e_2024,VEH0226,1.9702,1.970193,Recalculated Scope 1 fleet emissions from annual_fuel_consumption_l * 2.67 kgCO2/litre / 1000; electric vehicles set to zero.
BANK02,vehicles,scope1_tco2e_2024,VEH0227,1.9232,1.923201,Recalculated Scope 1 fleet emissions from annual_fuel_consumption_l * 2.67 kgCO2/litre / 1000; electric vehicles set to zero.
BANK02,vehicles,scope1_tco2e_2024,VEH0228,5.3256,5.325582,Recalculated Scope 1 fleet emissions from annual_fuel_consumption_l * 2.67 kgCO2/litre / 1000; electric vehicles set to zero.
BANK02,vehicles,scope1_tco2e_2024,VEH0229,3.8477,3.847737,Recalculated Scope 1 fleet emissions from annual_fuel_consumption_l * 2.67 kgCO2/litre / 1000; electric vehicles set to zero.
BANK02,vehicles,scope1_tco2e_2024,VEH0230,4.5273,4.527252,Recalculated Scope 1 fleet emissions from annual_fuel_consumption_l * 2.67 kgCO2/litre / 1000; electric vehicles set to zero.
BANK02,vehicles,scope1_tco2e_2024,VEH0231,1.8944,1.894365,Recalculated Scope 1 fleet emissions from annual_fuel_consumption_l * 2.67 kgCO2/litre / 1000; electric vehicles set to zero.
BANK02,vehicles,scope1_tco2e_2024,VEH0232,4.5216,4.521645,Recalculated Scope 1 fleet emissions from annual_fuel_consumption_l * 2.67 kgCO2/litre / 1000; electric vehicles set to zero.
BANK02,vehicles,scope1_tco2e_2024,VEH0233,3.5108,3.510783,Recalculated Scope 1 fleet emissions from annual_fuel_consumption_l * 2.67 kgCO2/litre / 1000; electric vehicles set to zero.
BANK02,vehicles,scope1_tco2e_2024,VEH0234,2.9629,2.962899,Recalculated Scope 1 fleet emissions from annual_fuel_consumption_l * 2.67 kgCO2/litre / 1000; electric vehicles set to zero.
BANK02,vehicles,scope1_tco2e_2024,VEH0235,5.9683,5.968251,Recalculated Scope 1 fleet emissions from annual_fuel_consumption_l * 2.67 kgCO2/litre / 1000; electric vehicles set to zero.
BANK02,vehicles,scope1_tco2e_2024,VEH0237,4.3689,4.368921,Recalculated Scope 1 fleet emissions from annual_fuel_consumption_l * 2.67 kgCO2/litre / 1000; electric vehicles set to zero.
BANK02,vehicles,scope1_tco2e_2024,VEH0238,1.3128,1.312839,Recalculated Scope 1 fleet emissions from annual_fuel_consumption_l * 2.67 kgCO2/litre / 1000; electric vehicles set to zero.
BANK02,vehicles,scope1_tco2e_2024,VEH0239,6.5276,6.527616,Recalculated Scope 1 fleet emissions from annual_fuel_consumption_l * 2.67 kgCO2/litre / 1000; electric vehicles set to zero.
BANK02,vehicles,scope1_tco2e_2024,VEH0240,2.9677,2.967705,Recalculated Scope 1 fleet emissions from annual_fuel_consumption_l * 2.67 kgCO2/litre / 1000; electric vehicles set to zero.
BANK02,vehicles,scope1_tco2e_2024,VEH0241,0.1089,0.0,Recalculated Scope 1 fleet emissions from annual_fuel_consumption_l * 2.67 kgCO2/litre / 1000; electric vehicles set to zero.
BANK02,vehicles,scope1_tco2e_2024,VEH0242,6.0948,6.094809,Recalculated Scope 1 fleet emissions from annual_fuel_consumption_l * 2.67 kgCO2/litre / 1000; electric vehicles set to zero.
BANK02,vehicles,scope1_tco2e_2024,VEH0243,0.1367,0.0,Recalculated Scope 1 fleet emissions from annual_fuel_consumption_l * 2.67 kgCO2/litre / 1000; electric vehicles set to zero.
BANK02,vehicles,scope1_tco2e_2024,VEH0244,0.0368,0.0,Recalculated Scope 1 fleet emissions from annual_fuel_consumption_l * 2.67 kgCO2/litre / 1000; electric vehicles set to zero.
BANK02,vehicles,scope1_tco2e_2024,VEH0245,4.3703,4.370256,Recalculated Scope 1 fleet emissions from annual_fuel_consumption_l * 2.67 kgCO2/litre / 1000; electric vehicles set to zero.
BANK02,vehicles,scope1_tco2e_2024,VEH0246,5.6607,5.660667,Recalculated Scope 1 fleet emissions from annual_fuel_consumption_l * 2.67 kgCO2/litre / 1000; electric vehicles set to zero.
BANK02,vehicles,scope1_tco2e_2024,VEH0247,5.525,5.525031,Recalculated Scope 1 fleet emissions from annual_fuel_consumption_l * 2.67 kgCO2/litre / 1000; electric vehicles set to zero.
BANK02,vehicles,scope1_tco2e_2024,VEH0248,3.5855,3.585543,Recalculated Scope 1 fleet emissions from annual_fuel_consumption_l * 2.67 kgCO2/litre / 1000; electric vehicles set to zero.
BANK02,vehicles,scope1_tco2e_2024,VEH0249,5.3632,5.363229,Recalculated Scope 1 fleet emissions from annual_fuel_consumption_l * 2.67 kgCO2/litre / 1000; electric vehicles set to zero.
BANK02,vehicles,scope1_tco2e_2024,VEH0250,4.5144,4.514436,Recalculated Scope 1 fleet emissions from annual_fuel_consumption_l * 2.67 kgCO2/litre / 1000; electric vehicles set to zero.
BANK02,vehicles,scope1_tco2e_2024,VEH0251,2.7095,2.709516,Recalculated Scope 1 fleet emissions from annual_fuel_consumption_l * 2.67 kgCO2/litre / 1000; electric vehicles set to zero.
BANK02,vehicles,scope1_tco2e_2024,VEH0252,3.3201,3.320145,Recalculated Scope 1 fleet emissions from annual_fuel_consumption_l * 2.67 kgCO2/litre / 1000; electric vehicles set to zero.
BANK02,vehicles,scope1_tco2e_2024,VEH0253,5.355,5.354952,Recalculated Scope 1 fleet emissions from annual_fuel_consumption_l * 2.67 kgCO2/litre / 1000; electric vehicles set to zero.
BANK02,vehicles,scope1_tco2e_2024,VEH0254,4.1951,4.195104,Recalculated Scope 1 fleet emissions from annual_fuel_consumption_l * 2.67 kgCO2/litre / 1000; electric vehicles set to zero.
BANK02,vehicles,scope1_tco2e_2024,VEH0255,5.1179,5.117856,Recalculated Scope 1 fleet emissions from annual_fuel_consumption_l * 2.67 kgCO2/litre / 1000; electric vehicles set to zero.
BANK02,vehicles,scope1_tco2e_2024,VEH0256,2.5936,2.593638,Recalculated Scope 1 fleet emissions from annual_fuel_consumption_l * 2.67 kgCO2/litre / 1000; electric vehicles set to zero.
BANK02,vehicles,scope1_tco2e_2024,VEH0257,6.451,6.450987,Recalculated Scope 1 fleet emissions from annual_fuel_consumption_l * 2.67 kgCO2/litre / 1000; electric vehicles set to zero.
BANK02,vehicles,scope1_tco2e_2024,VEH0258,5.462,5.462019,Recalculated Scope 1 fleet emissions from annual_fuel_consumption_l * 2.67 kgCO2/litre / 1000; electric vehicles set to zero.
BANK02,vehicles,scope1_tco2e_2024,VEH0259,2.4588,2.458803,Recalculated Scope 1 fleet emissions from annual_fuel_consumption_l * 2.67 kgCO2/litre / 1000; electric vehicles set to zero.
BANK02,vehicles,scope1_tco2e_2024,VEH0260,2.6115,2.611527,Recalculated Scope 1 fleet emissions from annual_fuel_consumption_l * 2.67 kgCO2/litre / 1000; electric vehicles set to zero.
BANK02,vehicles,scope1_tco2e_2024,VEH0261,5.0663,5.066325,Recalculated Scope 1 fleet emissions from annual_fuel_consumption_l * 2.67 kgCO2/litre / 1000; electric vehicles set to zero.
BANK02,vehicles,scope1_tco2e_2024,VEH0262,3.0716,3.071568,Recalculated Scope 1 fleet emissions from annual_fuel_consumption_l * 2.67 kgCO2/litre / 1000; electric vehicles set to zero.
BANK02,vehicles,scope1_tco2e_2024,VEH0263,2.8393,2.839278,Recalculated Scope 1 fleet emissions from annual_fuel_consumption_l * 2.67 kgCO2/litre / 1000; electric vehicles set to zero.
BANK02,vehicles,scope1_tco2e_2024,VEH0264,2.2359,2.235858,Recalculated Scope 1 fleet emissions from annual_fuel_consumption_l * 2.67 kgCO2/litre / 1000; electric vehicles set to zero.
BANK02,vehicles,scope1_tco2e_2024,VEH0265,2.4035,2.403534,Recalculated Scope 1 fleet emissions from annual_fuel_consumption_l * 2.67 kgCO2/litre / 1000; electric vehicles set to zero.
BANK02,vehicles,scope1_tco2e_2024,VEH0266,2.7173,2.717259,Recalculated Scope 1 fleet emissions from annual_fuel_consumption_l * 2.67 kgCO2/litre / 1000; electric vehicles set to zero.
BANK02,vehicles,scope1_tco2e_2024,VEH0267,7.0467,7.046664,Recalculated Scope 1 fleet emissions from annual_fuel_consumption_l * 2.67 kgCO2/litre / 1000; electric vehicles set to zero.
BANK02,vehicles,scope1_tco2e_2024,VEH0268,4.6856,4.685583,Recalculated Scope 1 fleet emissions from annual_fuel_consumption_l * 2.67 kgCO2/litre / 1000; electric vehicles set to zero.
BANK02,vehicles,scope1_tco2e_2024,VEH0269,6.109,6.10896,Recalculated Scope 1 fleet emissions from annual_fuel_consumption_l * 2.67 kgCO2/litre / 1000; electric vehicles set to zero.
BANK02,vehicles,scope1_tco2e_2024,VEH0270,5.7245,5.72448,Recalculated Scope 1 fleet emissions from annual_fuel_consumption_l * 2.67 kgCO2/litre / 1000; electric vehicles set to zero.
BANK02,vehicles,scope1_tco2e_2024,VEH0271,1.7988,1.798779,Recalculated Scope 1 fleet emissions from annual_fuel_consumption_l * 2.67 kgCO2/litre / 1000; electric vehicles set to zero.
BANK02,vehicles,scope1_tco2e_2024,VEH0272,5.3093,5.309295,Recalculated Scope 1 fleet emissions from annual_fuel_consumption_l * 2.67 kgCO2/litre / 1000; electric vehicles set to zero.
BANK02,vehicles,scope1_tco2e_2024,VEH0273,2.7696,2.769591,Recalculated Scope 1 fleet emissions from annual_fuel_consumption_l * 2.67 kgCO2/litre / 1000; electric vehicles set to zero.
BANK02,vehicles,scope1_tco2e_2024,VEH0274,3.9465,3.946527,Recalculated Scope 1 fleet emissions from annual_fuel_consumption_l * 2.67 kgCO2/litre / 1000; electric vehicles set to zero.
BANK02,vehicles,scope1_tco2e_2024,VEH0275,4.3193,4.319259,Recalculated Scope 1 fleet emissions from annual_fuel_consumption_l * 2.67 kgCO2/litre / 1000; electric vehicles set to zero.
BANK02,vehicles,scope1_tco2e_2024,VEH0276,2.1734,2.17338,Recalculated Scope 1 fleet emissions from annual_fuel_consumption_l * 2.67 kgCO2/litre / 1000; electric vehicles set to zero.
BANK02,vehicles,scope1_tco2e_2024,VEH0277,4.3342,4.334211,Recalculated Scope 1 fleet emissions from annual_fuel_consumption_l * 2.67 kgCO2/litre / 1000; electric vehicles set to zero.
BANK02,vehicles,scope1_tco2e_2024,VEH0278,0.1015,0.0,Recalculated Scope 1 fleet emissions from annual_fuel_consumption_l * 2.67 kgCO2/litre / 1000; electric vehicles set to zero.
BANK02,vehicles,scope1_tco2e_2024,VEH0279,1.8602,1.860189,Recalculated Scope 1 fleet emissions from annual_fuel_consumption_l * 2.67 kgCO2/litre / 1000; electric vehicles set to zero.
BANK02,vehicles,scope1_tco2e_2024,VEH0280,3.4002,3.400245,Recalculated Scope 1 fleet emissions from annual_fuel_consumption_l * 2.67 kgCO2/litre / 1000; electric vehicles set to zero.
BANK02,vehicles,scope1_tco2e_2024,VEH0281,4.5761,4.576113,Recalculated Scope 1 fleet emissions from annual_fuel_consumption_l * 2.67 kgCO2/litre / 1000; electric vehicles set to zero.
BANK02,vehicles,scope1_tco2e_2024,VEH0282,4.3548,4.35477,Recalculated Scope 1 fleet emissions from annual_fuel_consumption_l * 2.67 kgCO2/litre / 1000; electric vehicles set to zero.
BANK02,vehicles,scope1_tco2e_2024,VEH0283,2.2294,2.22945,Recalculated Scope 1 fleet emissions from annual_fuel_consumption_l * 2.67 kgCO2/litre / 1000; electric vehicles set to zero.
BANK02,vehicles,scope1_tco2e_2024,VEH0284,6.4323,6.432297,Recalculated Scope 1 fleet emissions from annual_fuel_consumption_l * 2.67 kgCO2/litre / 1000; electric vehicles set to zero.
BANK02,vehicles,scope1_tco2e_2024,VEH0285,3.6323,3.632268,Recalculated Scope 1 fleet emissions from annual_fuel_consumption_l * 2.67 kgCO2/litre / 1000; electric vehicles set to zero.
BANK02,vehicles,scope1_tco2e_2024,VEH0286,1.2167,1.216719,Recalculated Scope 1 fleet emissions from annual_fuel_consumption_l * 2.67 kgCO2/litre / 1000; electric vehicles set to zero.
BANK02,vehicles,scope1_tco2e_2024,VEH0287,2.5779,2.577885,Recalculated Scope 1 fleet emissions from annual_fuel_consumption_l * 2.67 kgCO2/litre / 1000; electric vehicles set to zero.
BANK02,vehicles,scope1_tco2e_2024,VEH0288,0.073,0.0,Recalculated Scope 1 fleet emissions from annual_fuel_consumption_l * 2.67 kgCO2/litre / 1000; electric vehicles set to zero.
BANK02,vehicles,scope1_tco2e_2024,VEH0289,5.5146,5.514618,Recalculated Scope 1 fleet emissions from annual_fuel_consumption_l * 2.67 kgCO2/litre / 1000; electric vehicles set to zero.
BANK02,vehicles,scope1_tco2e_2024,VEH0290,2.1534,2.153355,Recalculated Scope 1 fleet emissions from annual_fuel_consumption_l * 2.67 kgCO2/litre / 1000; electric vehicles set to zero.
BANK02,vehicles,scope1_tco2e_2024,VEH0291,7.6482,7.648215,Recalculated Scope 1 fleet emissions from annual_fuel_consumption_l * 2.67 kgCO2/litre / 1000; electric vehicles set to zero.
BANK02,vehicles,scope1_tco2e_2024,VEH0292,4.465,4.465041,Recalculated Scope 1 fleet emissions from annual_fuel_consumption_l * 2.67 kgCO2/litre / 1000; electric vehicles set to zero.
BANK02,vehicles,scope1_tco2e_2024,VEH0293,6.228,6.228042,Recalculated Scope 1 fleet emissions from annual_fuel_consumption_l * 2.67 kgCO2/litre / 1000; electric vehicles set to zero.
BANK02,vehicles,scope1_tco2e_2024,VEH0294,1.9448,1.944828,Recalculated Scope 1 fleet emissions from annual_fuel_consumption_l * 2.67 kgCO2/litre / 1000; electric vehicles set to zero.
BANK02,vehicles,scope1_tco2e_2024,VEH0295,3.6536,3.653628,Recalculated Scope 1 fleet emissions from annual_fuel_consumption_l * 2.67 kgCO2/litre / 1000; electric vehicles set to zero.
BANK02,vehicles,scope1_tco2e_2024,VEH0296,3.4619,3.461922,Recalculated Scope 1 fleet emissions from annual_fuel_consumption_l * 2.67 kgCO2/litre / 1000; electric vehicles set to zero.
BANK02,vehicles,scope1_tco2e_2024,VEH0297,3.428,3.428013,Recalculated Scope 1 fleet emissions from annual_fuel_consumption_l * 2.67 kgCO2/litre / 1000; electric vehicles set to zero.
BANK02,vehicles,scope1_tco2e_2024,VEH0298,0.0481,0.0,Recalculated Scope 1 fleet emissions from annual_fuel_consumption_l * 2.67 kgCO2/litre / 1000; electric vehicles set to zero.
BANK02,vehicles,scope1_tco2e_2024,VEH0299,3.4777,3.477675,Recalculated Scope 1 fleet emissions from annual_fuel_consumption_l * 2.67 kgCO2/litre / 1000; electric vehicles set to zero.
BANK02,vehicles,scope1_tco2e_2024,VEH0300,2.7701,2.770125,Recalculated Scope 1 fleet emissions from annual_fuel_consumption_l * 2.67 kgCO2/litre / 1000; electric vehicles set to zero.
BANK02,vehicles,scope1_tco2e_2024,VEH0301,4.4805,4.480527,Recalculated Scope 1 fleet emissions from annual_fuel_consumption_l * 2.67 kgCO2/litre / 1000; electric vehicles set to zero.
BANK02,vehicles,scope1_tco2e_2024,VEH0302,6.1135,6.113499,Recalculated Scope 1 fleet emissions from annual_fuel_consumption_l * 2.67 kgCO2/litre / 1000; electric vehicles set to zero.
BANK02,vehicles,scope1_tco2e_2024,VEH0303,5.4067,5.40675,Recalculated Scope 1 fleet emissions from annual_fuel_consumption_l * 2.67 kgCO2/litre / 1000; electric vehicles set to zero.
BANK02,vehicles,scope1_tco2e_2024,VEH0304,0.0854,0.0,Recalculated Scope 1 fleet emissions from annual_fuel_consumption_l * 2.67 kgCO2/litre / 1000; electric vehicles set to zero.
BANK02,vehicles,scope1_tco2e_2024,VEH0305,8.3507,8.350692,Recalculated Scope 1 fleet emissions from annual_fuel_consumption_l * 2.67 kgCO2/litre / 1000; electric vehicles set to zero.
BANK02,vehicles,scope1_tco2e_2024,VEH0306,0.0382,0.0,Recalculated Scope 1 fleet emissions from annual_fuel_consumption_l * 2.67 kgCO2/litre / 1000; electric vehicles set to zero.
BANK02,vehicles,scope1_tco2e_2024,VEH0307,2.0375,2.037477,Recalculated Scope 1 fleet emissions from annual_fuel_consumption_l * 2.67 kgCO2/litre / 1000; electric vehicles set to zero.
BANK02,vehicles,scope1_tco2e_2024,VEH0308,4.123,4.123014,Recalculated Scope 1 fleet emissions from annual_fuel_consumption_l * 2.67 kgCO2/litre / 1000; electric vehicles set to zero.
BANK02,vehicles,scope1_tco2e_2024,VEH0309,6.8227,6.822651,Recalculated Scope 1 fleet emissions from annual_fuel_consumption_l * 2.67 kgCO2/litre / 1000; electric vehicles set to zero.
BANK02,vehicles,scope1_tco2e_2024,VEH0310,4.3355,4.335546,Recalculated Scope 1 fleet emissions from annual_fuel_consumption_l * 2.67 kgCO2/litre / 1000; electric vehicles set to zero.
BANK03,vehicles,scope1_tco2e_2024,VEH0311,6.9946,6.994599,Recalculated Scope 1 fleet emissions from annual_fuel_consumption_l * 2.67 kgCO2/litre / 1000; electric vehicles set to zero.
BANK03,vehicles,scope1_tco2e_2024,VEH0312,3.3591,3.359127,Recalculated Scope 1 fleet emissions from annual_fuel_consumption_l * 2.67 kgCO2/litre / 1000; electric vehicles set to zero.
BANK03,vehicles,scope1_tco2e_2024,VEH0313,6.3607,6.360741,Recalculated Scope 1 fleet emissions from annual_fuel_consumption_l * 2.67 kgCO2/litre / 1000; electric vehicles set to zero.
BANK03,vehicles,scope1_tco2e_2024,VEH0314,1.6784,1.678362,Recalculated Scope 1 fleet emissions from annual_fuel_consumption_l * 2.67 kgCO2/litre / 1000; electric vehicles set to zero.
BANK03,vehicles,scope1_tco2e_2024,VEH0315,4.3524,4.352367,Recalculated Scope 1 fleet emissions from annual_fuel_consumption_l * 2.67 kgCO2/litre / 1000; electric vehicles set to zero.
BANK03,vehicles,scope1_tco2e_2024,VEH0316,3.5957,3.595689,Recalculated Scope 1 fleet emissions from annual_fuel_consumption_l * 2.67 kgCO2/litre / 1000; electric vehicles set to zero.
BANK03,vehicles,scope1_tco2e_2024,VEH0317,3.935,3.935046,Recalculated Scope 1 fleet emissions from annual_fuel_consumption_l * 2.67 kgCO2/litre / 1000; electric vehicles set to zero.
BANK03,vehicles,scope1_tco2e_2024,VEH0318,2.1923,2.192337,Recalculated Scope 1 fleet emissions from annual_fuel_consumption_l * 2.67 kgCO2/litre / 1000; electric vehicles set to zero.
BANK03,vehicles,scope1_tco2e_2024,VEH0319,6.8032,6.80316,Recalculated Scope 1 fleet emissions from annual_fuel_consumption_l * 2.67 kgCO2/litre / 1000; electric vehicles set to zero.
BANK03,vehicles,scope1_tco2e_2024,VEH0320,6.1899,6.189861,Recalculated Scope 1 fleet emissions from annual_fuel_consumption_l * 2.67 kgCO2/litre / 1000; electric vehicles set to zero.
BANK03,vehicles,scope1_tco2e_2024,VEH0321,3.2053,3.205335,Recalculated Scope 1 fleet emissions from annual_fuel_consumption_l * 2.67 kgCO2/litre / 1000; electric vehicles set to zero.
BANK03,vehicles,scope1_tco2e_2024,VEH0322,2.568,2.568006,Recalculated Scope 1 fleet emissions from annual_fuel_consumption_l * 2.67 kgCO2/litre / 1000; electric vehicles set to zero.
BANK03,vehicles,scope1_tco2e_2024,VEH0323,0.0104,0.0,Recalculated Scope 1 fleet emissions from annual_fuel_consumption_l * 2.67 kgCO2/litre / 1000; electric vehicles set to zero.
BANK03,vehicles,scope1_tco2e_2024,VEH0324,2.4673,2.467347,Recalculated Scope 1 fleet emissions from annual_fuel_consumption_l * 2.67 kgCO2/litre / 1000; electric vehicles set to zero.
BANK03,vehicles,scope1_tco2e_2024,VEH0325,3.911,3.911016,Recalculated Scope 1 fleet emissions from annual_fuel_consumption_l * 2.67 kgCO2/litre / 1000; electric vehicles set to zero.
BANK03,vehicles,scope1_tco2e_2024,VEH0326,5.3974,5.397405,Recalculated Scope 1 fleet emissions from annual_fuel_consumption_l * 2.67 kgCO2/litre / 1000; electric vehicles set to zero.
BANK03,vehicles,scope1_tco2e_2024,VEH0327,2.5127,2.512737,Recalculated Scope 1 fleet emissions from annual_fuel_consumption_l * 2.67 kgCO2/litre / 1000; electric vehicles set to zero.
BANK03,vehicles,scope1_tco2e_2024,VEH0328,3.2115,3.211476,Recalculated Scope 1 fleet emissions from annual_fuel_consumption_l * 2.67 kgCO2/litre / 1000; electric vehicles set to zero.
BANK03,vehicles,scope1_tco2e_2024,VEH0329,4.9184,4.918407,Recalculated Scope 1 fleet emissions from annual_fuel_consumption_l * 2.67 kgCO2/litre / 1000; electric vehicles set to zero.
BANK03,vehicles,scope1_tco2e_2024,VEH0330,2.1913,2.191269,Recalculated Scope 1 fleet emissions from annual_fuel_consumption_l * 2.67 kgCO2/litre / 1000; electric vehicles set to zero.
BANK03,vehicles,scope1_tco2e_2024,VEH0332,3.2465,3.246453,Recalculated Scope 1 fleet emissions from annual_fuel_consumption_l * 2.67 kgCO2/litre / 1000; electric vehicles set to zero.
BANK03,vehicles,scope1_tco2e_2024,VEH0333,6.1744,6.174375,Recalculated Scope 1 fleet emissions from annual_fuel_consumption_l * 2.67 kgCO2/litre / 1000; electric vehicles set to zero.
BANK03,vehicles,scope1_tco2e_2024,VEH0334,3.019,3.018969,Recalculated Scope 1 fleet emissions from annual_fuel_consumption_l * 2.67 kgCO2/litre / 1000; electric vehicles set to zero.
BANK03,vehicles,scope1_tco2e_2024,VEH0335,6.1001,6.100149,Recalculated Scope 1 fleet emissions from annual_fuel_consumption_l * 2.67 kgCO2/litre / 1000; electric vehicles set to zero.
BANK03,vehicles,scope1_tco2e_2024,VEH0336,1.8605,1.860456,Recalculated Scope 1 fleet emissions from annual_fuel_consumption_l * 2.67 kgCO2/litre / 1000; electric vehicles set to zero.
BANK03,vehicles,scope1_tco2e_2024,VEH0337,2.3066,2.306613,Recalculated Scope 1 fleet emissions from annual_fuel_consumption_l * 2.67 kgCO2/litre / 1000; electric vehicles set to zero.
BANK03,vehicles,scope1_tco2e_2024,VEH0338,3.0526,3.052611,Recalculated Scope 1 fleet emissions from annual_fuel_consumption_l * 2.67 kgCO2/litre / 1000; electric vehicles set to zero.
BANK03,vehicles,scope1_tco2e_2024,VEH0339,2.4452,2.445186,Recalculated Scope 1 fleet emissions from annual_fuel_consumption_l * 2.67 kgCO2/litre / 1000; electric vehicles set to zero.
BANK03,vehicles,scope1_tco2e_2024,VEH0340,6.7572,6.757236,Recalculated Scope 1 fleet emissions from annual_fuel_consumption_l * 2.67 kgCO2/litre / 1000; electric vehicles set to zero.
BANK03,vehicles,scope1_tco2e_2024,VEH0341,3.0294,3.029382,Recalculated Scope 1 fleet emissions from annual_fuel_consumption_l * 2.67 kgCO2/litre / 1000; electric vehicles set to zero.
BANK03,vehicles,scope1_tco2e_2024,VEH0342,6.365,6.365013,Recalculated Scope 1 fleet emissions from annual_fuel_consumption_l * 2.67 kgCO2/litre / 1000; electric vehicles set to zero.
BANK03,vehicles,scope1_tco2e_2024,VEH0343,6.4894,6.489435,Recalculated Scope 1 fleet emissions from annual_fuel_consumption_l * 2.67 kgCO2/litre / 1000; electric vehicles set to zero.
BANK03,vehicles,scope1_tco2e_2024,VEH0344,3.8533,3.853344,Recalculated Scope 1 fleet emissions from annual_fuel_consumption_l * 2.67 kgCO2/litre / 1000; electric vehicles set to zero.
BANK03,vehicles,scope1_tco2e_2024,VEH0345,3.0545,3.05448,Recalculated Scope 1 fleet emissions from annual_fuel_consumption_l * 2.67 kgCO2/litre / 1000; electric vehicles set to zero.
BANK03,vehicles,scope1_tco2e_2024,VEH0346,1.9651,1.96512,Recalculated Scope 1 fleet emissions from annual_fuel_consumption_l * 2.67 kgCO2/litre / 1000; electric vehicles set to zero.
BANK03,vehicles,scope1_tco2e_2024,VEH0347,3.989,3.98898,Recalculated Scope 1 fleet emissions from annual_fuel_consumption_l * 2.67 kgCO2/litre / 1000; electric vehicles set to zero.
BANK03,vehicles,scope1_tco2e_2024,VEH0348,2.2265,2.226513,Recalculated Scope 1 fleet emissions from annual_fuel_consumption_l * 2.67 kgCO2/litre / 1000; electric vehicles set to zero.
BANK03,vehicles,scope1_tco2e_2024,VEH0349,3.1076,3.107613,Recalculated Scope 1 fleet emissions from annual_fuel_consumption_l * 2.67 kgCO2/litre / 1000; electric vehicles set to zero.
BANK03,vehicles,scope1_tco2e_2024,VEH0350,5.5288,5.528769,Recalculated Scope 1 fleet emissions from annual_fuel_consumption_l * 2.67 kgCO2/litre / 1000; electric vehicles set to zero.
BANK03,vehicles,scope1_tco2e_2024,VEH0351,2.2959,2.295933,Recalculated Scope 1 fleet emissions from annual_fuel_consumption_l * 2.67 kgCO2/litre / 1000; electric vehicles set to zero.
BANK03,vehicles,scope1_tco2e_2024,VEH0352,2.4812,2.481231,Recalculated Scope 1 fleet emissions from annual_fuel_consumption_l * 2.67 kgCO2/litre / 1000; electric vehicles set to zero.
BANK03,vehicles,scope1_tco2e_2024,VEH0353,5.6812,5.681226,Recalculated Scope 1 fleet emissions from annual_fuel_consumption_l * 2.67 kgCO2/litre / 1000; electric vehicles set to zero.
BANK03,vehicles,scope1_tco2e_2024,VEH0354,5.081,5.08101,Recalculated Scope 1 fleet emissions from annual_fuel_consumption_l * 2.67 kgCO2/litre / 1000; electric vehicles set to zero.
BANK03,vehicles,scope1_tco2e_2024,VEH0355,1.8447,1.844703,Recalculated Scope 1 fleet emissions from annual_fuel_consumption_l * 2.67 kgCO2/litre / 1000; electric vehicles set to zero.
BANK03,vehicles,scope1_tco2e_2024,VEH0356,2.7643,2.764251,Recalculated Scope 1 fleet emissions from annual_fuel_consumption_l * 2.67 kgCO2/litre / 1000; electric vehicles set to zero.
BANK03,vehicles,scope1_tco2e_2024,VEH0357,7.0325,7.032513,Recalculated Scope 1 fleet emissions from annual_fuel_consumption_l * 2.67 kgCO2/litre / 1000; electric vehicles set to zero.
BANK03,vehicles,scope1_tco2e_2024,VEH0358,6.8758,6.875784,Recalculated Scope 1 fleet emissions from annual_fuel_consumption_l * 2.67 kgCO2/litre / 1000; electric vehicles set to zero.
BANK03,vehicles,scope1_tco2e_2024,VEH0359,5.0588,5.058849,Recalculated Scope 1 fleet emissions from annual_fuel_consumption_l * 2.67 kgCO2/litre / 1000; electric vehicles set to zero.
BANK03,vehicles,scope1_tco2e_2024,VEH0360,4.6431,4.64313,Recalculated Scope 1 fleet emissions from annual_fuel_consumption_l * 2.67 kgCO2/litre / 1000; electric vehicles set to zero.
BANK03,vehicles,scope1_tco2e_2024,VEH0361,4.4618,4.461837,Recalculated Scope 1 fleet emissions from annual_fuel_consumption_l * 2.67 kgCO2/litre / 1000; electric vehicles set to zero.
BANK03,vehicles,scope1_tco2e_2024,VEH0362,3.3492,3.349248,Recalculated Scope 1 fleet emissions from annual_fuel_consumption_l * 2.67 kgCO2/litre / 1000; electric vehicles set to zero.
BANK03,vehicles,scope1_tco2e_2024,VEH0363,6.4956,6.495576,Recalculated Scope 1 fleet emissions from annual_fuel_consumption_l * 2.67 kgCO2/litre / 1000; electric vehicles set to zero.
BANK03,vehicles,scope1_tco2e_2024,VEH0364,5.0338,5.033751,Recalculated Scope 1 fleet emissions from annual_fuel_consumption_l * 2.67 kgCO2/litre / 1000; electric vehicles set to zero.
BANK03,vehicles,scope1_tco2e_2024,VEH0365,5.2775,5.277522,Recalculated Scope 1 fleet emissions from annual_fuel_consumption_l * 2.67 kgCO2/litre / 1000; electric vehicles set to zero.
BANK03,vehicles,scope1_tco2e_2024,VEH0366,4.5831,4.583055,Recalculated Scope 1 fleet emissions from annual_fuel_consumption_l * 2.67 kgCO2/litre / 1000; electric vehicles set to zero.
BANK03,vehicles,scope1_tco2e_2024,VEH0367,2.168,2.16804,Recalculated Scope 1 fleet emissions from annual_fuel_consumption_l * 2.67 kgCO2/litre / 1000; electric vehicles set to zero.
BANK03,vehicles,scope1_tco2e_2024,VEH0368,6.3418,6.341784,Recalculated Scope 1 fleet emissions from annual_fuel_consumption_l * 2.67 kgCO2/litre / 1000; electric vehicles set to zero.
BANK03,vehicles,scope1_tco2e_2024,VEH0369,2.3982,2.398194,Recalculated Scope 1 fleet emissions from annual_fuel_consumption_l * 2.67 kgCO2/litre / 1000; electric vehicles set to zero.
BANK03,vehicles,scope1_tco2e_2024,VEH0370,3.9775,3.977499,Recalculated Scope 1 fleet emissions from annual_fuel_consumption_l * 2.67 kgCO2/litre / 1000; electric vehicles set to zero.
BANK03,vehicles,scope1_tco2e_2024,VEH0371,4.6741,4.674102,Recalculated Scope 1 fleet emissions from annual_fuel_consumption_l * 2.67 kgCO2/litre / 1000; electric vehicles set to zero.
BANK03,vehicles,scope1_tco2e_2024,VEH0372,3.8194,3.819435,Recalculated Scope 1 fleet emissions from annual_fuel_consumption_l * 2.67 kgCO2/litre / 1000; electric vehicles set to zero.
BANK03,vehicles,scope1_tco2e_2024,VEH0373,4.1147,4.114737,Recalculated Scope 1 fleet emissions from annual_fuel_consumption_l * 2.67 kgCO2/litre / 1000; electric vehicles set to zero.
BANK03,vehicles,scope1_tco2e_2024,VEH0374,5.5461,5.546124,Recalculated Scope 1 fleet emissions from annual_fuel_consumption_l * 2.67 kgCO2/litre / 1000; electric vehicles set to zero.
BANK03,vehicles,scope1_tco2e_2024,VEH0375,4.7545,4.754469,Recalculated Scope 1 fleet emissions from annual_fuel_consumption_l * 2.67 kgCO2/litre / 1000; electric vehicles set to zero.
BANK03,vehicles,scope1_tco2e_2024,VEH0376,1.9002,1.900239,Recalculated Scope 1 fleet emissions from annual_fuel_consumption_l * 2.67 kgCO2/litre / 1000; electric vehicles set to zero.
BANK03,vehicles,scope1_tco2e_2024,VEH0377,5.0113,5.011323,Recalculated Scope 1 fleet emissions from annual_fuel_consumption_l * 2.67 kgCO2/litre / 1000; electric vehicles set to zero.
BANK03,vehicles,scope1_tco2e_2024,VEH0378,1.6073,1.60734,Recalculated Scope 1 fleet emissions from annual_fuel_consumption_l * 2.67 kgCO2/litre / 1000; electric vehicles set to zero.
BANK03,vehicles,scope1_tco2e_2024,VEH0379,2.1608,2.160831,Recalculated Scope 1 fleet emissions from annual_fuel_consumption_l * 2.67 kgCO2/litre / 1000; electric vehicles set to zero.
BANK03,vehicles,scope1_tco2e_2024,VEH0380,4.3145,4.314453,Recalculated Scope 1 fleet emissions from annual_fuel_consumption_l * 2.67 kgCO2/litre / 1000; electric vehicles set to zero.
BANK04,vehicles,scope1_tco2e_2024,VEH0381,5.0853,5.085282,Recalculated Scope 1 fleet emissions from annual_fuel_consumption_l * 2.67 kgCO2/litre / 1000; electric vehicles set to zero.
BANK04,vehicles,scope1_tco2e_2024,VEH0382,0.1154,0.0,Recalculated Scope 1 fleet emissions from annual_fuel_consumption_l * 2.67 kgCO2/litre / 1000; electric vehicles set to zero.
BANK04,vehicles,scope1_tco2e_2024,VEH0385,0.0289,0.0,Recalculated Scope 1 fleet emissions from annual_fuel_consumption_l * 2.67 kgCO2/litre / 1000; electric vehicles set to zero.
BANK04,vehicles,scope1_tco2e_2024,VEH0386,2.3194,2.319429,Recalculated Scope 1 fleet emissions from annual_fuel_consumption_l * 2.67 kgCO2/litre / 1000; electric vehicles set to zero.
BANK04,vehicles,scope1_tco2e_2024,VEH0387,0.0169,0.0,Recalculated Scope 1 fleet emissions from annual_fuel_consumption_l * 2.67 kgCO2/litre / 1000; electric vehicles set to zero.
BANK04,vehicles,scope1_tco2e_2024,VEH0388,0.0731,0.0,Recalculated Scope 1 fleet emissions from annual_fuel_consumption_l * 2.67 kgCO2/litre / 1000; electric vehicles set to zero.
BANK04,vehicles,scope1_tco2e_2024,VEH0389,0.1594,0.0,Recalculated Scope 1 fleet emissions from annual_fuel_consumption_l * 2.67 kgCO2/litre / 1000; electric vehicles set to zero.
BANK04,vehicles,scope1_tco2e_2024,VEH0390,3.9684,3.968421,Recalculated Scope 1 fleet emissions from annual_fuel_consumption_l * 2.67 kgCO2/litre / 1000; electric vehicles set to zero.
BANK04,vehicles,scope1_tco2e_2024,VEH0391,0.1593,0.0,Recalculated Scope 1 fleet emissions from annual_fuel_consumption_l * 2.67 kgCO2/litre / 1000; electric vehicles set to zero.
BANK04,vehicles,scope1_tco2e_2024,VEH0392,2.8347,2.834739,Recalculated Scope 1 fleet emissions from annual_fuel_consumption_l * 2.67 kgCO2/litre / 1000; electric vehicles set to zero.
BANK04,vehicles,scope1_tco2e_2024,VEH0393,0.0693,0.0,Recalculated Scope 1 fleet emissions from annual_fuel_consumption_l * 2.67 kgCO2/litre / 1000; electric vehicles set to zero.
BANK04,vehicles,scope1_tco2e_2024,VEH0394,0.0564,0.0,Recalculated Scope 1 fleet emissions from annual_fuel_consumption_l * 2.67 kgCO2/litre / 1000; electric vehicles set to zero.
BANK04,vehicles,scope1_tco2e_2024,VEH0395,0.0298,0.0,Recalculated Scope 1 fleet emissions from annual_fuel_consumption_l * 2.67 kgCO2/litre / 1000; electric vehicles set to zero.
BANK04,vehicles,scope1_tco2e_2024,VEH0396,0.0414,0.0,Recalculated Scope 1 fleet emissions from annual_fuel_consumption_l * 2.67 kgCO2/litre / 1000; electric vehicles set to zero.
BANK04,vehicles,scope1_tco2e_2024,VEH0397,5.4714,5.471364,Recalculated Scope 1 fleet emissions from annual_fuel_consumption_l * 2.67 kgCO2/litre / 1000; electric vehicles set to zero.
BANK04,vehicles,scope1_tco2e_2024,VEH0398,0.0613,0.0,Recalculated Scope 1 fleet emissions from annual_fuel_consumption_l * 2.67 kgCO2/litre / 1000; electric vehicles set to zero.
BANK04,vehicles,scope1_tco2e_2024,VEH0399,4.9926,4.992633,Recalculated Scope 1 fleet emissions from annual_fuel_consumption_l * 2.67 kgCO2/litre / 1000; electric vehicles set to zero.
BANK04,vehicles,scope1_tco2e_2024,VEH0400,0.1385,0.0,Recalculated Scope 1 fleet emissions from annual_fuel_consumption_l * 2.67 kgCO2/litre / 1000; electric vehicles set to zero.
BANK04,vehicles,scope1_tco2e_2024,VEH0402,0.0735,0.0,Recalculated Scope 1 fleet emissions from annual_fuel_consumption_l * 2.67 kgCO2/litre / 1000; electric vehicles set to zero.
BANK04,vehicles,scope1_tco2e_2024,VEH0403,2.583,2.582958,Recalculated Scope 1 fleet emissions from annual_fuel_consumption_l * 2.67 kgCO2/litre / 1000; electric vehicles set to zero.
BANK04,vehicles,scope1_tco2e_2024,VEH0404,0.0407,0.0,Recalculated Scope 1 fleet emissions from annual_fuel_consumption_l * 2.67 kgCO2/litre / 1000; electric vehicles set to zero.
BANK04,vehicles,scope1_tco2e_2024,VEH0405,0.093,0.0,Recalculated Scope 1 fleet emissions from annual_fuel_consumption_l * 2.67 kgCO2/litre / 1000; electric vehicles set to zero.
BANK05,vehicles,scope1_tco2e_2024,VEH0406,4.0699,4.069881,Recalculated Scope 1 fleet emissions from annual_fuel_consumption_l * 2.67 kgCO2/litre / 1000; electric vehicles set to zero.
BANK05,vehicles,scope1_tco2e_2024,VEH0407,2.9068,2.906829,Recalculated Scope 1 fleet emissions from annual_fuel_consumption_l * 2.67 kgCO2/litre / 1000; electric vehicles set to zero.
BANK05,vehicles,scope1_tco2e_2024,VEH0408,0.0509,0.0,Recalculated Scope 1 fleet emissions from annual_fuel_consumption_l * 2.67 kgCO2/litre / 1000; electric vehicles set to zero.
BANK05,vehicles,scope1_tco2e_2024,VEH0409,3.8985,3.898467,Recalculated Scope 1 fleet emissions from annual_fuel_consumption_l * 2.67 kgCO2/litre / 1000; electric vehicles set to zero.
BANK05,vehicles,scope1_tco2e_2024,VEH0410,7.35,7.349976,Recalculated Scope 1 fleet emissions from annual_fuel_consumption_l * 2.67 kgCO2/litre / 1000; electric vehicles set to zero.
BANK05,vehicles,scope1_tco2e_2024,VEH0411,3.9281,3.928104,Recalculated Scope 1 fleet emissions from annual_fuel_consumption_l * 2.67 kgCO2/litre / 1000; electric vehicles set to zero.
BANK05,vehicles,scope1_tco2e_2024,VEH0412,0.1078,0.0,Recalculated Scope 1 fleet emissions from annual_fuel_consumption_l * 2.67 kgCO2/litre / 1000; electric vehicles set to zero.
BANK05,vehicles,scope1_tco2e_2024,VEH0413,0.0595,0.0,Recalculated Scope 1 fleet emissions from annual_fuel_consumption_l * 2.67 kgCO2/litre / 1000; electric vehicles set to zero.
BANK05,vehicles,scope1_tco2e_2024,VEH0414,6.1781,6.178113,Recalculated Scope 1 fleet emissions from annual_fuel_consumption_l * 2.67 kgCO2/litre / 1000; electric vehicles set to zero.
BANK05,vehicles,scope1_tco2e_2024,VEH0415,3.9898,3.989781,Recalculated Scope 1 fleet emissions from annual_fuel_consumption_l * 2.67 kgCO2/litre / 1000; electric vehicles set to zero.
BANK05,vehicles,scope1_tco2e_2024,VEH0416,4.6431,4.64313,Recalculated Scope 1 fleet emissions from annual_fuel_consumption_l * 2.67 kgCO2/litre / 1000; electric vehicles set to zero.
BANK05,vehicles,scope1_tco2e_2024,VEH0417,6.0227,6.022719,Recalculated Scope 1 fleet emissions from annual_fuel_consumption_l * 2.67 kgCO2/litre / 1000; electric vehicles set to zero.
BANK05,vehicles,scope1_tco2e_2024,VEH0418,0.0258,0.0,Recalculated Scope 1 fleet emissions from annual_fuel_consumption_l * 2.67 kgCO2/litre / 1000; electric vehicles set to zero.
BANK05,vehicles,scope1_tco2e_2024,VEH0419,3.3703,3.370341,Recalculated Scope 1 fleet emissions from annual_fuel_consumption_l * 2.67 kgCO2/litre / 1000; electric vehicles set to zero.
BANK05,vehicles,scope1_tco2e_2024,VEH0420,5.7773,5.777346,Recalculated Scope 1 fleet emissions from annual_fuel_consumption_l * 2.67 kgCO2/litre / 1000; electric vehicles set to zero.
BANK05,vehicles,scope1_tco2e_2024,VEH0421,0.0688,0.0,Recalculated Scope 1 fleet emissions from annual_fuel_consumption_l * 2.67 kgCO2/litre / 1000; electric vehicles set to zero.
BANK05,vehicles,scope1_tco2e_2024,VEH0422,3.6758,3.675789,Recalculated Scope 1 fleet emissions from annual_fuel_consumption_l * 2.67 kgCO2/litre / 1000; electric vehicles set to zero.
BANK05,vehicles,scope1_tco2e_2024,VEH0423,2.8219,2.821923,Recalculated Scope 1 fleet emissions from annual_fuel_consumption_l * 2.67 kgCO2/litre / 1000; electric vehicles set to zero.
BANK05,vehicles,scope1_tco2e_2024,VEH0424,4.9323,4.932291,Recalculated Scope 1 fleet emissions from annual_fuel_consumption_l * 2.67 kgCO2/litre / 1000; electric vehicles set to zero.
BANK05,vehicles,scope1_tco2e_2024,VEH0425,6.8867,6.886731,Recalculated Scope 1 fleet emissions from annual_fuel_consumption_l * 2.67 kgCO2/litre / 1000; electric vehicles set to zero.
BANK05,vehicles,scope1_tco2e_2024,VEH0426,1.5272,1.52724,Recalculated Scope 1 fleet emissions from annual_fuel_consumption_l * 2.67 kgCO2/litre / 1000; electric vehicles set to zero.
BANK05,vehicles,scope1_tco2e_2024,VEH0427,1.3847,1.384662,Recalculated Scope 1 fleet emissions from annual_fuel_consumption_l * 2.67 kgCO2/litre / 1000; electric vehicles set to zero.
BANK05,vehicles,scope1_tco2e_2024,VEH0428,4.8252,4.825224,Recalculated Scope 1 fleet emissions from annual_fuel_consumption_l * 2.67 kgCO2/litre / 1000; electric vehicles set to zero.
BANK05,vehicles,scope1_tco2e_2024,VEH0429,4.6856,4.685583,Recalculated Scope 1 fleet emissions from annual_fuel_consumption_l * 2.67 kgCO2/litre / 1000; electric vehicles set to zero.
BANK05,vehicles,scope1_tco2e_2024,VEH0430,1.8754,1.875408,Recalculated Scope 1 fleet emissions from annual_fuel_consumption_l * 2.67 kgCO2/litre / 1000; electric vehicles set to zero.
BANK05,vehicles,scope1_tco2e_2024,VEH0431,3.7324,3.732393,Recalculated Scope 1 fleet emissions from annual_fuel_consumption_l * 2.67 kgCO2/litre / 1000; electric vehicles set to zero.
BANK05,vehicles,scope1_tco2e_2024,VEH0432,0.0097,0.0,Recalculated Scope 1 fleet emissions from annual_fuel_consumption_l * 2.67 kgCO2/litre / 1000; electric vehicles set to zero.
BANK05,vehicles,scope1_tco2e_2024,VEH0433,3.0246,3.024576,Recalculated Scope 1 fleet emissions from annual_fuel_consumption_l * 2.67 kgCO2/litre / 1000; electric vehicles set to zero.
BANK05,vehicles,scope1_tco2e_2024,VEH0434,2.1267,2.126655,Recalculated Scope 1 fleet emissions from annual_fuel_consumption_l * 2.67 kgCO2/litre / 1000; electric vehicles set to zero.
BANK05,vehicles,scope1_tco2e_2024,VEH0435,2.4236,2.423559,Recalculated Scope 1 fleet emissions from annual_fuel_consumption_l * 2.67 kgCO2/litre / 1000; electric vehicles set to zero.
BANK05,vehicles,scope1_tco2e_2024,VEH0436,0.0157,0.0,Recalculated Scope 1 fleet emissions from annual_fuel_consumption_l * 2.67 kgCO2/litre / 1000; electric vehicles set to zero.
BANK05,vehicles,scope1_tco2e_2024,VEH0437,6.5447,6.544704,Recalculated Scope 1 fleet emissions from annual_fuel_consumption_l * 2.67 kgCO2/litre / 1000; electric vehicles set to zero.
BANK05,vehicles,scope1_tco2e_2024,VEH0438,7.4829,7.482942,Recalculated Scope 1 fleet emissions from annual_fuel_consumption_l * 2.67 kgCO2/litre / 1000; electric vehicles set to zero.
BANK05,vehicles,scope1_tco2e_2024,VEH0439,1.7774,1.777419,Recalculated Scope 1 fleet emissions from annual_fuel_consumption_l * 2.67 kgCO2/litre / 1000; electric vehicles set to zero.
BANK05,vehicles,scope1_tco2e_2024,VEH0440,3.0307,3.030717,Recalculated Scope 1 fleet emissions from annual_fuel_consumption_l * 2.67 kgCO2/litre / 1000; electric vehicles set to zero.
BANK05,vehicles,scope1_tco2e_2024,VEH0441,2.2222,2.222241,Recalculated Scope 1 fleet emissions from annual_fuel_consumption_l * 2.67 kgCO2/litre / 1000; electric vehicles set to zero.
BANK05,vehicles,scope1_tco2e_2024,VEH0442,3.8344,3.834387,Recalculated Scope 1 fleet emissions from annual_fuel_consumption_l * 2.67 kgCO2/litre / 1000; electric vehicles set to zero.
BANK05,vehicles,scope1_tco2e_2024,VEH0443,0.0889,0.0,Recalculated Scope 1 fleet emissions from annual_fuel_consumption_l * 2.67 kgCO2/litre / 1000; electric vehicles set to zero.
BANK05,vehicles,scope1_tco2e_2024,VEH0444,4.6626,4.662621,Recalculated Scope 1 fleet emissions from annual_fuel_consumption_l * 2.67 kgCO2/litre / 1000; electric vehicles set to zero.
BANK05,vehicles,scope1_tco2e_2024,VEH0445,3.3348,3.33483,Recalculated Scope 1 fleet emissions from annual_fuel_consumption_l * 2.67 kgCO2/litre / 1000; electric vehicles set to zero.
BANK05,vehicles,scope1_tco2e_2024,VEH0446,0.0776,0.0,Recalculated Scope 1 fleet emissions from annual_fuel_consumption_l * 2.67 kgCO2/litre / 1000; electric vehicles set to zero.
BANK05,vehicles,scope1_tco2e_2024,VEH0447,1.4637,1.463694,Recalculated Scope 1 fleet emissions from annual_fuel_consumption_l * 2.67 kgCO2/litre / 1000; electric vehicles set to zero.
BANK05,vehicles,scope1_tco2e_2024,VEH0448,4.2963,4.296297,Recalculated Scope 1 fleet emissions from annual_fuel_consumption_l * 2.67 kgCO2/litre / 1000; electric vehicles set to zero.
BANK05,vehicles,scope1_tco2e_2024,VEH0449,5.3168,5.316771,Recalculated Scope 1 fleet emissions from annual_fuel_consumption_l * 2.67 kgCO2/litre / 1000; electric vehicles set to zero.
BANK05,vehicles,scope1_tco2e_2024,VEH0450,5.968,5.967984,Recalculated Scope 1 fleet emissions from annual_fuel_consumption_l * 2.67 kgCO2/litre / 1000; electric vehicles set to zero.
BANK01,governance,climate_on_board_agenda_pct,BANK01-2022,75.0,100.0,Recomputed from Full Board minutes climate_agenda_flag.
BANK01,governance,climate_on_board_agenda_pct,BANK01-2023,71.4,85.7,Recomputed from Full Board minutes climate_agenda_flag.
BANK01,governance,climate_on_board_agenda_pct,BANK01-2024,75.0,100.0,Recomputed from Full Board minutes climate_agenda_flag.
BANK02,governance,climate_on_board_agenda_pct,BANK02-2023,50.0,33.3,Recomputed from Full Board minutes climate_agenda_flag.
BANK03,governance,climate_on_board_agenda_pct,BANK03-2023,50.0,75.0,Recomputed from Full Board minutes climate_agenda_flag.
BANK03,governance,climate_on_board_agenda_pct,BANK03-2024,75.0,100.0,Recomputed from Full Board minutes climate_agenda_flag.
BANK04,governance,climate_on_board_agenda_pct,BANK04-2024,83.3,100.0,Recomputed from Full Board minutes climate_agenda_flag.
BANK05,governance,climate_on_board_agenda_pct,BANK05-2023,42.9,57.1,Recomputed from Full Board minutes climate_agenda_flag.
BANK01,climate_scenarios,stranded_assets_estimate_meur,SCN0001,10871.6,2407.96,Recalculated as fossil-fuel exposure multiplied by high-risk exposure percentage.
BANK01,climate_scenarios,revenue_at_risk_meur,SCN0001,8423.5,7240.86,Capped at 30% of 2024 revenue to avoid impossible report magnitudes.
BANK01,climate_scenarios,stranded_assets_estimate_meur,SCN0002,4703.7,1041.84,Recalculated as fossil-fuel exposure multiplied by high-risk exposure percentage.
BANK01,climate_scenarios,stranded_assets_estimate_meur,SCN0003,10684.7,2366.56,Recalculated as fossil-fuel exposure multiplied by high-risk exposure percentage.
BANK01,climate_scenarios,revenue_at_risk_meur,SCN0003,8278.7,7240.86,Capped at 30% of 2024 revenue to avoid impossible report magnitudes.
BANK01,climate_scenarios,stranded_assets_estimate_meur,SCN0004,6323.6,1400.62,Recalculated as fossil-fuel exposure multiplied by high-risk exposure percentage.
BANK01,climate_scenarios,stranded_assets_estimate_meur,SCN0005,3364.3,745.16,Recalculated as fossil-fuel exposure multiplied by high-risk exposure percentage.
BANK01,climate_scenarios,stranded_assets_estimate_meur,SCN0006,8846.8,1959.48,Recalculated as fossil-fuel exposure multiplied by high-risk exposure percentage.
BANK01,climate_scenarios,stranded_assets_estimate_meur,SCN0007,5731.7,1269.52,Recalculated as fossil-fuel exposure multiplied by high-risk exposure percentage.
BANK01,climate_scenarios,stranded_assets_estimate_meur,SCN0008,1619.8,358.78,Recalculated as fossil-fuel exposure multiplied by high-risk exposure percentage.
BANK01,climate_scenarios,stranded_assets_estimate_meur,SCN0009,3613.5,800.35,Recalculated as fossil-fuel exposure multiplied by high-risk exposure percentage.
BANK01,climate_scenarios,stranded_assets_estimate_meur,SCN0010,6167.8,1366.12,Recalculated as fossil-fuel exposure multiplied by high-risk exposure percentage.
BANK01,climate_scenarios,stranded_assets_estimate_meur,SCN0011,3083.9,683.06,Recalculated as fossil-fuel exposure multiplied by high-risk exposure percentage.
BANK01,climate_scenarios,stranded_assets_estimate_meur,SCN0012,7787.7,1724.9,Recalculated as fossil-fuel exposure multiplied by high-risk exposure percentage.
BANK01,climate_scenarios,stranded_assets_estimate_meur,SCN0013,4423.4,979.74,Recalculated as fossil-fuel exposure multiplied by high-risk exposure percentage.
BANK01,climate_scenarios,stranded_assets_estimate_meur,SCN0014,2803.6,620.96,Recalculated as fossil-fuel exposure multiplied by high-risk exposure percentage.
BANK01,climate_scenarios,stranded_assets_estimate_meur,SCN0015,9282.9,2056.08,Recalculated as fossil-fuel exposure multiplied by high-risk exposure percentage.
BANK01,climate_scenarios,stranded_assets_estimate_meur,SCN0016,10155.1,2249.27,Recalculated as fossil-fuel exposure multiplied by high-risk exposure percentage.
BANK01,climate_scenarios,revenue_at_risk_meur,SCN0016,7868.4,7240.86,Capped at 30% of 2024 revenue to avoid impossible report magnitudes.
BANK01,climate_scenarios,stranded_assets_estimate_meur,SCN0017,2055.9,455.37,Recalculated as fossil-fuel exposure multiplied by high-risk exposure percentage.
BANK01,climate_scenarios,stranded_assets_estimate_meur,SCN0018,6635.1,1469.61,Recalculated as fossil-fuel exposure multiplied by high-risk exposure percentage.
BANK02,climate_scenarios,stranded_assets_estimate_meur,SCN0019,5439.9,801.55,Recalculated as fossil-fuel exposure multiplied by high-risk exposure percentage.
BANK02,climate_scenarios,stranded_assets_estimate_meur,SCN0020,4654.4,685.81,Recalculated as fossil-fuel exposure multiplied by high-risk exposure percentage.
BANK02,climate_scenarios,stranded_assets_estimate_meur,SCN0021,4183.0,616.36,Recalculated as fossil-fuel exposure multiplied by high-risk exposure percentage.
BANK02,climate_scenarios,stranded_assets_estimate_meur,SCN0022,2278.1,335.67,Recalculated as fossil-fuel exposure multiplied by high-risk exposure percentage.
BANK02,climate_scenarios,stranded_assets_estimate_meur,SCN0023,5263.2,775.51,Recalculated as fossil-fuel exposure multiplied by high-risk exposure percentage.
BANK02,climate_scenarios,stranded_assets_estimate_meur,SCN0024,3908.1,575.85,Recalculated as fossil-fuel exposure multiplied by high-risk exposure percentage.
BANK02,climate_scenarios,stranded_assets_estimate_meur,SCN0025,6205.8,914.41,Recalculated as fossil-fuel exposure multiplied by high-risk exposure percentage.
BANK02,climate_scenarios,revenue_at_risk_meur,SCN0025,5837.5,5541.93,Capped at 30% of 2024 revenue to avoid impossible report magnitudes.
BANK02,climate_scenarios,stranded_assets_estimate_meur,SCN0026,4084.8,601.89,Recalculated as fossil-fuel exposure multiplied by high-risk exposure percentage.
BANK02,climate_scenarios,stranded_assets_estimate_meur,SCN0027,2337.0,344.35,Recalculated as fossil-fuel exposure multiplied by high-risk exposure percentage.
BANK02,climate_scenarios,stranded_assets_estimate_meur,SCN0028,1178.3,173.62,Recalculated as fossil-fuel exposure multiplied by high-risk exposure percentage.
BANK02,climate_scenarios,stranded_assets_estimate_meur,SCN0029,3220.7,474.57,Recalculated as fossil-fuel exposure multiplied by high-risk exposure percentage.
BANK02,climate_scenarios,stranded_assets_estimate_meur,SCN0030,1021.2,150.47,Recalculated as fossil-fuel exposure multiplied by high-risk exposure percentage.
BANK02,climate_scenarios,stranded_assets_estimate_meur,SCN0031,1649.7,243.07,Recalculated as fossil-fuel exposure multiplied by high-risk exposure percentage.
BANK02,climate_scenarios,stranded_assets_estimate_meur,SCN0032,1158.7,170.73,Recalculated as fossil-fuel exposure multiplied by high-risk exposure percentage.
BANK02,climate_scenarios,stranded_assets_estimate_meur,SCN0033,3888.5,572.95,Recalculated as fossil-fuel exposure multiplied by high-risk exposure percentage.
BANK02,climate_scenarios,stranded_assets_estimate_meur,SCN0034,3476.0,512.18,Recalculated as fossil-fuel exposure multiplied by high-risk exposure percentage.
BANK02,climate_scenarios,stranded_assets_estimate_meur,SCN0035,6736.1,992.54,Recalculated as fossil-fuel exposure multiplied by high-risk exposure percentage.
BANK02,climate_scenarios,revenue_at_risk_meur,SCN0035,6336.3,5541.93,Capped at 30% of 2024 revenue to avoid impossible report magnitudes.
BANK02,climate_scenarios,stranded_assets_estimate_meur,SCN0036,3044.0,448.52,Recalculated as fossil-fuel exposure multiplied by high-risk exposure percentage.
BANK03,climate_scenarios,stranded_assets_estimate_meur,SCN0037,4191.4,119.29,Recalculated as fossil-fuel exposure multiplied by high-risk exposure percentage.
BANK03,climate_scenarios,stranded_assets_estimate_meur,SCN0038,5540.4,157.68,Recalculated as fossil-fuel exposure multiplied by high-risk exposure percentage.
BANK03,climate_scenarios,stranded_assets_estimate_meur,SCN0039,5058.6,143.97,Recalculated as fossil-fuel exposure multiplied by high-risk exposure percentage.
BANK03,climate_scenarios,stranded_assets_estimate_meur,SCN0040,1589.9,45.25,Recalculated as fossil-fuel exposure multiplied by high-risk exposure percentage.
BANK03,climate_scenarios,stranded_assets_estimate_meur,SCN0041,3685.6,104.89,Recalculated as fossil-fuel exposure multiplied by high-risk exposure percentage.
BANK03,climate_scenarios,stranded_assets_estimate_meur,SCN0042,3830.1,109.0,Recalculated as fossil-fuel exposure multiplied by high-risk exposure percentage.
BANK03,climate_scenarios,stranded_assets_estimate_meur,SCN0043,7828.8,222.8,Recalculated as fossil-fuel exposure multiplied by high-risk exposure percentage.
BANK03,climate_scenarios,revenue_at_risk_meur,SCN0043,997.5,920.73,Capped at 30% of 2024 revenue to avoid impossible report magnitudes.
BANK03,climate_scenarios,stranded_assets_estimate_meur,SCN0044,3059.3,87.06,Recalculated as fossil-fuel exposure multiplied by high-risk exposure percentage.
BANK03,climate_scenarios,stranded_assets_estimate_meur,SCN0045,3974.6,113.12,Recalculated as fossil-fuel exposure multiplied by high-risk exposure percentage.
BANK03,climate_scenarios,stranded_assets_estimate_meur,SCN0046,2288.4,65.13,Recalculated as fossil-fuel exposure multiplied by high-risk exposure percentage.
BANK03,climate_scenarios,stranded_assets_estimate_meur,SCN0047,3276.1,93.23,Recalculated as fossil-fuel exposure multiplied by high-risk exposure percentage.
BANK03,climate_scenarios,stranded_assets_estimate_meur,SCN0048,6648.5,189.21,Recalculated as fossil-fuel exposure multiplied by high-risk exposure percentage.
BANK03,climate_scenarios,stranded_assets_estimate_meur,SCN0049,4962.3,141.22,Recalculated as fossil-fuel exposure multiplied by high-risk exposure percentage.
BANK03,climate_scenarios,stranded_assets_estimate_meur,SCN0050,4022.8,114.49,Recalculated as fossil-fuel exposure multiplied by high-risk exposure percentage.
BANK03,climate_scenarios,stranded_assets_estimate_meur,SCN0051,7612.0,216.63,Recalculated as fossil-fuel exposure multiplied by high-risk exposure percentage.
BANK03,climate_scenarios,revenue_at_risk_meur,SCN0051,969.8,920.73,Capped at 30% of 2024 revenue to avoid impossible report magnitudes.
BANK03,climate_scenarios,stranded_assets_estimate_meur,SCN0052,4360.1,124.08,Recalculated as fossil-fuel exposure multiplied by high-risk exposure percentage.
BANK03,climate_scenarios,stranded_assets_estimate_meur,SCN0053,4504.6,128.2,Recalculated as fossil-fuel exposure multiplied by high-risk exposure percentage.
BANK03,climate_scenarios,stranded_assets_estimate_meur,SCN0054,3035.2,86.38,Recalculated as fossil-fuel exposure multiplied by high-risk exposure percentage.
BANK04,climate_scenarios,stranded_assets_estimate_meur,SCN0055,1493.6,0.0,Recalculated as fossil-fuel exposure multiplied by high-risk exposure percentage.
BANK04,climate_scenarios,stranded_assets_estimate_meur,SCN0056,1787.0,0.0,Recalculated as fossil-fuel exposure multiplied by high-risk exposure percentage.
BANK04,climate_scenarios,stranded_assets_estimate_meur,SCN0057,1360.3,0.0,Recalculated as fossil-fuel exposure multiplied by high-risk exposure percentage.
BANK04,climate_scenarios,stranded_assets_estimate_meur,SCN0058,2987.2,0.0,Recalculated as fossil-fuel exposure multiplied by high-risk exposure percentage.
BANK04,climate_scenarios,revenue_at_risk_meur,SCN0058,192.1,171.54,Capped at 30% of 2024 revenue to avoid impossible report magnitudes.
BANK04,climate_scenarios,stranded_assets_estimate_meur,SCN0059,613.5,0.0,Recalculated as fossil-fuel exposure multiplied by high-risk exposure percentage.
BANK04,climate_scenarios,stranded_assets_estimate_meur,SCN0060,2356.0,0.0,Recalculated as fossil-fuel exposure multiplied by high-risk exposure percentage.
BANK04,climate_scenarios,stranded_assets_estimate_meur,SCN0061,2551.6,0.0,Recalculated as fossil-fuel exposure multiplied by high-risk exposure percentage.
BANK04,climate_scenarios,stranded_assets_estimate_meur,SCN0062,1484.7,0.0,Recalculated as fossil-fuel exposure multiplied by high-risk exposure percentage.
BANK04,climate_scenarios,stranded_assets_estimate_meur,SCN0063,524.5,0.0,Recalculated as fossil-fuel exposure multiplied by high-risk exposure percentage.
BANK04,climate_scenarios,stranded_assets_estimate_meur,SCN0064,1840.4,0.0,Recalculated as fossil-fuel exposure multiplied by high-risk exposure percentage.
BANK04,climate_scenarios,stranded_assets_estimate_meur,SCN0065,1955.9,0.0,Recalculated as fossil-fuel exposure multiplied by high-risk exposure percentage.
BANK04,climate_scenarios,stranded_assets_estimate_meur,SCN0066,1938.1,0.0,Recalculated as fossil-fuel exposure multiplied by high-risk exposure percentage.
BANK04,climate_scenarios,stranded_assets_estimate_meur,SCN0067,1182.4,0.0,Recalculated as fossil-fuel exposure multiplied by high-risk exposure percentage.
BANK04,climate_scenarios,stranded_assets_estimate_meur,SCN0068,542.3,0.0,Recalculated as fossil-fuel exposure multiplied by high-risk exposure percentage.
BANK04,climate_scenarios,stranded_assets_estimate_meur,SCN0069,1129.1,0.0,Recalculated as fossil-fuel exposure multiplied by high-risk exposure percentage.
BANK04,climate_scenarios,stranded_assets_estimate_meur,SCN0070,3013.9,0.0,Recalculated as fossil-fuel exposure multiplied by high-risk exposure percentage.
BANK04,climate_scenarios,revenue_at_risk_meur,SCN0070,193.8,171.54,Capped at 30% of 2024 revenue to avoid impossible report magnitudes.
BANK04,climate_scenarios,stranded_assets_estimate_meur,SCN0071,1964.8,0.0,Recalculated as fossil-fuel exposure multiplied by high-risk exposure percentage.
BANK04,climate_scenarios,stranded_assets_estimate_meur,SCN0072,924.6,0.0,Recalculated as fossil-fuel exposure multiplied by high-risk exposure percentage.
BANK05,climate_scenarios,stranded_assets_estimate_meur,SCN0073,645.7,93.32,Recalculated as fossil-fuel exposure multiplied by high-risk exposure percentage.
BANK05,climate_scenarios,stranded_assets_estimate_meur,SCN0074,2954.6,427.02,Recalculated as fossil-fuel exposure multiplied by high-risk exposure percentage.
BANK05,climate_scenarios,revenue_at_risk_meur,SCN0074,598.1,594.12,Capped at 30% of 2024 revenue to avoid impossible report magnitudes.
BANK05,climate_scenarios,stranded_assets_estimate_meur,SCN0075,2181.7,315.31,Recalculated as fossil-fuel exposure multiplied by high-risk exposure percentage.
BANK05,climate_scenarios,stranded_assets_estimate_meur,SCN0076,1115.3,161.19,Recalculated as fossil-fuel exposure multiplied by high-risk exposure percentage.
BANK05,climate_scenarios,stranded_assets_estimate_meur,SCN0077,1281.6,185.23,Recalculated as fossil-fuel exposure multiplied by high-risk exposure percentage.
BANK05,climate_scenarios,stranded_assets_estimate_meur,SCN0078,1545.8,223.41,Recalculated as fossil-fuel exposure multiplied by high-risk exposure percentage.
BANK05,climate_scenarios,stranded_assets_estimate_meur,SCN0079,3160.0,456.71,Recalculated as fossil-fuel exposure multiplied by high-risk exposure percentage.
BANK05,climate_scenarios,revenue_at_risk_meur,SCN0079,639.7,594.12,Capped at 30% of 2024 revenue to avoid impossible report magnitudes.
BANK05,climate_scenarios,stranded_assets_estimate_meur,SCN0080,2592.6,374.7,Recalculated as fossil-fuel exposure multiplied by high-risk exposure percentage.
BANK05,climate_scenarios,stranded_assets_estimate_meur,SCN0081,2524.1,364.8,Recalculated as fossil-fuel exposure multiplied by high-risk exposure percentage.
BANK05,climate_scenarios,stranded_assets_estimate_meur,SCN0082,1183.8,171.09,Recalculated as fossil-fuel exposure multiplied by high-risk exposure percentage.
BANK05,climate_scenarios,stranded_assets_estimate_meur,SCN0083,2377.4,343.59,Recalculated as fossil-fuel exposure multiplied by high-risk exposure percentage.
BANK05,climate_scenarios,stranded_assets_estimate_meur,SCN0084,1849.1,267.24,Recalculated as fossil-fuel exposure multiplied by high-risk exposure percentage.
BANK01,climate_risk_register,mitigation_actions,RISK-BANK01-2023-0001,Engagement and transition-plan covenants with borrowers,"Collateral revaluation, flood-zone mapping overlay and updated mortgage underwriting criteria",Aligned mitigation action to risk type.
BANK01,climate_risk_register,mitigation_actions,RISK-BANK01-2023-0002,Engagement and transition-plan covenants with borrowers,Enhanced financed-emissions disclosure controls and client engagement on transition plans,Aligned mitigation action to risk type.
BANK01,climate_risk_register,risk_rating,RISK-BANK01-2023-0002,high,critical,Recalculated from likelihood_score * severity_score using the stated 5x5 risk matrix.
BANK01,climate_risk_register,mitigation_actions,RISK-BANK01-2023-0003,Green retrofit financing incentives,"Sector exposure limits, enhanced due diligence and portfolio decarbonisation glide-path monitoring",Aligned mitigation action to risk type.
BANK01,climate_risk_register,mitigation_actions,RISK-BANK01-2023-0004,Sector exposure limits and enhanced due diligence,"Sector exposure limits, carbon-cost sensitivity analysis and enhanced due diligence",Aligned mitigation action to risk type.
BANK01,climate_risk_register,risk_rating,RISK-BANK01-2023-0004,high,critical,Recalculated from likelihood_score * severity_score using the stated 5x5 risk matrix.
BANK01,climate_risk_register,mitigation_actions,RISK-BANK01-2023-0005,Portfolio decarbonisation glide-path monitoring,"Technology transition monitoring, sector concentration limits and client transition-plan engagement",Aligned mitigation action to risk type.
BANK01,climate_risk_register,mitigation_actions,RISK-BANK01-2023-0006,Green retrofit financing incentives,"Wildfire hazard mapping, collateral revaluation and borrower resilience engagement",Aligned mitigation action to risk type.
BANK01,climate_risk_register,risk_rating,RISK-BANK01-2023-0006,medium,high,Recalculated from likelihood_score * severity_score using the stated 5x5 risk matrix.
BANK01,climate_risk_register,mitigation_actions,RISK-BANK01-2023-0007,Portfolio decarbonisation glide-path monitoring,"Sector exposure limits, carbon-cost sensitivity analysis and enhanced due diligence",Aligned mitigation action to risk type.
BANK01,climate_risk_register,risk_rating,RISK-BANK01-2023-0007,medium,high,Recalculated from likelihood_score * severity_score using the stated 5x5 risk matrix.
BANK01,climate_risk_register,mitigation_actions,RISK-BANK01-2023-0008,Sector exposure limits and enhanced due diligence,"Climate scenario stress testing, sector monitoring and borrower adaptation engagement",Aligned mitigation action to risk type.
BANK01,climate_risk_register,risk_rating,RISK-BANK01-2023-0008,high,critical,Recalculated from likelihood_score * severity_score using the stated 5x5 risk matrix.
BANK01,climate_risk_register,mitigation_actions,RISK-BANK01-2024-0001,Engagement and transition-plan covenants with borrowers,"Collateral revaluation, flood-zone mapping overlay and updated mortgage underwriting criteria",Aligned mitigation action to risk type.
BANK01,climate_risk_register,risk_rating,RISK-BANK01-2024-0001,high,critical,Recalculated from likelihood_score * severity_score using the stated 5x5 risk matrix.
BANK01,climate_risk_register,mitigation_actions,RISK-BANK01-2024-0002,Green retrofit financing incentives,"Sector exposure limits, carbon-cost sensitivity analysis and enhanced due diligence",Aligned mitigation action to risk type.
BANK01,climate_risk_register,risk_rating,RISK-BANK01-2024-0002,medium,high,Recalculated from likelihood_score * severity_score using the stated 5x5 risk matrix.
BANK01,climate_risk_register,mitigation_actions,RISK-BANK01-2024-0003,Climate scenario stress testing integrated into ICAAP,"Climate scenario stress testing, sector monitoring and borrower adaptation engagement",Aligned mitigation action to risk type.
BANK01,climate_risk_register,risk_rating,RISK-BANK01-2024-0003,medium,high,Recalculated from likelihood_score * severity_score using the stated 5x5 risk matrix.
BANK01,climate_risk_register,mitigation_actions,RISK-BANK01-2024-0004,Collateral revaluation and flood mapping overlay,"Wildfire hazard mapping, collateral revaluation and borrower resilience engagement",Aligned mitigation action to risk type.
BANK01,climate_risk_register,risk_rating,RISK-BANK01-2024-0004,medium,high,Recalculated from likelihood_score * severity_score using the stated 5x5 risk matrix.
BANK01,climate_risk_register,mitigation_actions,RISK-BANK01-2024-0005,Collateral revaluation and flood mapping overlay,"Sector exposure limits, enhanced due diligence and portfolio decarbonisation glide-path monitoring",Aligned mitigation action to risk type.
BANK01,climate_risk_register,risk_rating,RISK-BANK01-2024-0005,high,critical,Recalculated from likelihood_score * severity_score using the stated 5x5 risk matrix.
BANK01,climate_risk_register,mitigation_actions,RISK-BANK01-2024-0006,Climate scenario stress testing integrated into ICAAP,"Technology transition monitoring, sector concentration limits and client transition-plan engagement",Aligned mitigation action to risk type.
BANK01,climate_risk_register,risk_rating,RISK-BANK01-2024-0006,high,critical,Recalculated from likelihood_score * severity_score using the stated 5x5 risk matrix.
BANK01,climate_risk_register,mitigation_actions,RISK-BANK01-2024-0007,Portfolio decarbonisation glide-path monitoring,Enhanced financed-emissions disclosure controls and client engagement on transition plans,Aligned mitigation action to risk type.
BANK01,climate_risk_register,risk_rating,RISK-BANK01-2024-0007,medium,high,Recalculated from likelihood_score * severity_score using the stated 5x5 risk matrix.
BANK01,climate_risk_register,mitigation_actions,RISK-BANK01-2024-0008,Sector exposure limits and enhanced due diligence,"Sector exposure limits, carbon-cost sensitivity analysis and enhanced due diligence",Aligned mitigation action to risk type.
BANK01,climate_risk_register,risk_rating,RISK-BANK01-2024-0008,high,critical,Recalculated from likelihood_score * severity_score using the stated 5x5 risk matrix.
BANK02,climate_risk_register,mitigation_actions,RISK-BANK02-2023-0001,Collateral revaluation and flood mapping overlay,"Sector exposure limits, carbon-cost sensitivity analysis and enhanced due diligence",Aligned mitigation action to risk type.
BANK02,climate_risk_register,risk_rating,RISK-BANK02-2023-0001,medium,high,Recalculated from likelihood_score * severity_score using the stated 5x5 risk matrix.
BANK02,climate_risk_register,mitigation_actions,RISK-BANK02-2023-0002,Engagement and transition-plan covenants with borrowers,"Climate scenario stress testing, sector monitoring and borrower adaptation engagement",Aligned mitigation action to risk type.
BANK02,climate_risk_register,risk_rating,RISK-BANK02-2023-0002,high,critical,Recalculated from likelihood_score * severity_score using the stated 5x5 risk matrix.
BANK02,climate_risk_register,mitigation_actions,RISK-BANK02-2023-0003,Portfolio decarbonisation glide-path monitoring,"Wildfire hazard mapping, collateral revaluation and borrower resilience engagement",Aligned mitigation action to risk type.
BANK02,climate_risk_register,risk_rating,RISK-BANK02-2023-0003,medium,high,Recalculated from likelihood_score * severity_score using the stated 5x5 risk matrix.
BANK02,climate_risk_register,mitigation_actions,RISK-BANK02-2023-0004,Portfolio decarbonisation glide-path monitoring,"Sector exposure limits, carbon-cost sensitivity analysis and enhanced due diligence",Aligned mitigation action to risk type.
BANK02,climate_risk_register,risk_rating,RISK-BANK02-2023-0004,high,critical,Recalculated from likelihood_score * severity_score using the stated 5x5 risk matrix.
BANK02,climate_risk_register,mitigation_actions,RISK-BANK02-2023-0005,Green retrofit financing incentives,Enhanced financed-emissions disclosure controls and client engagement on transition plans,Aligned mitigation action to risk type.
BANK02,climate_risk_register,risk_rating,RISK-BANK02-2023-0005,high,critical,Recalculated from likelihood_score * severity_score using the stated 5x5 risk matrix.
BANK02,climate_risk_register,mitigation_actions,RISK-BANK02-2023-0006,Collateral revaluation and flood mapping overlay,"Technology transition monitoring, sector concentration limits and client transition-plan engagement",Aligned mitigation action to risk type.
BANK02,climate_risk_register,risk_rating,RISK-BANK02-2023-0006,medium,high,Recalculated from likelihood_score * severity_score using the stated 5x5 risk matrix.
BANK02,climate_risk_register,mitigation_actions,RISK-BANK02-2023-0007,Portfolio decarbonisation glide-path monitoring,"Sector exposure limits, enhanced due diligence and portfolio decarbonisation glide-path monitoring",Aligned mitigation action to risk type.
BANK02,climate_risk_register,mitigation_actions,RISK-BANK02-2023-0008,Climate scenario stress testing integrated into ICAAP,"Collateral revaluation, flood-zone mapping overlay and updated mortgage underwriting criteria",Aligned mitigation action to risk type.
BANK02,climate_risk_register,risk_rating,RISK-BANK02-2023-0008,medium,high,Recalculated from likelihood_score * severity_score using the stated 5x5 risk matrix.
BANK02,climate_risk_register,mitigation_actions,RISK-BANK02-2024-0001,Engagement and transition-plan covenants with borrowers,"Climate scenario stress testing, sector monitoring and borrower adaptation engagement",Aligned mitigation action to risk type.
BANK02,climate_risk_register,risk_rating,RISK-BANK02-2024-0001,high,critical,Recalculated from likelihood_score * severity_score using the stated 5x5 risk matrix.
BANK02,climate_risk_register,mitigation_actions,RISK-BANK02-2024-0002,Sector exposure limits and enhanced due diligence,"Wildfire hazard mapping, collateral revaluation and borrower resilience engagement",Aligned mitigation action to risk type.
BANK02,climate_risk_register,risk_rating,RISK-BANK02-2024-0002,high,critical,Recalculated from likelihood_score * severity_score using the stated 5x5 risk matrix.
BANK02,climate_risk_register,mitigation_actions,RISK-BANK02-2024-0003,Sector exposure limits and enhanced due diligence,"Sector exposure limits, carbon-cost sensitivity analysis and enhanced due diligence",Aligned mitigation action to risk type.
BANK02,climate_risk_register,risk_rating,RISK-BANK02-2024-0003,medium,high,Recalculated from likelihood_score * severity_score using the stated 5x5 risk matrix.
BANK02,climate_risk_register,mitigation_actions,RISK-BANK02-2024-0004,Portfolio decarbonisation glide-path monitoring,Enhanced financed-emissions disclosure controls and client engagement on transition plans,Aligned mitigation action to risk type.
BANK02,climate_risk_register,risk_rating,RISK-BANK02-2024-0004,high,critical,Recalculated from likelihood_score * severity_score using the stated 5x5 risk matrix.
BANK02,climate_risk_register,mitigation_actions,RISK-BANK02-2024-0005,Portfolio decarbonisation glide-path monitoring,"Collateral revaluation, flood-zone mapping overlay and updated mortgage underwriting criteria",Aligned mitigation action to risk type.
BANK02,climate_risk_register,risk_rating,RISK-BANK02-2024-0005,high,critical,Recalculated from likelihood_score * severity_score using the stated 5x5 risk matrix.
BANK02,climate_risk_register,mitigation_actions,RISK-BANK02-2024-0006,Climate scenario stress testing integrated into ICAAP,"Sector exposure limits, enhanced due diligence and portfolio decarbonisation glide-path monitoring",Aligned mitigation action to risk type.
BANK02,climate_risk_register,mitigation_actions,RISK-BANK02-2024-0007,Sector exposure limits and enhanced due diligence,"Technology transition monitoring, sector concentration limits and client transition-plan engagement",Aligned mitigation action to risk type.
BANK02,climate_risk_register,risk_rating,RISK-BANK02-2024-0007,medium,high,Recalculated from likelihood_score * severity_score using the stated 5x5 risk matrix.
BANK02,climate_risk_register,mitigation_actions,RISK-BANK02-2024-0008,Portfolio decarbonisation glide-path monitoring,"Sector exposure limits, carbon-cost sensitivity analysis and enhanced due diligence",Aligned mitigation action to risk type.
BANK02,climate_risk_register,risk_rating,RISK-BANK02-2024-0008,high,critical,Recalculated from likelihood_score * severity_score using the stated 5x5 risk matrix.
BANK03,climate_risk_register,mitigation_actions,RISK-BANK03-2023-0001,Green retrofit financing incentives,"Wildfire hazard mapping, collateral revaluation and borrower resilience engagement",Aligned mitigation action to risk type.
BANK03,climate_risk_register,risk_rating,RISK-BANK03-2023-0001,high,critical,Recalculated from likelihood_score * severity_score using the stated 5x5 risk matrix.
BANK03,climate_risk_register,mitigation_actions,RISK-BANK03-2023-0002,Collateral revaluation and flood mapping overlay,"Sector exposure limits, carbon-cost sensitivity analysis and enhanced due diligence",Aligned mitigation action to risk type.
BANK03,climate_risk_register,risk_rating,RISK-BANK03-2023-0002,medium,high,Recalculated from likelihood_score * severity_score using the stated 5x5 risk matrix.
BANK03,climate_risk_register,mitigation_actions,RISK-BANK03-2023-0003,Portfolio decarbonisation glide-path monitoring,"Collateral revaluation, flood-zone mapping overlay and updated mortgage underwriting criteria",Aligned mitigation action to risk type.
BANK03,climate_risk_register,risk_rating,RISK-BANK03-2023-0003,high,critical,Recalculated from likelihood_score * severity_score using the stated 5x5 risk matrix.
BANK03,climate_risk_register,mitigation_actions,RISK-BANK03-2023-0004,Sector exposure limits and enhanced due diligence,"Sector exposure limits, carbon-cost sensitivity analysis and enhanced due diligence",Aligned mitigation action to risk type.
BANK03,climate_risk_register,risk_rating,RISK-BANK03-2023-0004,medium,high,Recalculated from likelihood_score * severity_score using the stated 5x5 risk matrix.
BANK03,climate_risk_register,mitigation_actions,RISK-BANK03-2023-0005,Sector exposure limits and enhanced due diligence,"Sector exposure limits, enhanced due diligence and portfolio decarbonisation glide-path monitoring",Aligned mitigation action to risk type.
BANK03,climate_risk_register,mitigation_actions,RISK-BANK03-2023-0006,Climate scenario stress testing integrated into ICAAP,"Technology transition monitoring, sector concentration limits and client transition-plan engagement",Aligned mitigation action to risk type.
BANK03,climate_risk_register,risk_rating,RISK-BANK03-2023-0006,medium,high,Recalculated from likelihood_score * severity_score using the stated 5x5 risk matrix.
BANK03,climate_risk_register,mitigation_actions,RISK-BANK03-2023-0007,Collateral revaluation and flood mapping overlay,Enhanced financed-emissions disclosure controls and client engagement on transition plans,Aligned mitigation action to risk type.
BANK03,climate_risk_register,risk_rating,RISK-BANK03-2023-0007,medium,high,Recalculated from likelihood_score * severity_score using the stated 5x5 risk matrix.
BANK03,climate_risk_register,mitigation_actions,RISK-BANK03-2023-0008,Engagement and transition-plan covenants with borrowers,"Climate scenario stress testing, sector monitoring and borrower adaptation engagement",Aligned mitigation action to risk type.
BANK03,climate_risk_register,risk_rating,RISK-BANK03-2023-0008,high,critical,Recalculated from likelihood_score * severity_score using the stated 5x5 risk matrix.
BANK03,climate_risk_register,mitigation_actions,RISK-BANK03-2024-0001,Engagement and transition-plan covenants with borrowers,Enhanced financed-emissions disclosure controls and client engagement on transition plans,Aligned mitigation action to risk type.
BANK03,climate_risk_register,risk_rating,RISK-BANK03-2024-0001,high,critical,Recalculated from likelihood_score * severity_score using the stated 5x5 risk matrix.
BANK03,climate_risk_register,mitigation_actions,RISK-BANK03-2024-0002,Green retrofit financing incentives,"Sector exposure limits, carbon-cost sensitivity analysis and enhanced due diligence",Aligned mitigation action to risk type.
BANK03,climate_risk_register,risk_rating,RISK-BANK03-2024-0002,medium,high,Recalculated from likelihood_score * severity_score using the stated 5x5 risk matrix.
BANK03,climate_risk_register,mitigation_actions,RISK-BANK03-2024-0003,Collateral revaluation and flood mapping overlay,"Sector exposure limits, carbon-cost sensitivity analysis and enhanced due diligence",Aligned mitigation action to risk type.
BANK03,climate_risk_register,risk_rating,RISK-BANK03-2024-0003,medium,high,Recalculated from likelihood_score * severity_score using the stated 5x5 risk matrix.
BANK03,climate_risk_register,mitigation_actions,RISK-BANK03-2024-0004,Portfolio decarbonisation glide-path monitoring,"Wildfire hazard mapping, collateral revaluation and borrower resilience engagement",Aligned mitigation action to risk type.
BANK03,climate_risk_register,risk_rating,RISK-BANK03-2024-0004,high,critical,Recalculated from likelihood_score * severity_score using the stated 5x5 risk matrix.
BANK03,climate_risk_register,mitigation_actions,RISK-BANK03-2024-0005,Collateral revaluation and flood mapping overlay,"Technology transition monitoring, sector concentration limits and client transition-plan engagement",Aligned mitigation action to risk type.
BANK03,climate_risk_register,risk_rating,RISK-BANK03-2024-0005,high,critical,Recalculated from likelihood_score * severity_score using the stated 5x5 risk matrix.
BANK03,climate_risk_register,mitigation_actions,RISK-BANK03-2024-0006,Sector exposure limits and enhanced due diligence,"Climate scenario stress testing, sector monitoring and borrower adaptation engagement",Aligned mitigation action to risk type.
BANK03,climate_risk_register,risk_rating,RISK-BANK03-2024-0006,medium,high,Recalculated from likelihood_score * severity_score using the stated 5x5 risk matrix.
BANK03,climate_risk_register,mitigation_actions,RISK-BANK03-2024-0007,Portfolio decarbonisation glide-path monitoring,"Sector exposure limits, enhanced due diligence and portfolio decarbonisation glide-path monitoring",Aligned mitigation action to risk type.
BANK03,climate_risk_register,risk_rating,RISK-BANK03-2024-0007,high,critical,Recalculated from likelihood_score * severity_score using the stated 5x5 risk matrix.
BANK03,climate_risk_register,mitigation_actions,RISK-BANK03-2024-0008,Engagement and transition-plan covenants with borrowers,"Collateral revaluation, flood-zone mapping overlay and updated mortgage underwriting criteria",Aligned mitigation action to risk type.
BANK03,climate_risk_register,risk_rating,RISK-BANK03-2024-0008,high,critical,Recalculated from likelihood_score * severity_score using the stated 5x5 risk matrix.
BANK04,climate_risk_register,mitigation_actions,RISK-BANK04-2023-0001,Climate scenario stress testing integrated into ICAAP,"Climate scenario stress testing, sector monitoring and borrower adaptation engagement",Aligned mitigation action to risk type.
BANK04,climate_risk_register,risk_rating,RISK-BANK04-2023-0001,high,critical,Recalculated from likelihood_score * severity_score using the stated 5x5 risk matrix.
BANK04,climate_risk_register,mitigation_actions,RISK-BANK04-2023-0002,Climate scenario stress testing integrated into ICAAP,"Wildfire hazard mapping, collateral revaluation and borrower resilience engagement",Aligned mitigation action to risk type.
BANK04,climate_risk_register,risk_rating,RISK-BANK04-2023-0002,medium,high,Recalculated from likelihood_score * severity_score using the stated 5x5 risk matrix.
BANK04,climate_risk_register,mitigation_actions,RISK-BANK04-2023-0003,Collateral revaluation and flood mapping overlay,"Sector exposure limits, enhanced due diligence and portfolio decarbonisation glide-path monitoring",Aligned mitigation action to risk type.
BANK04,climate_risk_register,risk_rating,RISK-BANK04-2023-0003,medium,high,Recalculated from likelihood_score * severity_score using the stated 5x5 risk matrix.
BANK04,climate_risk_register,mitigation_actions,RISK-BANK04-2023-0004,Portfolio decarbonisation glide-path monitoring,Enhanced financed-emissions disclosure controls and client engagement on transition plans,Aligned mitigation action to risk type.
BANK04,climate_risk_register,risk_rating,RISK-BANK04-2023-0004,medium,high,Recalculated from likelihood_score * severity_score using the stated 5x5 risk matrix.
BANK04,climate_risk_register,mitigation_actions,RISK-BANK04-2023-0005,Portfolio decarbonisation glide-path monitoring,"Sector exposure limits, carbon-cost sensitivity analysis and enhanced due diligence",Aligned mitigation action to risk type.
BANK04,climate_risk_register,risk_rating,RISK-BANK04-2023-0005,medium,high,Recalculated from likelihood_score * severity_score using the stated 5x5 risk matrix.
BANK04,climate_risk_register,mitigation_actions,RISK-BANK04-2023-0006,Engagement and transition-plan covenants with borrowers,"Sector exposure limits, carbon-cost sensitivity analysis and enhanced due diligence",Aligned mitigation action to risk type.
BANK04,climate_risk_register,risk_rating,RISK-BANK04-2023-0006,medium,high,Recalculated from likelihood_score * severity_score using the stated 5x5 risk matrix.
BANK04,climate_risk_register,mitigation_actions,RISK-BANK04-2023-0007,Climate scenario stress testing integrated into ICAAP,"Collateral revaluation, flood-zone mapping overlay and updated mortgage underwriting criteria",Aligned mitigation action to risk type.
BANK04,climate_risk_register,risk_rating,RISK-BANK04-2023-0007,medium,high,Recalculated from likelihood_score * severity_score using the stated 5x5 risk matrix.
BANK04,climate_risk_register,mitigation_actions,RISK-BANK04-2023-0008,Green retrofit financing incentives,"Technology transition monitoring, sector concentration limits and client transition-plan engagement",Aligned mitigation action to risk type.
BANK04,climate_risk_register,mitigation_actions,RISK-BANK04-2024-0001,Collateral revaluation and flood mapping overlay,"Sector exposure limits, enhanced due diligence and portfolio decarbonisation glide-path monitoring",Aligned mitigation action to risk type.
BANK04,climate_risk_register,mitigation_actions,RISK-BANK04-2024-0002,Collateral revaluation and flood mapping overlay,"Technology transition monitoring, sector concentration limits and client transition-plan engagement",Aligned mitigation action to risk type.
BANK04,climate_risk_register,risk_rating,RISK-BANK04-2024-0002,medium,high,Recalculated from likelihood_score * severity_score using the stated 5x5 risk matrix.
BANK04,climate_risk_register,mitigation_actions,RISK-BANK04-2024-0003,Portfolio decarbonisation glide-path monitoring,"Climate scenario stress testing, sector monitoring and borrower adaptation engagement",Aligned mitigation action to risk type.
BANK04,climate_risk_register,risk_rating,RISK-BANK04-2024-0003,medium,high,Recalculated from likelihood_score * severity_score using the stated 5x5 risk matrix.
BANK04,climate_risk_register,mitigation_actions,RISK-BANK04-2024-0004,Sector exposure limits and enhanced due diligence,"Sector exposure limits, carbon-cost sensitivity analysis and enhanced due diligence",Aligned mitigation action to risk type.
BANK04,climate_risk_register,risk_rating,RISK-BANK04-2024-0004,medium,high,Recalculated from likelihood_score * severity_score using the stated 5x5 risk matrix.
BANK04,climate_risk_register,mitigation_actions,RISK-BANK04-2024-0005,Green retrofit financing incentives,"Collateral revaluation, flood-zone mapping overlay and updated mortgage underwriting criteria",Aligned mitigation action to risk type.
BANK04,climate_risk_register,mitigation_actions,RISK-BANK04-2024-0006,Green retrofit financing incentives,"Wildfire hazard mapping, collateral revaluation and borrower resilience engagement",Aligned mitigation action to risk type.
BANK04,climate_risk_register,risk_rating,RISK-BANK04-2024-0006,high,critical,Recalculated from likelihood_score * severity_score using the stated 5x5 risk matrix.
BANK04,climate_risk_register,mitigation_actions,RISK-BANK04-2024-0007,Engagement and transition-plan covenants with borrowers,Enhanced financed-emissions disclosure controls and client engagement on transition plans,Aligned mitigation action to risk type.
BANK04,climate_risk_register,risk_rating,RISK-BANK04-2024-0007,medium,high,Recalculated from likelihood_score * severity_score using the stated 5x5 risk matrix.
BANK04,climate_risk_register,mitigation_actions,RISK-BANK04-2024-0008,Portfolio decarbonisation glide-path monitoring,"Sector exposure limits, carbon-cost sensitivity analysis and enhanced due diligence",Aligned mitigation action to risk type.
BANK05,climate_risk_register,mitigation_actions,RISK-BANK05-2023-0001,Climate scenario stress testing integrated into ICAAP,"Collateral revaluation, flood-zone mapping overlay and updated mortgage underwriting criteria",Aligned mitigation action to risk type.
BANK05,climate_risk_register,risk_rating,RISK-BANK05-2023-0001,low,medium,Recalculated from likelihood_score * severity_score using the stated 5x5 risk matrix.
BANK05,climate_risk_register,mitigation_actions,RISK-BANK05-2023-0002,Green retrofit financing incentives,"Sector exposure limits, enhanced due diligence and portfolio decarbonisation glide-path monitoring",Aligned mitigation action to risk type.
BANK05,climate_risk_register,risk_rating,RISK-BANK05-2023-0002,low,medium,Recalculated from likelihood_score * severity_score using the stated 5x5 risk matrix.
BANK05,climate_risk_register,mitigation_actions,RISK-BANK05-2023-0003,Portfolio decarbonisation glide-path monitoring,Enhanced financed-emissions disclosure controls and client engagement on transition plans,Aligned mitigation action to risk type.
BANK05,climate_risk_register,risk_rating,RISK-BANK05-2023-0003,high,critical,Recalculated from likelihood_score * severity_score using the stated 5x5 risk matrix.
BANK05,climate_risk_register,mitigation_actions,RISK-BANK05-2023-0004,Sector exposure limits and enhanced due diligence,"Wildfire hazard mapping, collateral revaluation and borrower resilience engagement",Aligned mitigation action to risk type.
BANK05,climate_risk_register,risk_rating,RISK-BANK05-2023-0004,high,critical,Recalculated from likelihood_score * severity_score using the stated 5x5 risk matrix.
BANK05,climate_risk_register,mitigation_actions,RISK-BANK05-2023-0005,Portfolio decarbonisation glide-path monitoring,"Technology transition monitoring, sector concentration limits and client transition-plan engagement",Aligned mitigation action to risk type.
BANK05,climate_risk_register,risk_rating,RISK-BANK05-2023-0005,medium,high,Recalculated from likelihood_score * severity_score using the stated 5x5 risk matrix.
BANK05,climate_risk_register,mitigation_actions,RISK-BANK05-2023-0006,Sector exposure limits and enhanced due diligence,"Climate scenario stress testing, sector monitoring and borrower adaptation engagement",Aligned mitigation action to risk type.
BANK05,climate_risk_register,risk_rating,RISK-BANK05-2023-0006,medium,high,Recalculated from likelihood_score * severity_score using the stated 5x5 risk matrix.
BANK05,climate_risk_register,mitigation_actions,RISK-BANK05-2023-0007,Sector exposure limits and enhanced due diligence,"Sector exposure limits, carbon-cost sensitivity analysis and enhanced due diligence",Aligned mitigation action to risk type.
BANK05,climate_risk_register,risk_rating,RISK-BANK05-2023-0007,medium,high,Recalculated from likelihood_score * severity_score using the stated 5x5 risk matrix.
BANK05,climate_risk_register,mitigation_actions,RISK-BANK05-2023-0008,Climate scenario stress testing integrated into ICAAP,"Sector exposure limits, carbon-cost sensitivity analysis and enhanced due diligence",Aligned mitigation action to risk type.
BANK05,climate_risk_register,risk_rating,RISK-BANK05-2023-0008,medium,high,Recalculated from likelihood_score * severity_score using the stated 5x5 risk matrix.
BANK05,climate_risk_register,mitigation_actions,RISK-BANK05-2024-0001,Climate scenario stress testing integrated into ICAAP,"Wildfire hazard mapping, collateral revaluation and borrower resilience engagement",Aligned mitigation action to risk type.
BANK05,climate_risk_register,risk_rating,RISK-BANK05-2024-0001,high,critical,Recalculated from likelihood_score * severity_score using the stated 5x5 risk matrix.
BANK05,climate_risk_register,mitigation_actions,RISK-BANK05-2024-0002,Engagement and transition-plan covenants with borrowers,"Sector exposure limits, carbon-cost sensitivity analysis and enhanced due diligence",Aligned mitigation action to risk type.
BANK05,climate_risk_register,risk_rating,RISK-BANK05-2024-0002,low,medium,Recalculated from likelihood_score * severity_score using the stated 5x5 risk matrix.
BANK05,climate_risk_register,mitigation_actions,RISK-BANK05-2024-0003,Climate scenario stress testing integrated into ICAAP,Enhanced financed-emissions disclosure controls and client engagement on transition plans,Aligned mitigation action to risk type.
BANK05,climate_risk_register,risk_rating,RISK-BANK05-2024-0003,medium,high,Recalculated from likelihood_score * severity_score using the stated 5x5 risk matrix.
BANK05,climate_risk_register,mitigation_actions,RISK-BANK05-2024-0004,Green retrofit financing incentives,"Collateral revaluation, flood-zone mapping overlay and updated mortgage underwriting criteria",Aligned mitigation action to risk type.
BANK05,climate_risk_register,risk_rating,RISK-BANK05-2024-0004,low,medium,Recalculated from likelihood_score * severity_score using the stated 5x5 risk matrix.
BANK05,climate_risk_register,mitigation_actions,RISK-BANK05-2024-0005,Green retrofit financing incentives,"Sector exposure limits, carbon-cost sensitivity analysis and enhanced due diligence",Aligned mitigation action to risk type.
BANK05,climate_risk_register,risk_rating,RISK-BANK05-2024-0005,medium,high,Recalculated from likelihood_score * severity_score using the stated 5x5 risk matrix.
BANK05,climate_risk_register,mitigation_actions,RISK-BANK05-2024-0006,Collateral revaluation and flood mapping overlay,"Technology transition monitoring, sector concentration limits and client transition-plan engagement",Aligned mitigation action to risk type.
BANK05,climate_risk_register,risk_rating,RISK-BANK05-2024-0006,medium,high,Recalculated from likelihood_score * severity_score using the stated 5x5 risk matrix.
BANK05,climate_risk_register,mitigation_actions,RISK-BANK05-2024-0007,Sector exposure limits and enhanced due diligence,"Sector exposure limits, enhanced due diligence and portfolio decarbonisation glide-path monitoring",Aligned mitigation action to risk type.
BANK05,climate_risk_register,risk_rating,RISK-BANK05-2024-0007,medium,high,Recalculated from likelihood_score * severity_score using the stated 5x5 risk matrix.
BANK05,climate_risk_register,mitigation_actions,RISK-BANK05-2024-0008,Climate scenario stress testing integrated into ICAAP,"Climate scenario stress testing, sector monitoring and borrower adaptation engagement",Aligned mitigation action to risk type.
BANK05,climate_risk_register,risk_rating,RISK-BANK05-2024-0008,medium,high,Recalculated from likelihood_score * severity_score using the stated 5x5 risk matrix.
