standard,paragraph_id,core_area,heading,text,source_document,source_markdown,order_index,is_appendix,source_hash,raw_block
IFRS_S1,1,Strategy,Unknown,"**The objective of IFRS S1** _**General Requirements for Disclosure of Sustainabilityrelated Financial Information**_ **is to require an entity to disclose information about its sustainability-related risks and opportunities that is useful to** _**primary users of general purpose financial reports**_ **in making decisions relating to providing resources to the entity.**[1]

- 2 Information about sustainability-related risks and opportunities is useful to primary users because an entity ’ s ability to generate cash flows over the short, medium and long term is inextricably linked to the interactions between the entity and its stakeholders, society, the economy and the natural environment throughout the entity ’ s _value chain_ . Together, the entity and the resources and relationships throughout its value chain form an interdependent system in which the entity operates. The entity ’ s dependencies on those resources and relationships and its impacts on those resources and relationships give rise to sustainability-related risks and opportunities for the entity.

- 3 **This Standard requires an entity to disclose information about all sustainability-related risks and opportunities that could reasonably be expected to affect the entity** ’ **s cash flows, its access to finance or cost of capital over the short, medium or long term. For the purposes of this Standard, these risks and opportunities are collectively referred to as** ‘ **sustainability-related risks and opportunities that could reasonably be** ’ ’

- **expected to affect the entity s prospects .**

- 4 This Standard also prescribes how an entity prepares and reports its _sustainability-related financial disclosures_ . It sets out general requirements for the content and presentation of those disclosures so that the information disclosed is useful to primary users in making decisions relating to providing resources to the entity.

## **Scope**

- 5 **An entity shall apply this Standard in preparing and reporting sustainability-related financial disclosures in accordance with** _**IFRS Sustainability Disclosure Standards**_ **.**

- 6 Sustainability-related risks and opportunities that could not reasonably be expected to affect an entity ’ s prospects are outside the scope of this Standard.

- 7 Other IFRS Sustainability Disclosure Standards specify information an entity is required to disclose about specific sustainability-related risks and opportunities.

> 1 Throughout this Standard, the terms ‘ primary users ’ and ‘ users ’ are used interchangeably, with the same meaning.

© IFRS Foundation

6

## IFRS SUSTAINABILITY DISCLOSURE STANDARDS",c:\Users\BV426BP\Documents\IFRS Data\Reporting-Data-\notebooks\gen_data\IFRS\ifrs_s1.pdf,c:\Users\BV426BP\Documents\IFRS Data\Reporting-Data-\notebooks\ifrs_outputs\ifrs_disclosures\ifrs_s1.md,0,False,8fff2248ec27d782,"1 **The objective of IFRS S1** _**General Requirements for Disclosure of Sustainabilityrelated Financial Information**_ **is to require an entity to disclose information about its sustainability-related risks and opportunities that is useful to** _**primary users of general purpose financial reports**_ **in making decisions relating to providing resources to the entity.**[1] 

- 2 Information about sustainability-related risks and opportunities is useful to primary users because an entity ’ s ability to generate cash flows over the short, medium and long term is inextricably linked to the interactions between the entity and its stakeholders, society, the economy and the natural environment throughout the entity ’ s _value chain_ . Together, the entity and the resources and relationships throughout its value chain form an interdependent system in which the entity operates. The entity ’ s dependencies on those resources and relationships and its impacts on those resources and relationships give rise to sustainability-related risks and opportunities for the entity. 

- 3 **This Standard requires an entity to disclose information about all sustainability-related risks and opportunities that could reasonably be expected to affect the entity** ’ **s cash flows, its access to finance or cost of capital over the short, medium or long term. For the purposes of this Standard, these risks and opportunities are collectively referred to as** ‘ **sustainability-related risks and opportunities that could reasonably be** ’ ’ 

- **expected to affect the entity s prospects .** 

- 4 This Standard also prescribes how an entity prepares and reports its _sustainability-related financial disclosures_ . It sets out general requirements for the content and presentation of those disclosures so that the information disclosed is useful to primary users in making decisions relating to providing resources to the entity. 

## **Scope** 

- 5 **An entity shall apply this Standard in preparing and reporting sustainability-related financial disclosures in accordance with** _**IFRS Sustainability Disclosure Standards**_ **.** 

- 6 Sustainability-related risks and opportunities that could not reasonably be expected to affect an entity ’ s prospects are outside the scope of this Standard. 

- 7 Other IFRS Sustainability Disclosure Standards specify information an entity is required to disclose about specific sustainability-related risks and opportunities. 

> 1 Throughout this Standard, the terms ‘ primary users ’ and ‘ users ’ are used interchangeably, with the same meaning. 

© IFRS Foundation 

6 

## IFRS SUSTAINABILITY DISCLOSURE STANDARDS"
IFRS_S1,13,General Requirements,Unknown,"**Fair presentation requires disclosure of relevant information about sustainability-related risks and opportunities that could reasonably be expected to affect the entity** ’ **s prospects, and their faithful representation in accordance with the principles set out in this Standard. To achieve faithful representation, an entity shall provide a complete, neutral and accurate depiction of those sustainability-related risks and opportunities.**",c:\Users\BV426BP\Documents\IFRS Data\Reporting-Data-\notebooks\gen_data\IFRS\ifrs_s1.pdf,c:\Users\BV426BP\Documents\IFRS Data\Reporting-Data-\notebooks\ifrs_outputs\ifrs_disclosures\ifrs_s1.md,5,False,6cbceb363569176c,"13 **Fair presentation requires disclosure of relevant information about sustainability-related risks and opportunities that could reasonably be expected to affect the entity** ’ **s prospects, and their faithful representation in accordance with the principles set out in this Standard. To achieve faithful representation, an entity shall provide a complete, neutral and accurate depiction of those sustainability-related risks and opportunities.**"
IFRS_S1,14,Risk Management,Unknown,"Materiality is an entity-specific aspect of relevance based on the nature or magnitude, or both, of the items to which the information relates, in the context of the entity ’ s sustainability-related financial disclosures.

- 15

Fair presentation also requires an entity:

- (a) to disclose information that is comparable, verifiable, timely and understandable; and

- (b) to disclose additional information if compliance with the specifically applicable requirements in IFRS Sustainability Disclosure Standards is insufficient to enable _users of general purpose financial reports_ to understand the effects of sustainability-related risks and opportunities

© IFRS Foundation

7

## IFRS S1 GENERAL REQUIREMENTS FOR DISCLOSURE OF SUSTAINABILITYRELATED FINANCIAL INFORMATION — JUNE 2023

on the entity ’ s cash flows, its access to finance and cost of capital over the short, medium and long term.

- 16 Applying IFRS Sustainability Disclosure Standards, with additional information disclosed when necessary (see paragraph 15(b)), is presumed to result in sustainability-related financial disclosures that achieve fair presentation.

## **Materiality**

- 17 **An entity shall disclose** _**material information**_ **about the sustainability-related risks and opportunities that could reasonably be expected to affect the entity** ’ **s prospects.**

- 18 **In the context of sustainability-related financial disclosures, information is material if omitting, misstating or obscuring that information could reasonably be expected to influence decisions that primary users of general purpose financial reports make on the basis of those reports, which include financial statements and sustainability-related financial disclosures and which provide information about a specific** _**reporting entity**_ **.**

- 19 To identify and disclose material information, an entity shall apply paragraphs B13 – B37.

## **Reporting entity**",c:\Users\BV426BP\Documents\IFRS Data\Reporting-Data-\notebooks\gen_data\IFRS\ifrs_s1.pdf,c:\Users\BV426BP\Documents\IFRS Data\Reporting-Data-\notebooks\ifrs_outputs\ifrs_disclosures\ifrs_s1.md,6,False,fdd827b89bf04195,"14 Materiality is an entity-specific aspect of relevance based on the nature or magnitude, or both, of the items to which the information relates, in the context of the entity ’ s sustainability-related financial disclosures. 

- 15 

Fair presentation also requires an entity: 

- (a) to disclose information that is comparable, verifiable, timely and understandable; and 

- (b) to disclose additional information if compliance with the specifically applicable requirements in IFRS Sustainability Disclosure Standards is insufficient to enable _users of general purpose financial reports_ to understand the effects of sustainability-related risks and opportunities 

© IFRS Foundation 

7 

## IFRS S1 GENERAL REQUIREMENTS FOR DISCLOSURE OF SUSTAINABILITYRELATED FINANCIAL INFORMATION — JUNE 2023 

on the entity ’ s cash flows, its access to finance and cost of capital over the short, medium and long term. 

- 16 Applying IFRS Sustainability Disclosure Standards, with additional information disclosed when necessary (see paragraph 15(b)), is presumed to result in sustainability-related financial disclosures that achieve fair presentation. 

## **Materiality** 

- 17 **An entity shall disclose** _**material information**_ **about the sustainability-related risks and opportunities that could reasonably be expected to affect the entity** ’ **s prospects.** 

- 18 **In the context of sustainability-related financial disclosures, information is material if omitting, misstating or obscuring that information could reasonably be expected to influence decisions that primary users of general purpose financial reports make on the basis of those reports, which include financial statements and sustainability-related financial disclosures and which provide information about a specific** _**reporting entity**_ **.** 

- 19 To identify and disclose material information, an entity shall apply paragraphs B13 – B37. 

## **Reporting entity**"
IFRS_S1,20,Governance,Unknown,"**An entity** ’ **s sustainability-related financial disclosures shall be for the same reporting entity as the related financial statements (see paragraph B38).**

## **Connected information**

- 21 **An entity shall provide information in a manner that enables users of general purpose financial reports to understand the following types of connections:**

- **(a) the connections between the items to which the information relates** — **such as connections between various sustainability-related risks**

- **and opportunities that could reasonably be expected to affect the entity** ’ **s prospects; and**

- **(b) the connections between disclosures provided by the entity:**

- **(i) within its sustainability-related financial disclosures** — **such as connections between disclosures on governance, strategy, risk management and metrics and targets; and**

- **(ii) across its sustainability-related financial disclosures and other** _**general purpose financial reports**_ **published by the entity** — **such as its related financial statements (see paragraphs**

- **B39** – **B44).**

- 22 **An entity shall identify the financial statements to which the sustainabilityrelated financial disclosures relate.**

© IFRS Foundation

8

## IFRS SUSTAINABILITY DISCLOSURE STANDARDS",c:\Users\BV426BP\Documents\IFRS Data\Reporting-Data-\notebooks\gen_data\IFRS\ifrs_s1.pdf,c:\Users\BV426BP\Documents\IFRS Data\Reporting-Data-\notebooks\ifrs_outputs\ifrs_disclosures\ifrs_s1.md,7,False,e0ca5a312935d4f6,"20 **An entity** ’ **s sustainability-related financial disclosures shall be for the same reporting entity as the related financial statements (see paragraph B38).** 

## **Connected information** 

- 21 **An entity shall provide information in a manner that enables users of general purpose financial reports to understand the following types of connections:** 

 - **(a) the connections between the items to which the information relates** — **such as connections between various sustainability-related risks** 

 - **and opportunities that could reasonably be expected to affect the entity** ’ **s prospects; and** 

 - **(b) the connections between disclosures provided by the entity:** 

 - **(i) within its sustainability-related financial disclosures** — **such as connections between disclosures on governance, strategy, risk management and metrics and targets; and** 

 - **(ii) across its sustainability-related financial disclosures and other** _**general purpose financial reports**_ **published by the entity** — **such as its related financial statements (see paragraphs** 

 - **B39** – **B44).** 

- 22 **An entity shall identify the financial statements to which the sustainabilityrelated financial disclosures relate.** 

© IFRS Foundation 

8 

## IFRS SUSTAINABILITY DISCLOSURE STANDARDS"
IFRS_S1,24,Governance,Unknown,"**When currency is specified as the unit of measure in the sustainabilityrelated financial disclosures, the entity shall use the presentation currency of its related financial statements.**

## **Core content**

- 25 **Unless another IFRS Sustainability Disclosure Standard permits or requires otherwise in specified circumstances, an entity shall provide disclosures about:**

- **(a) governance** — **the governance processes, controls and procedures the entity uses to monitor and manage sustainability-related risks and** –

- **opportunities (see paragraphs 26 27);**

-

- **(b) strategy the approach the entity uses to manage sustainability-** –

- **related risks and opportunities (see paragraphs 28 42);**

-

- **(c) risk management the processes the entity uses to identify, assess, prioritise and monitor sustainability-related risks and opportunities** –

- **(see paragraphs 43 44); and**

- ’

- **(d) metrics and targets the entity s performance in relation to sustainability-related risks and opportunities, including progress towards any targets the entity has set or is required to meet by law** –

- **or regulation (see paragraphs 45 53).**

## **Governance**",c:\Users\BV426BP\Documents\IFRS Data\Reporting-Data-\notebooks\gen_data\IFRS\ifrs_s1.pdf,c:\Users\BV426BP\Documents\IFRS Data\Reporting-Data-\notebooks\ifrs_outputs\ifrs_disclosures\ifrs_s1.md,9,False,f4c5069ed6fa8049,"24 **When currency is specified as the unit of measure in the sustainabilityrelated financial disclosures, the entity shall use the presentation currency of its related financial statements.** 

## **Core content** 

- 25 **Unless another IFRS Sustainability Disclosure Standard permits or requires otherwise in specified circumstances, an entity shall provide disclosures about:** 

 - **(a) governance** — **the governance processes, controls and procedures the entity uses to monitor and manage sustainability-related risks and** – 

 - **opportunities (see paragraphs 26 27);** 

 - 

 - **(b) strategy the approach the entity uses to manage sustainability-** – 

 - **related risks and opportunities (see paragraphs 28 42);** 

 - 

 - **(c) risk management the processes the entity uses to identify, assess, prioritise and monitor sustainability-related risks and opportunities** – 

 - **(see paragraphs 43 44); and** 

 - ’ 

 - **(d) metrics and targets the entity s performance in relation to sustainability-related risks and opportunities, including progress towards any targets the entity has set or is required to meet by law** – 

 - **or regulation (see paragraphs 45 53).** 

## **Governance**"
IFRS_S1,27,Governance,Unknown,"To achieve this objective, an entity shall disclose information about:

- (a) the governance body(s) (which can include a board, committee or equivalent body charged with governance) or individual(s) responsible for oversight of sustainability-related risks and opportunities. Specifically, the entity shall identify that body(s) or individual(s) and disclose information about:

- (i) how responsibilities for sustainability-related risks and opportunities are reflected in the terms of reference, mandates, role descriptions and other related policies applicable to that body(s) or individual(s);

© IFRS Foundation

9

## IFRS S1 GENERAL REQUIREMENTS FOR DISCLOSURE OF SUSTAINABILITYRELATED FINANCIAL INFORMATION — JUNE 2023

- (ii) how the body(s) or individual(s) determines whether appropriate skills and competencies are available or will be developed to oversee strategies designed to respond to sustainability-related risks and opportunities;

- (iii) how and how often the body(s) or individual(s) is informed about sustainability-related risks and opportunities;

- (iv) how the body(s) or individual(s) takes into account sustainability-related risks and opportunities when overseeing the entity ’ s strategy, its decisions on major transactions and its risk management processes and related policies, including whether the body(s) or individual(s) has considered trade-offs associated with those risks and opportunities; and

- (v) how the body(s) or individual(s) oversees the setting of targets related to sustainability-related risks and opportunities, and monitors progress towards those targets (see paragraph 51), including whether and how related performance metrics are included in remuneration policies.

- (b) management ’ s role in the governance processes, controls and procedures used to monitor, manage and oversee sustainability-related risks and opportunities, including information about:

- (i) whether the role is delegated to a specific management-level position or management-level committee and how oversight is exercised over that position or committee; and

- (ii) whether management uses controls and procedures to support the oversight of sustainability-related risks and opportunities and, if so, how these controls and procedures are integrated with other internal functions.

## **Strategy**",c:\Users\BV426BP\Documents\IFRS Data\Reporting-Data-\notebooks\gen_data\IFRS\ifrs_s1.pdf,c:\Users\BV426BP\Documents\IFRS Data\Reporting-Data-\notebooks\ifrs_outputs\ifrs_disclosures\ifrs_s1.md,11,False,c9055480b2ed71f4,"27 To achieve this objective, an entity shall disclose information about: 

- (a) the governance body(s) (which can include a board, committee or equivalent body charged with governance) or individual(s) responsible for oversight of sustainability-related risks and opportunities. Specifically, the entity shall identify that body(s) or individual(s) and disclose information about: 

 - (i) how responsibilities for sustainability-related risks and opportunities are reflected in the terms of reference, mandates, role descriptions and other related policies applicable to that body(s) or individual(s); 

© IFRS Foundation 

9 

## IFRS S1 GENERAL REQUIREMENTS FOR DISCLOSURE OF SUSTAINABILITYRELATED FINANCIAL INFORMATION — JUNE 2023 

 - (ii) how the body(s) or individual(s) determines whether appropriate skills and competencies are available or will be developed to oversee strategies designed to respond to sustainability-related risks and opportunities; 

 - (iii) how and how often the body(s) or individual(s) is informed about sustainability-related risks and opportunities; 

 - (iv) how the body(s) or individual(s) takes into account sustainability-related risks and opportunities when overseeing the entity ’ s strategy, its decisions on major transactions and its risk management processes and related policies, including whether the body(s) or individual(s) has considered trade-offs associated with those risks and opportunities; and 

 - (v) how the body(s) or individual(s) oversees the setting of targets related to sustainability-related risks and opportunities, and monitors progress towards those targets (see paragraph 51), including whether and how related performance metrics are included in remuneration policies. 

- (b) management ’ s role in the governance processes, controls and procedures used to monitor, manage and oversee sustainability-related risks and opportunities, including information about: 

 - (i) whether the role is delegated to a specific management-level position or management-level committee and how oversight is exercised over that position or committee; and 

 - (ii) whether management uses controls and procedures to support the oversight of sustainability-related risks and opportunities and, if so, how these controls and procedures are integrated with other internal functions. 

## **Strategy**"
IFRS_S1,28,Strategy,Unknown,"**The objective of sustainability-related financial disclosures on strategy is to enable users of general purpose financial reports to understand an entity** ’ **s strategy for managing sustainability-related risks and opportunities.**

- 29 Specifically, an entity shall disclose information to enable users of general purpose financial reports to understand:

- (a) the sustainability-related risks and opportunities that could reasonably ’ –

- be expected to affect the entity s prospects (see paragraphs 30 31);

- (b) the current and anticipated effects of those sustainability-related risks and opportunities on the entity ’ s _business model_ and value chain (see paragraph 32);

- (c) the effects of those sustainability-related risks and opportunities on the entity ’ s strategy and decision-making (see paragraph 33);

© IFRS Foundation

10

## IFRS SUSTAINABILITY DISCLOSURE STANDARDS

- (d) the effects of those sustainability-related risks and opportunities on the entity ’ s financial position, financial performance and cash flows for the reporting period, and their anticipated effects on the entity ’ s financial position, financial performance and cash flows over the short, medium and long term, taking into consideration how those sustainability-related risks and opportunities have been factored into ʼ –

- the entity s financial planning (see paragraphs 34 40); and

- (e) the resilience of the entity ’ s strategy and its business model to those –

- sustainability-related risks (see paragraphs 41 42).

## **Sustainability-related risks and opportunities**",c:\Users\BV426BP\Documents\IFRS Data\Reporting-Data-\notebooks\gen_data\IFRS\ifrs_s1.pdf,c:\Users\BV426BP\Documents\IFRS Data\Reporting-Data-\notebooks\ifrs_outputs\ifrs_disclosures\ifrs_s1.md,12,False,37ca8caa0443552a,"28 **The objective of sustainability-related financial disclosures on strategy is to enable users of general purpose financial reports to understand an entity** ’ **s strategy for managing sustainability-related risks and opportunities.** 

- 29 Specifically, an entity shall disclose information to enable users of general purpose financial reports to understand: 

 - (a) the sustainability-related risks and opportunities that could reasonably ’ – 

 - be expected to affect the entity s prospects (see paragraphs 30 31); 

 - (b) the current and anticipated effects of those sustainability-related risks and opportunities on the entity ’ s _business model_ and value chain (see paragraph 32); 

 - (c) the effects of those sustainability-related risks and opportunities on the entity ’ s strategy and decision-making (see paragraph 33); 

© IFRS Foundation 

10 

## IFRS SUSTAINABILITY DISCLOSURE STANDARDS 

- (d) the effects of those sustainability-related risks and opportunities on the entity ’ s financial position, financial performance and cash flows for the reporting period, and their anticipated effects on the entity ’ s financial position, financial performance and cash flows over the short, medium and long term, taking into consideration how those sustainability-related risks and opportunities have been factored into ʼ – 

- the entity s financial planning (see paragraphs 34 40); and 

- (e) the resilience of the entity ’ s strategy and its business model to those – 

- sustainability-related risks (see paragraphs 41 42). 

## **Sustainability-related risks and opportunities**"
IFRS_S1,30,Strategy,Unknown,"An entity shall disclose information that enables users of general purpose financial reports to understand the sustainability-related risks and opportunities that could reasonably be expected to affect the entity ’ s prospects. Specifically, the entity shall:

- (a) describe sustainability-related risks and opportunities that could reasonably be expected to affect the entity ’ s prospects;

- (b) specify the time horizons — short, medium or long term — over which the effects of each of those sustainability-related risks and opportunities could reasonably be expected to occur; and

- (c) explain how the entity defines ‘ short term ’ , ‘ medium term ’ and ‘ long term ’ and how these definitions are linked to the planning horizons used by the entity for strategic decision-making.",c:\Users\BV426BP\Documents\IFRS Data\Reporting-Data-\notebooks\gen_data\IFRS\ifrs_s1.pdf,c:\Users\BV426BP\Documents\IFRS Data\Reporting-Data-\notebooks\ifrs_outputs\ifrs_disclosures\ifrs_s1.md,13,False,0355addfe9e0febc,"30 An entity shall disclose information that enables users of general purpose financial reports to understand the sustainability-related risks and opportunities that could reasonably be expected to affect the entity ’ s prospects. Specifically, the entity shall: 

- (a) describe sustainability-related risks and opportunities that could reasonably be expected to affect the entity ’ s prospects; 

- (b) specify the time horizons — short, medium or long term — over which the effects of each of those sustainability-related risks and opportunities could reasonably be expected to occur; and 

- (c) explain how the entity defines ‘ short term ’ , ‘ medium term ’ and ‘ long term ’ and how these definitions are linked to the planning horizons used by the entity for strategic decision-making."
IFRS_S1,32,Strategy,Unknown,"An entity shall disclose information that enables users of general purpose financial reports to understand the current and anticipated effects of sustainability-related risks and opportunities on the entity ’ s business model and value chain. Specifically, the entity shall disclose:

- (a) a description of the current and anticipated effects of sustainabilityrelated risks and opportunities on the entity ’ s business model and value chain; and

- (b) a description of where in the entity ’ s business model and value chain sustainability-related risks and opportunities are concentrated (for example, geographical areas, facilities and types of assets).

© IFRS Foundation

11

## IFRS S1 GENERAL REQUIREMENTS FOR DISCLOSURE OF SUSTAINABILITYRELATED FINANCIAL INFORMATION — JUNE 2023

## **Strategy and decision-making**",c:\Users\BV426BP\Documents\IFRS Data\Reporting-Data-\notebooks\gen_data\IFRS\ifrs_s1.pdf,c:\Users\BV426BP\Documents\IFRS Data\Reporting-Data-\notebooks\ifrs_outputs\ifrs_disclosures\ifrs_s1.md,15,False,5cba96c807916440,"32 An entity shall disclose information that enables users of general purpose financial reports to understand the current and anticipated effects of sustainability-related risks and opportunities on the entity ’ s business model and value chain. Specifically, the entity shall disclose: 

- (a) a description of the current and anticipated effects of sustainabilityrelated risks and opportunities on the entity ’ s business model and value chain; and 

- (b) a description of where in the entity ’ s business model and value chain sustainability-related risks and opportunities are concentrated (for example, geographical areas, facilities and types of assets). 

© IFRS Foundation 

11 

## IFRS S1 GENERAL REQUIREMENTS FOR DISCLOSURE OF SUSTAINABILITYRELATED FINANCIAL INFORMATION — JUNE 2023 

## **Strategy and decision-making**"
IFRS_S1,33,Strategy,Unknown,"An entity shall disclose information that enables users of general purpose financial reports to understand the effects of sustainability-related risks and opportunities on its strategy and decision-making. Specifically, the entity shall disclose information about:

- (a) how the entity has responded to, and plans to respond to, sustainability-related risks and opportunities in its strategy and decision-making;

- (b) the progress against plans the entity has disclosed in previous reporting periods, including quantitative and qualitative information; and

- (c) trade-offs between sustainability-related risks and opportunities that the entity considered (for example, in making a decision on the location of new operations, an entity might have considered the environmental impacts of those operations and the employment opportunities they would create in a community).

## **Financial position, financial performance and cash flows**",c:\Users\BV426BP\Documents\IFRS Data\Reporting-Data-\notebooks\gen_data\IFRS\ifrs_s1.pdf,c:\Users\BV426BP\Documents\IFRS Data\Reporting-Data-\notebooks\ifrs_outputs\ifrs_disclosures\ifrs_s1.md,16,False,89c94ef87e952eb1,"33 An entity shall disclose information that enables users of general purpose financial reports to understand the effects of sustainability-related risks and opportunities on its strategy and decision-making. Specifically, the entity shall disclose information about: 

- (a) how the entity has responded to, and plans to respond to, sustainability-related risks and opportunities in its strategy and decision-making; 

- (b) the progress against plans the entity has disclosed in previous reporting periods, including quantitative and qualitative information; and 

- (c) trade-offs between sustainability-related risks and opportunities that the entity considered (for example, in making a decision on the location of new operations, an entity might have considered the environmental impacts of those operations and the employment opportunities they would create in a community). 

## **Financial position, financial performance and cash flows**"
IFRS_S1,34,Strategy,Unknown,"An entity shall disclose information that enables users of general purpose financial reports to understand:

- (a) the effects of sustainability-related risks and opportunities on the entity ’ s financial position, financial performance and cash flows for the reporting period (current financial effects); and

- (b) the anticipated effects of sustainability-related risks and opportunities on the entity ’ s financial position, financial performance and cash flows over the short, medium and long term, taking into consideration how sustainability-related risks and opportunities are included in the entity ’ s financial planning (anticipated financial effects).

- 35 Specifically, an entity shall disclose quantitative and qualitative information about:

- (a) how sustainability-related risks and opportunities have affected its financial position, financial performance and cash flows for the reporting period;

- (b) the sustainability-related risks and opportunities identified in paragraph 35(a) for which there is a significant risk of a material adjustment within the next annual reporting period to the carrying amounts of assets and liabilities reported in the related financial statements;

- (c) how the entity expects its financial position to change over the short, medium and long term, given its strategy to manage sustainabilityrelated risks and opportunities, taking into consideration:

© IFRS Foundation

12

## IFRS SUSTAINABILITY DISCLOSURE STANDARDS

- (i) its investment and disposal plans (for example, plans for capital expenditure, major acquisitions and divestments, joint ventures, business transformation, innovation, new business areas, and asset retirements), including plans the entity is not contractually committed to; and

- (ii) its planned sources of funding to implement its strategy; and

- (d) how the entity expects its financial performance and cash flows to change over the short, medium and long term, given its strategy to manage sustainability-related risks and opportunities.",c:\Users\BV426BP\Documents\IFRS Data\Reporting-Data-\notebooks\gen_data\IFRS\ifrs_s1.pdf,c:\Users\BV426BP\Documents\IFRS Data\Reporting-Data-\notebooks\ifrs_outputs\ifrs_disclosures\ifrs_s1.md,17,False,8563a6a02c7b34dc,"34 An entity shall disclose information that enables users of general purpose financial reports to understand: 

 - (a) the effects of sustainability-related risks and opportunities on the entity ’ s financial position, financial performance and cash flows for the reporting period (current financial effects); and 

 - (b) the anticipated effects of sustainability-related risks and opportunities on the entity ’ s financial position, financial performance and cash flows over the short, medium and long term, taking into consideration how sustainability-related risks and opportunities are included in the entity ’ s financial planning (anticipated financial effects). 

- 35 Specifically, an entity shall disclose quantitative and qualitative information about: 

 - (a) how sustainability-related risks and opportunities have affected its financial position, financial performance and cash flows for the reporting period; 

 - (b) the sustainability-related risks and opportunities identified in paragraph 35(a) for which there is a significant risk of a material adjustment within the next annual reporting period to the carrying amounts of assets and liabilities reported in the related financial statements; 

 - (c) how the entity expects its financial position to change over the short, medium and long term, given its strategy to manage sustainabilityrelated risks and opportunities, taking into consideration: 

© IFRS Foundation 

12 

## IFRS SUSTAINABILITY DISCLOSURE STANDARDS 

 - (i) its investment and disposal plans (for example, plans for capital expenditure, major acquisitions and divestments, joint ventures, business transformation, innovation, new business areas, and asset retirements), including plans the entity is not contractually committed to; and 

 - (ii) its planned sources of funding to implement its strategy; and 

- (d) how the entity expects its financial performance and cash flows to change over the short, medium and long term, given its strategy to manage sustainability-related risks and opportunities."
IFRS_S1,36,Strategy,Unknown,"In providing quantitative information, an entity may disclose a single amount or a range.",c:\Users\BV426BP\Documents\IFRS Data\Reporting-Data-\notebooks\gen_data\IFRS\ifrs_s1.pdf,c:\Users\BV426BP\Documents\IFRS Data\Reporting-Data-\notebooks\ifrs_outputs\ifrs_disclosures\ifrs_s1.md,18,False,88695a77c1d36ceb,"36 In providing quantitative information, an entity may disclose a single amount or a range."
IFRS_S1,41,Strategy,Unknown,"An entity shall disclose information that enables users of general purpose financial reports to understand its capacity to adjust to the uncertainties arising from sustainability-related risks. An entity shall disclose a qualitative and, if applicable, quantitative assessment of the resilience of its strategy and business model in relation to its sustainability-related risks, including information about how the assessment was carried out and its time horizon. When providing quantitative information, an entity may disclose a single amount or a range.",c:\Users\BV426BP\Documents\IFRS Data\Reporting-Data-\notebooks\gen_data\IFRS\ifrs_s1.pdf,c:\Users\BV426BP\Documents\IFRS Data\Reporting-Data-\notebooks\ifrs_outputs\ifrs_disclosures\ifrs_s1.md,21,False,7a46470591c38066,"41 An entity shall disclose information that enables users of general purpose financial reports to understand its capacity to adjust to the uncertainties arising from sustainability-related risks. An entity shall disclose a qualitative and, if applicable, quantitative assessment of the resilience of its strategy and business model in relation to its sustainability-related risks, including information about how the assessment was carried out and its time horizon. When providing quantitative information, an entity may disclose a single amount or a range."
IFRS_S1,42,Strategy,Unknown,"Other IFRS Sustainability Disclosure Standards may specify the type of information an entity is required to disclose about its resilience to specific sustainability-related risks and how to prepare those disclosures, including whether a _scenario analysis_ is required.

## **Risk management**",c:\Users\BV426BP\Documents\IFRS Data\Reporting-Data-\notebooks\gen_data\IFRS\ifrs_s1.pdf,c:\Users\BV426BP\Documents\IFRS Data\Reporting-Data-\notebooks\ifrs_outputs\ifrs_disclosures\ifrs_s1.md,22,False,460c896ac506b596,"42 Other IFRS Sustainability Disclosure Standards may specify the type of information an entity is required to disclose about its resilience to specific sustainability-related risks and how to prepare those disclosures, including whether a _scenario analysis_ is required. 

## **Risk management**"
IFRS_S1,46,Risk Management,"To achieve this objective, an entity shall disclose information about:","**An entity shall disclose, for each sustainability-related risk and opportunity that could reasonably be expected to affect the entity** ’ **s prospects:**

- **(a) metrics required by an applicable IFRS Sustainability Disclosure Standard; and**

- **(b) metrics the entity uses to measure and monitor:**

- **(i) that sustainability-related risk or opportunity; and**

- **(ii) its performance in relation to that sustainability-related risk or opportunity, including progress towards any targets the entity has set, and any targets it is required to meet by law or regulation.**",c:\Users\BV426BP\Documents\IFRS Data\Reporting-Data-\notebooks\gen_data\IFRS\ifrs_s1.pdf,c:\Users\BV426BP\Documents\IFRS Data\Reporting-Data-\notebooks\ifrs_outputs\ifrs_disclosures\ifrs_s1.md,25,False,e770ab6e57ad57d2,"46 **An entity shall disclose, for each sustainability-related risk and opportunity that could reasonably be expected to affect the entity** ’ **s prospects:** 

- **(a) metrics required by an applicable IFRS Sustainability Disclosure Standard; and** 

- **(b) metrics the entity uses to measure and monitor:** 

 - **(i) that sustainability-related risk or opportunity; and** 

 - **(ii) its performance in relation to that sustainability-related risk or opportunity, including progress towards any targets the entity has set, and any targets it is required to meet by law or regulation.**"
IFRS_S1,50,Risk Management,"To achieve this objective, an entity shall disclose information about:","If a metric has been developed by an entity, the entity shall disclose information about:

- (a) how the metric is defined, including whether it is derived by adjusting a metric taken from a source other than IFRS Sustainability Disclosure Standards and, if so, which source and how the metric disclosed by the entity differs from the metric specified in that source;

© IFRS Foundation

15

## IFRS S1 GENERAL REQUIREMENTS FOR DISCLOSURE OF SUSTAINABILITYRELATED FINANCIAL INFORMATION — JUNE 2023

- (b) whether the metric is an absolute measure, a measure expressed in relation to another metric or a qualitative measure (such as a red, amber, green — or RAG — status);

- (c) whether the metric is validated by a third party and, if so, which party; and

- (d) the method used to calculate the metric and the inputs to the calculation, including the limitations of the method used and the significant assumptions made.

- 51 An entity shall disclose information about the targets it has set to monitor progress towards achieving its strategic goals, and any targets it is required to meet by law or regulation. For each target, the entity shall disclose:

- (a) the metric used to set the target and to monitor progress towards reaching the target;

- (b) the specific quantitative or qualitative target the entity has set or is required to meet;

- (c) the period over which the target applies;

- (d) the base period from which progress is measured;

- (e) any milestones and interim targets;

- (f) performance against each target and an analysis of trends or changes in the entity ’ s performance; and

- (g) any revisions to the target and an explanation for those revisions.

- 52 The definition and calculation of metrics, including metrics used to set the entity ’ s targets and monitor progress towards reaching them, shall be consistent over time. If a metric is redefined or replaced, an entity shall apply paragraph B52.

- 53 An entity shall label and define metrics and targets using meaningful, clear and precise names and descriptions.

## **General requirements**

## **Sources of guidance**

## **Identifying sustainability-related risks and opportunities**

- 54 In identifying sustainability-related risks and opportunities that could reasonably be expected to affect an entity ’ s prospects, an entity shall apply IFRS Sustainability Disclosure Standards.

- 55

In addition to IFRS Sustainability Disclosure Standards:

- (a) an entity shall refer to and consider the applicability of the _disclosure topics_ in the SASB Standards. An entity might conclude that the disclosure topics in the SASB Standards are not applicable in the entity ’ s circumstances.

© IFRS Foundation

16

## IFRS SUSTAINABILITY DISCLOSURE STANDARDS

- (b) an entity may refer to and consider the applicability of:

- (i) the CDSB Framework Application Guidance for Water-related Disclosures and the CDSB Framework Application Guidance for Biodiversity-related Disclosures (collectively referred to as ‘ CDSB Framework Application Guidance ’ );

-

- (ii) the most recent pronouncements of other standard setting bodies whose requirements are designed to meet the information needs of users of general purpose financial reports; and

- (iii) the sustainability-related risks and opportunities identified by entities that operate in the same industry(s) or geographical region(s).

## **Identifying applicable disclosure requirements**",c:\Users\BV426BP\Documents\IFRS Data\Reporting-Data-\notebooks\gen_data\IFRS\ifrs_s1.pdf,c:\Users\BV426BP\Documents\IFRS Data\Reporting-Data-\notebooks\ifrs_outputs\ifrs_disclosures\ifrs_s1.md,27,False,f870b1e9c2551553,"50 If a metric has been developed by an entity, the entity shall disclose information about: 

- (a) how the metric is defined, including whether it is derived by adjusting a metric taken from a source other than IFRS Sustainability Disclosure Standards and, if so, which source and how the metric disclosed by the entity differs from the metric specified in that source; 

© IFRS Foundation 

15 

## IFRS S1 GENERAL REQUIREMENTS FOR DISCLOSURE OF SUSTAINABILITYRELATED FINANCIAL INFORMATION — JUNE 2023 

 - (b) whether the metric is an absolute measure, a measure expressed in relation to another metric or a qualitative measure (such as a red, amber, green — or RAG — status); 

 - (c) whether the metric is validated by a third party and, if so, which party; and 

 - (d) the method used to calculate the metric and the inputs to the calculation, including the limitations of the method used and the significant assumptions made. 

- 51 An entity shall disclose information about the targets it has set to monitor progress towards achieving its strategic goals, and any targets it is required to meet by law or regulation. For each target, the entity shall disclose: 

 - (a) the metric used to set the target and to monitor progress towards reaching the target; 

 - (b) the specific quantitative or qualitative target the entity has set or is required to meet; 

 - (c) the period over which the target applies; 

 - (d) the base period from which progress is measured; 

 - (e) any milestones and interim targets; 

 - (f) performance against each target and an analysis of trends or changes in the entity ’ s performance; and 

 - (g) any revisions to the target and an explanation for those revisions. 

- 52 The definition and calculation of metrics, including metrics used to set the entity ’ s targets and monitor progress towards reaching them, shall be consistent over time. If a metric is redefined or replaced, an entity shall apply paragraph B52. 

- 53 An entity shall label and define metrics and targets using meaningful, clear and precise names and descriptions. 

## **General requirements** 

## **Sources of guidance** 

## **Identifying sustainability-related risks and opportunities** 

- 54 In identifying sustainability-related risks and opportunities that could reasonably be expected to affect an entity ’ s prospects, an entity shall apply IFRS Sustainability Disclosure Standards. 

- 55 

In addition to IFRS Sustainability Disclosure Standards: 

- (a) an entity shall refer to and consider the applicability of the _disclosure topics_ in the SASB Standards. An entity might conclude that the disclosure topics in the SASB Standards are not applicable in the entity ’ s circumstances. 

© IFRS Foundation 

16 

## IFRS SUSTAINABILITY DISCLOSURE STANDARDS 

- (b) an entity may refer to and consider the applicability of: 

 - (i) the CDSB Framework Application Guidance for Water-related Disclosures and the CDSB Framework Application Guidance for Biodiversity-related Disclosures (collectively referred to as ‘ CDSB Framework Application Guidance ’ ); 

 - 

 - (ii) the most recent pronouncements of other standard setting bodies whose requirements are designed to meet the information needs of users of general purpose financial reports; and 

 - (iii) the sustainability-related risks and opportunities identified by entities that operate in the same industry(s) or geographical region(s). 

## **Identifying applicable disclosure requirements**"
IFRS_S1,61,General Requirements,"To achieve this objective, an entity shall disclose information about:","Subject to any regulation or other requirements that apply to an entity, there are various possible locations in its general purpose financial reports in which to disclose sustainability-related financial information. Sustainability-related financial disclosures could be included in an entity ’ s management commentary or a similar report when it forms part of an entity ’ s general purpose financial reports. Management commentary or a similar report is a required report in many jurisdictions. It might be known by or included in reports with various names, such as ‘ management report ’ , ‘ management ’ s discussion and analysis ’ , ‘ operating and financial review ’ , ‘ integrated report ’ or ‘ ’ strategic report .",c:\Users\BV426BP\Documents\IFRS Data\Reporting-Data-\notebooks\gen_data\IFRS\ifrs_s1.pdf,c:\Users\BV426BP\Documents\IFRS Data\Reporting-Data-\notebooks\ifrs_outputs\ifrs_disclosures\ifrs_s1.md,31,False,2924fd4e24124887,"61 Subject to any regulation or other requirements that apply to an entity, there are various possible locations in its general purpose financial reports in which to disclose sustainability-related financial information. Sustainability-related financial disclosures could be included in an entity ’ s management commentary or a similar report when it forms part of an entity ’ s general purpose financial reports. Management commentary or a similar report is a required report in many jurisdictions. It might be known by or included in reports with various names, such as ‘ management report ’ , ‘ management ’ s discussion and analysis ’ , ‘ operating and financial review ’ , ‘ integrated report ’ or ‘ ’ strategic report ."
IFRS_S1,62,General Requirements,"To achieve this objective, an entity shall disclose information about:","An entity may disclose information required by an IFRS Sustainability Disclosure Standard in the same location as information disclosed to meet other requirements, such as information required by regulators. The entity shall ensure that the sustainability-related financial disclosures are clearly identifiable and not obscured by that additional information (see paragraph B27).",c:\Users\BV426BP\Documents\IFRS Data\Reporting-Data-\notebooks\gen_data\IFRS\ifrs_s1.pdf,c:\Users\BV426BP\Documents\IFRS Data\Reporting-Data-\notebooks\ifrs_outputs\ifrs_disclosures\ifrs_s1.md,32,False,06a03576865752fa,"62 An entity may disclose information required by an IFRS Sustainability Disclosure Standard in the same location as information disclosed to meet other requirements, such as information required by regulators. The entity shall ensure that the sustainability-related financial disclosures are clearly identifiable and not obscured by that additional information (see paragraph B27)."
IFRS_S1,66,General Requirements,"To achieve this objective, an entity shall disclose information about:","When an entity changes the end of its reporting period and provides sustainability-related financial disclosures for a period longer or shorter than 12 months, it shall disclose:

- (a) the period covered by the sustainability-related financial disclosures;

- (b) the reason for using a longer or shorter period; and

- (c) the fact that the amounts disclosed in the sustainability-related financial disclosures are not entirely comparable.

67

If, after the end of the reporting period but before the date on which the sustainability-related financial disclosures are authorised for issue, an entity receives information about conditions that existed at the end of the reporting period, it shall update disclosures that relate to those conditions in the light of the new information.",c:\Users\BV426BP\Documents\IFRS Data\Reporting-Data-\notebooks\gen_data\IFRS\ifrs_s1.pdf,c:\Users\BV426BP\Documents\IFRS Data\Reporting-Data-\notebooks\ifrs_outputs\ifrs_disclosures\ifrs_s1.md,35,False,bdee210cd49ccbee,"66 When an entity changes the end of its reporting period and provides sustainability-related financial disclosures for a period longer or shorter than 12 months, it shall disclose: 

- (a) the period covered by the sustainability-related financial disclosures; 

- (b) the reason for using a longer or shorter period; and 

- (c) the fact that the amounts disclosed in the sustainability-related financial disclosures are not entirely comparable. 

67 

If, after the end of the reporting period but before the date on which the sustainability-related financial disclosures are authorised for issue, an entity receives information about conditions that existed at the end of the reporting period, it shall update disclosures that relate to those conditions in the light of the new information."
IFRS_S1,68,Strategy,"To achieve this objective, an entity shall disclose information about:","An entity shall disclose information about transactions, other events and conditions that occur after the end of the reporting period, but before the date on which the sustainability-related financial disclosures are authorised for issue, if non-disclosure of that information could reasonably be expected to influence decisions that primary users of general purpose financial reports make on the basis of those reports.

69

This Standard does not mandate which entities would be required to provide interim sustainability-related financial disclosures, how frequently, or how soon after the end of an interim period. However, governments, securities regulators, stock exchanges and accountancy bodies may require entities whose debt or equity securities are publicly traded to publish interim general purpose financial reports. If an entity is required or elects to publish interim sustainability-related financial disclosures in accordance with IFRS Sustainability Disclosure Standards, the entity shall apply paragraph B48.

## **Comparative information**

70

**Unless another IFRS Sustainability Disclosure Standard permits or requires otherwise, an entity shall disclose comparative information in respect of the preceding period for all amounts disclosed in the reporting period. If such information would be useful for an understanding of the sustainability-related financial disclosures for the reporting period, the entity shall also disclose comparative information for narrative and**

© IFRS Foundation

19

## IFRS S1 GENERAL REQUIREMENTS FOR DISCLOSURE OF SUSTAINABILITYRELATED FINANCIAL INFORMATION — JUNE 2023

**descriptive sustainability-related financial information (see paragraphs B49** – **B59).**

- 71 Amounts reported in sustainability-related financial disclosures might relate, for example, to metrics and targets or to current and anticipated financial effects of sustainability-related risks and opportunities.

## **Statement of compliance**",c:\Users\BV426BP\Documents\IFRS Data\Reporting-Data-\notebooks\gen_data\IFRS\ifrs_s1.pdf,c:\Users\BV426BP\Documents\IFRS Data\Reporting-Data-\notebooks\ifrs_outputs\ifrs_disclosures\ifrs_s1.md,36,False,2ad89bdbd9b64d8e,"68 An entity shall disclose information about transactions, other events and conditions that occur after the end of the reporting period, but before the date on which the sustainability-related financial disclosures are authorised for issue, if non-disclosure of that information could reasonably be expected to influence decisions that primary users of general purpose financial reports make on the basis of those reports. 

69 

This Standard does not mandate which entities would be required to provide interim sustainability-related financial disclosures, how frequently, or how soon after the end of an interim period. However, governments, securities regulators, stock exchanges and accountancy bodies may require entities whose debt or equity securities are publicly traded to publish interim general purpose financial reports. If an entity is required or elects to publish interim sustainability-related financial disclosures in accordance with IFRS Sustainability Disclosure Standards, the entity shall apply paragraph B48. 

## **Comparative information** 

70 

**Unless another IFRS Sustainability Disclosure Standard permits or requires otherwise, an entity shall disclose comparative information in respect of the preceding period for all amounts disclosed in the reporting period. If such information would be useful for an understanding of the sustainability-related financial disclosures for the reporting period, the entity shall also disclose comparative information for narrative and** 

© IFRS Foundation 

19 

## IFRS S1 GENERAL REQUIREMENTS FOR DISCLOSURE OF SUSTAINABILITYRELATED FINANCIAL INFORMATION — JUNE 2023 

**descriptive sustainability-related financial information (see paragraphs B49** – **B59).** 

- 71 Amounts reported in sustainability-related financial disclosures might relate, for example, to metrics and targets or to current and anticipated financial effects of sustainability-related risks and opportunities. 

## **Statement of compliance**"
IFRS_S1,74,Strategy,"To achieve this objective, an entity shall disclose information about:","**An entity shall disclose information to enable users of general purpose financial reports to understand the judgements, apart from those involving estimations of amounts (see paragraph 77), that the entity has made in the process of preparing its sustainability-related financial disclosures and that have the most significant effect on the information included in those disclosures.**

- 75 In the process of preparing sustainability-related financial disclosures, an entity makes various judgements, apart from those involving estimations, that can significantly affect the information reported in the entity ’ s sustainabilityrelated financial disclosures. For example, an entity makes judgements in:

- (a) identifying sustainability-related risks and opportunities that could be reasonably expected to affect the entity ’ s prospects;

- (b) determining which sources of guidance to apply in accordance with paragraphs 54 – 58;

- (c) identifying material information to include in the sustainabilityrelated financial disclosures; and

© IFRS Foundation

20

## IFRS SUSTAINABILITY DISCLOSURE STANDARDS

- (d) assessing whether an event or change in circumstances is significant and requires reassessment of the scope of all affected sustainabilityrelated risks and opportunities throughout the entity ’ s value chain (see paragraph B11).",c:\Users\BV426BP\Documents\IFRS Data\Reporting-Data-\notebooks\gen_data\IFRS\ifrs_s1.pdf,c:\Users\BV426BP\Documents\IFRS Data\Reporting-Data-\notebooks\ifrs_outputs\ifrs_disclosures\ifrs_s1.md,38,False,3a863955a0173f30,"74 **An entity shall disclose information to enable users of general purpose financial reports to understand the judgements, apart from those involving estimations of amounts (see paragraph 77), that the entity has made in the process of preparing its sustainability-related financial disclosures and that have the most significant effect on the information included in those disclosures.** 

- 75 In the process of preparing sustainability-related financial disclosures, an entity makes various judgements, apart from those involving estimations, that can significantly affect the information reported in the entity ’ s sustainabilityrelated financial disclosures. For example, an entity makes judgements in: 

 - (a) identifying sustainability-related risks and opportunities that could be reasonably expected to affect the entity ’ s prospects; 

 - (b) determining which sources of guidance to apply in accordance with paragraphs 54 – 58; 

 - (c) identifying material information to include in the sustainabilityrelated financial disclosures; and 

© IFRS Foundation 

20 

## IFRS SUSTAINABILITY DISCLOSURE STANDARDS 

- (d) assessing whether an event or change in circumstances is significant and requires reassessment of the scope of all affected sustainabilityrelated risks and opportunities throughout the entity ’ s value chain (see paragraph B11)."
IFRS_S1,76,General Requirements,"To achieve this objective, an entity shall disclose information about:","Other IFRS Sustainability Disclosure Standards may require disclosure of some of the information that an entity would otherwise be required to disclose in accordance with paragraph 74.

## **Measurement uncertainty**",c:\Users\BV426BP\Documents\IFRS Data\Reporting-Data-\notebooks\gen_data\IFRS\ifrs_s1.pdf,c:\Users\BV426BP\Documents\IFRS Data\Reporting-Data-\notebooks\ifrs_outputs\ifrs_disclosures\ifrs_s1.md,39,False,e326d5924d7cbdb3,"76 Other IFRS Sustainability Disclosure Standards may require disclosure of some of the information that an entity would otherwise be required to disclose in accordance with paragraph 74. 

## **Measurement uncertainty**"
IFRS_S1,77,Strategy,"To achieve this objective, an entity shall disclose information about:","**An entity shall disclose information to enable users of general purpose financial reports to understand the most significant uncertainties affecting the amounts reported in its sustainability-related financial disclosures.**

78

## **An entity shall:**

- **(a) identify the amounts that it has disclosed that are subject to a high level of measurement uncertainty; and**

- **(b) in relation to each amount identified in paragraph 78(a), disclose information about:**

-

- **(i) the sources of measurement uncertainty for example, the dependence of the amount on the outcome of a future event, on a measurement technique or on the availability and quality of data from the entity** ’ **s value chain; and**

- **(ii) the assumptions, approximations and judgements the entity has made in measuring the amount.**

79

80

81

When amounts reported in sustainability-related financial disclosures cannot be measured directly and can only be estimated, measurement uncertainty arises. In some cases, an estimate involves assumptions about possible future events with uncertain outcomes. The use of reasonable estimates is an essential part of preparing sustainability-related financial disclosures and does not undermine the usefulness of the information if the estimates are accurately described and explained. Even a high level of measurement uncertainty would not necessarily prevent such an estimate from providing useful information.

The requirement in paragraph 77 for an entity to disclose information about the uncertainties affecting the amounts reported in sustainability-related financial disclosures relates to the estimates that require the entity ’ s most difficult, subjective or complex judgements. As the number of variables and assumptions increases, those judgements become more subjective and complex, and the uncertainty affecting the amounts reported in the sustainability-related financial disclosures increases accordingly.

The type and extent of the information an entity might need to disclose vary according to the nature of the amount reported in the sustainability-related financial disclosures — the sources of and the factors contributing to the uncertainty and other circumstances. Examples of the type of information an entity might need to disclose are:

© IFRS Foundation

21

## IFRS S1 GENERAL REQUIREMENTS FOR DISCLOSURE OF SUSTAINABILITYRELATED FINANCIAL INFORMATION — JUNE 2023

- (a) the nature of the assumption or other source of measurement uncertainty;

- (b) the sensitivity of the disclosed amount to the methods, assumptions and estimates underlying its calculation, including the reasons for the sensitivity;

- (c) the expected resolution of an uncertainty and the range of reasonably possible outcomes for the disclosed amount; and

- (d) an explanation of changes made to past assumptions concerning the disclosed amount, if the uncertainty remains unresolved.

- 82 Other IFRS Sustainability Disclosure Standards may require disclosure of some of the information that an entity would otherwise be required to disclose in accordance with paragraphs 77 – 78.

## **Errors**",c:\Users\BV426BP\Documents\IFRS Data\Reporting-Data-\notebooks\gen_data\IFRS\ifrs_s1.pdf,c:\Users\BV426BP\Documents\IFRS Data\Reporting-Data-\notebooks\ifrs_outputs\ifrs_disclosures\ifrs_s1.md,40,False,60bed26578cfdcdd,"77 **An entity shall disclose information to enable users of general purpose financial reports to understand the most significant uncertainties affecting the amounts reported in its sustainability-related financial disclosures.** 

78 

## **An entity shall:** 

- **(a) identify the amounts that it has disclosed that are subject to a high level of measurement uncertainty; and** 

- **(b) in relation to each amount identified in paragraph 78(a), disclose information about:** 

 - 

 - **(i) the sources of measurement uncertainty for example, the dependence of the amount on the outcome of a future event, on a measurement technique or on the availability and quality of data from the entity** ’ **s value chain; and** 

 - **(ii) the assumptions, approximations and judgements the entity has made in measuring the amount.** 

79 

80 

81 

When amounts reported in sustainability-related financial disclosures cannot be measured directly and can only be estimated, measurement uncertainty arises. In some cases, an estimate involves assumptions about possible future events with uncertain outcomes. The use of reasonable estimates is an essential part of preparing sustainability-related financial disclosures and does not undermine the usefulness of the information if the estimates are accurately described and explained. Even a high level of measurement uncertainty would not necessarily prevent such an estimate from providing useful information. 

The requirement in paragraph 77 for an entity to disclose information about the uncertainties affecting the amounts reported in sustainability-related financial disclosures relates to the estimates that require the entity ’ s most difficult, subjective or complex judgements. As the number of variables and assumptions increases, those judgements become more subjective and complex, and the uncertainty affecting the amounts reported in the sustainability-related financial disclosures increases accordingly. 

The type and extent of the information an entity might need to disclose vary according to the nature of the amount reported in the sustainability-related financial disclosures — the sources of and the factors contributing to the uncertainty and other circumstances. Examples of the type of information an entity might need to disclose are: 

© IFRS Foundation 

21 

## IFRS S1 GENERAL REQUIREMENTS FOR DISCLOSURE OF SUSTAINABILITYRELATED FINANCIAL INFORMATION — JUNE 2023 

 - (a) the nature of the assumption or other source of measurement uncertainty; 

 - (b) the sensitivity of the disclosed amount to the methods, assumptions and estimates underlying its calculation, including the reasons for the sensitivity; 

 - (c) the expected resolution of an uncertainty and the range of reasonably possible outcomes for the disclosed amount; and 

 - (d) an explanation of changes made to past assumptions concerning the disclosed amount, if the uncertainty remains unresolved. 

- 82 Other IFRS Sustainability Disclosure Standards may require disclosure of some of the information that an entity would otherwise be required to disclose in accordance with paragraphs 77 – 78. 

## **Errors**"
IFRS_S1,B1,General Requirements,"To achieve this objective, an entity shall disclose information about:","This Standard requires an entity to disclose information about all sustainability-related risks and opportunities that could reasonably be expected to affect the entity ’ s cash flows, its access to finance or cost of capital over the short, medium or long term (referred to as ‘ sustainability-related risks and opportunities that could reasonably be expected to affect the entity ’ s prospects ’ ) (see paragraph 3).",c:\Users\BV426BP\Documents\IFRS Data\Reporting-Data-\notebooks\gen_data\IFRS\ifrs_s1.pdf,c:\Users\BV426BP\Documents\IFRS Data\Reporting-Data-\notebooks\ifrs_outputs\ifrs_disclosures\ifrs_s1.md,42,True,1778a0cffd48fe30,"B1 This Standard requires an entity to disclose information about all sustainability-related risks and opportunities that could reasonably be expected to affect the entity ’ s cash flows, its access to finance or cost of capital over the short, medium or long term (referred to as ‘ sustainability-related risks and opportunities that could reasonably be expected to affect the entity ’ s prospects ’ ) (see paragraph 3)."
IFRS_S1,B13,General Requirements,"To achieve this objective, an entity shall disclose information about:","Paragraph 17 requires an entity to disclose material information about the sustainability-related risks and opportunities that could reasonably be expected to affect the entity ’ s prospects. Materiality of information is judged in relation to whether omitting, misstating or obscuring that information could reasonably be expected to influence decisions of primary users of

© IFRS Foundation

27

## IFRS S1 GENERAL REQUIREMENTS FOR DISCLOSURE OF SUSTAINABILITYRELATED FINANCIAL INFORMATION — JUNE 2023

general purpose financial reports, which provide information about a specific reporting entity.",c:\Users\BV426BP\Documents\IFRS Data\Reporting-Data-\notebooks\gen_data\IFRS\ifrs_s1.pdf,c:\Users\BV426BP\Documents\IFRS Data\Reporting-Data-\notebooks\ifrs_outputs\ifrs_disclosures\ifrs_s1.md,51,True,aaf5f54c17e1cdf0,"B13 Paragraph 17 requires an entity to disclose material information about the sustainability-related risks and opportunities that could reasonably be expected to affect the entity ’ s prospects. Materiality of information is judged in relation to whether omitting, misstating or obscuring that information could reasonably be expected to influence decisions of primary users of 

© IFRS Foundation 

27 

## IFRS S1 GENERAL REQUIREMENTS FOR DISCLOSURE OF SUSTAINABILITYRELATED FINANCIAL INFORMATION — JUNE 2023 

general purpose financial reports, which provide information about a specific reporting entity."
IFRS_S1,B25,General Requirements,"To achieve this objective, an entity shall disclose information about:","An entity need not disclose information otherwise required by an IFRS Sustainability Disclosure Standard if the information is not material. This is the case even if the IFRS Sustainability Disclosure Standard contains a list of specific requirements or describes them as minimum requirements.

© IFRS Foundation

29

## IFRS S1 GENERAL REQUIREMENTS FOR DISCLOSURE OF SUSTAINABILITYRELATED FINANCIAL INFORMATION — JUNE 2023",c:\Users\BV426BP\Documents\IFRS Data\Reporting-Data-\notebooks\gen_data\IFRS\ifrs_s1.pdf,c:\Users\BV426BP\Documents\IFRS Data\Reporting-Data-\notebooks\ifrs_outputs\ifrs_disclosures\ifrs_s1.md,57,True,2ddea85623a0776c,"B25 An entity need not disclose information otherwise required by an IFRS Sustainability Disclosure Standard if the information is not material. This is the case even if the IFRS Sustainability Disclosure Standard contains a list of specific requirements or describes them as minimum requirements. 

© IFRS Foundation 

29 

## IFRS S1 GENERAL REQUIREMENTS FOR DISCLOSURE OF SUSTAINABILITYRELATED FINANCIAL INFORMATION — JUNE 2023"
IFRS_S1,B26,General Requirements,"To achieve this objective, an entity shall disclose information about:","An entity shall disclose additional information when compliance with the specifically applicable requirements in an IFRS Sustainability Disclosure Standard is insufficient to enable users of general purpose financial reports to understand the effects of sustainability-related risks and opportunities on the entity ’ s cash flows, its access to finance and cost of capital over the short, medium and long term.",c:\Users\BV426BP\Documents\IFRS Data\Reporting-Data-\notebooks\gen_data\IFRS\ifrs_s1.pdf,c:\Users\BV426BP\Documents\IFRS Data\Reporting-Data-\notebooks\ifrs_outputs\ifrs_disclosures\ifrs_s1.md,58,True,0d950b871df21be2,"B26 An entity shall disclose additional information when compliance with the specifically applicable requirements in an IFRS Sustainability Disclosure Standard is insufficient to enable users of general purpose financial reports to understand the effects of sustainability-related risks and opportunities on the entity ’ s cash flows, its access to finance and cost of capital over the short, medium and long term."
IFRS_S1,B29,General Requirements,"To achieve this objective, an entity shall disclose information about:","When an entity applies IFRS Sustainability Disclosure Standards, it shall consider all facts and circumstances and decide how to aggregate and disaggregate information in its sustainability-related financial disclosures. The entity shall not reduce the understandability of its sustainability-related financial disclosures by obscuring material information with immaterial information or by aggregating material items of information that are dissimilar to each other.

© IFRS Foundation

30

## IFRS SUSTAINABILITY DISCLOSURE STANDARDS

B30

An entity shall not aggregate information if doing so would obscure information that is material. Information shall be aggregated if items of information have shared characteristics and shall not be aggregated if they do not have shared characteristics. The entity might need to disaggregate information about sustainability-related risks and opportunities, for example, by geographical location or in consideration of the geopolitical environment. For example, to ensure that material information is not obscured, an entity might need to disaggregate information about its use of water to distinguish between water drawn from abundant sources and water drawn from waterstressed areas.

## **Interaction with law or regulation**

B31

Law or regulation might specify requirements for an entity to disclose sustainability-related information in its general purpose financial reports. In such circumstances, the entity is permitted to include in its sustainabilityrelated financial disclosures information to meet legal or regulatory requirements, even if that information is not material. However, such information shall not obscure material information.",c:\Users\BV426BP\Documents\IFRS Data\Reporting-Data-\notebooks\gen_data\IFRS\ifrs_s1.pdf,c:\Users\BV426BP\Documents\IFRS Data\Reporting-Data-\notebooks\ifrs_outputs\ifrs_disclosures\ifrs_s1.md,61,True,af6f32201dca2350,"B29 When an entity applies IFRS Sustainability Disclosure Standards, it shall consider all facts and circumstances and decide how to aggregate and disaggregate information in its sustainability-related financial disclosures. The entity shall not reduce the understandability of its sustainability-related financial disclosures by obscuring material information with immaterial information or by aggregating material items of information that are dissimilar to each other. 

© IFRS Foundation 

30 

## IFRS SUSTAINABILITY DISCLOSURE STANDARDS 

B30 

An entity shall not aggregate information if doing so would obscure information that is material. Information shall be aggregated if items of information have shared characteristics and shall not be aggregated if they do not have shared characteristics. The entity might need to disaggregate information about sustainability-related risks and opportunities, for example, by geographical location or in consideration of the geopolitical environment. For example, to ensure that material information is not obscured, an entity might need to disaggregate information about its use of water to distinguish between water drawn from abundant sources and water drawn from waterstressed areas. 

## **Interaction with law or regulation** 

B31 

Law or regulation might specify requirements for an entity to disclose sustainability-related information in its general purpose financial reports. In such circumstances, the entity is permitted to include in its sustainabilityrelated financial disclosures information to meet legal or regulatory requirements, even if that information is not material. However, such information shall not obscure material information."
IFRS_S1,B32,General Requirements,"To achieve this objective, an entity shall disclose information about:","An entity shall disclose material sustainability-related financial information, even if law or regulation permits the entity not to disclose such information.",c:\Users\BV426BP\Documents\IFRS Data\Reporting-Data-\notebooks\gen_data\IFRS\ifrs_s1.pdf,c:\Users\BV426BP\Documents\IFRS Data\Reporting-Data-\notebooks\ifrs_outputs\ifrs_disclosures\ifrs_s1.md,62,True,6e6da152feb954a7,"B32 An entity shall disclose material sustainability-related financial information, even if law or regulation permits the entity not to disclose such information."
IFRS_S1,B33,Risk Management,"To achieve this objective, an entity shall disclose information about:","An entity need not disclose information otherwise required by an IFRS Sustainability Disclosure Standard if law or regulation prohibits the entity from disclosing that information. If an entity omits material information for that reason, it shall identify the type of information not disclosed and explain the source of the restriction.

## **Commercially sensitive information**",c:\Users\BV426BP\Documents\IFRS Data\Reporting-Data-\notebooks\gen_data\IFRS\ifrs_s1.pdf,c:\Users\BV426BP\Documents\IFRS Data\Reporting-Data-\notebooks\ifrs_outputs\ifrs_disclosures\ifrs_s1.md,63,True,75daedea07b5048a,"B33 An entity need not disclose information otherwise required by an IFRS Sustainability Disclosure Standard if law or regulation prohibits the entity from disclosing that information. If an entity omits material information for that reason, it shall identify the type of information not disclosed and explain the source of the restriction. 

## **Commercially sensitive information**"
IFRS_S1,B34,Governance,"To achieve this objective, an entity shall disclose information about:","If an entity determines that information about a sustainability-related opportunity is commercially sensitive in the limited circumstances described in paragraph B35, the entity is permitted to omit that information from its sustainability-related financial disclosures. Such an omission is permitted even if information is otherwise required by an IFRS Sustainability Disclosure Standard and the information is material.

B35

An entity qualifies for the exemption specified in paragraph B34 if, and only if:

- (a) information about the sustainability-related opportunity is not already publicly available;

- (b) disclosure of that information could reasonably be expected to prejudice seriously the economic benefits the entity would otherwise be able to realise in pursuing the opportunity; and

- (c) the entity has determined that it is impossible to disclose that information in a manner — for example, at an aggregated level — that would enable the entity to meet the objectives of the disclosure requirements without prejudicing seriously the economic benefits the entity would otherwise be able to realise in pursuing the opportunity.

© IFRS Foundation

31

## IFRS S1 GENERAL REQUIREMENTS FOR DISCLOSURE OF SUSTAINABILITYRELATED FINANCIAL INFORMATION — JUNE 2023

- B36 If an entity elects to use the exemption specified in paragraph B34, the entity shall, for each item of information omitted:

- (a) disclose the fact that it has used the exemption; and

- (b) reassess, at each reporting date, whether the information qualifies for the exemption.

- B37 An entity is prohibited from using the exemption specified in paragraph B34 in relation to a sustainability-related risk or as a basis for broad non-disclosure of sustainability-related financial information.

## **Reporting entity (paragraph 20)**

- B38 Paragraph 20 requires that sustainability-related financial disclosures shall be for the same reporting entity as the related financial statements. For example, consolidated financial statements prepared in accordance with IFRS Accounting Standards provide information about the parent and its subsidiaries as a single reporting entity. Consequently, that entity ’ s sustainability-related financial disclosures shall enable users of general purpose financial reports to understand the effects of the sustainabilityrelated risks and opportunities on the cash flows, access to finance and cost of capital over the short, medium and long term for the parent and its subsidiaries.

## – **Connected information (paragraphs 21 24)**

- B39 Paragraph 21 requires an entity to provide information in a manner that enables users of general purpose financial reports to understand connections both between the items to which the information relates and between disclosures provided by the entity in its general purpose financial reports.

- B40 Connected information provides insight into connections between the items to which the information relates. For example:

- (a) if an entity pursued a particular sustainability-related opportunity and that resulted in an increase in the entity ’ s revenue, connected information will depict that relationship between the entity ’ s strategy and its financial performance;

- (b) if an entity identified a trade-off between two sustainability-related risks it is exposed to and took action on the basis of its assessment of that trade-off, connected information will depict the relationship between those risks and the entity ’ s strategy; and

- (c) if an entity committed to a particular sustainability-related target, but that commitment has not yet affected the entity ’ s financial position or financial performance because the applicable recognition criteria have not been met, connected information will depict that relationship.

- B41 Connected information includes:

- (a) connections between various types of information about a particular sustainability-related risk or opportunity, such as:

© IFRS Foundation

32

## IFRS SUSTAINABILITY DISCLOSURE STANDARDS

- (i) between disclosures on governance, strategy and risk management; and

- (ii) between narrative information and quantitative information (including related metrics and targets and information in the related financial statements).

- (b) connections between disclosures about various sustainability-related risks and opportunities. For example, if an entity integrates its oversight of sustainability-related risks and opportunities, the entity shall integrate the disclosures on governance instead of providing separate disclosures on governance for each sustainability-related risk and opportunity.",c:\Users\BV426BP\Documents\IFRS Data\Reporting-Data-\notebooks\gen_data\IFRS\ifrs_s1.pdf,c:\Users\BV426BP\Documents\IFRS Data\Reporting-Data-\notebooks\ifrs_outputs\ifrs_disclosures\ifrs_s1.md,64,True,9211fd9395f1331c,"B34 If an entity determines that information about a sustainability-related opportunity is commercially sensitive in the limited circumstances described in paragraph B35, the entity is permitted to omit that information from its sustainability-related financial disclosures. Such an omission is permitted even if information is otherwise required by an IFRS Sustainability Disclosure Standard and the information is material. 

B35 

An entity qualifies for the exemption specified in paragraph B34 if, and only if: 

- (a) information about the sustainability-related opportunity is not already publicly available; 

- (b) disclosure of that information could reasonably be expected to prejudice seriously the economic benefits the entity would otherwise be able to realise in pursuing the opportunity; and 

- (c) the entity has determined that it is impossible to disclose that information in a manner — for example, at an aggregated level — that would enable the entity to meet the objectives of the disclosure requirements without prejudicing seriously the economic benefits the entity would otherwise be able to realise in pursuing the opportunity. 

© IFRS Foundation 

31 

## IFRS S1 GENERAL REQUIREMENTS FOR DISCLOSURE OF SUSTAINABILITYRELATED FINANCIAL INFORMATION — JUNE 2023 

- B36 If an entity elects to use the exemption specified in paragraph B34, the entity shall, for each item of information omitted: 

 - (a) disclose the fact that it has used the exemption; and 

 - (b) reassess, at each reporting date, whether the information qualifies for the exemption. 

- B37 An entity is prohibited from using the exemption specified in paragraph B34 in relation to a sustainability-related risk or as a basis for broad non-disclosure of sustainability-related financial information. 

## **Reporting entity (paragraph 20)** 

- B38 Paragraph 20 requires that sustainability-related financial disclosures shall be for the same reporting entity as the related financial statements. For example, consolidated financial statements prepared in accordance with IFRS Accounting Standards provide information about the parent and its subsidiaries as a single reporting entity. Consequently, that entity ’ s sustainability-related financial disclosures shall enable users of general purpose financial reports to understand the effects of the sustainabilityrelated risks and opportunities on the cash flows, access to finance and cost of capital over the short, medium and long term for the parent and its subsidiaries. 

## – **Connected information (paragraphs 21 24)** 

- B39 Paragraph 21 requires an entity to provide information in a manner that enables users of general purpose financial reports to understand connections both between the items to which the information relates and between disclosures provided by the entity in its general purpose financial reports. 

- B40 Connected information provides insight into connections between the items to which the information relates. For example: 

 - (a) if an entity pursued a particular sustainability-related opportunity and that resulted in an increase in the entity ’ s revenue, connected information will depict that relationship between the entity ’ s strategy and its financial performance; 

 - (b) if an entity identified a trade-off between two sustainability-related risks it is exposed to and took action on the basis of its assessment of that trade-off, connected information will depict the relationship between those risks and the entity ’ s strategy; and 

 - (c) if an entity committed to a particular sustainability-related target, but that commitment has not yet affected the entity ’ s financial position or financial performance because the applicable recognition criteria have not been met, connected information will depict that relationship. 

- B41 Connected information includes: 

 - (a) connections between various types of information about a particular sustainability-related risk or opportunity, such as: 

© IFRS Foundation 

32 

## IFRS SUSTAINABILITY DISCLOSURE STANDARDS 

 - (i) between disclosures on governance, strategy and risk management; and 

 - (ii) between narrative information and quantitative information (including related metrics and targets and information in the related financial statements). 

- (b) connections between disclosures about various sustainability-related risks and opportunities. For example, if an entity integrates its oversight of sustainability-related risks and opportunities, the entity shall integrate the disclosures on governance instead of providing separate disclosures on governance for each sustainability-related risk and opportunity."
IFRS_S1,B42,General Requirements,"To achieve this objective, an entity shall disclose information about:","Drawing connections between disclosures involves, but is not limited to, providing necessary explanations and cross-references and using consistent data, assumptions, and units of measure. In providing connected information, an entity shall:

- (a) explain connections between disclosures in a clear and concise manner;

- (b) avoid unnecessary duplication if IFRS Sustainability Disclosure Standards require the disclosure of common items of information; and

- (c) disclose information about significant differences between the data and assumptions used in preparing the entity ’ s sustainability-related financial disclosures and the data and assumptions used in preparing the related financial statements.",c:\Users\BV426BP\Documents\IFRS Data\Reporting-Data-\notebooks\gen_data\IFRS\ifrs_s1.pdf,c:\Users\BV426BP\Documents\IFRS Data\Reporting-Data-\notebooks\ifrs_outputs\ifrs_disclosures\ifrs_s1.md,65,True,63dbdf78446c7e21,"B42 Drawing connections between disclosures involves, but is not limited to, providing necessary explanations and cross-references and using consistent data, assumptions, and units of measure. In providing connected information, an entity shall: 

- (a) explain connections between disclosures in a clear and concise manner; 

- (b) avoid unnecessary duplication if IFRS Sustainability Disclosure Standards require the disclosure of common items of information; and 

- (c) disclose information about significant differences between the data and assumptions used in preparing the entity ’ s sustainability-related financial disclosures and the data and assumptions used in preparing the related financial statements."
IFRS_S1,B49,Metrics and Targets,"To achieve this objective, an entity shall disclose information about:","Paragraph 70 requires an entity to disclose comparative information in respect of the preceding period for all amounts disclosed in the reporting period.

## **Metrics**",c:\Users\BV426BP\Documents\IFRS Data\Reporting-Data-\notebooks\gen_data\IFRS\ifrs_s1.pdf,c:\Users\BV426BP\Documents\IFRS Data\Reporting-Data-\notebooks\ifrs_outputs\ifrs_disclosures\ifrs_s1.md,70,True,d47fd5433a30a13f,"B49 Paragraph 70 requires an entity to disclose comparative information in respect of the preceding period for all amounts disclosed in the reporting period. 

## **Metrics**"
IFRS_S1,B50,General Requirements,"To achieve this objective, an entity shall disclose information about:","In some cases, the amount disclosed for a metric is an estimate. Except as specified in paragraph B51, if an entity identifies new information in relation to the estimated amount disclosed in the preceding period and the new information provides evidence of circumstances that existed in that period, the entity shall:

- (a) disclose a revised comparative amount that reflects that new information;

- (b) disclose the difference between the amount disclosed in the preceding period and the revised comparative amount; and

- (c) explain the reasons for revising the comparative amount.",c:\Users\BV426BP\Documents\IFRS Data\Reporting-Data-\notebooks\gen_data\IFRS\ifrs_s1.pdf,c:\Users\BV426BP\Documents\IFRS Data\Reporting-Data-\notebooks\ifrs_outputs\ifrs_disclosures\ifrs_s1.md,71,True,1d69b4f3dfeb7ddb,"B50 In some cases, the amount disclosed for a metric is an estimate. Except as specified in paragraph B51, if an entity identifies new information in relation to the estimated amount disclosed in the preceding period and the new information provides evidence of circumstances that existed in that period, the entity shall: 

- (a) disclose a revised comparative amount that reflects that new information; 

- (b) disclose the difference between the amount disclosed in the preceding period and the revised comparative amount; and 

- (c) explain the reasons for revising the comparative amount."
IFRS_S1,B51,Metrics and Targets,"To achieve this objective, an entity shall disclose information about:","In applying the requirement in paragraph B50, an entity need not disclose a revised comparative amount:

- (a) if it is impracticable to do so (see paragraph B54).

- (b) if the metric is forward-looking. Forward-looking metrics relate to possible future transactions, events and other conditions. The entity is permitted to revise a comparative amount for a forward-looking metric if doing so does not involve the use of hindsight.",c:\Users\BV426BP\Documents\IFRS Data\Reporting-Data-\notebooks\gen_data\IFRS\ifrs_s1.pdf,c:\Users\BV426BP\Documents\IFRS Data\Reporting-Data-\notebooks\ifrs_outputs\ifrs_disclosures\ifrs_s1.md,72,True,1992a38e828a60ca,"B51 In applying the requirement in paragraph B50, an entity need not disclose a revised comparative amount: 

- (a) if it is impracticable to do so (see paragraph B54). 

- (b) if the metric is forward-looking. Forward-looking metrics relate to possible future transactions, events and other conditions. The entity is permitted to revise a comparative amount for a forward-looking metric if doing so does not involve the use of hindsight."
IFRS_S1,B52,General Requirements,"To achieve this objective, an entity shall disclose information about:","If an entity redefines or replaces a metric in the reporting period, the entity shall:

- (a) disclose a revised comparative amount, unless it is impracticable to do so;

- (b) explain the changes; and

- (c) explain the reasons for those changes, including why the redefined or replacement metric provides more useful information.",c:\Users\BV426BP\Documents\IFRS Data\Reporting-Data-\notebooks\gen_data\IFRS\ifrs_s1.pdf,c:\Users\BV426BP\Documents\IFRS Data\Reporting-Data-\notebooks\ifrs_outputs\ifrs_disclosures\ifrs_s1.md,73,True,78ada8c024993b55,"B52 If an entity redefines or replaces a metric in the reporting period, the entity shall: 

- (a) disclose a revised comparative amount, unless it is impracticable to do so; 

- (b) explain the changes; and 

- (c) explain the reasons for those changes, including why the redefined or replacement metric provides more useful information."
IFRS_S1,B53,General Requirements,"To achieve this objective, an entity shall disclose information about:","If an entity introduces a new metric in the reporting period, it shall disclose a comparative amount for that metric unless it is impracticable to do so.",c:\Users\BV426BP\Documents\IFRS Data\Reporting-Data-\notebooks\gen_data\IFRS\ifrs_s1.pdf,c:\Users\BV426BP\Documents\IFRS Data\Reporting-Data-\notebooks\ifrs_outputs\ifrs_disclosures\ifrs_s1.md,74,True,2de1b4e7b26e4f66,"B53 If an entity introduces a new metric in the reporting period, it shall disclose a comparative amount for that metric unless it is impracticable to do so."
IFRS_S1,B54,General Requirements,"To achieve this objective, an entity shall disclose information about:","Sometimes, it is impracticable to revise a comparative amount to achieve comparability with the reporting period. For example, data might not have been collected in the preceding period in a way that allows retrospective application of a new definition of a metric, and it might be impracticable to

© IFRS Foundation

35

## IFRS S1 GENERAL REQUIREMENTS FOR DISCLOSURE OF SUSTAINABILITYRELATED FINANCIAL INFORMATION — JUNE 2023

recreate the data. If it is impracticable to revise a comparative amount for the preceding period, an entity shall disclose that fact.

## **Errors**

- B55 Paragraph 83 requires an entity to correct material prior period errors.",c:\Users\BV426BP\Documents\IFRS Data\Reporting-Data-\notebooks\gen_data\IFRS\ifrs_s1.pdf,c:\Users\BV426BP\Documents\IFRS Data\Reporting-Data-\notebooks\ifrs_outputs\ifrs_disclosures\ifrs_s1.md,75,True,260d520461de9a45,"B54 Sometimes, it is impracticable to revise a comparative amount to achieve comparability with the reporting period. For example, data might not have been collected in the preceding period in a way that allows retrospective application of a new definition of a metric, and it might be impracticable to 

© IFRS Foundation 

35 

## IFRS S1 GENERAL REQUIREMENTS FOR DISCLOSURE OF SUSTAINABILITYRELATED FINANCIAL INFORMATION — JUNE 2023 

recreate the data. If it is impracticable to revise a comparative amount for the preceding period, an entity shall disclose that fact. 

## **Errors** 

- B55 Paragraph 83 requires an entity to correct material prior period errors."
IFRS_S1,B58,General Requirements,"To achieve this objective, an entity shall disclose information about:","If an entity identifies a material error in its prior period(s) sustainabilityrelated financial disclosures, it shall disclose:

- (a) the nature of the prior period error;

- (b) the correction, to the extent practicable, for each prior period disclosed; and

- (c) if correction of the error is impracticable, the circumstances that led to the existence of that condition and a description of how and from when the error has been corrected.

- B59 When it is impracticable to determine the effect of an error on all prior periods presented, the entity shall restate the comparative information to correct the error from the earliest date practicable.

© IFRS Foundation

36

## IFRS SUSTAINABILITY DISCLOSURE STANDARDS

## **Appendix C Sources of guidance**

_This appendix is an integral part of IFRS S1 and has the same authority as the other parts of the Standard._",c:\Users\BV426BP\Documents\IFRS Data\Reporting-Data-\notebooks\gen_data\IFRS\ifrs_s1.pdf,c:\Users\BV426BP\Documents\IFRS Data\Reporting-Data-\notebooks\ifrs_outputs\ifrs_disclosures\ifrs_s1.md,77,True,397fb04b89523ffb,"B58 If an entity identifies a material error in its prior period(s) sustainabilityrelated financial disclosures, it shall disclose: 

 - (a) the nature of the prior period error; 

 - (b) the correction, to the extent practicable, for each prior period disclosed; and 

 - (c) if correction of the error is impracticable, the circumstances that led to the existence of that condition and a description of how and from when the error has been corrected. 

- B59 When it is impracticable to determine the effect of an error on all prior periods presented, the entity shall restate the comparative information to correct the error from the earliest date practicable. 

© IFRS Foundation 

36 

## IFRS SUSTAINABILITY DISCLOSURE STANDARDS 

## **Appendix C Sources of guidance** 

_This appendix is an integral part of IFRS S1 and has the same authority as the other parts of the Standard._"
IFRS_S1,D32,Risk Management,"To achieve this objective, an entity shall disclose information about:","If sustainability-related risks and opportunities located in one part of an entity ’ s general purpose financial reports have implications for information disclosed in other parts, the entity shall include the information necessary for users to assess those implications. D33 Coherence also requires an entity to provide information in a way that allows users to relate information about its sustainability-related risks and opportunities to information in the entity ’ s financial statements.

© IFRS Foundation

43

## IFRS S1 GENERAL REQUIREMENTS FOR DISCLOSURE OF SUSTAINABILITYRELATED FINANCIAL INFORMATION — JUNE 2023

## **Appendix E Effective date and transition**

_This appendix is an integral part of IFRS S1 and has the same authority as the other parts of the Standard._

## **Effective date**

- E1 An entity shall apply this Standard for annual reporting periods beginning on or after 1 January 2024. Earlier application is permitted. If an entity applies this Standard earlier, it shall disclose that fact and apply IFRS S2 _Climate-related Disclosures_ at the same time.

- E2 For the purposes of applying paragraphs E3 – E6, the date of initial application is the beginning of the annual reporting period in which an entity first applies this Standard.

## **Transition**",c:\Users\BV426BP\Documents\IFRS Data\Reporting-Data-\notebooks\gen_data\IFRS\ifrs_s1.pdf,c:\Users\BV426BP\Documents\IFRS Data\Reporting-Data-\notebooks\ifrs_outputs\ifrs_disclosures\ifrs_s1.md,101,True,52121fff8115803e,"D32 If sustainability-related risks and opportunities located in one part of an entity ’ s general purpose financial reports have implications for information disclosed in other parts, the entity shall include the information necessary for users to assess those implications. D33 Coherence also requires an entity to provide information in a way that allows users to relate information about its sustainability-related risks and opportunities to information in the entity ’ s financial statements. 

© IFRS Foundation 

43 

## IFRS S1 GENERAL REQUIREMENTS FOR DISCLOSURE OF SUSTAINABILITYRELATED FINANCIAL INFORMATION — JUNE 2023 

## **Appendix E Effective date and transition** 

_This appendix is an integral part of IFRS S1 and has the same authority as the other parts of the Standard._ 

## **Effective date** 

- E1 An entity shall apply this Standard for annual reporting periods beginning on or after 1 January 2024. Earlier application is permitted. If an entity applies this Standard earlier, it shall disclose that fact and apply IFRS S2 _Climate-related Disclosures_ at the same time. 

- E2 For the purposes of applying paragraphs E3 – E6, the date of initial application is the beginning of the annual reporting period in which an entity first applies this Standard. 

## **Transition**"
IFRS_S1,E3,Governance,"To achieve this objective, an entity shall disclose information about:","An entity is not required to provide the disclosures specified in this Standard for any period before the date of initial application. Accordingly, an entity is not required to disclose comparative information in the first annual reporting period in which it applies this Standard.

- E4 In the first annual reporting period in which an entity applies this Standard, the entity is permitted to report its sustainability-related financial disclosures after it publishes its related financial statements. In applying this transition relief, an entity shall report its sustainability-related financial disclosures:

- (a) at the same time as its next second-quarter or half-year interim general purpose financial report, if the entity is required to provide such an interim report;

- (b) at the same time as its next second-quarter or half-year interim general purpose financial report, but within nine months of the end of the annual reporting period in which the entity first applies this Standard, if the entity voluntarily provides such an interim report; or

- (c) within nine months of the end of the annual reporting period in which the entity first applies this Standard, if the entity is not required to and does not voluntarily provide an interim general purpose financial report.

- E5 In the first annual reporting period in which an entity applies this Standard, the entity is permitted to disclose information on only climate-related risks and opportunities (in accordance with IFRS S2) and consequently apply the requirements in this Standard only insofar as they relate to the disclosure of information on climate-related risks and opportunities. If an entity uses this transition relief, it shall disclose that fact.

- E6 If an entity uses the transition relief in paragraph E5:

© IFRS Foundation

44

## IFRS SUSTAINABILITY DISCLOSURE STANDARDS

- (a) in the first annual reporting period in which the entity applies this Standard, it is not required to disclose comparative information about its climate-related risks and opportunities (see paragraph E3); and

- (b) in the second annual reporting period in which the entity applies this Standard, it is not required to disclose comparative information about its sustainability-related risks and opportunities, other than its climate-related risks and opportunities.

© IFRS Foundation

45

## IFRS S1 GENERAL REQUIREMENTS FOR DISCLOSURE OF SUSTAINABILITYRELATED FINANCIAL INFORMATION — JUNE 2023

## **Approval by the ISSB of IFRS S1** _**General Requirements for the Disclosure of Sustainability-related Financial Information**_ **issued in June 2023**

IFRS S1 _General Requirements for the Disclosure of Sustainability-related Financial Information_ was approved for issue by all 14 members of the International Sustainability Standards Board.

Emmanuel Faber Chair Jingdong Hua Vice-Chair Suzanne Lloyd Vice-Chair Richard Barker Jenny Bofinger-Schuster Verity Chegar Jeffrey Hales Michael Jantzi Hiroshi Komori Bing Leng Ndidi Nnoli-Edozien Tae-Young Paik Veronika Pountcheva Elizabeth Seeger

© IFRS Foundation

46

**==> picture [165 x 52] intentionally omitted <==**

Columbus Building 7 Westferry Circus Canary Wharf London E14 4HD, UK

Tel **+44 (0) 20 7246 6410** Email **sustainability_licensing@ifrs.org**

## **ifrs.org**

**==> picture [596 x 438] intentionally omitted <==**

**----- Start of picture text -----**<br>
© IFRS Foundation 47<br>**----- End of picture text -----**<br>

International Financial Reporting Standards[®] , IFRS Foundation[®] , IFRS[®] , IAS[®] , IFRIC[®] , SIC[®] , IASB[®] , ISSB[TM] , IFRS for SMEs[®]",c:\Users\BV426BP\Documents\IFRS Data\Reporting-Data-\notebooks\gen_data\IFRS\ifrs_s1.pdf,c:\Users\BV426BP\Documents\IFRS Data\Reporting-Data-\notebooks\ifrs_outputs\ifrs_disclosures\ifrs_s1.md,102,True,bf31d4a9cfc297d5,"E3 An entity is not required to provide the disclosures specified in this Standard for any period before the date of initial application. Accordingly, an entity is not required to disclose comparative information in the first annual reporting period in which it applies this Standard. 

- E4 In the first annual reporting period in which an entity applies this Standard, the entity is permitted to report its sustainability-related financial disclosures after it publishes its related financial statements. In applying this transition relief, an entity shall report its sustainability-related financial disclosures: 

 - (a) at the same time as its next second-quarter or half-year interim general purpose financial report, if the entity is required to provide such an interim report; 

 - (b) at the same time as its next second-quarter or half-year interim general purpose financial report, but within nine months of the end of the annual reporting period in which the entity first applies this Standard, if the entity voluntarily provides such an interim report; or 

 - (c) within nine months of the end of the annual reporting period in which the entity first applies this Standard, if the entity is not required to and does not voluntarily provide an interim general purpose financial report. 

- E5 In the first annual reporting period in which an entity applies this Standard, the entity is permitted to disclose information on only climate-related risks and opportunities (in accordance with IFRS S2) and consequently apply the requirements in this Standard only insofar as they relate to the disclosure of information on climate-related risks and opportunities. If an entity uses this transition relief, it shall disclose that fact. 

- E6 If an entity uses the transition relief in paragraph E5: 

© IFRS Foundation 

44 

## IFRS SUSTAINABILITY DISCLOSURE STANDARDS 

- (a) in the first annual reporting period in which the entity applies this Standard, it is not required to disclose comparative information about its climate-related risks and opportunities (see paragraph E3); and 

- (b) in the second annual reporting period in which the entity applies this Standard, it is not required to disclose comparative information about its sustainability-related risks and opportunities, other than its climate-related risks and opportunities. 

© IFRS Foundation 

45 

## IFRS S1 GENERAL REQUIREMENTS FOR DISCLOSURE OF SUSTAINABILITYRELATED FINANCIAL INFORMATION — JUNE 2023 

## **Approval by the ISSB of IFRS S1** _**General Requirements for the Disclosure of Sustainability-related Financial Information**_ **issued in June 2023** 

IFRS S1 _General Requirements for the Disclosure of Sustainability-related Financial Information_ was approved for issue by all 14 members of the International Sustainability Standards Board. 

Emmanuel Faber Chair Jingdong Hua Vice-Chair Suzanne Lloyd Vice-Chair Richard Barker Jenny Bofinger-Schuster Verity Chegar Jeffrey Hales Michael Jantzi Hiroshi Komori Bing Leng Ndidi Nnoli-Edozien Tae-Young Paik Veronika Pountcheva Elizabeth Seeger 

© IFRS Foundation 

46 

**==> picture [165 x 52] intentionally omitted <==**

Columbus Building 7 Westferry Circus Canary Wharf London E14 4HD, UK 

Tel **+44 (0) 20 7246 6410** Email **sustainability_licensing@ifrs.org** 

## **ifrs.org** 

**==> picture [596 x 438] intentionally omitted <==**

**----- Start of picture text -----**<br>
© IFRS Foundation 47<br>**----- End of picture text -----**<br>

International Financial Reporting Standards[®] , IFRS Foundation[®] , IFRS[®] , IAS[®] , IFRIC[®] , SIC[®] , IASB[®] , ISSB[TM] , IFRS for SMEs[®]"
IFRS_S2,13,Strategy,Unknown,"An entity shall disclose information that enables users of general purpose financial reports to understand the current and anticipated effects of climaterelated risks and opportunities on the entity ’ s business model and value chain. Specifically, the entity shall disclose:

- (a) a description of the current and anticipated effects of climate-related risks and opportunities on the entity ’ s business model and value chain; and

- (b) a description of where in the entity ’ s business model and value chain climate-related risks and opportunities are concentrated (for example, geographical areas, facilities and types of assets).

## **Strategy and decision-making**",c:\Users\BV426BP\Documents\IFRS Data\Reporting-Data-\notebooks\gen_data\IFRS\ifrs_s2.pdf,c:\Users\BV426BP\Documents\IFRS Data\Reporting-Data-\notebooks\ifrs_outputs\ifrs_disclosures\ifrs_s2.md,2,False,f567645eddaf0d46,"13 An entity shall disclose information that enables users of general purpose financial reports to understand the current and anticipated effects of climaterelated risks and opportunities on the entity ’ s business model and value chain. Specifically, the entity shall disclose: 

- (a) a description of the current and anticipated effects of climate-related risks and opportunities on the entity ’ s business model and value chain; and 

- (b) a description of where in the entity ’ s business model and value chain climate-related risks and opportunities are concentrated (for example, geographical areas, facilities and types of assets). 

## **Strategy and decision-making**"
IFRS_S2,14,Strategy,Unknown,"An entity shall disclose information that enables users of general purpose financial reports to understand the effects of climate-related risks and opportunities on its strategy and decision-making. Specifically, the entity shall disclose:

- (a) information about how the entity has responded to, and plans to respond to, climate-related risks and opportunities in its strategy and decision-making, including how the entity plans to achieve any climate-related targets it has set and any targets it is required to meet by law or regulation. Specifically, the entity shall disclose information about:

- (i) current and anticipated changes to the entity ’ s business model, including its resource allocation, to address climate-related risks and opportunities (for example, these changes could include plans to manage or decommission carbon-, energy- or water-intensive operations; resource allocations resulting from demand or supply-chain changes; resource allocations arising from business development through capital expenditure or additional expenditure on research and development; and acquisitions or divestments);

© IFRS Foundation

9

## IFRS S2 CLIMATE-RELATED DISCLOSURES

- (ii) current and anticipated direct mitigation and adaptation efforts (for example, through changes in production processes or equipment, relocation of facilities, workforce adjustments, and changes in product specifications);

- (iii) current and anticipated indirect mitigation and adaptation efforts (for example, through working with customers and supply chains);

- (iv) any climate-related transition plan the entity has, including information about key assumptions used in developing its transition plan, and dependencies on which the entity ’ s transition plan relies; and

- (v) how the entity plans to achieve any climate-related targets, including any greenhouse gas emissions targets, described in accordance with paragraphs 33 – 36.

- (b) information about how the entity is resourcing, and plans to resource, the activities disclosed in accordance with paragraph 14(a).

- (c) quantitative and qualitative information about the progress of plans disclosed in previous reporting periods in accordance with paragraph 14(a).

## **Financial position, financial performance and cash flows**

15

An entity shall disclose information that enables users of general purpose financial reports to understand:

- (a) the effects of climate-related risks and opportunities on the entity ’ s financial position, financial performance and cash flows for the reporting period (current financial effects); and

- (b) the anticipated effects of climate-related risks and opportunities on the entity ’ s financial position, financial performance and cash flows over the short, medium and long term, taking into consideration how climate-related risks and opportunities are included in the entity ’ s financial planning (anticipated financial effects).",c:\Users\BV426BP\Documents\IFRS Data\Reporting-Data-\notebooks\gen_data\IFRS\ifrs_s2.pdf,c:\Users\BV426BP\Documents\IFRS Data\Reporting-Data-\notebooks\ifrs_outputs\ifrs_disclosures\ifrs_s2.md,3,False,bb87b684434ad807,"14 An entity shall disclose information that enables users of general purpose financial reports to understand the effects of climate-related risks and opportunities on its strategy and decision-making. Specifically, the entity shall disclose: 

- (a) information about how the entity has responded to, and plans to respond to, climate-related risks and opportunities in its strategy and decision-making, including how the entity plans to achieve any climate-related targets it has set and any targets it is required to meet by law or regulation. Specifically, the entity shall disclose information about: 

 - (i) current and anticipated changes to the entity ’ s business model, including its resource allocation, to address climate-related risks and opportunities (for example, these changes could include plans to manage or decommission carbon-, energy- or water-intensive operations; resource allocations resulting from demand or supply-chain changes; resource allocations arising from business development through capital expenditure or additional expenditure on research and development; and acquisitions or divestments); 

© IFRS Foundation 

9 

## IFRS S2 CLIMATE-RELATED DISCLOSURES 

 - (ii) current and anticipated direct mitigation and adaptation efforts (for example, through changes in production processes or equipment, relocation of facilities, workforce adjustments, and changes in product specifications); 

 - (iii) current and anticipated indirect mitigation and adaptation efforts (for example, through working with customers and supply chains); 

 - (iv) any climate-related transition plan the entity has, including information about key assumptions used in developing its transition plan, and dependencies on which the entity ’ s transition plan relies; and 

 - (v) how the entity plans to achieve any climate-related targets, including any greenhouse gas emissions targets, described in accordance with paragraphs 33 – 36. 

- (b) information about how the entity is resourcing, and plans to resource, the activities disclosed in accordance with paragraph 14(a). 

- (c) quantitative and qualitative information about the progress of plans disclosed in previous reporting periods in accordance with paragraph 14(a). 

## **Financial position, financial performance and cash flows** 

15 

An entity shall disclose information that enables users of general purpose financial reports to understand: 

- (a) the effects of climate-related risks and opportunities on the entity ’ s financial position, financial performance and cash flows for the reporting period (current financial effects); and 

- (b) the anticipated effects of climate-related risks and opportunities on the entity ’ s financial position, financial performance and cash flows over the short, medium and long term, taking into consideration how climate-related risks and opportunities are included in the entity ’ s financial planning (anticipated financial effects)."
IFRS_S2,16,Strategy,Unknown,"Specifically, an entity shall disclose quantitative and qualitative information about:

- (a) how climate-related risks and opportunities have affected its financial position, financial performance and cash flows for the reporting period;

- (b) the climate-related risks and opportunities identified in paragraph 16(a) for which there is a significant risk of a material adjustment within the next annual reporting period to the carrying amounts of assets and liabilities reported in the related financial statements;

© IFRS Foundation

10

## IFRS SUSTAINABILITY DISCLOSURE STANDARDS

- (c) how the entity expects its financial position to change over the short, medium and long term, given its strategy to manage climate-related risks and opportunities, taking into consideration:

- (i) its investment and disposal plans (for example, plans for capital expenditure, major acquisitions and divestments, joint ventures, business transformation, innovation, new business areas, and asset retirements), including plans the entity is not contractually committed to; and

- (ii) its planned sources of funding to implement its strategy; and

- (d) how the entity expects its financial performance and cash flows to change over the short, medium and long term, given its strategy to manage climate-related risks and opportunities (for example, increased revenue from products and services aligned with a lower-carbon economy; costs arising from physical damage to assets from climate events; and expenses associated with climate adaptation or mitigation).

- 17 In providing quantitative information, an entity may disclose a single amount or a range.

- 18 In preparing disclosures about the anticipated financial effects of a climaterelated risk or opportunity, an entity shall:

- (a) use all reasonable and supportable information that is available to the entity at the reporting date without undue cost or effort; and

- (b) use an approach that is commensurate with the skills, capabilities and resources that are available to the entity for preparing those disclosures.

- 19 An entity need not provide quantitative information about the current or anticipated financial effects of a climate-related risk or opportunity if the entity determines that:

- (a) those effects are not separately identifiable; or

- (b) the level of measurement uncertainty involved in estimating those effects is so high that the resulting quantitative information would not be useful.

- 20 In addition, an entity need not provide quantitative information about the anticipated financial effects of a climate-related risk or opportunity if the entity does not have the skills, capabilities or resources to provide that quantitative information.

- 21 If an entity determines that it need not provide quantitative information about the current or anticipated financial effects of a climate-related risk or –

- opportunity applying the criteria set out in paragraphs 19 20, the entity shall:

- (a) explain why it has not provided quantitative information;

© IFRS Foundation

11

## IFRS S2 CLIMATE-RELATED DISCLOSURES

- (b) provide qualitative information about those financial effects, including identifying line items, totals and subtotals within the related financial statements that are likely to be affected, or have been affected, by that climate-related risk or opportunity; and

- (c) provide quantitative information about the combined financial effects of that climate-related risk or opportunity with other climate-related risks or opportunities and other factors unless the entity determines that quantitative information about the combined financial effects would not be useful.

## **Climate resilience**

22

An entity shall disclose information that enables users of general purpose financial reports to understand the resilience of the entity ’ s strategy and business model to climate-related changes, developments and uncertainties, taking into consideration the entity ’ s identified climate-related risks and opportunities. The entity shall use climate-related scenario analysis to assess its climate resilience using an approach that is commensurate with the ’ – entity s circumstances (see paragraphs B1 B18). In providing quantitative information, the entity may disclose a single amount or a range. Specifically, the entity shall disclose:

- (a) the entity ’ s assessment of its climate resilience as at the reporting date, which shall enable users of general purpose financial reports to understand:

- (i) the implications, if any, of the entity ’ s assessment for its strategy and business model, including how the entity would need to respond to the effects identified in the climate-related scenario analysis;

- (ii) the significant areas of uncertainty considered in the entity ’ s assessment of its climate resilience;

- (iii) the entity ’ s capacity to adjust or adapt its strategy and business model to climate change over the short, medium and long term, including;

- (1) the availability of, and flexibility in, the entity ’ s existing financial resources to respond to the effects identified in the climate-related scenario analysis, including to address climate-related risks and to take advantage of climate-related opportunities;

- (2) the entity ’ s ability to redeploy, repurpose, upgrade or decommission existing assets; and

- (3) the effect of the entity ’ s current and planned investments in climate-related mitigation, adaptation and opportunities for climate resilience; and

- (b) how and when the climate-related scenario analysis was carried out, including:

© IFRS Foundation

12

## IFRS SUSTAINABILITY DISCLOSURE STANDARDS

- (i) information about the inputs the entity used, including:

- (1) which climate-related scenarios the entity used for the analysis and the sources of those scenarios;

- (2) whether the analysis included a diverse range of climate-related scenarios;

- (3) whether the climate-related scenarios used for the analysis are associated with climate-related transition risks or climate-related physical risks;

- (4) whether the entity used, among its scenarios, a climaterelated scenario aligned with the _latest international agreement on climate change_ ;

- (5) why the entity decided that its chosen climate-related scenarios are relevant to assessing its resilience to climate-related changes, developments or uncertainties;

- (6) the time horizons the entity used in the analysis; and

- (7) what scope of operations the entity used in the analysis (for example, the operating locations and business units used in the analysis);

- (ii) the key assumptions the entity made in the analysis, including assumptions about:

- (1) climate-related policies in the jurisdictions in which the entity operates;

- (2) macroeconomic trends;

- (3) national- or regional-level variables (for example, local weather patterns, demographics, land use, infrastructure and availability of natural resources);

- (4) energy usage and mix; and

- (5) developments in technology; and

- (iii) the reporting period in which the climate-related scenario analysis was carried out (see paragraph B18).",c:\Users\BV426BP\Documents\IFRS Data\Reporting-Data-\notebooks\gen_data\IFRS\ifrs_s2.pdf,c:\Users\BV426BP\Documents\IFRS Data\Reporting-Data-\notebooks\ifrs_outputs\ifrs_disclosures\ifrs_s2.md,4,False,54c777453b65c8e5,"16 Specifically, an entity shall disclose quantitative and qualitative information about: 

- (a) how climate-related risks and opportunities have affected its financial position, financial performance and cash flows for the reporting period; 

- (b) the climate-related risks and opportunities identified in paragraph 16(a) for which there is a significant risk of a material adjustment within the next annual reporting period to the carrying amounts of assets and liabilities reported in the related financial statements; 

© IFRS Foundation 

10 

## IFRS SUSTAINABILITY DISCLOSURE STANDARDS 

 - (c) how the entity expects its financial position to change over the short, medium and long term, given its strategy to manage climate-related risks and opportunities, taking into consideration: 

 - (i) its investment and disposal plans (for example, plans for capital expenditure, major acquisitions and divestments, joint ventures, business transformation, innovation, new business areas, and asset retirements), including plans the entity is not contractually committed to; and 

 - (ii) its planned sources of funding to implement its strategy; and 

 - (d) how the entity expects its financial performance and cash flows to change over the short, medium and long term, given its strategy to manage climate-related risks and opportunities (for example, increased revenue from products and services aligned with a lower-carbon economy; costs arising from physical damage to assets from climate events; and expenses associated with climate adaptation or mitigation). 

- 17 In providing quantitative information, an entity may disclose a single amount or a range. 

- 18 In preparing disclosures about the anticipated financial effects of a climaterelated risk or opportunity, an entity shall: 

 - (a) use all reasonable and supportable information that is available to the entity at the reporting date without undue cost or effort; and 

 - (b) use an approach that is commensurate with the skills, capabilities and resources that are available to the entity for preparing those disclosures. 

- 19 An entity need not provide quantitative information about the current or anticipated financial effects of a climate-related risk or opportunity if the entity determines that: 

 - (a) those effects are not separately identifiable; or 

 - (b) the level of measurement uncertainty involved in estimating those effects is so high that the resulting quantitative information would not be useful. 

- 20 In addition, an entity need not provide quantitative information about the anticipated financial effects of a climate-related risk or opportunity if the entity does not have the skills, capabilities or resources to provide that quantitative information. 

- 21 If an entity determines that it need not provide quantitative information about the current or anticipated financial effects of a climate-related risk or – 

- opportunity applying the criteria set out in paragraphs 19 20, the entity shall: 

 - (a) explain why it has not provided quantitative information; 

© IFRS Foundation 

11 

## IFRS S2 CLIMATE-RELATED DISCLOSURES 

- (b) provide qualitative information about those financial effects, including identifying line items, totals and subtotals within the related financial statements that are likely to be affected, or have been affected, by that climate-related risk or opportunity; and 

- (c) provide quantitative information about the combined financial effects of that climate-related risk or opportunity with other climate-related risks or opportunities and other factors unless the entity determines that quantitative information about the combined financial effects would not be useful. 

## **Climate resilience** 

22 

An entity shall disclose information that enables users of general purpose financial reports to understand the resilience of the entity ’ s strategy and business model to climate-related changes, developments and uncertainties, taking into consideration the entity ’ s identified climate-related risks and opportunities. The entity shall use climate-related scenario analysis to assess its climate resilience using an approach that is commensurate with the ’ – entity s circumstances (see paragraphs B1 B18). In providing quantitative information, the entity may disclose a single amount or a range. Specifically, the entity shall disclose: 

- (a) the entity ’ s assessment of its climate resilience as at the reporting date, which shall enable users of general purpose financial reports to understand: 

 - (i) the implications, if any, of the entity ’ s assessment for its strategy and business model, including how the entity would need to respond to the effects identified in the climate-related scenario analysis; 

 - (ii) the significant areas of uncertainty considered in the entity ’ s assessment of its climate resilience; 

 - (iii) the entity ’ s capacity to adjust or adapt its strategy and business model to climate change over the short, medium and long term, including; 

 - (1) the availability of, and flexibility in, the entity ’ s existing financial resources to respond to the effects identified in the climate-related scenario analysis, including to address climate-related risks and to take advantage of climate-related opportunities; 

 - (2) the entity ’ s ability to redeploy, repurpose, upgrade or decommission existing assets; and 

 - (3) the effect of the entity ’ s current and planned investments in climate-related mitigation, adaptation and opportunities for climate resilience; and 

- (b) how and when the climate-related scenario analysis was carried out, including: 

© IFRS Foundation 

12 

## IFRS SUSTAINABILITY DISCLOSURE STANDARDS 

- (i) information about the inputs the entity used, including: 

 - (1) which climate-related scenarios the entity used for the analysis and the sources of those scenarios; 

 - (2) whether the analysis included a diverse range of climate-related scenarios; 

 - (3) whether the climate-related scenarios used for the analysis are associated with climate-related transition risks or climate-related physical risks; 

 - (4) whether the entity used, among its scenarios, a climaterelated scenario aligned with the _latest international agreement on climate change_ ; 

 - (5) why the entity decided that its chosen climate-related scenarios are relevant to assessing its resilience to climate-related changes, developments or uncertainties; 

 - (6) the time horizons the entity used in the analysis; and 

 - (7) what scope of operations the entity used in the analysis (for example, the operating locations and business units used in the analysis); 

- (ii) the key assumptions the entity made in the analysis, including assumptions about: 

 - (1) climate-related policies in the jurisdictions in which the entity operates; 

 - (2) macroeconomic trends; 

 - (3) national- or regional-level variables (for example, local weather patterns, demographics, land use, infrastructure and availability of natural resources); 

 - (4) energy usage and mix; and 

 - (5) developments in technology; and 

- (iii) the reporting period in which the climate-related scenario analysis was carried out (see paragraph B18)."
IFRS_S2,23,Governance,"To achieve this objective, an entity shall disclose information about:","In preparing disclosures to meet the requirements in paragraphs 13 – 22, an entity shall refer to and consider the applicability of cross-industry metric categories, as described in paragraph 29, and industry-based metrics associated with disclosure topics defined in the _Industry-based Guidance on Implementing IFRS S2_ as described in paragraph 32.

© IFRS Foundation

13

## IFRS S2 CLIMATE-RELATED DISCLOSURES

## **Risk management**

**24**

25

**The objective of climate-related financial disclosures on risk management is to enable users of general purpose financial reports to understand an entity** ’ **s processes to identify, assess, prioritise and monitor climate-related risks and opportunities, including whether and how those processes are integrated into and inform the entity** ’ **s overall risk management process.**

- (a) the processes and related policies the entity uses to identify, assess, prioritise and monitor climate-related risks, including information about:

- (i) the inputs and parameters the entity uses (for example, information about data sources and the scope of operations covered in the processes);

- (ii) whether and how the entity uses climate-related scenario analysis to inform its identification of climate-related risks;

- (iii) how the entity assesses the nature, likelihood and magnitude of the effects of those risks (for example, whether the entity considers qualitative factors, quantitative thresholds or other criteria);

- (iv) whether and how the entity prioritises climate-related risks relative to other types of risk;

- (v) how the entity monitors climate-related risks; and

- (vi) whether and how the entity has changed the processes it uses compared with the previous reporting period;

- (b) the processes the entity uses to identify, assess, prioritise and monitor climate-related opportunities, including information about whether and how the entity uses climate-related scenario analysis to inform its identification of climate-related opportunities; and

- (c) the extent to which, and how, the processes for identifying, assessing, prioritising and monitoring climate-related risks and opportunities are integrated into and inform the entity ’ s overall risk management process.

26

In preparing disclosures to fulfil the requirements in paragraph 25, an entity shall avoid unnecessary duplication in accordance with IFRS S1 (see paragraph B42(b) of IFRS S1). For example, although an entity shall provide the information required by paragraph 25, if oversight of sustainabilityrelated risks and opportunities is managed on an integrated basis, the entity would avoid duplication by providing integrated risk management disclosures instead of separate disclosures for each sustainability-related risk and opportunity.

© IFRS Foundation

14

## IFRS SUSTAINABILITY DISCLOSURE STANDARDS

## **Metrics and targets**

27

28

**The objective of climate-related financial disclosures on metrics and targets is to enable users of general purpose financial reports to understand an entity** ’ **s performance in relation to its climate-related risks and opportunities, including progress towards any climate-related targets it has set, and any targets it is required to meet by law or regulation.**

- To achieve this objective, an entity shall disclose:

- (a) information relevant to the cross-industry metric categories (see –

- paragraphs 29 31);

- (b) industry-based metrics that are associated with particular business models, activities or other common features that characterise participation in an industry (see paragraph 32); and

- (c) targets set by the entity, and any targets it is required to meet by law or regulation, to mitigate or adapt to climate-related risks or take advantage of climate-related opportunities, including metrics used by the governance body or management to measure progress towards –

- these targets (see paragraphs 33 37).

## **Climate-related metrics**",c:\Users\BV426BP\Documents\IFRS Data\Reporting-Data-\notebooks\gen_data\IFRS\ifrs_s2.pdf,c:\Users\BV426BP\Documents\IFRS Data\Reporting-Data-\notebooks\ifrs_outputs\ifrs_disclosures\ifrs_s2.md,5,False,3aca427162a8f16a,"23 In preparing disclosures to meet the requirements in paragraphs 13 – 22, an entity shall refer to and consider the applicability of cross-industry metric categories, as described in paragraph 29, and industry-based metrics associated with disclosure topics defined in the _Industry-based Guidance on Implementing IFRS S2_ as described in paragraph 32. 

© IFRS Foundation 

13 

## IFRS S2 CLIMATE-RELATED DISCLOSURES 

## **Risk management** 

**24** 

25 

**The objective of climate-related financial disclosures on risk management is to enable users of general purpose financial reports to understand an entity** ’ **s processes to identify, assess, prioritise and monitor climate-related risks and opportunities, including whether and how those processes are integrated into and inform the entity** ’ **s overall risk management process.** 

To achieve this objective, an entity shall disclose information about: 

- (a) the processes and related policies the entity uses to identify, assess, prioritise and monitor climate-related risks, including information about: 

 - (i) the inputs and parameters the entity uses (for example, information about data sources and the scope of operations covered in the processes); 

 - (ii) whether and how the entity uses climate-related scenario analysis to inform its identification of climate-related risks; 

 - (iii) how the entity assesses the nature, likelihood and magnitude of the effects of those risks (for example, whether the entity considers qualitative factors, quantitative thresholds or other criteria); 

 - (iv) whether and how the entity prioritises climate-related risks relative to other types of risk; 

 - (v) how the entity monitors climate-related risks; and 

 - (vi) whether and how the entity has changed the processes it uses compared with the previous reporting period; 

- (b) the processes the entity uses to identify, assess, prioritise and monitor climate-related opportunities, including information about whether and how the entity uses climate-related scenario analysis to inform its identification of climate-related opportunities; and 

- (c) the extent to which, and how, the processes for identifying, assessing, prioritising and monitoring climate-related risks and opportunities are integrated into and inform the entity ’ s overall risk management process. 

26 

In preparing disclosures to fulfil the requirements in paragraph 25, an entity shall avoid unnecessary duplication in accordance with IFRS S1 (see paragraph B42(b) of IFRS S1). For example, although an entity shall provide the information required by paragraph 25, if oversight of sustainabilityrelated risks and opportunities is managed on an integrated basis, the entity would avoid duplication by providing integrated risk management disclosures instead of separate disclosures for each sustainability-related risk and opportunity. 

© IFRS Foundation 

14 

## IFRS SUSTAINABILITY DISCLOSURE STANDARDS 

## **Metrics and targets** 

27 

28 

**The objective of climate-related financial disclosures on metrics and targets is to enable users of general purpose financial reports to understand an entity** ’ **s performance in relation to its climate-related risks and opportunities, including progress towards any climate-related targets it has set, and any targets it is required to meet by law or regulation.** 

- To achieve this objective, an entity shall disclose: 

- (a) information relevant to the cross-industry metric categories (see – 

- paragraphs 29 31); 

- (b) industry-based metrics that are associated with particular business models, activities or other common features that characterise participation in an industry (see paragraph 32); and 

- (c) targets set by the entity, and any targets it is required to meet by law or regulation, to mitigate or adapt to climate-related risks or take advantage of climate-related opportunities, including metrics used by the governance body or management to measure progress towards – 

- these targets (see paragraphs 33 37). 

## **Climate-related metrics**"
IFRS_S2,29,Governance,"To achieve this objective, an entity shall disclose information about:","An entity shall disclose information relevant to the cross-industry metric categories of:

-

- (a) _greenhouse gases_ the entity shall:

- (i) disclose its absolute gross greenhouse gas emissions generated during the reporting period, expressed as metric tonnes of _CO2_ –

- _equivalent_ (see paragraphs B19 B22), classified as:

- (1) _Scope 1 greenhouse gas emissions_ ;

- (2) _Scope 2 greenhouse gas emissions_ ; and

- (3) _Scope 3 greenhouse gas emissions_ ;

- (ii) measure its greenhouse gas emissions in accordance with the Greenhouse Gas Protocol: A Corporate Accounting and Reporting Standard (2004) unless the entity is required, in whole or in part, by a jurisdictional authority or an exchange on which it is listed to use a different method for measuring its –

- greenhouse gas emissions (see paragraphs B23 B25);

- (iii) disclose the approach it uses to measure its greenhouse gas –

- emissions (see paragraphs B26 B29) including:

- (1) the measurement approach, inputs and assumptions the entity uses to measure its greenhouse gas emissions;

- (2) the reason why the entity has chosen the measurement approach, inputs and assumptions it uses to measure its greenhouse gas emissions; and

© IFRS Foundation

15

## IFRS S2 CLIMATE-RELATED DISCLOSURES

- (3) any changes the entity made to the measurement approach, inputs and assumptions during the reporting period and the reasons for those changes;

- (iv) for Scope 1 and Scope 2 greenhouse gas emissions disclosed in accordance with paragraph 29(a)(i)(1) – (2), disaggregate emissions between:

- (1) the consolidated accounting group (for example, for an entity applying IFRS Accounting Standards, this group would comprise the parent and its consolidated subsidiaries); and

- (2) other investees excluded from paragraph 29(a)(iv)(1) (for example, for an entity applying IFRS Accounting Standards, these investees would include associates, joint ventures and unconsolidated subsidiaries);

- (v) for Scope 2 greenhouse gas emissions disclosed in accordance with paragraph 29(a)(i)(2), disclose its location-based Scope 2 greenhouse gas emissions, and provide information about any contractual instruments that is necessary to inform users ’ understanding of the entity ’ s Scope 2 greenhouse gas emissions –

- (see paragraphs B30 B31); and

- (vi) for Scope 3 greenhouse gas emissions disclosed in accordance with paragraph 29(a)(i)(3), and with reference to paragraphs B32 – B57, disclose:

- (1) the categories included within the entity ’ s measure of Scope 3 greenhouse gas emissions, in accordance with the _Scope 3 categories_ described in the Greenhouse Gas Protocol Corporate Value Chain (Scope 3) Accounting and Reporting Standard (2011); and

- (2) additional information about the entity ’ s _financed emissions_ (which are part of Category 15 greenhouse gas emissions), if its activities include asset management, commercial banking or insurance (see paragraphs B58 – B63A);

- (b) climate-related transition risks — the amount and percentage of assets or business activities vulnerable to climate-related transition risks;

-

- (c) climate-related physical risks the amount and percentage of assets or business activities vulnerable to climate-related physical risks;

-

- (d) climate-related opportunities the amount and percentage of assets or business activities aligned with climate-related opportunities;

-

- (e) capital deployment the amount of capital expenditure, financing or investment deployed towards climate-related risks and opportunities;

-

- (f) _internal carbon prices_ the entity shall disclose:

© IFRS Foundation

16

## IFRS SUSTAINABILITY DISCLOSURE STANDARDS

- (i) an explanation of whether and how the entity is applying a carbon price in decision-making (for example, investment decisions, transfer pricing and scenario analysis); and

- (ii) the price for each metric tonne of greenhouse gas emissions the entity uses to assess the costs of its greenhouse gas emissions;

- (g) remuneration — the entity shall disclose:

- (i) a description of whether and how climate-related considerations are factored into executive remuneration (see also paragraph 6(a)(v)); and

- (ii) the percentage of executive management remuneration recognised in the current period that is linked to climaterelated considerations.

- 29A In preparing disclosures to meet the requirement in paragraph 29(a)(i)(3), an entity is permitted to limit what it includes in its measure of Scope 3 Category 15 greenhouse gas emissions to only its financed emissions. That is, the entity is permitted to limit its Category 15 greenhouse gas emissions to emissions attributed to loans and investments made by the entity to investees or counterparties. ‘ Loans and investments ’ include loans, project finance, bonds, equity investments and undrawn loan commitments. For an entity that participates in asset management activities, financed emissions include greenhouse gas emissions attributed to assets under management. For the purpose of the limitation, an entity is permitted to exclude greenhouse gas emissions attributable to derivatives.",c:\Users\BV426BP\Documents\IFRS Data\Reporting-Data-\notebooks\gen_data\IFRS\ifrs_s2.pdf,c:\Users\BV426BP\Documents\IFRS Data\Reporting-Data-\notebooks\ifrs_outputs\ifrs_disclosures\ifrs_s2.md,6,False,349a48dd50e1018d,"29 An entity shall disclose information relevant to the cross-industry metric categories of: 

- 

- (a) _greenhouse gases_ the entity shall: 

 - (i) disclose its absolute gross greenhouse gas emissions generated during the reporting period, expressed as metric tonnes of _CO2_ – 

 - _equivalent_ (see paragraphs B19 B22), classified as: 

 - (1) _Scope 1 greenhouse gas emissions_ ; 

 - (2) _Scope 2 greenhouse gas emissions_ ; and 

 - (3) _Scope 3 greenhouse gas emissions_ ; 

 - (ii) measure its greenhouse gas emissions in accordance with the Greenhouse Gas Protocol: A Corporate Accounting and Reporting Standard (2004) unless the entity is required, in whole or in part, by a jurisdictional authority or an exchange on which it is listed to use a different method for measuring its – 

 - greenhouse gas emissions (see paragraphs B23 B25); 

 - (iii) disclose the approach it uses to measure its greenhouse gas – 

 - emissions (see paragraphs B26 B29) including: 

 - (1) the measurement approach, inputs and assumptions the entity uses to measure its greenhouse gas emissions; 

 - (2) the reason why the entity has chosen the measurement approach, inputs and assumptions it uses to measure its greenhouse gas emissions; and 

© IFRS Foundation 

15 

## IFRS S2 CLIMATE-RELATED DISCLOSURES 

 - (3) any changes the entity made to the measurement approach, inputs and assumptions during the reporting period and the reasons for those changes; 

 - (iv) for Scope 1 and Scope 2 greenhouse gas emissions disclosed in accordance with paragraph 29(a)(i)(1) – (2), disaggregate emissions between: 

 - (1) the consolidated accounting group (for example, for an entity applying IFRS Accounting Standards, this group would comprise the parent and its consolidated subsidiaries); and 

 - (2) other investees excluded from paragraph 29(a)(iv)(1) (for example, for an entity applying IFRS Accounting Standards, these investees would include associates, joint ventures and unconsolidated subsidiaries); 

 - (v) for Scope 2 greenhouse gas emissions disclosed in accordance with paragraph 29(a)(i)(2), disclose its location-based Scope 2 greenhouse gas emissions, and provide information about any contractual instruments that is necessary to inform users ’ understanding of the entity ’ s Scope 2 greenhouse gas emissions – 

 - (see paragraphs B30 B31); and 

 - (vi) for Scope 3 greenhouse gas emissions disclosed in accordance with paragraph 29(a)(i)(3), and with reference to paragraphs B32 – B57, disclose: 

 - (1) the categories included within the entity ’ s measure of Scope 3 greenhouse gas emissions, in accordance with the _Scope 3 categories_ described in the Greenhouse Gas Protocol Corporate Value Chain (Scope 3) Accounting and Reporting Standard (2011); and 

 - (2) additional information about the entity ’ s _financed emissions_ (which are part of Category 15 greenhouse gas emissions), if its activities include asset management, commercial banking or insurance (see paragraphs B58 – B63A); 

- (b) climate-related transition risks — the amount and percentage of assets or business activities vulnerable to climate-related transition risks; 

- 

- (c) climate-related physical risks the amount and percentage of assets or business activities vulnerable to climate-related physical risks; 

- 

- (d) climate-related opportunities the amount and percentage of assets or business activities aligned with climate-related opportunities; 

- 

- (e) capital deployment the amount of capital expenditure, financing or investment deployed towards climate-related risks and opportunities; 

- 

- (f) _internal carbon prices_ the entity shall disclose: 

© IFRS Foundation 

16 

## IFRS SUSTAINABILITY DISCLOSURE STANDARDS 

 - (i) an explanation of whether and how the entity is applying a carbon price in decision-making (for example, investment decisions, transfer pricing and scenario analysis); and 

 - (ii) the price for each metric tonne of greenhouse gas emissions the entity uses to assess the costs of its greenhouse gas emissions; 

 - (g) remuneration — the entity shall disclose: 

 - (i) a description of whether and how climate-related considerations are factored into executive remuneration (see also paragraph 6(a)(v)); and 

 - (ii) the percentage of executive management remuneration recognised in the current period that is linked to climaterelated considerations. 

- 29A In preparing disclosures to meet the requirement in paragraph 29(a)(i)(3), an entity is permitted to limit what it includes in its measure of Scope 3 Category 15 greenhouse gas emissions to only its financed emissions. That is, the entity is permitted to limit its Category 15 greenhouse gas emissions to emissions attributed to loans and investments made by the entity to investees or counterparties. ‘ Loans and investments ’ include loans, project finance, bonds, equity investments and undrawn loan commitments. For an entity that participates in asset management activities, financed emissions include greenhouse gas emissions attributed to assets under management. For the purpose of the limitation, an entity is permitted to exclude greenhouse gas emissions attributable to derivatives."
IFRS_S2,29B,Metrics and Targets,"To achieve this objective, an entity shall disclose information about:","If an entity applies the limitation in paragraph 29A, the entity shall:

- (a) explain what it has treated as a derivative to enable users of general purpose financial reports to understand how it applied the limitation. For example, the entity could explain that, in applying the limitation, it treated as derivatives items that meet the definition of a derivative in accordance with the requirements of IFRS Accounting Standards or other applicable generally accepted accounting principles or practices (GAAP) used in preparing its related financial statements.

- (b) describe the financial activities it has excluded from its measure of Scope 3 Category 15 greenhouse gas emissions as a result of applying paragraph 29A, including activities associated with derivatives.

- 29C If an entity has included Category 15 greenhouse gas emissions in its measure of Scope 3 greenhouse gas emissions disclosed in accordance with paragraph 29(a)(i)(3), the entity shall disclose the total Category 15 greenhouse gas emissions and the subtotal of financed emissions included in that total.

- 30 In preparing disclosures to meet the requirements in paragraph 29(b) – (d), an entity shall use all reasonable and supportable information that is available to the entity at the reporting date without undue cost or effort.

- 31 In preparing disclosures to meet the requirements in paragraph 29(b) – (g), an entity shall refer to paragraphs B64 – B65.

© IFRS Foundation

17

## IFRS S2 CLIMATE-RELATED DISCLOSURES",c:\Users\BV426BP\Documents\IFRS Data\Reporting-Data-\notebooks\gen_data\IFRS\ifrs_s2.pdf,c:\Users\BV426BP\Documents\IFRS Data\Reporting-Data-\notebooks\ifrs_outputs\ifrs_disclosures\ifrs_s2.md,7,False,45436be065550170,"29B If an entity applies the limitation in paragraph 29A, the entity shall: 

 - (a) explain what it has treated as a derivative to enable users of general purpose financial reports to understand how it applied the limitation. For example, the entity could explain that, in applying the limitation, it treated as derivatives items that meet the definition of a derivative in accordance with the requirements of IFRS Accounting Standards or other applicable generally accepted accounting principles or practices (GAAP) used in preparing its related financial statements. 

 - (b) describe the financial activities it has excluded from its measure of Scope 3 Category 15 greenhouse gas emissions as a result of applying paragraph 29A, including activities associated with derivatives. 

- 29C If an entity has included Category 15 greenhouse gas emissions in its measure of Scope 3 greenhouse gas emissions disclosed in accordance with paragraph 29(a)(i)(3), the entity shall disclose the total Category 15 greenhouse gas emissions and the subtotal of financed emissions included in that total. 

- 30 In preparing disclosures to meet the requirements in paragraph 29(b) – (d), an entity shall use all reasonable and supportable information that is available to the entity at the reporting date without undue cost or effort. 

- 31 In preparing disclosures to meet the requirements in paragraph 29(b) – (g), an entity shall refer to paragraphs B64 – B65. 

© IFRS Foundation 

17 

## IFRS S2 CLIMATE-RELATED DISCLOSURES"
IFRS_S2,32,Strategy,"To achieve this objective, an entity shall disclose information about:","An entity shall disclose industry-based metrics that are associated with one or more particular business models, activities or other common features that characterise participation in an industry. In determining the industry-based metrics that the entity discloses, the entity shall refer to and consider the applicability of the industry-based metrics associated with disclosure topics described in the _Industry-based Guidance on Implementing IFRS S2_ .

## **Climate-related targets**",c:\Users\BV426BP\Documents\IFRS Data\Reporting-Data-\notebooks\gen_data\IFRS\ifrs_s2.pdf,c:\Users\BV426BP\Documents\IFRS Data\Reporting-Data-\notebooks\ifrs_outputs\ifrs_disclosures\ifrs_s2.md,8,False,4e79d85e1c830220,"32 An entity shall disclose industry-based metrics that are associated with one or more particular business models, activities or other common features that characterise participation in an industry. In determining the industry-based metrics that the entity discloses, the entity shall refer to and consider the applicability of the industry-based metrics associated with disclosure topics described in the _Industry-based Guidance on Implementing IFRS S2_ . 

## **Climate-related targets**"
IFRS_S2,33,Risk Management,"To achieve this objective, an entity shall disclose information about:","An entity shall disclose the quantitative and qualitative climate-related targets it has set to monitor progress towards achieving its strategic goals, and any targets it is required to meet by law or regulation, including any greenhouse gas emissions targets. For each target, the entity shall disclose:

-

- (a) the metric used to set the target (see paragraphs B66 B67);

- (b) the objective of the target (for example, mitigation, adaptation or conformance with science-based initiatives);

- (c) the part of the entity to which the target applies (for example, whether the target applies to the entity in its entirety or only a part of the entity, such as a specific business unit or specific geographical region);

- (d) the period over which the target applies;

- (e) the base period from which progress is measured;

- (f) any milestones and interim targets;

- (g) if the target is quantitative, whether it is an absolute target or an intensity target; and

- (h) how the latest international agreement on climate change, including jurisdictional commitments that arise from that agreement, has informed the target.

- 34 An entity shall disclose information about its approach to setting and reviewing each target, and how it monitors progress against each target, including:

- (a) whether the target and the methodology for setting the target has been validated by a third party;

- (b) the entity ’ s processes for reviewing the target;

- (c) the metrics used to monitor progress towards reaching the target; and

- (d) any revisions to the target and an explanation for those revisions.

- 35 An entity shall disclose information about its performance against each climate-related target and an analysis of trends or changes in the entity ’ s performance.

- 36 For each greenhouse gas emissions target disclosed in accordance with –

- paragraphs 33 35, an entity shall disclose:

- (a) which greenhouse gases are covered by the target.

© IFRS Foundation

18

## IFRS SUSTAINABILITY DISCLOSURE STANDARDS

- (b) whether Scope 1, Scope 2 or Scope 3 greenhouse gas emissions are covered by the target.

- (c) whether the target is a gross greenhouse gas emissions target or net greenhouse gas emissions target. If the entity discloses a net greenhouse gas emissions target, the entity is also required to separately disclose its associated gross greenhouse gas emissions target –

- (see paragraphs B68 B69).

- (d) whether the target was derived using a sectoral decarbonisation approach.

- (e) the entity ’ s planned use of _carbon credits_ to offset greenhouse gas emissions to achieve any net greenhouse gas emissions target. In explaining its planned use of carbon credits the entity shall disclose information including, and with reference to paragraphs B70 – B71:

- (i) the extent to which, and how, achieving any net greenhouse gas emissions target relies on the use of carbon credits;

- (ii) which third-party scheme(s) will verify or certify the carbon credits;

- (iii) the type of carbon credit, including whether the underlying offset will be nature-based or based on technological carbon removals, and whether the underlying offset is achieved through carbon reduction or removal; and

- (iv) any other factors necessary for users of general purpose financial reports to understand the credibility and integrity of the carbon credits the entity plans to use (for example, assumptions regarding the permanence of the carbon offset).",c:\Users\BV426BP\Documents\IFRS Data\Reporting-Data-\notebooks\gen_data\IFRS\ifrs_s2.pdf,c:\Users\BV426BP\Documents\IFRS Data\Reporting-Data-\notebooks\ifrs_outputs\ifrs_disclosures\ifrs_s2.md,9,False,b68308177772b50a,"33 An entity shall disclose the quantitative and qualitative climate-related targets it has set to monitor progress towards achieving its strategic goals, and any targets it is required to meet by law or regulation, including any greenhouse gas emissions targets. For each target, the entity shall disclose: 

 - 

 - (a) the metric used to set the target (see paragraphs B66 B67); 

 - (b) the objective of the target (for example, mitigation, adaptation or conformance with science-based initiatives); 

 - (c) the part of the entity to which the target applies (for example, whether the target applies to the entity in its entirety or only a part of the entity, such as a specific business unit or specific geographical region); 

 - (d) the period over which the target applies; 

 - (e) the base period from which progress is measured; 

 - (f) any milestones and interim targets; 

 - (g) if the target is quantitative, whether it is an absolute target or an intensity target; and 

 - (h) how the latest international agreement on climate change, including jurisdictional commitments that arise from that agreement, has informed the target. 

- 34 An entity shall disclose information about its approach to setting and reviewing each target, and how it monitors progress against each target, including: 

 - (a) whether the target and the methodology for setting the target has been validated by a third party; 

 - (b) the entity ’ s processes for reviewing the target; 

 - (c) the metrics used to monitor progress towards reaching the target; and 

 - (d) any revisions to the target and an explanation for those revisions. 

- 35 An entity shall disclose information about its performance against each climate-related target and an analysis of trends or changes in the entity ’ s performance. 

- 36 For each greenhouse gas emissions target disclosed in accordance with – 

- paragraphs 33 35, an entity shall disclose: 

 - (a) which greenhouse gases are covered by the target. 

© IFRS Foundation 

18 

## IFRS SUSTAINABILITY DISCLOSURE STANDARDS 

- (b) whether Scope 1, Scope 2 or Scope 3 greenhouse gas emissions are covered by the target. 

- (c) whether the target is a gross greenhouse gas emissions target or net greenhouse gas emissions target. If the entity discloses a net greenhouse gas emissions target, the entity is also required to separately disclose its associated gross greenhouse gas emissions target – 

- (see paragraphs B68 B69). 

- (d) whether the target was derived using a sectoral decarbonisation approach. 

- (e) the entity ’ s planned use of _carbon credits_ to offset greenhouse gas emissions to achieve any net greenhouse gas emissions target. In explaining its planned use of carbon credits the entity shall disclose information including, and with reference to paragraphs B70 – B71: 

 - (i) the extent to which, and how, achieving any net greenhouse gas emissions target relies on the use of carbon credits; 

 - (ii) which third-party scheme(s) will verify or certify the carbon credits; 

 - (iii) the type of carbon credit, including whether the underlying offset will be nature-based or based on technological carbon removals, and whether the underlying offset is achieved through carbon reduction or removal; and 

 - (iv) any other factors necessary for users of general purpose financial reports to understand the credibility and integrity of the carbon credits the entity plans to use (for example, assumptions regarding the permanence of the carbon offset)."
IFRS_S2,B2,Strategy,"To achieve this objective, an entity shall disclose information about:","An entity shall use an approach to climate-related scenario analysis that is commensurate with its circumstances as at the time the entity carries out its climate-related scenario analysis (see paragraph B3). To assess its circumstances the entity shall consider:

- (a) the entity ’ s exposure to climate-related risks and opportunities (see –

- paragraphs B4 B5); and

- (b) the skills, capabilities and resources available to the entity for the –

- climate-related scenario analysis (see paragraphs B6 B7).

- B3 An entity shall assess its circumstances each time it carries out its climaterelated scenario analysis. For example, an entity that carries out its climaterelated scenario analysis every three years to align with its strategic planning cycle (see paragraph B18) would be required to reconsider for this purpose its exposure to climate-related risks and opportunities and the skills, capabilities and resources available at that time.

> 2 This application guidance (paragraphs B1 – B18) draws on the range of practice outlined in documents published by the Task Force on Climate-related Financial Disclosures (TCFD), including _Technical Supplement: The Use of Scenario Analysis in Disclosure of Climate-related Risks and Opportunities_ (2017) and _Guidance on Scenario Analysis for Non-Financial Companies_ (2020).

© IFRS Foundation

25

## IFRS S2 CLIMATE-RELATED DISCLOSURES

## **Exposure to climate-related risks and opportunities**

B4

B5

An entity shall consider its exposure to climate-related risks and opportunities in its assessment of its circumstances and when determining the approach to use for its climate-related scenario analysis. This consideration provides essential context for understanding the potential benefits of using a particular approach to climate-related scenario analysis. For example, if an entity has a high degree of exposure to climate-related risk then a more quantitative or technically sophisticated approach to climate-related scenario analysis would be of greater benefit to the entity and users of general purpose financial reports. Users of general purpose financial reports would be less likely to benefit from quantitative or technically sophisticated climate-related scenario analysis if the entity is exposed to few or relatively less severe climate-related risks and opportunities. This means that — with all else being equal — the greater the entity ’ s exposure to climate-related risks or opportunities, the more likely it is the entity would determine that a more technically sophisticated form of climate-related scenario analysis is required.

This Standard requires an entity to identify the climate-related risks and opportunities to which it is exposed (see paragraph 10) and to disclose information about the process the entity uses to identify, assess, prioritise and monitor those risks and opportunities (see paragraph 25). The information the entity discloses in accordance with paragraphs 10 and 25 can inform the entity ’ s consideration of its exposure to climate-related risks and opportunities.

## **Skills, capabilities and resources available**

B6

B7

An entity shall consider the available skills, capabilities and resources when determining an appropriate approach to use for its climate-related scenario analysis. These skills, capabilities and resources might include both internal and external skills, capabilities and resources. The entity ’ s available skills, capabilities and resources provide context to inform its consideration of the potential cost and level of effort required by a particular approach to climaterelated scenario analysis. For example, if an entity has only just begun to explore the use of climate-related scenario analysis to assess its climate resilience, it might be unable to use a quantitative or technically sophisticated approach to climate-related scenario analysis without undue cost or effort. For the avoidance of doubt, if resources are available to the entity then it will be able to invest in obtaining or developing the necessary skills and capabilities.

— Climate-related scenario analysis can be resource intensive and might — through an iterative learning process be developed and refined over multiple planning cycles. As an entity repeats the climate-related scenario analysis, it is likely to develop skills and capabilities that will enable the entity to strengthen its approach to climate-related scenario analysis over time. For example, if an entity has not yet used climate-related scenario analysis or participates in an industry where climate-related scenario analysis is not commonly used, the entity might need more time to develop its skills and capabilities. In contrast, an entity in an industry where climate-related scenario analysis is established practice — such as extractives and mineral

© IFRS Foundation

26

## IFRS SUSTAINABILITY DISCLOSURE STANDARDS

— processing would be expected to have strengthened its skills and capabilities through its experience.

## **Determining the appropriate approach**

B8

An entity shall determine an approach to climate-related scenario analysis that enables it to consider all reasonable and supportable information that is available to the entity at the reporting date without undue cost or effort. The determination of the approach shall be informed by the assessments of the entity ’ s exposure to climate-related risks and opportunities (see paragraphs B4 – B5) and its available skills, capabilities and resources (see paragraphs B6 – B7). Making such a determination involves:

- (a) selecting inputs to the climate-related scenario analysis (see –

- paragraphs B11 B13); and

- (b) making analytical choices about how to carry out the climate-related –

- scenario analysis (see paragraphs B14 B15).

B9

B10

Reasonable and supportable information includes information about past events, current conditions and forecasts of future conditions. It also includes quantitative or qualitative information, and information that is obtained from an external source or owned or developed internally.

An entity will need to use judgement to determine the mix of inputs and analytical choices that will enable the entity to consider all reasonable and supportable information that is available to the entity at the reporting date without undue cost or effort. The degree of judgement that is required depends on the availability of detailed information. As the time horizon increases and the availability of detailed information decreases, the degree of judgement required increases.

## **Selecting inputs**

B11

B12

When an entity selects the inputs to use in its climate-related scenario analysis, the entity shall consider all reasonable and supportable information — — including scenarios, variables and other inputs available to the entity at the reporting date without undue cost or effort. The inputs used in scenario analysis might include information that is qualitative or quantitative, and is obtained from an external source or developed internally. For example, publicly available climate-related scenarios — from authoritative sources — that describe future trends and a range of pathways to plausible outcomes are considered to be available to the entity without undue cost or effort.

When selecting scenarios, variables and other inputs to use in climate-related scenario analysis, an entity might, for example, use one or more climaterelated scenarios — including international and regional scenarios — that are publicly and freely available from authoritative sources. The entity shall have a reasonable and supportable basis for using a particular scenario or set of scenarios. For example, an entity with operations concentrated in a — jurisdiction where emissions are regulated or are likely to be regulated in the future — might determine that it is appropriate to carry out its analysis using a scenario consistent with an orderly transition to a lower-carbon

© IFRS Foundation

27

## IFRS S2 CLIMATE-RELATED DISCLOSURES

economy or consistent with relevant jurisdictional commitments to the latest international agreement on climate change. Elsewhere, for example, an entity with heightened exposure to physical climate-related risks might determine that it is appropriate to carry out its analysis using a localised climate-related scenario that takes into account current policies.

B13

In considering whether the selected inputs are reasonable and supportable, an entity shall consider the objective of paragraph 22, which requires the entity to disclose information that enables users of general purpose financial reports to understand the resilience of the entity ’ s strategy and business model to climate-related changes, developments and uncertainties, taking into consideration the entity ’ s identified climate-related risks and opportunities. This means that the inputs to the entity ’ s climate-related scenario analysis shall be relevant to the entity ’ s circumstances, for example, to the particular activities the entity undertakes and the geographical location of those activities.

## **Making analytical choices**

B14

B15

An entity ’ s resilience assessment will be informed not only by the individual inputs to its climate-related scenario analysis, but also by the information it develops in combining those inputs to carry out the analysis. The entity shall prioritise the analytical choices (for example, whether to use qualitative analysis or quantitative modelling) that will enable it to consider all reasonable and supportable information that is available to the entity at the — reporting date without undue cost or effort. For example, if an entity is able without undue cost or effort — to incorporate multiple carbon price pathways associated with a given outcome (for example, a 1.5 degree Celsius outcome), this analysis is likely to strengthen the entity ’ s resilience assessment, assuming such an approach is warranted by the entity ’ s risk exposure.

Quantitative information will often enable an entity to carry out a more robust assessment of its climate resilience. However, qualitative information (including scenario narratives), either alone or combined with quantitative data, can also provide a reasonable and supportable basis for the entity ’ s resilience assessment.

## **Additional considerations**

B16

Climate-related scenario analysis is an evolving practice and, therefore, the approach that an entity uses is likely to change over time. As described in – paragraphs B2 B7, the entity shall determine its approach to climate-related scenario analysis based on its particular circumstances, including the entity ’ s exposure to climate-related risks and opportunities and the skills, capabilities and resources available for the scenario analysis. Those circumstances are also likely to change over time. Therefore, the entity ’ s approach to climate-related scenario analysis need not be the same from one reporting period or strategic planning cycle to the next (see paragraph B18).

© IFRS Foundation

28

## IFRS SUSTAINABILITY DISCLOSURE STANDARDS

B17

B18

An entity might use a simpler approach to climate-related scenario analysis, such as qualitative scenario narratives, if such an approach is appropriate to the entity ’ s circumstances. For example, if an entity does not currently have the skills, capabilities or resources to carry out quantitative climate-related scenario analysis but has a high degree of exposure to climate-related risk, the entity might initially use a simpler approach to climate-related scenario analysis, but would build its capabilities through experience and, therefore, would apply a more advanced quantitative approach to climate-related scenario analysis over time. An entity with a high degree of exposure to climate-related risks and opportunities, and with access to the necessary skills, capabilities or resources, is required to apply a more advanced quantitative approach to climate-related scenario analysis.

Although paragraph 22 requires an entity to disclose information about its climate resilience at each reporting date, the entity might carry out its climate-related scenario analysis in line with its strategic planning cycle, including a multi-year strategic planning cycle (for example, every three to five years). Therefore, in some reporting periods the entity ’ s disclosures in accordance with paragraph 22(b) could remain unchanged from the previous reporting period if the entity does not conduct a scenario analysis annually. The entity shall — at a minimum — update its climate-related scenario analysis in line with its strategic planning cycle. However, an assessment of the entity ’ s resilience is required to be carried out annually to reflect updated insight into the implications of climate uncertainty for the entity ’ s business model and ’ — strategy. As such, an entity s disclosure in accordance with paragraph 22(a) that is, the results of the entity ’ s resilience assessment — shall be updated at each reporting period.

© IFRS Foundation

29

## IFRS S2 CLIMATE-RELATED DISCLOSURES

## **Greenhouse gases (paragraph 29(a))**

## **Greenhouse gas emissions**

## **Permission to use information from a reporting period that is different from the entity** ’ **s reporting period, in specific circumstances**",c:\Users\BV426BP\Documents\IFRS Data\Reporting-Data-\notebooks\gen_data\IFRS\ifrs_s2.pdf,c:\Users\BV426BP\Documents\IFRS Data\Reporting-Data-\notebooks\ifrs_outputs\ifrs_disclosures\ifrs_s2.md,11,True,7cd02f37186172f5,"B2 An entity shall use an approach to climate-related scenario analysis that is commensurate with its circumstances as at the time the entity carries out its climate-related scenario analysis (see paragraph B3). To assess its circumstances the entity shall consider: 

 - (a) the entity ’ s exposure to climate-related risks and opportunities (see – 

 - paragraphs B4 B5); and 

 - (b) the skills, capabilities and resources available to the entity for the – 

 - climate-related scenario analysis (see paragraphs B6 B7). 

- B3 An entity shall assess its circumstances each time it carries out its climaterelated scenario analysis. For example, an entity that carries out its climaterelated scenario analysis every three years to align with its strategic planning cycle (see paragraph B18) would be required to reconsider for this purpose its exposure to climate-related risks and opportunities and the skills, capabilities and resources available at that time. 

> 2 This application guidance (paragraphs B1 – B18) draws on the range of practice outlined in documents published by the Task Force on Climate-related Financial Disclosures (TCFD), including _Technical Supplement: The Use of Scenario Analysis in Disclosure of Climate-related Risks and Opportunities_ (2017) and _Guidance on Scenario Analysis for Non-Financial Companies_ (2020). 

© IFRS Foundation 

25 

## IFRS S2 CLIMATE-RELATED DISCLOSURES 

## **Exposure to climate-related risks and opportunities** 

B4 

B5 

An entity shall consider its exposure to climate-related risks and opportunities in its assessment of its circumstances and when determining the approach to use for its climate-related scenario analysis. This consideration provides essential context for understanding the potential benefits of using a particular approach to climate-related scenario analysis. For example, if an entity has a high degree of exposure to climate-related risk then a more quantitative or technically sophisticated approach to climate-related scenario analysis would be of greater benefit to the entity and users of general purpose financial reports. Users of general purpose financial reports would be less likely to benefit from quantitative or technically sophisticated climate-related scenario analysis if the entity is exposed to few or relatively less severe climate-related risks and opportunities. This means that — with all else being equal — the greater the entity ’ s exposure to climate-related risks or opportunities, the more likely it is the entity would determine that a more technically sophisticated form of climate-related scenario analysis is required. 

This Standard requires an entity to identify the climate-related risks and opportunities to which it is exposed (see paragraph 10) and to disclose information about the process the entity uses to identify, assess, prioritise and monitor those risks and opportunities (see paragraph 25). The information the entity discloses in accordance with paragraphs 10 and 25 can inform the entity ’ s consideration of its exposure to climate-related risks and opportunities. 

## **Skills, capabilities and resources available** 

B6 

B7 

An entity shall consider the available skills, capabilities and resources when determining an appropriate approach to use for its climate-related scenario analysis. These skills, capabilities and resources might include both internal and external skills, capabilities and resources. The entity ’ s available skills, capabilities and resources provide context to inform its consideration of the potential cost and level of effort required by a particular approach to climaterelated scenario analysis. For example, if an entity has only just begun to explore the use of climate-related scenario analysis to assess its climate resilience, it might be unable to use a quantitative or technically sophisticated approach to climate-related scenario analysis without undue cost or effort. For the avoidance of doubt, if resources are available to the entity then it will be able to invest in obtaining or developing the necessary skills and capabilities. 

— Climate-related scenario analysis can be resource intensive and might — through an iterative learning process be developed and refined over multiple planning cycles. As an entity repeats the climate-related scenario analysis, it is likely to develop skills and capabilities that will enable the entity to strengthen its approach to climate-related scenario analysis over time. For example, if an entity has not yet used climate-related scenario analysis or participates in an industry where climate-related scenario analysis is not commonly used, the entity might need more time to develop its skills and capabilities. In contrast, an entity in an industry where climate-related scenario analysis is established practice — such as extractives and mineral 

© IFRS Foundation 

26 

## IFRS SUSTAINABILITY DISCLOSURE STANDARDS 

— processing would be expected to have strengthened its skills and capabilities through its experience. 

## **Determining the appropriate approach** 

B8 

An entity shall determine an approach to climate-related scenario analysis that enables it to consider all reasonable and supportable information that is available to the entity at the reporting date without undue cost or effort. The determination of the approach shall be informed by the assessments of the entity ’ s exposure to climate-related risks and opportunities (see paragraphs B4 – B5) and its available skills, capabilities and resources (see paragraphs B6 – B7). Making such a determination involves: 

- (a) selecting inputs to the climate-related scenario analysis (see – 

- paragraphs B11 B13); and 

- (b) making analytical choices about how to carry out the climate-related – 

- scenario analysis (see paragraphs B14 B15). 

B9 

B10 

Reasonable and supportable information includes information about past events, current conditions and forecasts of future conditions. It also includes quantitative or qualitative information, and information that is obtained from an external source or owned or developed internally. 

An entity will need to use judgement to determine the mix of inputs and analytical choices that will enable the entity to consider all reasonable and supportable information that is available to the entity at the reporting date without undue cost or effort. The degree of judgement that is required depends on the availability of detailed information. As the time horizon increases and the availability of detailed information decreases, the degree of judgement required increases. 

## **Selecting inputs** 

B11 

B12 

When an entity selects the inputs to use in its climate-related scenario analysis, the entity shall consider all reasonable and supportable information — — including scenarios, variables and other inputs available to the entity at the reporting date without undue cost or effort. The inputs used in scenario analysis might include information that is qualitative or quantitative, and is obtained from an external source or developed internally. For example, publicly available climate-related scenarios — from authoritative sources — that describe future trends and a range of pathways to plausible outcomes are considered to be available to the entity without undue cost or effort. 

When selecting scenarios, variables and other inputs to use in climate-related scenario analysis, an entity might, for example, use one or more climaterelated scenarios — including international and regional scenarios — that are publicly and freely available from authoritative sources. The entity shall have a reasonable and supportable basis for using a particular scenario or set of scenarios. For example, an entity with operations concentrated in a — jurisdiction where emissions are regulated or are likely to be regulated in the future — might determine that it is appropriate to carry out its analysis using a scenario consistent with an orderly transition to a lower-carbon 

© IFRS Foundation 

27 

## IFRS S2 CLIMATE-RELATED DISCLOSURES 

economy or consistent with relevant jurisdictional commitments to the latest international agreement on climate change. Elsewhere, for example, an entity with heightened exposure to physical climate-related risks might determine that it is appropriate to carry out its analysis using a localised climate-related scenario that takes into account current policies. 

B13 

In considering whether the selected inputs are reasonable and supportable, an entity shall consider the objective of paragraph 22, which requires the entity to disclose information that enables users of general purpose financial reports to understand the resilience of the entity ’ s strategy and business model to climate-related changes, developments and uncertainties, taking into consideration the entity ’ s identified climate-related risks and opportunities. This means that the inputs to the entity ’ s climate-related scenario analysis shall be relevant to the entity ’ s circumstances, for example, to the particular activities the entity undertakes and the geographical location of those activities. 

## **Making analytical choices** 

B14 

B15 

An entity ’ s resilience assessment will be informed not only by the individual inputs to its climate-related scenario analysis, but also by the information it develops in combining those inputs to carry out the analysis. The entity shall prioritise the analytical choices (for example, whether to use qualitative analysis or quantitative modelling) that will enable it to consider all reasonable and supportable information that is available to the entity at the — reporting date without undue cost or effort. For example, if an entity is able without undue cost or effort — to incorporate multiple carbon price pathways associated with a given outcome (for example, a 1.5 degree Celsius outcome), this analysis is likely to strengthen the entity ’ s resilience assessment, assuming such an approach is warranted by the entity ’ s risk exposure. 

Quantitative information will often enable an entity to carry out a more robust assessment of its climate resilience. However, qualitative information (including scenario narratives), either alone or combined with quantitative data, can also provide a reasonable and supportable basis for the entity ’ s resilience assessment. 

## **Additional considerations** 

B16 

Climate-related scenario analysis is an evolving practice and, therefore, the approach that an entity uses is likely to change over time. As described in – paragraphs B2 B7, the entity shall determine its approach to climate-related scenario analysis based on its particular circumstances, including the entity ’ s exposure to climate-related risks and opportunities and the skills, capabilities and resources available for the scenario analysis. Those circumstances are also likely to change over time. Therefore, the entity ’ s approach to climate-related scenario analysis need not be the same from one reporting period or strategic planning cycle to the next (see paragraph B18). 

© IFRS Foundation 

28 

## IFRS SUSTAINABILITY DISCLOSURE STANDARDS 

B17 

B18 

An entity might use a simpler approach to climate-related scenario analysis, such as qualitative scenario narratives, if such an approach is appropriate to the entity ’ s circumstances. For example, if an entity does not currently have the skills, capabilities or resources to carry out quantitative climate-related scenario analysis but has a high degree of exposure to climate-related risk, the entity might initially use a simpler approach to climate-related scenario analysis, but would build its capabilities through experience and, therefore, would apply a more advanced quantitative approach to climate-related scenario analysis over time. An entity with a high degree of exposure to climate-related risks and opportunities, and with access to the necessary skills, capabilities or resources, is required to apply a more advanced quantitative approach to climate-related scenario analysis. 

Although paragraph 22 requires an entity to disclose information about its climate resilience at each reporting date, the entity might carry out its climate-related scenario analysis in line with its strategic planning cycle, including a multi-year strategic planning cycle (for example, every three to five years). Therefore, in some reporting periods the entity ’ s disclosures in accordance with paragraph 22(b) could remain unchanged from the previous reporting period if the entity does not conduct a scenario analysis annually. The entity shall — at a minimum — update its climate-related scenario analysis in line with its strategic planning cycle. However, an assessment of the entity ’ s resilience is required to be carried out annually to reflect updated insight into the implications of climate uncertainty for the entity ’ s business model and ’ — strategy. As such, an entity s disclosure in accordance with paragraph 22(a) that is, the results of the entity ’ s resilience assessment — shall be updated at each reporting period. 

© IFRS Foundation 

29 

## IFRS S2 CLIMATE-RELATED DISCLOSURES 

## **Greenhouse gases (paragraph 29(a))** 

## **Greenhouse gas emissions** 

## **Permission to use information from a reporting period that is different from the entity** ’ **s reporting period, in specific circumstances**"
IFRS_S2,B19,Strategy,"To achieve this objective, an entity shall disclose information about:","An entity might have a different reporting period from some or all of the entities in its value chain. Such a difference would mean that greenhouse gas emissions information from these entities in its value chain for the entity ’ s reporting period might not be readily available for the entity to use for its own disclosure. In such circumstances, the entity is permitted to measure its greenhouse gas emissions in accordance with paragraph 29(a)(i) using information for reporting periods that are different from its own reporting period if that information is obtained from entities in its value chain with reporting periods that are different from the entity ’ s reporting period, on the condition that:

- (a) the entity uses the most recent data available from those entities in its value chain without undue cost or effort to measure and disclose its greenhouse gas emissions;

- (b) the length of the reporting periods is the same; and

- (c) the entity discloses the effects of significant events and changes in circumstances (relevant to its greenhouse gas emissions) that occur between the reporting dates of the entities in its value chain and the date of the entity ’ s general purpose financial reports.

## **Aggregation of greenhouse gases into CO2 equivalent using global warming potential values**",c:\Users\BV426BP\Documents\IFRS Data\Reporting-Data-\notebooks\gen_data\IFRS\ifrs_s2.pdf,c:\Users\BV426BP\Documents\IFRS Data\Reporting-Data-\notebooks\ifrs_outputs\ifrs_disclosures\ifrs_s2.md,12,True,4c9b7a2ac39731c4,"B19 An entity might have a different reporting period from some or all of the entities in its value chain. Such a difference would mean that greenhouse gas emissions information from these entities in its value chain for the entity ’ s reporting period might not be readily available for the entity to use for its own disclosure. In such circumstances, the entity is permitted to measure its greenhouse gas emissions in accordance with paragraph 29(a)(i) using information for reporting periods that are different from its own reporting period if that information is obtained from entities in its value chain with reporting periods that are different from the entity ’ s reporting period, on the condition that: 

- (a) the entity uses the most recent data available from those entities in its value chain without undue cost or effort to measure and disclose its greenhouse gas emissions; 

- (b) the length of the reporting periods is the same; and 

- (c) the entity discloses the effects of significant events and changes in circumstances (relevant to its greenhouse gas emissions) that occur between the reporting dates of the entities in its value chain and the date of the entity ’ s general purpose financial reports. 

## **Aggregation of greenhouse gases into CO2 equivalent using global warming potential values**"
IFRS_S2,B20,Metrics and Targets,"To achieve this objective, an entity shall disclose information about:","Paragraph 29(a) requires an entity to disclose its absolute gross greenhouse gas emissions generated during the reporting period, expressed as metric tonnes of CO2 equivalent. To meet this requirement, the entity shall aggregate the seven constituent greenhouse gases into CO2 equivalent values.",c:\Users\BV426BP\Documents\IFRS Data\Reporting-Data-\notebooks\gen_data\IFRS\ifrs_s2.pdf,c:\Users\BV426BP\Documents\IFRS Data\Reporting-Data-\notebooks\ifrs_outputs\ifrs_disclosures\ifrs_s2.md,13,True,f610bbf4ca6b2d3a,"B20 Paragraph 29(a) requires an entity to disclose its absolute gross greenhouse gas emissions generated during the reporting period, expressed as metric tonnes of CO2 equivalent. To meet this requirement, the entity shall aggregate the seven constituent greenhouse gases into CO2 equivalent values."
IFRS_S2,B21,Risk Management,"To achieve this objective, an entity shall disclose information about:","If an entity uses direct measurement to measure its greenhouse gas emissions, the entity is required to convert the seven constituent greenhouse gases into a CO2 equivalent value using global warming potential values based on a 100 ‑ year time horizon, from the latest Intergovernmental Panel on Climate Change assessment available at the reporting date. The requirement to use such global warming potential values applies unless the entity is required, in whole or in part, by a jurisdictional authority or an exchange on which it is listed to use different global warming potential values for converting the seven constituent greenhouse gases into a CO2 equivalent value. In such a case, the entity is instead permitted to use the global warming potential values required by such a jurisdictional authority or exchange for the part of the entity to which that requirement applies, for as long as that requirement applies to that part of the entity.

© IFRS Foundation

30

## IFRS SUSTAINABILITY DISCLOSURE STANDARDS

B22

If an entity uses emission factors to estimate its greenhouse gas emissions, the entity shall use — as its basis for measuring its greenhouse gas emissions — the emission factors that best represent the entity ’ s activity (see paragraph B29). If these emission factors have already converted the constituent gases into CO2 equivalent values, the entity is not required to recalculate the emission factors using global warming potential values based on a 100-year time horizon from the latest Intergovernmental Panel on Climate Change assessment available at the reporting date. However, if an entity uses emission factors that are not converted into CO2 equivalent values, then the entity shall use the global warming potential values based on a 100-year time horizon from the latest Intergovernmental Panel on Climate Change assessment available at the reporting date. The requirement to use such global warming potential values applies unless the entity is required, in whole or in part, by a jurisdictional authority or an exchange on which it is listed to use different global warming potential values for converting the seven constituent greenhouse gases into a CO2 equivalent value. In such a case, the entity is instead permitted to use the global warming potential values required by such a jurisdictional authority or exchange for the part of the entity to which that requirement applies, for as long as that requirement applies to that part of the entity.

## **Greenhouse Gas Protocol**

B23

B24

B25

Paragraph 29(a)(ii) requires an entity to disclose its greenhouse gas emissions measured in accordance with the Greenhouse Gas Protocol: A Corporate Accounting and Reporting Standard (2004). For the avoidance of doubt, an entity shall apply the requirements in the Greenhouse Gas Protocol: A Corporate Accounting and Reporting Standard (2004) only to the extent that they do not conflict with the requirements in this Standard. For example, the Greenhouse Gas Protocol: A Corporate Accounting and Reporting Standard (2004) does not require an entity to disclose its Scope 3 greenhouse gas emissions, however, the entity is required to disclose Scope 3 greenhouse gas emissions in accordance with paragraph 29(a).

An entity is required to use the Greenhouse Gas Protocol: A Corporate Accounting and Reporting Standard (2004) unless the entity is required, in whole or in part, by a jurisdictional authority or an exchange on which it is listed to use a different method for measuring its greenhouse gas emissions. If the entity is required, in whole or in part, by a jurisdictional authority or an exchange on which it is listed to use a different method for measuring its greenhouse gas emissions, the entity is permitted to use this different method for the part of the entity to which that requirement applies, rather than using the Greenhouse Gas Protocol: A Corporate Accounting and Reporting Standard (2004), for as long as such jurisdictional or exchange requirement applies to that part of the entity.

In some circumstances, an entity might be subject to a requirement in the jurisdiction in which it operates to disclose its greenhouse gas emissions for a specific part of the entity or for some of its greenhouse gas emissions (for example, only for Scope 1 and Scope 2 greenhouse gas emissions). In such circumstances, the jurisdictional requirement does not exempt the entity

© IFRS Foundation

31

## IFRS S2 CLIMATE-RELATED DISCLOSURES

from applying the requirements in this Standard to disclose the entity ’ s Scope 1, Scope 2 and Scope 3 greenhouse gas emissions for the entity as a whole.

## **Measurement approach, inputs and assumptions**

B26

Paragraph 29(a)(iii) requires an entity to disclose the measurement approach, inputs and assumptions it uses to measure its greenhouse gas emissions. As part of this requirement, the entity shall include information about:

- (a) the measurement approach the entity uses in accordance with the Greenhouse Gas Protocol: A Corporate Accounting and Reporting Standard (2004) (see paragraph B27);

- (b) the applicable method if the entity is not using the Greenhouse Gas Protocol: A Corporate Accounting and Reporting Standard (2004) and the measurement approach the entity uses (see paragraph B28); and

- (c) the emission factors the entity uses (see paragraph B29).

## **The measurement approach set out in the Greenhouse Gas Protocol**",c:\Users\BV426BP\Documents\IFRS Data\Reporting-Data-\notebooks\gen_data\IFRS\ifrs_s2.pdf,c:\Users\BV426BP\Documents\IFRS Data\Reporting-Data-\notebooks\ifrs_outputs\ifrs_disclosures\ifrs_s2.md,14,True,0fe876096ac6374d,"B21 If an entity uses direct measurement to measure its greenhouse gas emissions, the entity is required to convert the seven constituent greenhouse gases into a CO2 equivalent value using global warming potential values based on a 100 ‑ year time horizon, from the latest Intergovernmental Panel on Climate Change assessment available at the reporting date. The requirement to use such global warming potential values applies unless the entity is required, in whole or in part, by a jurisdictional authority or an exchange on which it is listed to use different global warming potential values for converting the seven constituent greenhouse gases into a CO2 equivalent value. In such a case, the entity is instead permitted to use the global warming potential values required by such a jurisdictional authority or exchange for the part of the entity to which that requirement applies, for as long as that requirement applies to that part of the entity. 

© IFRS Foundation 

30 

## IFRS SUSTAINABILITY DISCLOSURE STANDARDS 

B22 

If an entity uses emission factors to estimate its greenhouse gas emissions, the entity shall use — as its basis for measuring its greenhouse gas emissions — the emission factors that best represent the entity ’ s activity (see paragraph B29). If these emission factors have already converted the constituent gases into CO2 equivalent values, the entity is not required to recalculate the emission factors using global warming potential values based on a 100-year time horizon from the latest Intergovernmental Panel on Climate Change assessment available at the reporting date. However, if an entity uses emission factors that are not converted into CO2 equivalent values, then the entity shall use the global warming potential values based on a 100-year time horizon from the latest Intergovernmental Panel on Climate Change assessment available at the reporting date. The requirement to use such global warming potential values applies unless the entity is required, in whole or in part, by a jurisdictional authority or an exchange on which it is listed to use different global warming potential values for converting the seven constituent greenhouse gases into a CO2 equivalent value. In such a case, the entity is instead permitted to use the global warming potential values required by such a jurisdictional authority or exchange for the part of the entity to which that requirement applies, for as long as that requirement applies to that part of the entity. 

## **Greenhouse Gas Protocol** 

B23 

B24 

B25 

Paragraph 29(a)(ii) requires an entity to disclose its greenhouse gas emissions measured in accordance with the Greenhouse Gas Protocol: A Corporate Accounting and Reporting Standard (2004). For the avoidance of doubt, an entity shall apply the requirements in the Greenhouse Gas Protocol: A Corporate Accounting and Reporting Standard (2004) only to the extent that they do not conflict with the requirements in this Standard. For example, the Greenhouse Gas Protocol: A Corporate Accounting and Reporting Standard (2004) does not require an entity to disclose its Scope 3 greenhouse gas emissions, however, the entity is required to disclose Scope 3 greenhouse gas emissions in accordance with paragraph 29(a). 

An entity is required to use the Greenhouse Gas Protocol: A Corporate Accounting and Reporting Standard (2004) unless the entity is required, in whole or in part, by a jurisdictional authority or an exchange on which it is listed to use a different method for measuring its greenhouse gas emissions. If the entity is required, in whole or in part, by a jurisdictional authority or an exchange on which it is listed to use a different method for measuring its greenhouse gas emissions, the entity is permitted to use this different method for the part of the entity to which that requirement applies, rather than using the Greenhouse Gas Protocol: A Corporate Accounting and Reporting Standard (2004), for as long as such jurisdictional or exchange requirement applies to that part of the entity. 

In some circumstances, an entity might be subject to a requirement in the jurisdiction in which it operates to disclose its greenhouse gas emissions for a specific part of the entity or for some of its greenhouse gas emissions (for example, only for Scope 1 and Scope 2 greenhouse gas emissions). In such circumstances, the jurisdictional requirement does not exempt the entity 

© IFRS Foundation 

31 

## IFRS S2 CLIMATE-RELATED DISCLOSURES 

from applying the requirements in this Standard to disclose the entity ’ s Scope 1, Scope 2 and Scope 3 greenhouse gas emissions for the entity as a whole. 

## **Measurement approach, inputs and assumptions** 

B26 

Paragraph 29(a)(iii) requires an entity to disclose the measurement approach, inputs and assumptions it uses to measure its greenhouse gas emissions. As part of this requirement, the entity shall include information about: 

- (a) the measurement approach the entity uses in accordance with the Greenhouse Gas Protocol: A Corporate Accounting and Reporting Standard (2004) (see paragraph B27); 

- (b) the applicable method if the entity is not using the Greenhouse Gas Protocol: A Corporate Accounting and Reporting Standard (2004) and the measurement approach the entity uses (see paragraph B28); and 

- (c) the emission factors the entity uses (see paragraph B29). 

## **The measurement approach set out in the Greenhouse Gas Protocol**"
IFRS_S2,B27,Metrics and Targets,"To achieve this objective, an entity shall disclose information about:","The Greenhouse Gas Protocol: A Corporate Accounting and Reporting Standard (2004) includes different measurement approaches that an entity might use when measuring its greenhouse gas emissions. In disclosing information in accordance with paragraph 29(a)(iii), the entity is required to disclose information about the measurement approach it uses. For example, when the entity discloses its greenhouse gas emissions measured in accordance with the Greenhouse Gas Protocol: A Corporate Accounting and Reporting Standard (2004), the entity is required to use the equity share or control approach. Specifically, the entity shall disclose:

- (a) the approach it uses to determine its greenhouse gas emissions (for example, the equity share or control approach in the Greenhouse Gas Protocol: A Corporate Accounting and Reporting Standard (2004)); and

- (b) the reason, or reasons, for the entity ’ s choice of measurement approach and how that approach relates to the disclosure objective in paragraph 27.

## **Other methods and measurement approaches**",c:\Users\BV426BP\Documents\IFRS Data\Reporting-Data-\notebooks\gen_data\IFRS\ifrs_s2.pdf,c:\Users\BV426BP\Documents\IFRS Data\Reporting-Data-\notebooks\ifrs_outputs\ifrs_disclosures\ifrs_s2.md,15,True,1690e06ce008b2b4,"B27 The Greenhouse Gas Protocol: A Corporate Accounting and Reporting Standard (2004) includes different measurement approaches that an entity might use when measuring its greenhouse gas emissions. In disclosing information in accordance with paragraph 29(a)(iii), the entity is required to disclose information about the measurement approach it uses. For example, when the entity discloses its greenhouse gas emissions measured in accordance with the Greenhouse Gas Protocol: A Corporate Accounting and Reporting Standard (2004), the entity is required to use the equity share or control approach. Specifically, the entity shall disclose: 

- (a) the approach it uses to determine its greenhouse gas emissions (for example, the equity share or control approach in the Greenhouse Gas Protocol: A Corporate Accounting and Reporting Standard (2004)); and 

- (b) the reason, or reasons, for the entity ’ s choice of measurement approach and how that approach relates to the disclosure objective in paragraph 27. 

## **Other methods and measurement approaches**"
IFRS_S2,B28,Strategy,"To achieve this objective, an entity shall disclose information about:","When an entity discloses its greenhouse gas emissions measured in accordance with another method, applying paragraphs 29(a)(ii), B24 – B25 or C4(a), the entity shall disclose for each alternative method:

- (a) the applicable method and measurement approach the entity uses to determine its greenhouse gas emissions; and

- (b) the reason, or reasons, for the entity ’ s choice of method and measurement approach and how that approach relates to the disclosure objective in paragraph 27.

© IFRS Foundation

32

## IFRS SUSTAINABILITY DISCLOSURE STANDARDS

## **Emission factors**

B29

As part of an entity ’ s disclosure of the measurement approach, inputs and assumptions, the entity shall disclose information to enable users of general purpose financial reports to understand which emission factors the entity uses in its measurement of its greenhouse gas emissions. This Standard does not specify emission factors an entity is required to use in its measurement of its greenhouse gas emissions. Instead, this Standard requires an entity to use emission factors that best represent the entity ’ s activity as its basis for measuring its greenhouse gas emissions.

## **Scope 2 greenhouse gas emissions**

B30

B31

Paragraph 29(a)(v) requires an entity to disclose its location-based Scope 2 greenhouse gas emissions and provide information about any contractual instruments the entity has entered into that could inform users ’ understanding of the entity ’ s Scope 2 greenhouse gas emissions. For the avoidance of doubt, an entity is required to disclose its Scope 2 greenhouse gas emissions using a location-based approach and is required to provide information about contractual instruments only if such instruments exist and information about them informs users ’ understanding of an entity ’ s Scope 2 greenhouse gas emissions.

Contractual instruments are any type of contract between an entity and another party for the sale and purchase of energy bundled with attributes about the energy generation or for unbundled energy attribute claims (unbundled energy attribute claims relate to the sale and purchase of energy that is separate and distinct from the greenhouse gas attribute contractual instruments). Various types of contractual instruments are available in different markets and the entity might disclose information about its marketbased Scope 2 greenhouse gas emissions as part of its disclosure.

## **Scope 3 greenhouse gas emissions**

B32

B33

In accordance with paragraph 29(a)(vi), an entity shall disclose information about its Scope 3 greenhouse gas emissions to enable users of general purpose financial reports to understand the source of these emissions. The entity shall consider its entire value chain (upstream and downstream) and shall consider all 15 categories of Scope 3 greenhouse gas emissions, as described in the Greenhouse Gas Protocol Corporate Value Chain (Scope 3) Accounting and Reporting Standard (2011). In accordance with paragraph 29(a)(vi), the entity shall disclose which of these categories are included in its Scope 3 greenhouse gas emissions disclosures.

For the avoidance of doubt, regardless of the method an entity uses to measure its greenhouse gas emissions, the entity is required to disclose the categories included within its measure of Scope 3 greenhouse gas emissions as described in paragraph 29(a)(vi)(1).

© IFRS Foundation

33

## IFRS S2 CLIMATE-RELATED DISCLOSURES",c:\Users\BV426BP\Documents\IFRS Data\Reporting-Data-\notebooks\gen_data\IFRS\ifrs_s2.pdf,c:\Users\BV426BP\Documents\IFRS Data\Reporting-Data-\notebooks\ifrs_outputs\ifrs_disclosures\ifrs_s2.md,16,True,e53ae44e7856a558,"B28 When an entity discloses its greenhouse gas emissions measured in accordance with another method, applying paragraphs 29(a)(ii), B24 – B25 or C4(a), the entity shall disclose for each alternative method: 

- (a) the applicable method and measurement approach the entity uses to determine its greenhouse gas emissions; and 

- (b) the reason, or reasons, for the entity ’ s choice of method and measurement approach and how that approach relates to the disclosure objective in paragraph 27. 

© IFRS Foundation 

32 

## IFRS SUSTAINABILITY DISCLOSURE STANDARDS 

## **Emission factors** 

B29 

As part of an entity ’ s disclosure of the measurement approach, inputs and assumptions, the entity shall disclose information to enable users of general purpose financial reports to understand which emission factors the entity uses in its measurement of its greenhouse gas emissions. This Standard does not specify emission factors an entity is required to use in its measurement of its greenhouse gas emissions. Instead, this Standard requires an entity to use emission factors that best represent the entity ’ s activity as its basis for measuring its greenhouse gas emissions. 

## **Scope 2 greenhouse gas emissions** 

B30 

B31 

Paragraph 29(a)(v) requires an entity to disclose its location-based Scope 2 greenhouse gas emissions and provide information about any contractual instruments the entity has entered into that could inform users ’ understanding of the entity ’ s Scope 2 greenhouse gas emissions. For the avoidance of doubt, an entity is required to disclose its Scope 2 greenhouse gas emissions using a location-based approach and is required to provide information about contractual instruments only if such instruments exist and information about them informs users ’ understanding of an entity ’ s Scope 2 greenhouse gas emissions. 

Contractual instruments are any type of contract between an entity and another party for the sale and purchase of energy bundled with attributes about the energy generation or for unbundled energy attribute claims (unbundled energy attribute claims relate to the sale and purchase of energy that is separate and distinct from the greenhouse gas attribute contractual instruments). Various types of contractual instruments are available in different markets and the entity might disclose information about its marketbased Scope 2 greenhouse gas emissions as part of its disclosure. 

## **Scope 3 greenhouse gas emissions** 

B32 

B33 

In accordance with paragraph 29(a)(vi), an entity shall disclose information about its Scope 3 greenhouse gas emissions to enable users of general purpose financial reports to understand the source of these emissions. The entity shall consider its entire value chain (upstream and downstream) and shall consider all 15 categories of Scope 3 greenhouse gas emissions, as described in the Greenhouse Gas Protocol Corporate Value Chain (Scope 3) Accounting and Reporting Standard (2011). In accordance with paragraph 29(a)(vi), the entity shall disclose which of these categories are included in its Scope 3 greenhouse gas emissions disclosures. 

For the avoidance of doubt, regardless of the method an entity uses to measure its greenhouse gas emissions, the entity is required to disclose the categories included within its measure of Scope 3 greenhouse gas emissions as described in paragraph 29(a)(vi)(1). 

© IFRS Foundation 

33 

## IFRS S2 CLIMATE-RELATED DISCLOSURES"
IFRS_S2,B35,Strategy,"To achieve this objective, an entity shall disclose information about:","An entity is permitted, but not required, to reassess the scope of any climaterelated risk or opportunity throughout its value chain more frequently than required by paragraph B11 in IFRS S1.

- B36 In accordance with paragraph B6(b) in IFRS S1, to determine the scope of the value chain, which includes its breadth and composition, an entity shall use all reasonable and supportable information that is available to the entity at the reporting date without undue cost or effort.

- B37 An entity that participates in one or more financial activities associated with asset management, commercial banking and insurance shall disclose additional information about the financed emissions associated with those activities as part of the entity ’ s disclosure of its Scope 3 greenhouse gas –

- emissions (see paragraphs B58 B63A).

## **Scope 3 measurement framework**",c:\Users\BV426BP\Documents\IFRS Data\Reporting-Data-\notebooks\gen_data\IFRS\ifrs_s2.pdf,c:\Users\BV426BP\Documents\IFRS Data\Reporting-Data-\notebooks\ifrs_outputs\ifrs_disclosures\ifrs_s2.md,18,True,e1c95ec4b38431ab,"B35 An entity is permitted, but not required, to reassess the scope of any climaterelated risk or opportunity throughout its value chain more frequently than required by paragraph B11 in IFRS S1. 

- B36 In accordance with paragraph B6(b) in IFRS S1, to determine the scope of the value chain, which includes its breadth and composition, an entity shall use all reasonable and supportable information that is available to the entity at the reporting date without undue cost or effort. 

- B37 An entity that participates in one or more financial activities associated with asset management, commercial banking and insurance shall disclose additional information about the financed emissions associated with those activities as part of the entity ’ s disclosure of its Scope 3 greenhouse gas – 

- emissions (see paragraphs B58 B63A). 

## **Scope 3 measurement framework**"
IFRS_S2,B49,Strategy,"To achieve this objective, an entity shall disclose information about:","Secondary data for Scope 3 greenhouse gas emissions is data that is not obtained directly from specific activities within an entity ’ s value chain. Secondary data is often supplied by third-party data providers and includes industry-average data (for example, from published databases, government statistics, literature studies and industry associations). Secondary data includes data used to approximate the activity or emission factors. Additionally, secondary data includes primary data from a specific activity (proxy data) used to estimate greenhouse gas emissions for another activity. If an entity uses secondary data to measure its Scope 3 greenhouse gas emissions, it shall consider the extent to which the data faithfully represents the entity ’ s activities.

© IFRS Foundation

36

## IFRS SUSTAINABILITY DISCLOSURE STANDARDS

## _Timely data that faithfully represents the jurisdiction of, and the technology used for, the value chain activity and its greenhouse gas emissions_

B50

B51

B52

If an entity uses secondary data, it shall prioritise the use of activity or emissions data that is based on, or represents, the technology used in the value chain activity the data is intended to represent. For example, an entity might obtain primary data from its activities (for example, the specific aircraft model, distance travelled and travel-class used by employees when travelling) and would then use secondary data that represents the greenhouse gas emissions arising from those activities to convert the primary data into an estimate of its greenhouse gas emissions from air travel.

If an entity uses secondary data, it shall prioritise activity or emissions data that is based on, or represents, the jurisdiction in which the activity happened. For example, an entity shall prioritise emission factors that relate to the jurisdiction in which the entity operates or in which the activity has taken place.

If an entity uses secondary data, it shall prioritise activity or emissions data that is timely and representative of the entity ’ s value chain activity during the reporting period. In some jurisdictions, and for some technologies, secondary data is collected annually and, therefore, the data is likely to be representative of the entity ’ s current practice. However, some secondary data sources rely on information collected in a reporting period that is different from the entity ’ s own reporting period.

## _Verified data_

B53

B54

An entity shall prioritise Scope 3 greenhouse gas emissions data that is verified. Verification can provide users of general purpose financial reports with confidence that the information is complete, neutral and accurate.

Verified data might include data that has been internally or externally verified. Verification can take place in several ways, including on-site checking, reviewing calculations, or cross-checking of data against other sources. However, in some cases an entity might be unable to verify its Scope 3 greenhouse gas emissions without undue cost or effort. For example, the entity might be prevented from obtaining a complete set of verified data due to the volume of data or because the data is obtained from entities in the value chain that are separated by many tiers from the reporting entity, that is, entities that the reporting entity does not interact with directly. In such cases, an entity might need to use unverified data.

## _Disclosure of inputs to Scope 3 greenhouse gas emissions_

B55

An entity shall disclose information about the measurement approach, inputs and assumptions it uses to measure its Scope 3 greenhouse gas emissions in accordance with paragraph 29(a)(iii). This disclosure shall include information about the characteristics of the data inputs as described in paragraph B40. The purpose of this disclosure is to provide users of general purpose financial reports with information about how the entity has prioritised the highest quality data available, which faithfully represents the value chain activity and

© IFRS Foundation

37

## IFRS S2 CLIMATE-RELATED DISCLOSURES

its Scope 3 greenhouse gas emissions. This disclosure also helps users of general purpose financial reports to understand why the measurement approach, inputs and assumptions the entity uses to estimate its Scope 3 greenhouse gas emissions are relevant.

B56

As part of the requirement in paragraph 29(a)(iii), and to reflect how an entity prioritises Scope 3 data in accordance with the measurement framework set – out in paragraphs B40 B54, the entity shall disclose information that enables users of general purpose financial reports to understand:

- (a) the extent to which the entity ’ s Scope 3 greenhouse gas emissions are measured using inputs from specific activities within the entity ’ s value chain; and

- (b) the extent to which the entity ’ s Scope 3 greenhouse gas emissions are measured using inputs that are verified.

B57

This Standard includes the presumption that Scope 3 greenhouse gas emissions can be estimated reliably using secondary data and industry averages. In those rare cases when an entity determines it is _impracticable_ to estimate its Scope 3 greenhouse gas emissions, the entity shall disclose how it is managing its Scope 3 greenhouse gas emissions. Applying a requirement is impracticable when the entity cannot apply it after making every reasonable effort to do so.

## **Financed emissions**

B58

B59

Entities participating in financial activities face risks and opportunities related to the greenhouse gas emissions associated with those activities. Counterparties, borrowers or investees with higher greenhouse gas emissions might be susceptible to risks associated with technological changes, shifts in supply and demand and policy change, which in turn can affect the financial institution that is providing financial services to these entities. These risks and opportunities can arise in the form of credit risk, market risk, reputational risk and other financial and operational risks. For example, credit risk might arise in relation to financing clients affected by increasingly stringent carbon taxes, fuel efficiency regulations or other policies; credit risk might also arise through technological shifts. Reputational risk might arise from financing fossil-fuel projects. Entities participating in financial activities, including commercial and investment banks, asset managers and insurance entities, are increasingly monitoring and managing such risks by measuring their financed emissions. This measurement serves as an indicator of an entity ’ s exposure to climate-related risks and opportunities and how the entity might need to adapt its financial activities over time.

Paragraph 29(a)(i)(3) requires an entity to disclose its absolute gross Scope 3 greenhouse gas emissions generated during the reporting period, including upstream and downstream emissions. An entity that participates in one or more of the following financial activities is required to disclose additional and specific information about its financed emissions (which are part of Category 15 greenhouse gas emissions):

© IFRS Foundation

38

## IFRS SUSTAINABILITY DISCLOSURE STANDARDS

- (a) asset management (see paragraph B61);

-

- (b) commercial banking (see paragraphs B62 B62A); and

-

- (c) insurance (see paragraphs B63 B63A).",c:\Users\BV426BP\Documents\IFRS Data\Reporting-Data-\notebooks\gen_data\IFRS\ifrs_s2.pdf,c:\Users\BV426BP\Documents\IFRS Data\Reporting-Data-\notebooks\ifrs_outputs\ifrs_disclosures\ifrs_s2.md,30,True,f3fb8ad5df150e5a,"B49 Secondary data for Scope 3 greenhouse gas emissions is data that is not obtained directly from specific activities within an entity ’ s value chain. Secondary data is often supplied by third-party data providers and includes industry-average data (for example, from published databases, government statistics, literature studies and industry associations). Secondary data includes data used to approximate the activity or emission factors. Additionally, secondary data includes primary data from a specific activity (proxy data) used to estimate greenhouse gas emissions for another activity. If an entity uses secondary data to measure its Scope 3 greenhouse gas emissions, it shall consider the extent to which the data faithfully represents the entity ’ s activities. 

© IFRS Foundation 

36 

## IFRS SUSTAINABILITY DISCLOSURE STANDARDS 

## _Timely data that faithfully represents the jurisdiction of, and the technology used for, the value chain activity and its greenhouse gas emissions_ 

B50 

B51 

B52 

If an entity uses secondary data, it shall prioritise the use of activity or emissions data that is based on, or represents, the technology used in the value chain activity the data is intended to represent. For example, an entity might obtain primary data from its activities (for example, the specific aircraft model, distance travelled and travel-class used by employees when travelling) and would then use secondary data that represents the greenhouse gas emissions arising from those activities to convert the primary data into an estimate of its greenhouse gas emissions from air travel. 

If an entity uses secondary data, it shall prioritise activity or emissions data that is based on, or represents, the jurisdiction in which the activity happened. For example, an entity shall prioritise emission factors that relate to the jurisdiction in which the entity operates or in which the activity has taken place. 

If an entity uses secondary data, it shall prioritise activity or emissions data that is timely and representative of the entity ’ s value chain activity during the reporting period. In some jurisdictions, and for some technologies, secondary data is collected annually and, therefore, the data is likely to be representative of the entity ’ s current practice. However, some secondary data sources rely on information collected in a reporting period that is different from the entity ’ s own reporting period. 

## _Verified data_ 

B53 

B54 

An entity shall prioritise Scope 3 greenhouse gas emissions data that is verified. Verification can provide users of general purpose financial reports with confidence that the information is complete, neutral and accurate. 

Verified data might include data that has been internally or externally verified. Verification can take place in several ways, including on-site checking, reviewing calculations, or cross-checking of data against other sources. However, in some cases an entity might be unable to verify its Scope 3 greenhouse gas emissions without undue cost or effort. For example, the entity might be prevented from obtaining a complete set of verified data due to the volume of data or because the data is obtained from entities in the value chain that are separated by many tiers from the reporting entity, that is, entities that the reporting entity does not interact with directly. In such cases, an entity might need to use unverified data. 

## _Disclosure of inputs to Scope 3 greenhouse gas emissions_ 

B55 

An entity shall disclose information about the measurement approach, inputs and assumptions it uses to measure its Scope 3 greenhouse gas emissions in accordance with paragraph 29(a)(iii). This disclosure shall include information about the characteristics of the data inputs as described in paragraph B40. The purpose of this disclosure is to provide users of general purpose financial reports with information about how the entity has prioritised the highest quality data available, which faithfully represents the value chain activity and 

© IFRS Foundation 

37 

## IFRS S2 CLIMATE-RELATED DISCLOSURES 

its Scope 3 greenhouse gas emissions. This disclosure also helps users of general purpose financial reports to understand why the measurement approach, inputs and assumptions the entity uses to estimate its Scope 3 greenhouse gas emissions are relevant. 

B56 

As part of the requirement in paragraph 29(a)(iii), and to reflect how an entity prioritises Scope 3 data in accordance with the measurement framework set – out in paragraphs B40 B54, the entity shall disclose information that enables users of general purpose financial reports to understand: 

- (a) the extent to which the entity ’ s Scope 3 greenhouse gas emissions are measured using inputs from specific activities within the entity ’ s value chain; and 

- (b) the extent to which the entity ’ s Scope 3 greenhouse gas emissions are measured using inputs that are verified. 

B57 

This Standard includes the presumption that Scope 3 greenhouse gas emissions can be estimated reliably using secondary data and industry averages. In those rare cases when an entity determines it is _impracticable_ to estimate its Scope 3 greenhouse gas emissions, the entity shall disclose how it is managing its Scope 3 greenhouse gas emissions. Applying a requirement is impracticable when the entity cannot apply it after making every reasonable effort to do so. 

## **Financed emissions** 

B58 

B59 

Entities participating in financial activities face risks and opportunities related to the greenhouse gas emissions associated with those activities. Counterparties, borrowers or investees with higher greenhouse gas emissions might be susceptible to risks associated with technological changes, shifts in supply and demand and policy change, which in turn can affect the financial institution that is providing financial services to these entities. These risks and opportunities can arise in the form of credit risk, market risk, reputational risk and other financial and operational risks. For example, credit risk might arise in relation to financing clients affected by increasingly stringent carbon taxes, fuel efficiency regulations or other policies; credit risk might also arise through technological shifts. Reputational risk might arise from financing fossil-fuel projects. Entities participating in financial activities, including commercial and investment banks, asset managers and insurance entities, are increasingly monitoring and managing such risks by measuring their financed emissions. This measurement serves as an indicator of an entity ’ s exposure to climate-related risks and opportunities and how the entity might need to adapt its financial activities over time. 

Paragraph 29(a)(i)(3) requires an entity to disclose its absolute gross Scope 3 greenhouse gas emissions generated during the reporting period, including upstream and downstream emissions. An entity that participates in one or more of the following financial activities is required to disclose additional and specific information about its financed emissions (which are part of Category 15 greenhouse gas emissions): 

© IFRS Foundation 

38 

## IFRS SUSTAINABILITY DISCLOSURE STANDARDS 

- (a) asset management (see paragraph B61); 

- 

- (b) commercial banking (see paragraphs B62 B62A); and 

- 

- (c) insurance (see paragraphs B63 B63A)."
IFRS_S2,B60,Risk Management,"To achieve this objective, an entity shall disclose information about:","An entity shall apply the requirements for disclosing greenhouse gas emissions in accordance with paragraph 29(a) when disclosing information about its financed emissions.

## _Asset management_

B61

An entity that participates in asset management activities shall disclose:

- (a) its absolute gross financed emissions, disaggregated by Scope 1, Scope 2 and Scope 3 greenhouse gas emissions.

- (b) for each of the disaggregated items in paragraph B61(a), the total amount of assets under management (AUM) that is included in the financed emissions disclosure, expressed in the presentation currency of the entity ’ s financial statements.

- (c) the percentage of the entity ’ s total AUM included in the financed emissions calculation. If the percentage is less than 100%, the entity shall disclose information that explains the exclusions, including types of assets and associated amount of AUM.

- (d) the methodology used to calculate the financed emissions, including the method of allocation the entity used to attribute its share of emissions in relation to the size of investments.

## _Commercial banking_

B62

An entity that participates in commercial banking activities shall disclose:

- (a) its absolute gross financed emissions, disaggregated by Scope 1, Scope 2 and Scope 3 greenhouse gas emissions for each industry by asset class.

- (b) its gross exposure to each industry by asset class, expressed in the presentation currency of the entity ’ s financial statements. For:

- (i) funded amounts — gross exposure shall be calculated as the funded carrying amounts (before subtracting the loss allowance, when applicable), whether prepared in accordance with IFRS Accounting Standards or other GAAP.

- (ii) undrawn loan commitments — the entity shall disclose the full amount of the commitment separately from the drawn portion of loan commitments.

- (c) the percentage of the entity ’ s gross exposure included in the financed emissions calculation. The entity shall:

© IFRS Foundation

39

## IFRS S2 CLIMATE-RELATED DISCLOSURES

- (i) if the percentage of the entity ’ s gross exposure included in the financed emissions calculation is less than 100%, disclose information that explains the exclusions, including the type of assets excluded.

- (ii) for funded amounts, exclude from gross exposure all impacts of risk mitigants, if applicable.

- (iii) disclose separately the percentage of its undrawn loan commitments included in the financed emissions calculation.

- (d) the methodology the entity used to calculate its financed emissions, including the method of allocation the entity used to attribute its share of emissions in relation to the size of its gross exposure.

- B62A When disaggregating information disclosed in accordance with –

- paragraph B62(a) (b) by:

-

- (a) industry an entity shall:

- (i) select an industry-classification system that enables it to classify investees or counterparties in a manner that results in information that enables users of general purpose financial reports to understand the entity ’ s exposure to climate-related transition risks. A system that is commonly used by other entities such as those operating in the same industry or jurisdiction (commonly used system) is more likely to support the comparability of information than a system used only by the entity (entity-specific system). If a commonly used system enables the entity to provide useful information about its —

- exposure to climate-related transition risks with all else being —

- equal the entity shall prioritise that system. An entity that participates in both commercial banking and insurance activities need not use the same system to classify investees or counterparties for its commercial banking and insurance activities (see paragraph B63A(a)(i)).

- (ii) disclose:

- (1) the industry-classification system it used to classify investees or counterparties; and

- (2) information that enables users of general purpose financial reports to understand how the entity ’ s selection of that system fulfils the requirements in paragraph B62A(a)(i).

- (b) asset class — the disclosure shall include loans, project finance, bonds, equity investments and undrawn loan commitments. If the entity calculates and discloses financed emissions for other asset classes, it shall include an explanation of why the inclusion of those additional asset classes provides relevant information to users of general purpose financial reports.

© IFRS Foundation

40

## IFRS SUSTAINABILITY DISCLOSURE STANDARDS

## _Insurance_",c:\Users\BV426BP\Documents\IFRS Data\Reporting-Data-\notebooks\gen_data\IFRS\ifrs_s2.pdf,c:\Users\BV426BP\Documents\IFRS Data\Reporting-Data-\notebooks\ifrs_outputs\ifrs_disclosures\ifrs_s2.md,31,True,fb3483de6dc91fa8,"B60 An entity shall apply the requirements for disclosing greenhouse gas emissions in accordance with paragraph 29(a) when disclosing information about its financed emissions. 

## _Asset management_ 

B61 

An entity that participates in asset management activities shall disclose: 

- (a) its absolute gross financed emissions, disaggregated by Scope 1, Scope 2 and Scope 3 greenhouse gas emissions. 

- (b) for each of the disaggregated items in paragraph B61(a), the total amount of assets under management (AUM) that is included in the financed emissions disclosure, expressed in the presentation currency of the entity ’ s financial statements. 

- (c) the percentage of the entity ’ s total AUM included in the financed emissions calculation. If the percentage is less than 100%, the entity shall disclose information that explains the exclusions, including types of assets and associated amount of AUM. 

- (d) the methodology used to calculate the financed emissions, including the method of allocation the entity used to attribute its share of emissions in relation to the size of investments. 

## _Commercial banking_ 

B62 

An entity that participates in commercial banking activities shall disclose: 

- (a) its absolute gross financed emissions, disaggregated by Scope 1, Scope 2 and Scope 3 greenhouse gas emissions for each industry by asset class. 

- (b) its gross exposure to each industry by asset class, expressed in the presentation currency of the entity ’ s financial statements. For: 

 - (i) funded amounts — gross exposure shall be calculated as the funded carrying amounts (before subtracting the loss allowance, when applicable), whether prepared in accordance with IFRS Accounting Standards or other GAAP. 

 - (ii) undrawn loan commitments — the entity shall disclose the full amount of the commitment separately from the drawn portion of loan commitments. 

- (c) the percentage of the entity ’ s gross exposure included in the financed emissions calculation. The entity shall: 

© IFRS Foundation 

39 

## IFRS S2 CLIMATE-RELATED DISCLOSURES 

 - (i) if the percentage of the entity ’ s gross exposure included in the financed emissions calculation is less than 100%, disclose information that explains the exclusions, including the type of assets excluded. 

 - (ii) for funded amounts, exclude from gross exposure all impacts of risk mitigants, if applicable. 

 - (iii) disclose separately the percentage of its undrawn loan commitments included in the financed emissions calculation. 

 - (d) the methodology the entity used to calculate its financed emissions, including the method of allocation the entity used to attribute its share of emissions in relation to the size of its gross exposure. 

- B62A When disaggregating information disclosed in accordance with – 

- paragraph B62(a) (b) by: 

 - 

 - (a) industry an entity shall: 

 - (i) select an industry-classification system that enables it to classify investees or counterparties in a manner that results in information that enables users of general purpose financial reports to understand the entity ’ s exposure to climate-related transition risks. A system that is commonly used by other entities such as those operating in the same industry or jurisdiction (commonly used system) is more likely to support the comparability of information than a system used only by the entity (entity-specific system). If a commonly used system enables the entity to provide useful information about its — 

 - exposure to climate-related transition risks with all else being — 

 - equal the entity shall prioritise that system. An entity that participates in both commercial banking and insurance activities need not use the same system to classify investees or counterparties for its commercial banking and insurance activities (see paragraph B63A(a)(i)). 

 - (ii) disclose: 

 - (1) the industry-classification system it used to classify investees or counterparties; and 

 - (2) information that enables users of general purpose financial reports to understand how the entity ’ s selection of that system fulfils the requirements in paragraph B62A(a)(i). 

 - (b) asset class — the disclosure shall include loans, project finance, bonds, equity investments and undrawn loan commitments. If the entity calculates and discloses financed emissions for other asset classes, it shall include an explanation of why the inclusion of those additional asset classes provides relevant information to users of general purpose financial reports. 

© IFRS Foundation 

40 

## IFRS SUSTAINABILITY DISCLOSURE STANDARDS 

## _Insurance_"
IFRS_S2,B63,Risk Management,"To achieve this objective, an entity shall disclose information about:","An entity that participates in financial activities associated with the insurance industry shall disclose:

- (a) its absolute gross financed emissions, disaggregated by Scope 1, Scope 2 and Scope 3 greenhouse gas emissions for each industry by asset class.

- (b) the gross exposure for each industry by asset class, expressed in the presentation currency of the entity ’ s financial statements. For:

- (i) funded amounts — gross exposure shall be calculated as the funded carrying amounts (before subtracting the loss allowance, when applicable), whether prepared in accordance with IFRS Accounting Standards or other GAAP.

- (ii) undrawn loan commitments — the entity shall disclose the full amount of the commitment separately from the drawn portion of loan commitments.

- (c) the percentage of the entity ’ s gross exposure included in the financed emissions calculation. The entity shall:

- (i) if the percentage of the entity ’ s gross exposure included in the financed emissions calculation is less than 100%, disclose information that explains the exclusions, including type of assets excluded.

- (ii) disclose separately the percentage of its undrawn loan commitments included in the financed emissions calculation.

- (d) the methodology the entity used to calculate its financed emissions, including the method of allocation the entity used to attribute its share of emissions in relation to the size of its gross exposure.

- B63A When disaggregating information disclosed in accordance with –

- paragraph B63(a) (b) by:

-

- (a) industry an entity shall:

- (i) select an industry-classification system that enables it to classify investees or counterparties in a manner that results in information that enables users of general purpose financial reports to understand the entity ’ s exposure to climate-related transition risks. A system that is commonly used by other entities such as those operating in the same industry or jurisdiction (commonly used system) is more likely to support the comparability of information than a system used only by the entity (entity-specific system). If a commonly used system enables the entity to provide useful information about its —

- exposure to climate-related transition risks with all else being —

- equal the entity shall prioritise that system. An entity that participates in both commercial banking and insurance activities need not use the same system to classify investees or

© IFRS Foundation

41

## IFRS S2 CLIMATE-RELATED DISCLOSURES

counterparties for its commercial banking and insurance activities (see paragraph B62A(a)(i)).

- (ii) disclose:

- (1) the industry-classification system it used to classify investees or counterparties; and

- (2) information that enables users of general purpose financial reports to understand how the entity ’ s selection of that system fulfils the requirements in paragraph B63A(a)(i).

- (b) asset class — the disclosure shall include loans, bonds, equity investments and undrawn loan commitments. If the entity calculates and discloses financed emissions for other asset classes, it shall include an explanation of why the inclusion of those additional asset classes provides relevant information to users of general purpose financial reports.

## – **Cross-industry metric categories (paragraph 29(b) (g))**",c:\Users\BV426BP\Documents\IFRS Data\Reporting-Data-\notebooks\gen_data\IFRS\ifrs_s2.pdf,c:\Users\BV426BP\Documents\IFRS Data\Reporting-Data-\notebooks\ifrs_outputs\ifrs_disclosures\ifrs_s2.md,32,True,111d42b2c95c72f0,"B63 An entity that participates in financial activities associated with the insurance industry shall disclose: 

 - (a) its absolute gross financed emissions, disaggregated by Scope 1, Scope 2 and Scope 3 greenhouse gas emissions for each industry by asset class. 

 - (b) the gross exposure for each industry by asset class, expressed in the presentation currency of the entity ’ s financial statements. For: 

 - (i) funded amounts — gross exposure shall be calculated as the funded carrying amounts (before subtracting the loss allowance, when applicable), whether prepared in accordance with IFRS Accounting Standards or other GAAP. 

 - (ii) undrawn loan commitments — the entity shall disclose the full amount of the commitment separately from the drawn portion of loan commitments. 

 - (c) the percentage of the entity ’ s gross exposure included in the financed emissions calculation. The entity shall: 

 - (i) if the percentage of the entity ’ s gross exposure included in the financed emissions calculation is less than 100%, disclose information that explains the exclusions, including type of assets excluded. 

 - (ii) disclose separately the percentage of its undrawn loan commitments included in the financed emissions calculation. 

 - (d) the methodology the entity used to calculate its financed emissions, including the method of allocation the entity used to attribute its share of emissions in relation to the size of its gross exposure. 

- B63A When disaggregating information disclosed in accordance with – 

- paragraph B63(a) (b) by: 

 - 

 - (a) industry an entity shall: 

 - (i) select an industry-classification system that enables it to classify investees or counterparties in a manner that results in information that enables users of general purpose financial reports to understand the entity ’ s exposure to climate-related transition risks. A system that is commonly used by other entities such as those operating in the same industry or jurisdiction (commonly used system) is more likely to support the comparability of information than a system used only by the entity (entity-specific system). If a commonly used system enables the entity to provide useful information about its — 

 - exposure to climate-related transition risks with all else being — 

 - equal the entity shall prioritise that system. An entity that participates in both commercial banking and insurance activities need not use the same system to classify investees or 

© IFRS Foundation 

41 

## IFRS S2 CLIMATE-RELATED DISCLOSURES 

counterparties for its commercial banking and insurance activities (see paragraph B62A(a)(i)). 

 - (ii) disclose: 

 - (1) the industry-classification system it used to classify investees or counterparties; and 

 - (2) information that enables users of general purpose financial reports to understand how the entity ’ s selection of that system fulfils the requirements in paragraph B63A(a)(i). 

- (b) asset class — the disclosure shall include loans, bonds, equity investments and undrawn loan commitments. If the entity calculates and discloses financed emissions for other asset classes, it shall include an explanation of why the inclusion of those additional asset classes provides relevant information to users of general purpose financial reports. 

## – **Cross-industry metric categories (paragraph 29(b) (g))**"
IFRS_S2,B64,Strategy,"To achieve this objective, an entity shall disclose information about:","In addition to information about an entity ’ s greenhouse gas emissions, the entity is required to disclose information relevant to the cross-industry metric – categories set out in paragraph 29(b) (g).

- B65 In preparing disclosures to fulfil the requirements in paragraph 29(b) – (g), an entity shall:

- (a) consider the time horizons over which the effects of climate-related risks and opportunities could reasonably be expected to occur, described in accordance with paragraph 10.

- (b) consider where in the entity ’ s business model and value chain climaterelated risks and opportunities are concentrated (for example, geographical areas, facilities or types of assets) (see paragraph 13).

- (c) consider the information disclosed in accordance with –

- paragraph 16(a) (b) in relation to the effects of climate-related risks and opportunities on the entity ’ s financial position, financial performance and cash flows for the reporting period.

- (d) consider whether industry-based metrics, as described in paragraph 32 — including those defined in an applicable IFRS Sustainability

- Disclosure Standard or those that otherwise satisfy the requirements in IFRS S1 — could be used to satisfy the requirements in whole or in part.

- (e) consider the connections between the information disclosed to fulfil –

- the requirements in paragraph 29(b) (g) with the information disclosed in the related financial statements, in accordance with paragraph 21(b)(ii) of IFRS S1. These connections include consistency in — —

- the data and assumptions used to the extent possible and linkages –

- between the amounts disclosed in accordance with paragraph 29(b) (g)

© IFRS Foundation

42

## IFRS SUSTAINABILITY DISCLOSURE STANDARDS

and the amounts recognised and disclosed in the financial statements. For example, an entity would consider whether the carrying amount of assets used is consistent with amounts included in the financial statements and would explain the connections between information in these disclosures and amounts in the financial statements.

## – **Climate-related targets (paragraphs 33 37)**

## **Characteristics of a climate-related target**

B66

B67

Paragraph 33 requires an entity to disclose the quantitative or qualitative climate-related targets it has set, and any it is required to meet by law or regulation, including any greenhouse gas emissions targets. In disclosing these climate-related targets, the entity is required to disclose information about the – characteristics of these targets as described in paragraph 33(a) (h). If the climate-related target is quantitative, an entity is required to describe whether the target is an absolute target or an intensity target. An absolute target is defined as a total amount of a measure or a change in the total amount of a measure, whereas an intensity target is defined as a ratio of a measure, or a change in the ratio of a measure, to a business metric.

In identifying and disclosing the metric used to set a climate-related target and measure progress, an entity shall consider the cross-industry metrics and industry-based metrics. If the metric has been developed by the entity to measure progress towards a target, the entity shall disclose information about that metric in accordance with paragraph 50 of IFRS S1.

## **Greenhouse gas emissions targets**

## **Gross and net greenhouse gas emissions targets**

B68

B69

If an entity has a greenhouse gas emissions target, the entity is required to specify whether the target is a gross greenhouse gas emissions target or a net greenhouse gas emissions target. Gross greenhouse gas emissions targets reflect the total changes in greenhouse gas emissions planned within the entity ’ s value chain. Net greenhouse gas emissions targets are the entity ’ s targeted gross greenhouse gas emissions minus any planned offsetting efforts (for example, the entity ’ s planned use of carbon credits to offset its greenhouse gas emissions).

Paragraph 36(c) specifies that if an entity has a net greenhouse gas emissions target it is required to also disclose a gross greenhouse gas emissions target. For the avoidance of doubt, if the entity discloses a net greenhouse gas emissions target, this target cannot obscure information about its gross greenhouse gas emissions targets.

© IFRS Foundation

43

## IFRS S2 CLIMATE-RELATED DISCLOSURES

## **Carbon credits**

B70

B71

Paragraph 36(e) requires an entity to describe its planned use of carbon credits — which are transferable or tradeable instruments — to offset emissions to achieve any net greenhouse gas emissions targets the entity has set, or any it is required to meet by law or regulation. Any information about the planned use of carbon credits shall clearly demonstrate the extent to which these carbon credits are relied on to achieve the net greenhouse gas emissions targets.

In accordance with paragraph 36(e), an entity is required to disclose only its planned use of carbon credits. However, as part of this disclosure, the entity might also include information about carbon credits it has already purchased that the entity is planning to use to meet its net greenhouse gas emissions target, if the information enables users of general purpose financial reports to understand the entity ’ s greenhouse gas emissions target.

© IFRS Foundation

44

## IFRS SUSTAINABILITY DISCLOSURE STANDARDS

## **Appendix C Effective date and transition**

_This appendix is an integral part of IFRS S2 and has the same authority as the other parts of the Standard._

## **Effective date**

- C1 An entity shall apply this Standard for annual reporting periods beginning on or after 1 January 2024. Earlier application is permitted. If an entity applies this Standard earlier, it shall disclose that fact and apply IFRS S1 _General Requirements for Disclosure of Sustainability-related Financial Information_ at the same time.

- C1A _Amendments to Greenhouse Gas Emissions Disclosures_ , issued in December 2025:

- (a) amended paragraphs 29(a)(ii), 29(a)(vi)(2), B21 – B22, B24, B28, B37, B59, B62(a), B63(a) and C4(b); and

- (b) added paragraphs 29A – 29C, B62A, B63A, C1B and C6.

- C1B An entity shall apply the amendments listed in paragraph C1A for annual reporting periods beginning on or after 1 January 2027. Earlier application is permitted. If an entity applies these amendments earlier, it shall disclose that fact.

- C2 For the purposes of applying paragraphs C3 – C5, the date of initial application is the beginning of the annual reporting period in which an entity first applies this Standard.

## **Transition**",c:\Users\BV426BP\Documents\IFRS Data\Reporting-Data-\notebooks\gen_data\IFRS\ifrs_s2.pdf,c:\Users\BV426BP\Documents\IFRS Data\Reporting-Data-\notebooks\ifrs_outputs\ifrs_disclosures\ifrs_s2.md,33,True,e8acf4a002d939ea,"B64 In addition to information about an entity ’ s greenhouse gas emissions, the entity is required to disclose information relevant to the cross-industry metric – categories set out in paragraph 29(b) (g). 

- B65 In preparing disclosures to fulfil the requirements in paragraph 29(b) – (g), an entity shall: 

 - (a) consider the time horizons over which the effects of climate-related risks and opportunities could reasonably be expected to occur, described in accordance with paragraph 10. 

 - (b) consider where in the entity ’ s business model and value chain climaterelated risks and opportunities are concentrated (for example, geographical areas, facilities or types of assets) (see paragraph 13). 

 - (c) consider the information disclosed in accordance with – 

 - paragraph 16(a) (b) in relation to the effects of climate-related risks and opportunities on the entity ’ s financial position, financial performance and cash flows for the reporting period. 

 - (d) consider whether industry-based metrics, as described in paragraph 32 — including those defined in an applicable IFRS Sustainability 

 - Disclosure Standard or those that otherwise satisfy the requirements in IFRS S1 — could be used to satisfy the requirements in whole or in part. 

 - (e) consider the connections between the information disclosed to fulfil – 

 - the requirements in paragraph 29(b) (g) with the information disclosed in the related financial statements, in accordance with paragraph 21(b)(ii) of IFRS S1. These connections include consistency in — — 

 - the data and assumptions used to the extent possible and linkages – 

 - between the amounts disclosed in accordance with paragraph 29(b) (g) 

© IFRS Foundation 

42 

## IFRS SUSTAINABILITY DISCLOSURE STANDARDS 

and the amounts recognised and disclosed in the financial statements. For example, an entity would consider whether the carrying amount of assets used is consistent with amounts included in the financial statements and would explain the connections between information in these disclosures and amounts in the financial statements. 

## – **Climate-related targets (paragraphs 33 37)** 

## **Characteristics of a climate-related target** 

B66 

B67 

Paragraph 33 requires an entity to disclose the quantitative or qualitative climate-related targets it has set, and any it is required to meet by law or regulation, including any greenhouse gas emissions targets. In disclosing these climate-related targets, the entity is required to disclose information about the – characteristics of these targets as described in paragraph 33(a) (h). If the climate-related target is quantitative, an entity is required to describe whether the target is an absolute target or an intensity target. An absolute target is defined as a total amount of a measure or a change in the total amount of a measure, whereas an intensity target is defined as a ratio of a measure, or a change in the ratio of a measure, to a business metric. 

In identifying and disclosing the metric used to set a climate-related target and measure progress, an entity shall consider the cross-industry metrics and industry-based metrics. If the metric has been developed by the entity to measure progress towards a target, the entity shall disclose information about that metric in accordance with paragraph 50 of IFRS S1. 

## **Greenhouse gas emissions targets** 

## **Gross and net greenhouse gas emissions targets** 

B68 

B69 

If an entity has a greenhouse gas emissions target, the entity is required to specify whether the target is a gross greenhouse gas emissions target or a net greenhouse gas emissions target. Gross greenhouse gas emissions targets reflect the total changes in greenhouse gas emissions planned within the entity ’ s value chain. Net greenhouse gas emissions targets are the entity ’ s targeted gross greenhouse gas emissions minus any planned offsetting efforts (for example, the entity ’ s planned use of carbon credits to offset its greenhouse gas emissions). 

Paragraph 36(c) specifies that if an entity has a net greenhouse gas emissions target it is required to also disclose a gross greenhouse gas emissions target. For the avoidance of doubt, if the entity discloses a net greenhouse gas emissions target, this target cannot obscure information about its gross greenhouse gas emissions targets. 

© IFRS Foundation 

43 

## IFRS S2 CLIMATE-RELATED DISCLOSURES 

## **Carbon credits** 

B70 

B71 

Paragraph 36(e) requires an entity to describe its planned use of carbon credits — which are transferable or tradeable instruments — to offset emissions to achieve any net greenhouse gas emissions targets the entity has set, or any it is required to meet by law or regulation. Any information about the planned use of carbon credits shall clearly demonstrate the extent to which these carbon credits are relied on to achieve the net greenhouse gas emissions targets. 

In accordance with paragraph 36(e), an entity is required to disclose only its planned use of carbon credits. However, as part of this disclosure, the entity might also include information about carbon credits it has already purchased that the entity is planning to use to meet its net greenhouse gas emissions target, if the information enables users of general purpose financial reports to understand the entity ’ s greenhouse gas emissions target. 

© IFRS Foundation 

44 

## IFRS SUSTAINABILITY DISCLOSURE STANDARDS 

## **Appendix C Effective date and transition** 

_This appendix is an integral part of IFRS S2 and has the same authority as the other parts of the Standard._ 

## **Effective date** 

- C1 An entity shall apply this Standard for annual reporting periods beginning on or after 1 January 2024. Earlier application is permitted. If an entity applies this Standard earlier, it shall disclose that fact and apply IFRS S1 _General Requirements for Disclosure of Sustainability-related Financial Information_ at the same time. 

- C1A _Amendments to Greenhouse Gas Emissions Disclosures_ , issued in December 2025: 

 - (a) amended paragraphs 29(a)(ii), 29(a)(vi)(2), B21 – B22, B24, B28, B37, B59, B62(a), B63(a) and C4(b); and 

 - (b) added paragraphs 29A – 29C, B62A, B63A, C1B and C6. 

- C1B An entity shall apply the amendments listed in paragraph C1A for annual reporting periods beginning on or after 1 January 2027. Earlier application is permitted. If an entity applies these amendments earlier, it shall disclose that fact. 

- C2 For the purposes of applying paragraphs C3 – C5, the date of initial application is the beginning of the annual reporting period in which an entity first applies this Standard. 

## **Transition**"
IFRS_S2,C3,General Requirements,"To achieve this objective, an entity shall disclose information about:","An entity is not required to provide the disclosures specified in this Standard for any period before the date of initial application. Accordingly, an entity is not required to disclose comparative information in the first annual reporting period in which it applies this Standard.",c:\Users\BV426BP\Documents\IFRS Data\Reporting-Data-\notebooks\gen_data\IFRS\ifrs_s2.pdf,c:\Users\BV426BP\Documents\IFRS Data\Reporting-Data-\notebooks\ifrs_outputs\ifrs_disclosures\ifrs_s2.md,34,True,e595ce15ec0f7ded,"C3 An entity is not required to provide the disclosures specified in this Standard for any period before the date of initial application. Accordingly, an entity is not required to disclose comparative information in the first annual reporting period in which it applies this Standard."
IFRS_S2,C4,Metrics and Targets,"To achieve this objective, an entity shall disclose information about:","In the first annual reporting period in which an entity applies this Standard, the entity is permitted to use one or both of these reliefs:

- (a) if, in the annual reporting period immediately preceding the date of initial application of this Standard, the entity used a method for measuring its greenhouse gas emissions other than the Greenhouse Gas Protocol: A Corporate Accounting and Reporting Standard (2004), the entity is permitted to continue using that other method; and

- (b) an entity is not required to disclose its Scope 3 greenhouse gas emissions (see paragraph 29(a)) which includes, if the entity participates in asset management, commercial banking or insurance activities, the additional information about its financed emissions (see –

- paragraph 29(a)(vi)(2) and paragraphs B58 B63A).

© IFRS Foundation

45

## IFRS S2 CLIMATE-RELATED DISCLOSURES

C5

If an entity uses the relief in paragraph C4(a) or paragraph C4(b), the entity is permitted to continue to use that relief for the purposes of presenting that information as comparative information in subsequent reporting periods.

## **Transition for** _**Amendments to Greenhouse Gas Emissions Disclosures**_",c:\Users\BV426BP\Documents\IFRS Data\Reporting-Data-\notebooks\gen_data\IFRS\ifrs_s2.pdf,c:\Users\BV426BP\Documents\IFRS Data\Reporting-Data-\notebooks\ifrs_outputs\ifrs_disclosures\ifrs_s2.md,35,True,77a77d1dddea25f3,"C4 In the first annual reporting period in which an entity applies this Standard, the entity is permitted to use one or both of these reliefs: 

- (a) if, in the annual reporting period immediately preceding the date of initial application of this Standard, the entity used a method for measuring its greenhouse gas emissions other than the Greenhouse Gas Protocol: A Corporate Accounting and Reporting Standard (2004), the entity is permitted to continue using that other method; and 

- (b) an entity is not required to disclose its Scope 3 greenhouse gas emissions (see paragraph 29(a)) which includes, if the entity participates in asset management, commercial banking or insurance activities, the additional information about its financed emissions (see – 

- paragraph 29(a)(vi)(2) and paragraphs B58 B63A). 

© IFRS Foundation 

45 

## IFRS S2 CLIMATE-RELATED DISCLOSURES 

C5 

If an entity uses the relief in paragraph C4(a) or paragraph C4(b), the entity is permitted to continue to use that relief for the purposes of presenting that information as comparative information in subsequent reporting periods. 

## **Transition for** _**Amendments to Greenhouse Gas Emissions Disclosures**_"
