requirement_id,standard,paragraph_id,page,report_section,official_section_heading,nearest_pdf_heading,clean_requirement_text,source_paragraph_text,clause_path,obligation_type,mandatory,evidence_tags,banking_relevance,paragraph_quality_score,requirement_quality_score
IFRS_S1_3_C01,IFRS S1,3,7,General Requirements,OBJECTIVE,Objective,"This Standard requires an entity to disclose information about all sustainability-related risks and opportunities that could reasonably be expected to affect the entity’s cash flows, its access to finance or cost of capital over the short, medium or long term. For the purposes of this Standard, these risks and opportunities are collectively referred to as ‘sustainability-related risks and opportunities that could reasonably be expected to affect the entity’s prospects’.","This Standard requires an entity to disclose information about all sustainability-related risks and opportunities that could reasonably be expected to affect the entity’s cash flows, its access to finance or cost of capital over the short, medium or long term. For the purposes of this Standard, these risks and opportunities are collectively referred to as ‘sustainability-related risks and opportunities that could reasonably be expected to affect the entity’s prospects’.",,mandatory,True,"[""financial_effects""]",medium,1.0,1.0
IFRS_S1_5_C01,IFRS S1,5,7,General Requirements,SCOPE,Scope,An entity shall apply this Standard in preparing and reporting sustainability-related financial disclosures in accordance with IFRS Sustainability Disclosure Standards.,An entity shall apply this Standard in preparing and reporting sustainability-related financial disclosures in accordance with IFRS Sustainability Disclosure Standards.,,mandatory,True,[],general,1.0,1.0
IFRS_S1_7_C01,IFRS S1,7,7,General Requirements,SCOPE,Scope,Other IFRS Sustainability Disclosure Standards specify information an entity is required to disclose about specific sustainability-related risks and opportunities.,Other IFRS Sustainability Disclosure Standards specify information an entity is required to disclose about specific sustainability-related risks and opportunities.,,mandatory,True,[],general,1.0,1.0
IFRS_S1_11_C01,IFRS S1,11,8,General Requirements,Fair presentation,Fair presentation,A complete set of sustainability-related financial disclosures shall present fairly all sustainability-related risks and opportunities that could reasonably be expected to affect an entity’s prospects.,A complete set of sustainability-related financial disclosures shall present fairly all sustainability-related risks and opportunities that could reasonably be expected to affect an entity’s prospects.,,mandatory,True,[],general,1.0,1.0
IFRS_S1_12_C01,IFRS S1,12,8,General Requirements,Fair presentation,Fair presentation,"To identify sustainability-related risks and opportunities that could reasonably be expected to affect an entity’s prospects, an entity shall apply paragraphs B1–B12.","To identify sustainability-related risks and opportunities that could reasonably be expected to affect an entity’s prospects, an entity shall apply paragraphs B1–B12.",,mandatory,True,[],general,1.0,1.0
IFRS_S1_13_C01,IFRS S1,13,8,General Requirements,Fair presentation,Fair presentation,"Fair presentation requires disclosure of relevant information about sustainability-related risks and opportunities that could reasonably be expected to affect the entity’s prospects, and their faithful representation in accordance with the principles set out in this Standard. To achieve faithful representation, an entity shall provide a complete, neutral and accurate depiction of those sustainability-related risks and opportunities.","Fair presentation requires disclosure of relevant information about sustainability-related risks and opportunities that could reasonably be expected to affect the entity’s prospects, and their faithful representation in accordance with the principles set out in this Standard. To achieve faithful representation, an entity shall provide a complete, neutral and accurate depiction of those sustainability-related risks and opportunities.",,mandatory,True,[],general,1.0,1.0
IFRS_S1_15_C01,IFRS S1,15,8,General Requirements,Fair presentation,Fair presentation,"Fair presentation also requires an entity — (a) to disclose information that is comparable, verifiable, timely and understandable","Fair presentation also requires an entity: (a) to disclose information that is comparable, verifiable, timely and understandable; and (b) to disclose additional information if compliance with the specifically applicable requirements in IFRS Sustainability Disclosure Standards is insufficient to enable users of general purpose financial reports to understand the effects of sustainability-related risks and opportunities on the entity’s cash flows, its access to finance and cost of capital over the short, medium and long term.",(a),mandatory,True,[],general,1.0,1.0
IFRS_S1_15_C02,IFRS S1,15,8,General Requirements,Fair presentation,Fair presentation,"Fair presentation also requires an entity — (b) to disclose additional information if compliance with the specifically applicable requirements in IFRS Sustainability Disclosure Standards is insufficient to enable users of general purpose financial reports to understand the effects of sustainability-related risks and opportunities on the entity’s cash flows, its access to finance and cost of capital over the short, medium and long term.","Fair presentation also requires an entity: (a) to disclose information that is comparable, verifiable, timely and understandable; and (b) to disclose additional information if compliance with the specifically applicable requirements in IFRS Sustainability Disclosure Standards is insufficient to enable users of general purpose financial reports to understand the effects of sustainability-related risks and opportunities on the entity’s cash flows, its access to finance and cost of capital over the short, medium and long term.",(b),mandatory,True,"[""financial_effects""]",medium,1.0,1.0
IFRS_S1_17_C01,IFRS S1,17,9,General Requirements,Materiality,Materiality,An entity shall disclose material information about the sustainability-related risks and opportunities that could reasonably be expected to affect the entity’s prospects.,An entity shall disclose material information about the sustainability-related risks and opportunities that could reasonably be expected to affect the entity’s prospects.,,mandatory,True,"[""materiality""]",general,1.0,1.0
IFRS_S1_19_C01,IFRS S1,19,9,General Requirements,Materiality,Materiality,"To identify and disclose material information, an entity shall apply paragraphs B13–B37.","To identify and disclose material information, an entity shall apply paragraphs B13–B37.",,mandatory,True,"[""materiality""]",general,1.0,1.0
IFRS_S1_20_C01,IFRS S1,20,9,General Requirements,Reporting entity,Reporting entity,An entity’s sustainability-related financial disclosures shall be for the same reporting entity as the related financial statements (see paragraph B38).,An entity’s sustainability-related financial disclosures shall be for the same reporting entity as the related financial statements (see paragraph B38).,,mandatory,True,"[""connected_information""]",general,1.0,1.0
IFRS_S1_21_C01,IFRS S1,21,9,General Requirements,Connected information,Connected information,An entity shall provide information in a manner that enables users of general purpose financial reports to understand the following types of connections — (a) the connections between the items to which the information relates —such as connections between various sustainability-related risks and opportunities that could reasonably be expected to affect the entity’s prospects,"An entity shall provide information in a manner that enables users of general purpose financial reports to understand the following types of connections: (a) the connections between the items to which the information relates —such as connections between various sustainability-related risks and opportunities that could reasonably be expected to affect the entity’s prospects; and (b) the connections between disclosures provided by the entity: (i) within its sustainability-related financial disclosures—such as connections between disclosures on governance, strategy, risk management and metrics and targets; and (ii) across its sustainability-related financial disclosures and other general purpose financial reports published by the entity —such as its related financial statements (see paragraphs B39–B44).",(a),mandatory,True,"[""connected_information""]",general,1.0,1.0
IFRS_S1_21_C03,IFRS S1,21,9,General Requirements,Connected information,Connected information,"An entity shall provide information in a manner that enables users of general purpose financial reports to understand the following types of connections — (b) the connections between disclosures provided by the entity: — (i) within its sustainability-related financial disclosures—such as connections between disclosures on governance, strategy, risk management and metrics and targets","An entity shall provide information in a manner that enables users of general purpose financial reports to understand the following types of connections: (a) the connections between the items to which the information relates —such as connections between various sustainability-related risks and opportunities that could reasonably be expected to affect the entity’s prospects; and (b) the connections between disclosures provided by the entity: (i) within its sustainability-related financial disclosures—such as connections between disclosures on governance, strategy, risk management and metrics and targets; and (ii) across its sustainability-related financial disclosures and other general purpose financial reports published by the entity —such as its related financial statements (see paragraphs B39–B44).",(b)>(i),mandatory,True,"[""metrics"", ""targets"", ""connected_information""]",general,1.0,1.0
IFRS_S1_21_C04,IFRS S1,21,9,General Requirements,Connected information,Connected information,An entity shall provide information in a manner that enables users of general purpose financial reports to understand the following types of connections — (b) the connections between disclosures provided by the entity: — (ii) across its sustainability-related financial disclosures and other general purpose financial reports published by the entity —such as its related financial statements (see paragraphs B39–B44).,"An entity shall provide information in a manner that enables users of general purpose financial reports to understand the following types of connections: (a) the connections between the items to which the information relates —such as connections between various sustainability-related risks and opportunities that could reasonably be expected to affect the entity’s prospects; and (b) the connections between disclosures provided by the entity: (i) within its sustainability-related financial disclosures—such as connections between disclosures on governance, strategy, risk management and metrics and targets; and (ii) across its sustainability-related financial disclosures and other general purpose financial reports published by the entity —such as its related financial statements (see paragraphs B39–B44).",(b)>(ii),mandatory,True,"[""connected_information""]",general,1.0,1.0
IFRS_S1_22_C01,IFRS S1,22,9,General Requirements,Connected information,Connected information,An entity shall identify the financial statements to which the sustainability-related financial disclosures relate.,An entity shall identify the financial statements to which the sustainability-related financial disclosures relate.,,mandatory,True,"[""connected_information""]",general,1.0,1.0
IFRS_S1_23_C01,IFRS S1,23,10,General Requirements,Connected information,Connected information,Data and assumptions used in preparing the sustainability-related financial disclosures shall be consistent—to the extent possible considering the requirements of IFRS Accounting Standards or other applicable GAAP— with the corresponding data and assumptions used in preparing the related financial statements (see paragraph B42).,Data and assumptions used in preparing the sustainability-related financial disclosures shall be consistent—to the extent possible considering the requirements of IFRS Accounting Standards or other applicable GAAP— with the corresponding data and assumptions used in preparing the related financial statements (see paragraph B42).,,mandatory,True,"[""connected_information""]",general,1.0,1.0
IFRS_S1_24_C01,IFRS S1,24,10,General Requirements,Connected information,Connected information,"When currency is specified as the unit of measure in the sustainability-related financial disclosures, the entity shall use the presentation currency of its related financial statements.","When currency is specified as the unit of measure in the sustainability-related financial disclosures, the entity shall use the presentation currency of its related financial statements.",,mandatory,True,"[""connected_information""]",general,1.0,1.0
IFRS_S1_25_C01,IFRS S1,25,10,General Requirements,CORE CONTENT,Core content,"Unless another IFRS Sustainability Disclosure Standard permits or requires otherwise in specified circumstances, an entity shall provide disclosures about — (a) governance—the governance processes, controls and procedures the entity uses to monitor and manage sustainability-related risks and opportunities (see paragraphs 26–27)","Unless another IFRS Sustainability Disclosure Standard permits or requires otherwise in specified circumstances, an entity shall provide disclosures about: (a) governance—the governance processes, controls and procedures the entity uses to monitor and manage sustainability-related risks and opportunities (see paragraphs 26–27); (b) strategy—the approach the entity uses to manage sustainability-related risks and opportunities (see paragraphs 28–42); (c) risk management—the processes the entity uses to identify, assess, prioritise and monitor sustainability-related risks and opportunities (see paragraphs 43–44); and (d) metrics and targets—the entity’s performance in relation to sustainability-related risks and opportunities, including progress towards any targets the entity has set or is required to meet by law or regulation (see paragraphs 45–53).",(a),mandatory,True,[],general,1.0,1.0
IFRS_S1_25_C02,IFRS S1,25,10,General Requirements,CORE CONTENT,Core content,"Unless another IFRS Sustainability Disclosure Standard permits or requires otherwise in specified circumstances, an entity shall provide disclosures about — (b) strategy—the approach the entity uses to manage sustainability-related risks and opportunities (see paragraphs 28–42)","Unless another IFRS Sustainability Disclosure Standard permits or requires otherwise in specified circumstances, an entity shall provide disclosures about: (a) governance—the governance processes, controls and procedures the entity uses to monitor and manage sustainability-related risks and opportunities (see paragraphs 26–27); (b) strategy—the approach the entity uses to manage sustainability-related risks and opportunities (see paragraphs 28–42); (c) risk management—the processes the entity uses to identify, assess, prioritise and monitor sustainability-related risks and opportunities (see paragraphs 43–44); and (d) metrics and targets—the entity’s performance in relation to sustainability-related risks and opportunities, including progress towards any targets the entity has set or is required to meet by law or regulation (see paragraphs 45–53).",(b),mandatory,True,[],general,1.0,1.0
IFRS_S1_25_C03,IFRS S1,25,10,General Requirements,CORE CONTENT,Core content,"Unless another IFRS Sustainability Disclosure Standard permits or requires otherwise in specified circumstances, an entity shall provide disclosures about — (c) risk management—the processes the entity uses to identify, assess, prioritise and monitor sustainability-related risks and opportunities (see paragraphs 43–44)","Unless another IFRS Sustainability Disclosure Standard permits or requires otherwise in specified circumstances, an entity shall provide disclosures about: (a) governance—the governance processes, controls and procedures the entity uses to monitor and manage sustainability-related risks and opportunities (see paragraphs 26–27); (b) strategy—the approach the entity uses to manage sustainability-related risks and opportunities (see paragraphs 28–42); (c) risk management—the processes the entity uses to identify, assess, prioritise and monitor sustainability-related risks and opportunities (see paragraphs 43–44); and (d) metrics and targets—the entity’s performance in relation to sustainability-related risks and opportunities, including progress towards any targets the entity has set or is required to meet by law or regulation (see paragraphs 45–53).",(c),mandatory,True,"[""risk_process""]",general,1.0,1.0
IFRS_S1_25_C04,IFRS S1,25,10,General Requirements,CORE CONTENT,Core content,"Unless another IFRS Sustainability Disclosure Standard permits or requires otherwise in specified circumstances, an entity shall provide disclosures about — (d) metrics and targets—the entity’s performance in relation to sustainability-related risks and opportunities, including progress towards any targets the entity has set or is required to meet by law or regulation (see paragraphs 45–53).","Unless another IFRS Sustainability Disclosure Standard permits or requires otherwise in specified circumstances, an entity shall provide disclosures about: (a) governance—the governance processes, controls and procedures the entity uses to monitor and manage sustainability-related risks and opportunities (see paragraphs 26–27); (b) strategy—the approach the entity uses to manage sustainability-related risks and opportunities (see paragraphs 28–42); (c) risk management—the processes the entity uses to identify, assess, prioritise and monitor sustainability-related risks and opportunities (see paragraphs 43–44); and (d) metrics and targets—the entity’s performance in relation to sustainability-related risks and opportunities, including progress towards any targets the entity has set or is required to meet by law or regulation (see paragraphs 45–53).",(d),mandatory,True,"[""metrics"", ""targets""]",general,1.0,1.0
IFRS_S1_54_C01,IFRS S1,54,17,General Requirements,Sources of guidance,Identifying sustainability-related risks and opportunities,"In identifying sustainability-related risks and opportunities that could reasonably be expected to affect an entity’s prospects, an entity shall apply IFRS Sustainability Disclosure Standards.","In identifying sustainability-related risks and opportunities that could reasonably be expected to affect an entity’s prospects, an entity shall apply IFRS Sustainability Disclosure Standards.",,mandatory,True,"[""source_guidance""]",general,1.0,1.0
IFRS_S1_55_C01,IFRS S1,55,17,General Requirements,Sources of guidance,Identifying sustainability-related risks and opportunities,In addition to IFRS Sustainability Disclosure Standards — (a) an entity shall refer to and consider the applicability of the disclosure topics in the SASB Standards. An entity might conclude that the disclosure topics in the SASB Standards are not applicable in the entity’s circumstances.,In addition to IFRS Sustainability Disclosure Standards: (a) an entity shall refer to and consider the applicability of the disclosure topics in the SASB Standards. An entity might conclude that the disclosure topics in the SASB Standards are not applicable in the entity’s circumstances. (b) an entity may refer to and consider the applicability of: (i) the CDSB Framework Application Guidance for Water-related Disclosures and the CDSB Framework Application Guidance for Biodiversity-related Disclosures (collectively referred to as ‘CDSB Framework Application Guidance’); (ii) the most recent pronouncements of other standard-setting bodies whose requirements are designed to meet the information needs of users of general purpose financial reports; and (iii) the sustainability-related risks and opportunities identified by entities that operate in the same industry(s) or geographical region(s).,(a),mandatory,True,"[""source_guidance""]",general,1.0,1.0
IFRS_S1_56_C01,IFRS S1,56,18,General Requirements,Sources of guidance,Identifying applicable disclosure requirements,"In identifying applicable disclosure requirements about a sustainability-related risk or opportunity that could reasonably be expected to affect an entity’s prospects, an entity shall apply the IFRS Sustainability Disclosure Standard that specifically applies to that sustainability-related risk or opportunity.","In identifying applicable disclosure requirements about a sustainability-related risk or opportunity that could reasonably be expected to affect an entity’s prospects, an entity shall apply the IFRS Sustainability Disclosure Standard that specifically applies to that sustainability-related risk or opportunity.",,mandatory,True,"[""source_guidance""]",general,1.0,1.0
IFRS_S1_57_C01,IFRS S1,57,18,General Requirements,Sources of guidance,Identifying applicable disclosure requirements,"In the absence of an IFRS Sustainability Disclosure Standard that specifically applies to a sustainability-related risk or opportunity, an entity shall apply judgement to identify information that — (a) is relevant to the decision-making of users of general purpose financial reports","In the absence of an IFRS Sustainability Disclosure Standard that specifically applies to a sustainability-related risk or opportunity, an entity shall apply judgement to identify information that: (a) is relevant to the decision-making of users of general purpose financial reports; and (b) faithfully represents that sustainability-related risk or opportunity.",(a),mandatory,True,"[""source_guidance""]",general,1.0,1.0
IFRS_S1_57_C02,IFRS S1,57,18,General Requirements,Sources of guidance,Identifying applicable disclosure requirements,"In the absence of an IFRS Sustainability Disclosure Standard that specifically applies to a sustainability-related risk or opportunity, an entity shall apply judgement to identify information that — (b) faithfully represents that sustainability-related risk or opportunity.","In the absence of an IFRS Sustainability Disclosure Standard that specifically applies to a sustainability-related risk or opportunity, an entity shall apply judgement to identify information that: (a) is relevant to the decision-making of users of general purpose financial reports; and (b) faithfully represents that sustainability-related risk or opportunity.",(b),mandatory,True,"[""source_guidance""]",general,1.0,1.0
IFRS_S1_58_C01,IFRS S1,58,18,General Requirements,Sources of guidance,Identifying applicable disclosure requirements,In making the judgement described in paragraph 57 — (a) an entity shall refer to and consider the applicability of the metrics associated with the disclosure topics included in the SASB Standards. An entity might conclude that the metrics specified in the SASB Standards are not applicable in the entity’s circumstances.,"In making the judgement described in paragraph 57: (a) an entity shall refer to and consider the applicability of the metrics associated with the disclosure topics included in the SASB Standards. An entity might conclude that the metrics specified in the SASB Standards are not applicable in the entity’s circumstances. (b) an entity may—to the extent that these sources do not conflict with IFRS Sustainability Disclosure Standards—refer to and consider the applicability of: (i) the CDSB Framework Application Guidance; (ii) the most recent pronouncements of other standard-setting bodies whose requirements are designed to meet the information needs of users of general purpose financial reports; and (iii) the information, including metrics, disclosed by entities that operate in the same industry(s) or geographical region(s). (c) an entity may—to the extent that these sources assist the entity in meeting the objective of this Standard (see paragraphs 1–4) and do not conflict with IFRS Sustainability Disclosure Standards—refer to and consider the applicability of the sources specified in Appendix C.",(a),mandatory,True,"[""metrics"", ""source_guidance""]",general,1.0,1.0
IFRS_S1_59_C01,IFRS S1,59,19,General Requirements,Sources of guidance,Disclosure of information about sources of guidance,"An entity shall identify — (a) the specific standards, pronouncements, industry practice and other sources of guidance that the entity has applied in preparing its sustainability-related financial disclosures, including, if applicable, identifying the disclosure topics in the SASB Standards","An entity shall identify: (a) the specific standards, pronouncements, industry practice and other sources of guidance that the entity has applied in preparing its sustainability-related financial disclosures, including, if applicable, identifying the disclosure topics in the SASB Standards; and (b) the industry(s) specified in the IFRS Sustainability Disclosure Standards, the SASB Standards or other sources of guidance relating to a particular industry(s) that the entity has applied in preparing its sustainability-related financial disclosures, including in identifying applicable metrics.",(a),mandatory,True,"[""source_guidance""]",general,1.0,1.0
IFRS_S1_59_C02,IFRS S1,59,19,General Requirements,Sources of guidance,Disclosure of information about sources of guidance,"An entity shall identify — (b) the industry(s) specified in the IFRS Sustainability Disclosure Standards, the SASB Standards or other sources of guidance relating to a particular industry(s) that the entity has applied in preparing its sustainability-related financial disclosures, including in identifying applicable metrics.","An entity shall identify: (a) the specific standards, pronouncements, industry practice and other sources of guidance that the entity has applied in preparing its sustainability-related financial disclosures, including, if applicable, identifying the disclosure topics in the SASB Standards; and (b) the industry(s) specified in the IFRS Sustainability Disclosure Standards, the SASB Standards or other sources of guidance relating to a particular industry(s) that the entity has applied in preparing its sustainability-related financial disclosures, including in identifying applicable metrics.",(b),mandatory,True,"[""metrics"", ""source_guidance""]",general,1.0,1.0
IFRS_S1_60_C01,IFRS S1,60,19,General Requirements,Location of disclosures,Location of disclosures,An entity is required to provide disclosures required by IFRS Sustainability Disclosure Standards as part of its general purpose financial reports.,An entity is required to provide disclosures required by IFRS Sustainability Disclosure Standards as part of its general purpose financial reports.,,mandatory,True,[],general,1.0,1.0
IFRS_S1_63_C01,IFRS S1,63,19,General Requirements,Location of disclosures,Location of disclosures,"Information required by an IFRS Sustainability Disclosure Standard may be included in sustainability-related financial disclosures by cross-reference to another report published by the entity. If an entity includes information by cross-reference, the entity shall apply the requirements in paragraphs B45–B47.","Information required by an IFRS Sustainability Disclosure Standard may be included in sustainability-related financial disclosures by cross-reference to another report published by the entity. If an entity includes information by cross-reference, the entity shall apply the requirements in paragraphs B45–B47.",,mandatory,True,"[""connected_information""]",general,1.0,1.0
IFRS_S1_64_C01,IFRS S1,64,20,General Requirements,Timing of reporting,Timing of reporting,An entity shall report its sustainability-related financial disclosures at the same time as its related financial statements. The entity’s sustainability-related financial disclosures shall cover the same reporting period as the related financial statements.,An entity shall report its sustainability-related financial disclosures at the same time as its related financial statements. The entity’s sustainability-related financial disclosures shall cover the same reporting period as the related financial statements.,,mandatory,True,"[""connected_information""]",general,1.0,1.0
IFRS_S1_66_C01,IFRS S1,66,20,General Requirements,Timing of reporting,Timing of reporting,"When an entity changes the end of its reporting period and provides sustainability-related financial disclosures for a period longer or shorter than 12 months, it shall disclose — (a) the period covered by the sustainability-related financial disclosures","When an entity changes the end of its reporting period and provides sustainability-related financial disclosures for a period longer or shorter than 12 months, it shall disclose: (a) the period covered by the sustainability-related financial disclosures; (b) the reason for using a longer or shorter period; and (c) the fact that the amounts disclosed in the sustainability-related financial disclosures are not entirely comparable.",(a),mandatory,True,[],general,1.0,1.0
IFRS_S1_66_C02,IFRS S1,66,20,General Requirements,Timing of reporting,Timing of reporting,"When an entity changes the end of its reporting period and provides sustainability-related financial disclosures for a period longer or shorter than 12 months, it shall disclose — (b) the reason for using a longer or shorter period","When an entity changes the end of its reporting period and provides sustainability-related financial disclosures for a period longer or shorter than 12 months, it shall disclose: (a) the period covered by the sustainability-related financial disclosures; (b) the reason for using a longer or shorter period; and (c) the fact that the amounts disclosed in the sustainability-related financial disclosures are not entirely comparable.",(b),mandatory,True,[],general,1.0,1.0
IFRS_S1_66_C03,IFRS S1,66,20,General Requirements,Timing of reporting,Timing of reporting,"When an entity changes the end of its reporting period and provides sustainability-related financial disclosures for a period longer or shorter than 12 months, it shall disclose — (c) the fact that the amounts disclosed in the sustainability-related financial disclosures are not entirely comparable.","When an entity changes the end of its reporting period and provides sustainability-related financial disclosures for a period longer or shorter than 12 months, it shall disclose: (a) the period covered by the sustainability-related financial disclosures; (b) the reason for using a longer or shorter period; and (c) the fact that the amounts disclosed in the sustainability-related financial disclosures are not entirely comparable.",(c),mandatory,True,[],general,1.0,1.0
IFRS_S1_67_C01,IFRS S1,67,20,General Requirements,Timing of reporting,Timing of reporting,"If, after the end of the reporting period but before the date on which the sustainability-related financial disclosures are authorised for issue, an entity receives information about conditions that existed at the end of the reporting period, it shall update disclosures that relate to those conditions in the light of the new information.","If, after the end of the reporting period but before the date on which the sustainability-related financial disclosures are authorised for issue, an entity receives information about conditions that existed at the end of the reporting period, it shall update disclosures that relate to those conditions in the light of the new information.",,mandatory,True,[],general,1.0,1.0
IFRS_S1_68_C01,IFRS S1,68,20,General Requirements,Timing of reporting,Timing of reporting,"An entity shall disclose information about transactions, other events and conditions that occur after the end of the reporting period, but before the date on which the sustainability-related financial disclosures are authorised for issue, if non-disclosure of that information could reasonably be expected to influence decisions that primary users of general purpose financial reports make on the basis of those reports.","An entity shall disclose information about transactions, other events and conditions that occur after the end of the reporting period, but before the date on which the sustainability-related financial disclosures are authorised for issue, if non-disclosure of that information could reasonably be expected to influence decisions that primary users of general purpose financial reports make on the basis of those reports.",,mandatory,True,[],general,1.0,1.0
IFRS_S1_69_C01,IFRS S1,69,20,General Requirements,Timing of reporting,Timing of reporting,"This Standard does not mandate which entities would be required to provide interim sustainability-related financial disclosures, how frequently, or how soon after the end of an interim period. However, governments, securities regulators, stock exchanges and accountancy bodies may require entities whose debt or equity securities are publicly traded to publish interim general purpose financial reports. If an entity is required or elects to publish interim sustainability-related financial disclosures in accordance with IFRS Sustainability Disclosure Standards, the entity shall apply paragraph B48.","This Standard does not mandate which entities would be required to provide interim sustainability-related financial disclosures, how frequently, or how soon after the end of an interim period. However, governments, securities regulators, stock exchanges and accountancy bodies may require entities whose debt or equity securities are publicly traded to publish interim general purpose financial reports. If an entity is required or elects to publish interim sustainability-related financial disclosures in accordance with IFRS Sustainability Disclosure Standards, the entity shall apply paragraph B48.",,mandatory,True,[],general,1.0,1.0
IFRS_S1_70_C01,IFRS S1,70,20,General Requirements,Comparative information,Comparative information,"Unless another IFRS Sustainability Disclosure Standard permits or requires otherwise, an entity shall disclose comparative information in respect of the preceding period for all amounts disclosed in the reporting period. If such information would be useful for an understanding of the sustainability-related financial disclosures for the reporting period, the entity shall also disclose comparative information for narrative and descriptive sustainability-related financial information (see paragraphs B49–B59).","Unless another IFRS Sustainability Disclosure Standard permits or requires otherwise, an entity shall disclose comparative information in respect of the preceding period for all amounts disclosed in the reporting period. If such information would be useful for an understanding of the sustainability-related financial disclosures for the reporting period, the entity shall also disclose comparative information for narrative and descriptive sustainability-related financial information (see paragraphs B49–B59).",,mandatory,True,[],general,1.0,1.0
IFRS_S1_72_C01,IFRS S1,72,21,General Requirements,Statement of compliance,Statement of compliance,An entity whose sustainability-related financial disclosures comply with all the requirements of IFRS Sustainability Disclosure Standards shall make an explicit and unreserved statement of compliance. An entity shall not describe sustainability-related financial disclosures as complying with IFRS Sustainability Disclosure Standards unless they comply with all the requirements of IFRS Sustainability Disclosure Standards.,An entity whose sustainability-related financial disclosures comply with all the requirements of IFRS Sustainability Disclosure Standards shall make an explicit and unreserved statement of compliance. An entity shall not describe sustainability-related financial disclosures as complying with IFRS Sustainability Disclosure Standards unless they comply with all the requirements of IFRS Sustainability Disclosure Standards.,,prohibition,True,[],general,1.0,1.0
IFRS_S1_73_C01,IFRS S1,73,21,General Requirements,Statement of compliance,Statement of compliance,This Standard relieves an entity from disclosing information otherwise required by an IFRS Sustainability Disclosure Standard if law or regulation prohibits the entity from disclosing that information (see paragraph B33). This Standard also relieves an entity from disclosing information about a sustainability-related opportunity otherwise required by an IFRS Sustainability Disclosure Standard if that information is commercially sensitive as described in this Standard (see paragraphs B34–B37). An entity using these exemptions is not prevented from asserting compliance with IFRS Sustainability Disclosure Standards.,This Standard relieves an entity from disclosing information otherwise required by an IFRS Sustainability Disclosure Standard if law or regulation prohibits the entity from disclosing that information (see paragraph B33). This Standard also relieves an entity from disclosing information about a sustainability-related opportunity otherwise required by an IFRS Sustainability Disclosure Standard if that information is commercially sensitive as described in this Standard (see paragraphs B34–B37). An entity using these exemptions is not prevented from asserting compliance with IFRS Sustainability Disclosure Standards.,,mandatory,True,[],general,1.0,1.0
IFRS_S1_74_C01,IFRS S1,74,21,General Requirements,Judgements,Judgements,"An entity shall disclose information to enable users of general purpose financial reports to understand the judgements, apart from those involving estimations of amounts (see paragraph 77), that the entity has made in the process of preparing its sustainability-related financial disclosures and that have the most significant effect on the information included in those disclosures.","An entity shall disclose information to enable users of general purpose financial reports to understand the judgements, apart from those involving estimations of amounts (see paragraph 77), that the entity has made in the process of preparing its sustainability-related financial disclosures and that have the most significant effect on the information included in those disclosures.",,mandatory,True,[],general,1.0,1.0
IFRS_S1_77_C01,IFRS S1,77,22,General Requirements,Measurement uncertainty,Measurement uncertainty,An entity shall disclose information to enable users of general purpose financial reports to understand the most significant uncertainties affecting the amounts reported in its sustainability-related financial disclosures.,An entity shall disclose information to enable users of general purpose financial reports to understand the most significant uncertainties affecting the amounts reported in its sustainability-related financial disclosures.,,mandatory,True,[],general,1.0,1.0
IFRS_S1_78_C01,IFRS S1,78,22,General Requirements,Measurement uncertainty,Measurement uncertainty,An entity shall — (a) identify the amounts that it has disclosed that are subject to a high level of measurement uncertainty,"An entity shall: (a) identify the amounts that it has disclosed that are subject to a high level of measurement uncertainty; and (b) in relation to each amount identified in paragraph 78(a), disclose information about: (i) the sources of measurement uncertainty—for example, the dependence of the amount on the outcome of a future event, on a measurement technique or on the availability and quality of data from the entity’s value chain; and (ii) the assumptions, approximations and judgements the entity has made in measuring the amount.",(a),mandatory,True,[],general,1.0,1.0
IFRS_S1_78_C03,IFRS S1,78,22,General Requirements,Measurement uncertainty,Measurement uncertainty,"An entity shall — (b) in relation to each amount identified in paragraph 78(a), disclose information about: — (i) the sources of measurement uncertainty—for example, the dependence of the amount on the outcome of a future event, on a measurement technique or on the availability and quality of data from the entity’s value chain","An entity shall: (a) identify the amounts that it has disclosed that are subject to a high level of measurement uncertainty; and (b) in relation to each amount identified in paragraph 78(a), disclose information about: (i) the sources of measurement uncertainty—for example, the dependence of the amount on the outcome of a future event, on a measurement technique or on the availability and quality of data from the entity’s value chain; and (ii) the assumptions, approximations and judgements the entity has made in measuring the amount.",(b)>(i),mandatory,True,"[""business_model_value_chain""]",general,1.0,1.0
IFRS_S1_78_C04,IFRS S1,78,22,General Requirements,Measurement uncertainty,Measurement uncertainty,"An entity shall — (b) in relation to each amount identified in paragraph 78(a), disclose information about: — (ii) the assumptions, approximations and judgements the entity has made in measuring the amount.","An entity shall: (a) identify the amounts that it has disclosed that are subject to a high level of measurement uncertainty; and (b) in relation to each amount identified in paragraph 78(a), disclose information about: (i) the sources of measurement uncertainty—for example, the dependence of the amount on the outcome of a future event, on a measurement technique or on the availability and quality of data from the entity’s value chain; and (ii) the assumptions, approximations and judgements the entity has made in measuring the amount.",(b)>(ii),mandatory,True,[],general,1.0,1.0
IFRS_S1_83_C01,IFRS S1,83,23,General Requirements,Errors,Errors,An entity shall correct material prior period errors by restating the comparative amounts for the prior period(s) disclosed unless it is impracticable to do so.,An entity shall correct material prior period errors by restating the comparative amounts for the prior period(s) disclosed unless it is impracticable to do so.,,mandatory,True,"[""materiality""]",general,1.0,1.0
IFRS_S1_86_C01,IFRS S1,86,23,General Requirements,Errors,Errors,"If an entity identifies a material error in its prior period sustainability-related financial disclosures, it shall apply paragraphs B55–B59.","If an entity identifies a material error in its prior period sustainability-related financial disclosures, it shall apply paragraphs B55–B59.",,mandatory,True,"[""materiality""]",general,1.0,1.0
IFRS_S1_B1_C01,IFRS S1,B1,26,General Requirements,Sustainability-related risks and opportunities (paragraphs 11–12),Sustainability-related risks and opportunities (paragraphs 11–12),"This Standard requires an entity to disclose information about all sustainability-related risks and opportunities that could reasonably be expected to affect the entity’s cash flows, its access to finance or cost of capital over the short, medium or long term (referred to as ‘sustainability-related risks and opportunities that could reasonably be expected to affect the entity’s prospects’) (see paragraph 3).","This Standard requires an entity to disclose information about all sustainability-related risks and opportunities that could reasonably be expected to affect the entity’s cash flows, its access to finance or cost of capital over the short, medium or long term (referred to as ‘sustainability-related risks and opportunities that could reasonably be expected to affect the entity’s prospects’) (see paragraph 3).",,mandatory,True,"[""financial_effects""]",medium,1.0,1.0
IFRS_S1_B7_C01,IFRS S1,B7,27,General Requirements,Identifying sustainability-related risks and opportunities,Identifying sustainability-related risks and opportunities,"In identifying the sustainability-related risks and opportunities that could reasonably be expected to affect its prospects, an entity shall apply the requirements on sources of guidance in paragraphs 54–55.","In identifying the sustainability-related risks and opportunities that could reasonably be expected to affect its prospects, an entity shall apply the requirements on sources of guidance in paragraphs 54–55.",,mandatory,True,"[""source_guidance""]",general,1.0,1.0
IFRS_S1_B13_C01,IFRS S1,B13,28,General Requirements,Materiality (paragraphs 17–19),Materiality (paragraphs 17–19),"Paragraph 17 requires an entity to disclose material information about the sustainability-related risks and opportunities that could reasonably be expected to affect the entity’s prospects. Materiality of information is judged in relation to whether omitting, misstating or obscuring that information could reasonably be expected to influence decisions of primary users of general purpose financial reports, which provide information about a specific reporting entity.","Paragraph 17 requires an entity to disclose material information about the sustainability-related risks and opportunities that could reasonably be expected to affect the entity’s prospects. Materiality of information is judged in relation to whether omitting, misstating or obscuring that information could reasonably be expected to influence decisions of primary users of general purpose financial reports, which provide information about a specific reporting entity.",,mandatory,True,"[""materiality""]",general,1.0,1.0
IFRS_S1_B20_C01,IFRS S1,B20,29,General Requirements,Materiality (paragraphs 17–19),Materiality (paragraphs 17–19),"To identify material information about a sustainability-related risk or opportunity, an entity shall apply, as the starting point, the requirements of the IFRS Sustainability Disclosure Standard that specifically applies to that sustainability-related risk or opportunity. In the absence of an IFRS Sustainability Disclosure Standard that specifically applies to a sustainability-related risk or opportunity, the entity shall apply the requirements on sources of guidance specified in paragraphs 57–58. Those sources specify information, including metrics, that may be relevant to a particular sustainability-related risk or opportunity, to a particular industry or in specified circumstances.","To identify material information about a sustainability-related risk or opportunity, an entity shall apply, as the starting point, the requirements of the IFRS Sustainability Disclosure Standard that specifically applies to that sustainability-related risk or opportunity. In the absence of an IFRS Sustainability Disclosure Standard that specifically applies to a sustainability-related risk or opportunity, the entity shall apply the requirements on sources of guidance specified in paragraphs 57–58. Those sources specify information, including metrics, that may be relevant to a particular sustainability-related risk or opportunity, to a particular industry or in specified circumstances.",,mandatory,True,"[""metrics"", ""materiality"", ""source_guidance""]",general,1.0,1.0
IFRS_S1_B21_C01,IFRS S1,B21,30,General Requirements,Materiality (paragraphs 17–19),Materiality (paragraphs 17–19),"An entity shall assess whether the information identified in applying paragraph B20, either individually or in combination with other information, is material in the context of the entity’s sustainability-related financial disclosures taken as a whole. In assessing whether information is material, an entity shall consider both quantitative and qualitative factors. For example, an entity might consider the magnitude and the nature of the effect of a sustainability-related risk or opportunity on the entity.","An entity shall assess whether the information identified in applying paragraph B20, either individually or in combination with other information, is material in the context of the entity’s sustainability-related financial disclosures taken as a whole. In assessing whether information is material, an entity shall consider both quantitative and qualitative factors. For example, an entity might consider the magnitude and the nature of the effect of a sustainability-related risk or opportunity on the entity.",,mandatory,True,"[""materiality""]",general,1.0,1.0
IFRS_S1_B22_C01,IFRS S1,B22,30,General Requirements,Materiality (paragraphs 17–19),Materiality (paragraphs 17–19),"In some cases, IFRS Sustainability Disclosure Standards require the disclosure of information about possible future events with uncertain outcomes. In judging whether information about such possible future events is material, an entity shall consider — (a) the potential effects of the events on the amount, timing and uncertainty of the entity’s future cash flows over the short, medium and long term (referred to as ‘the possible outcome’)","In some cases, IFRS Sustainability Disclosure Standards require the disclosure of information about possible future events with uncertain outcomes. In judging whether information about such possible future events is material, an entity shall consider: (a) the potential effects of the events on the amount, timing and uncertainty of the entity’s future cash flows over the short, medium and long term (referred to as ‘the possible outcome’); and (b) the range of possible outcomes and the likelihood of the possible outcomes within that range.",(a),mandatory,True,"[""financial_effects"", ""materiality""]",medium,1.0,1.0
IFRS_S1_B22_C02,IFRS S1,B22,30,General Requirements,Materiality (paragraphs 17–19),Materiality (paragraphs 17–19),"In some cases, IFRS Sustainability Disclosure Standards require the disclosure of information about possible future events with uncertain outcomes. In judging whether information about such possible future events is material, an entity shall consider — (b) the range of possible outcomes and the likelihood of the possible outcomes within that range.","In some cases, IFRS Sustainability Disclosure Standards require the disclosure of information about possible future events with uncertain outcomes. In judging whether information about such possible future events is material, an entity shall consider: (a) the potential effects of the events on the amount, timing and uncertainty of the entity’s future cash flows over the short, medium and long term (referred to as ‘the possible outcome’); and (b) the range of possible outcomes and the likelihood of the possible outcomes within that range.",(b),mandatory,True,"[""materiality""]",general,1.0,1.0
IFRS_S1_B23_C01,IFRS S1,B23,30,General Requirements,Materiality (paragraphs 17–19),Materiality (paragraphs 17–19),"When considering possible outcomes, an entity shall consider all pertinent facts and circumstances. Information about a possible future event is more likely to be judged as being material if the potential effects are significant and the event is likely to occur. However, an entity shall also consider whether information about low-probability and high-impact outcomes might be material either individually or in combination with information about other low-probability and high-impact outcomes. For example, an entity might be exposed to several sustainability-related risks, each of which could cause the same type of disruption—such as disruption to the entity’s supply chain. Information about an individual source of risk might not be material if disruption from that source is highly unlikely to occur. However, information about the aggregate risk—the risk of supply chain disruption from all sources —might be material.","When considering possible outcomes, an entity shall consider all pertinent facts and circumstances. Information about a possible future event is more likely to be judged as being material if the potential effects are significant and the event is likely to occur. However, an entity shall also consider whether information about low-probability and high-impact outcomes might be material either individually or in combination with information about other low-probability and high-impact outcomes. For example, an entity might be exposed to several sustainability-related risks, each of which could cause the same type of disruption—such as disruption to the entity’s supply chain. Information about an individual source of risk might not be material if disruption from that source is highly unlikely to occur. However, information about the aggregate risk—the risk of supply chain disruption from all sources —might be material.",,mandatory,True,"[""materiality""]",general,1.0,1.0
IFRS_S1_B26_C01,IFRS S1,B26,31,General Requirements,Materiality (paragraphs 17–19),Materiality (paragraphs 17–19),"An entity shall disclose additional information when compliance with the specifically applicable requirements in an IFRS Sustainability Disclosure Standard is insufficient to enable users of general purpose financial reports to understand the effects of sustainability-related risks and opportunities on the entity’s cash flows, its access to finance and cost of capital over the short, medium and long term.","An entity shall disclose additional information when compliance with the specifically applicable requirements in an IFRS Sustainability Disclosure Standard is insufficient to enable users of general purpose financial reports to understand the effects of sustainability-related risks and opportunities on the entity’s cash flows, its access to finance and cost of capital over the short, medium and long term.",,mandatory,True,"[""financial_effects"", ""materiality""]",medium,1.0,1.0
IFRS_S1_B27_C01,IFRS S1,B27,31,General Requirements,Materiality (paragraphs 17–19),Materiality (paragraphs 17–19),An entity shall identify its sustainability-related financial disclosures clearly and distinguish them from other information provided by the entity (see paragraph 62). An entity shall not obscure material information. Information is obscured if it is communicated in a way that would have a similar effect for primary users to omitting or misstating that information. Examples of circumstances that might result in material information being obscured include — (a) material information is not clearly distinguished from additional information that is not material,"An entity shall identify its sustainability-related financial disclosures clearly and distinguish them from other information provided by the entity (see paragraph 62). An entity shall not obscure material information. Information is obscured if it is communicated in a way that would have a similar effect for primary users to omitting or misstating that information. Examples of circumstances that might result in material information being obscured include: (a) material information is not clearly distinguished from additional information that is not material; (b) material information is disclosed in the sustainability-related financial disclosures, but the language used is vague or unclear; (c) material information about a sustainability-related risk or opportunity is scattered throughout the sustainability-related financial disclosures; (d) items of information that are dissimilar are inappropriately aggregated; (e) items of information that are similar are inappropriately disaggregated; and (f) the understandability of the sustainability-related financial disclosures is reduced as a result of material information being hidden by immaterial information to the extent that a primary user is unable to determine what information is material.",(a),prohibition,True,"[""materiality""]",general,1.0,1.0
IFRS_S1_B27_C02,IFRS S1,B27,31,General Requirements,Materiality (paragraphs 17–19),Materiality (paragraphs 17–19),"An entity shall identify its sustainability-related financial disclosures clearly and distinguish them from other information provided by the entity (see paragraph 62). An entity shall not obscure material information. Information is obscured if it is communicated in a way that would have a similar effect for primary users to omitting or misstating that information. Examples of circumstances that might result in material information being obscured include — (b) material information is disclosed in the sustainability-related financial disclosures, but the language used is vague or unclear","An entity shall identify its sustainability-related financial disclosures clearly and distinguish them from other information provided by the entity (see paragraph 62). An entity shall not obscure material information. Information is obscured if it is communicated in a way that would have a similar effect for primary users to omitting or misstating that information. Examples of circumstances that might result in material information being obscured include: (a) material information is not clearly distinguished from additional information that is not material; (b) material information is disclosed in the sustainability-related financial disclosures, but the language used is vague or unclear; (c) material information about a sustainability-related risk or opportunity is scattered throughout the sustainability-related financial disclosures; (d) items of information that are dissimilar are inappropriately aggregated; (e) items of information that are similar are inappropriately disaggregated; and (f) the understandability of the sustainability-related financial disclosures is reduced as a result of material information being hidden by immaterial information to the extent that a primary user is unable to determine what information is material.",(b),prohibition,True,"[""materiality""]",general,1.0,1.0
IFRS_S1_B27_C03,IFRS S1,B27,31,General Requirements,Materiality (paragraphs 17–19),Materiality (paragraphs 17–19),An entity shall identify its sustainability-related financial disclosures clearly and distinguish them from other information provided by the entity (see paragraph 62). An entity shall not obscure material information. Information is obscured if it is communicated in a way that would have a similar effect for primary users to omitting or misstating that information. Examples of circumstances that might result in material information being obscured include — (c) material information about a sustainability-related risk or opportunity is scattered throughout the sustainability-related financial disclosures,"An entity shall identify its sustainability-related financial disclosures clearly and distinguish them from other information provided by the entity (see paragraph 62). An entity shall not obscure material information. Information is obscured if it is communicated in a way that would have a similar effect for primary users to omitting or misstating that information. Examples of circumstances that might result in material information being obscured include: (a) material information is not clearly distinguished from additional information that is not material; (b) material information is disclosed in the sustainability-related financial disclosures, but the language used is vague or unclear; (c) material information about a sustainability-related risk or opportunity is scattered throughout the sustainability-related financial disclosures; (d) items of information that are dissimilar are inappropriately aggregated; (e) items of information that are similar are inappropriately disaggregated; and (f) the understandability of the sustainability-related financial disclosures is reduced as a result of material information being hidden by immaterial information to the extent that a primary user is unable to determine what information is material.",(c),prohibition,True,"[""materiality""]",general,1.0,1.0
IFRS_S1_B27_C04,IFRS S1,B27,31,General Requirements,Materiality (paragraphs 17–19),Materiality (paragraphs 17–19),An entity shall identify its sustainability-related financial disclosures clearly and distinguish them from other information provided by the entity (see paragraph 62). An entity shall not obscure material information. Information is obscured if it is communicated in a way that would have a similar effect for primary users to omitting or misstating that information. Examples of circumstances that might result in material information being obscured include — (d) items of information that are dissimilar are inappropriately aggregated,"An entity shall identify its sustainability-related financial disclosures clearly and distinguish them from other information provided by the entity (see paragraph 62). An entity shall not obscure material information. Information is obscured if it is communicated in a way that would have a similar effect for primary users to omitting or misstating that information. Examples of circumstances that might result in material information being obscured include: (a) material information is not clearly distinguished from additional information that is not material; (b) material information is disclosed in the sustainability-related financial disclosures, but the language used is vague or unclear; (c) material information about a sustainability-related risk or opportunity is scattered throughout the sustainability-related financial disclosures; (d) items of information that are dissimilar are inappropriately aggregated; (e) items of information that are similar are inappropriately disaggregated; and (f) the understandability of the sustainability-related financial disclosures is reduced as a result of material information being hidden by immaterial information to the extent that a primary user is unable to determine what information is material.",(d),prohibition,True,"[""materiality""]",general,1.0,1.0
IFRS_S1_B27_C05,IFRS S1,B27,31,General Requirements,Materiality (paragraphs 17–19),Materiality (paragraphs 17–19),An entity shall identify its sustainability-related financial disclosures clearly and distinguish them from other information provided by the entity (see paragraph 62). An entity shall not obscure material information. Information is obscured if it is communicated in a way that would have a similar effect for primary users to omitting or misstating that information. Examples of circumstances that might result in material information being obscured include — (e) items of information that are similar are inappropriately disaggregated,"An entity shall identify its sustainability-related financial disclosures clearly and distinguish them from other information provided by the entity (see paragraph 62). An entity shall not obscure material information. Information is obscured if it is communicated in a way that would have a similar effect for primary users to omitting or misstating that information. Examples of circumstances that might result in material information being obscured include: (a) material information is not clearly distinguished from additional information that is not material; (b) material information is disclosed in the sustainability-related financial disclosures, but the language used is vague or unclear; (c) material information about a sustainability-related risk or opportunity is scattered throughout the sustainability-related financial disclosures; (d) items of information that are dissimilar are inappropriately aggregated; (e) items of information that are similar are inappropriately disaggregated; and (f) the understandability of the sustainability-related financial disclosures is reduced as a result of material information being hidden by immaterial information to the extent that a primary user is unable to determine what information is material.",(e),prohibition,True,"[""materiality""]",general,1.0,1.0
IFRS_S1_B27_C06,IFRS S1,B27,31,General Requirements,Materiality (paragraphs 17–19),Materiality (paragraphs 17–19),An entity shall identify its sustainability-related financial disclosures clearly and distinguish them from other information provided by the entity (see paragraph 62). An entity shall not obscure material information. Information is obscured if it is communicated in a way that would have a similar effect for primary users to omitting or misstating that information. Examples of circumstances that might result in material information being obscured include — (f) the understandability of the sustainability-related financial disclosures is reduced as a result of material information being hidden by immaterial information to the extent that a primary user is unable to determine what information is material.,"An entity shall identify its sustainability-related financial disclosures clearly and distinguish them from other information provided by the entity (see paragraph 62). An entity shall not obscure material information. Information is obscured if it is communicated in a way that would have a similar effect for primary users to omitting or misstating that information. Examples of circumstances that might result in material information being obscured include: (a) material information is not clearly distinguished from additional information that is not material; (b) material information is disclosed in the sustainability-related financial disclosures, but the language used is vague or unclear; (c) material information about a sustainability-related risk or opportunity is scattered throughout the sustainability-related financial disclosures; (d) items of information that are dissimilar are inappropriately aggregated; (e) items of information that are similar are inappropriately disaggregated; and (f) the understandability of the sustainability-related financial disclosures is reduced as a result of material information being hidden by immaterial information to the extent that a primary user is unable to determine what information is material.",(f),prohibition,True,"[""materiality""]",general,1.0,1.0
IFRS_S1_B28_C01,IFRS S1,B28,31,General Requirements,Materiality (paragraphs 17–19),Materiality (paragraphs 17–19),"An entity shall reassess its materiality judgements at each reporting date to take account of changed circumstances and assumptions. Because of changes in the entity’s individual circumstances, or in the external environment, some types of information included in an entity’s sustainability-related financial disclosures for prior periods might no longer be material. Conversely, some types of information not previously disclosed might become material.","An entity shall reassess its materiality judgements at each reporting date to take account of changed circumstances and assumptions. Because of changes in the entity’s individual circumstances, or in the external environment, some types of information included in an entity’s sustainability-related financial disclosures for prior periods might no longer be material. Conversely, some types of information not previously disclosed might become material.",,mandatory,True,"[""materiality""]",general,1.0,1.0
IFRS_S1_B31_C01,IFRS S1,B31,32,General Requirements,Interaction with law or regulation,Interaction with law or regulation,"Law or regulation might specify requirements for an entity to disclose sustainability-related information in its general purpose financial reports. In such circumstances, the entity is permitted to include in its sustainability-related financial disclosures information to meet legal or regulatory requirements, even if that information is not material. However, such information shall not obscure material information.","Law or regulation might specify requirements for an entity to disclose sustainability-related information in its general purpose financial reports. In such circumstances, the entity is permitted to include in its sustainability-related financial disclosures information to meet legal or regulatory requirements, even if that information is not material. However, such information shall not obscure material information.",,prohibition,True,"[""materiality""]",general,1.0,1.0
IFRS_S1_B32_C01,IFRS S1,B32,32,General Requirements,Interaction with law or regulation,Interaction with law or regulation,"An entity shall disclose material sustainability-related financial information, even if law or regulation permits the entity not to disclose such information.","An entity shall disclose material sustainability-related financial information, even if law or regulation permits the entity not to disclose such information.",,mandatory,True,"[""materiality""]",general,1.0,1.0
IFRS_S1_B37_C01,IFRS S1,B37,33,General Requirements,Commercially sensitive information,Commercially sensitive information,An entity is prohibited from using the exemption specified in paragraph B34 in relation to a sustainability-related risk or as a basis for broad non-disclosure of sustainability-related financial information.,An entity is prohibited from using the exemption specified in paragraph B34 in relation to a sustainability-related risk or as a basis for broad non-disclosure of sustainability-related financial information.,,prohibition,True,[],general,1.0,1.0
IFRS_S1_B38_C01,IFRS S1,B38,33,General Requirements,Reporting entity (paragraph 20),Reporting entity (paragraph 20),"Paragraph 20 requires that sustainability-related financial disclosures shall be for the same reporting entity as the related financial statements. For example, consolidated financial statements prepared in accordance with IFRS Accounting Standards provide information about the parent and its subsidiaries as a single reporting entity. Consequently, that entity’s sustainability-related financial disclosures shall enable users of general purpose financial reports to understand the effects of the sustainability-related risks and opportunities on the cash flows, access to finance and cost of capital over the short, medium and long term for the parent and its subsidiaries.","Paragraph 20 requires that sustainability-related financial disclosures shall be for the same reporting entity as the related financial statements. For example, consolidated financial statements prepared in accordance with IFRS Accounting Standards provide information about the parent and its subsidiaries as a single reporting entity. Consequently, that entity’s sustainability-related financial disclosures shall enable users of general purpose financial reports to understand the effects of the sustainability-related risks and opportunities on the cash flows, access to finance and cost of capital over the short, medium and long term for the parent and its subsidiaries.",,mandatory,True,"[""financial_effects"", ""connected_information""]",medium,1.0,1.0
IFRS_S1_B39_C01,IFRS S1,B39,33,General Requirements,Connected information (paragraphs 21–24),Connected information (paragraphs 21–24),Paragraph 21 requires an entity to provide information in a manner that enables users of general purpose financial reports to understand connections both between the items to which the information relates and between disclosures provided by the entity in its general purpose financial reports.,Paragraph 21 requires an entity to provide information in a manner that enables users of general purpose financial reports to understand connections both between the items to which the information relates and between disclosures provided by the entity in its general purpose financial reports.,,mandatory,True,"[""connected_information""]",general,1.0,1.0
IFRS_S1_B41_C04,IFRS S1,B41,33,General Requirements,Connected information (paragraphs 21–24),Connected information (paragraphs 21–24),"Connected information includes — (b) connections between disclosures about various sustainability-related risks and opportunities. For example, if an entity integrates its oversight of sustainability-related risks and opportunities, the entity shall integrate the disclosures on governance instead of providing separate disclosures on governance for each sustainability-related risk and opportunity.","Connected information includes: (a) connections between various types of information about a particular sustainability-related risk or opportunity, such as: (i) between disclosures on governance, strategy and risk management; and (ii) between narrative information and quantitative information (including related metrics and targets and information in the related financial statements). (b) connections between disclosures about various sustainability-related risks and opportunities. For example, if an entity integrates its oversight of sustainability-related risks and opportunities, the entity shall integrate the disclosures on governance instead of providing separate disclosures on governance for each sustainability-related risk and opportunity.",(b),mandatory,True,"[""connected_information""]",general,1.0,1.0
IFRS_S1_B42_C01,IFRS S1,B42,34,General Requirements,Connected information (paragraphs 21–24),Connected information (paragraphs 21–24),"Drawing connections between disclosures involves, but is not limited to, providing necessary explanations and cross-references and using consistent data, assumptions, and units of measure. In providing connected information, an entity shall — (a) explain connections between disclosures in a clear and concise manner","Drawing connections between disclosures involves, but is not limited to, providing necessary explanations and cross-references and using consistent data, assumptions, and units of measure. In providing connected information, an entity shall: (a) explain connections between disclosures in a clear and concise manner; (b) avoid unnecessary duplication if IFRS Sustainability Disclosure Standards require the disclosure of common items of information; and (c) disclose information about significant differences between the data and assumptions used in preparing the entity’s sustainability-related financial disclosures and the data and assumptions used in preparing the related financial statements.",(a),mandatory,True,"[""connected_information""]",general,1.0,1.0
IFRS_S1_B42_C02,IFRS S1,B42,34,General Requirements,Connected information (paragraphs 21–24),Connected information (paragraphs 21–24),"Drawing connections between disclosures involves, but is not limited to, providing necessary explanations and cross-references and using consistent data, assumptions, and units of measure. In providing connected information, an entity shall — (b) avoid unnecessary duplication if IFRS Sustainability Disclosure Standards require the disclosure of common items of information","Drawing connections between disclosures involves, but is not limited to, providing necessary explanations and cross-references and using consistent data, assumptions, and units of measure. In providing connected information, an entity shall: (a) explain connections between disclosures in a clear and concise manner; (b) avoid unnecessary duplication if IFRS Sustainability Disclosure Standards require the disclosure of common items of information; and (c) disclose information about significant differences between the data and assumptions used in preparing the entity’s sustainability-related financial disclosures and the data and assumptions used in preparing the related financial statements.",(b),mandatory,True,"[""connected_information""]",general,1.0,1.0
IFRS_S1_B42_C03,IFRS S1,B42,34,General Requirements,Connected information (paragraphs 21–24),Connected information (paragraphs 21–24),"Drawing connections between disclosures involves, but is not limited to, providing necessary explanations and cross-references and using consistent data, assumptions, and units of measure. In providing connected information, an entity shall — (c) disclose information about significant differences between the data and assumptions used in preparing the entity’s sustainability-related financial disclosures and the data and assumptions used in preparing the related financial statements.","Drawing connections between disclosures involves, but is not limited to, providing necessary explanations and cross-references and using consistent data, assumptions, and units of measure. In providing connected information, an entity shall: (a) explain connections between disclosures in a clear and concise manner; (b) avoid unnecessary duplication if IFRS Sustainability Disclosure Standards require the disclosure of common items of information; and (c) disclose information about significant differences between the data and assumptions used in preparing the entity’s sustainability-related financial disclosures and the data and assumptions used in preparing the related financial statements.",(c),mandatory,True,"[""connected_information""]",general,1.0,1.0
IFRS_S1_B45_C01,IFRS S1,B45,35,General Requirements,Information included by cross-reference (paragraph 63),Information included by cross-reference (paragraph 63),"Information required by an IFRS Sustainability Disclosure Standard might be available in another report published by the entity. For example, the required information could be disclosed in the related financial statements. Material information can be included in an entity’s sustainability-related financial disclosures by cross-reference, provided that — (a) the cross-referenced information is available on the same terms and at the same time as the sustainability-related financial disclosures","Information required by an IFRS Sustainability Disclosure Standard might be available in another report published by the entity. For example, the required information could be disclosed in the related financial statements. Material information can be included in an entity’s sustainability-related financial disclosures by cross-reference, provided that: (a) the cross-referenced information is available on the same terms and at the same time as the sustainability-related financial disclosures; and (b) the complete set of sustainability-related financial disclosures is not made less understandable by including information by cross-reference.",(a),mandatory,True,"[""materiality"", ""connected_information""]",general,1.0,1.0
IFRS_S1_B45_C02,IFRS S1,B45,35,General Requirements,Information included by cross-reference (paragraph 63),Information included by cross-reference (paragraph 63),"Information required by an IFRS Sustainability Disclosure Standard might be available in another report published by the entity. For example, the required information could be disclosed in the related financial statements. Material information can be included in an entity’s sustainability-related financial disclosures by cross-reference, provided that — (b) the complete set of sustainability-related financial disclosures is not made less understandable by including information by cross-reference.","Information required by an IFRS Sustainability Disclosure Standard might be available in another report published by the entity. For example, the required information could be disclosed in the related financial statements. Material information can be included in an entity’s sustainability-related financial disclosures by cross-reference, provided that: (a) the cross-referenced information is available on the same terms and at the same time as the sustainability-related financial disclosures; and (b) the complete set of sustainability-related financial disclosures is not made less understandable by including information by cross-reference.",(b),mandatory,True,"[""materiality"", ""connected_information""]",general,1.0,1.0
IFRS_S1_B46_C01,IFRS S1,B46,35,General Requirements,Information included by cross-reference (paragraph 63),Information included by cross-reference (paragraph 63),"Information included by cross-reference becomes part of the complete set of sustainability-related financial disclosures and shall comply with the requirements of IFRS Sustainability Disclosure Standards. For example, it needs to be relevant, representationally faithful, comparable, verifiable, timely and understandable. The body(s) or individual(s) that authorises the general purpose financial reports takes the same responsibility for the information included by cross-reference as it does for the information included directly.","Information included by cross-reference becomes part of the complete set of sustainability-related financial disclosures and shall comply with the requirements of IFRS Sustainability Disclosure Standards. For example, it needs to be relevant, representationally faithful, comparable, verifiable, timely and understandable. The body(s) or individual(s) that authorises the general purpose financial reports takes the same responsibility for the information included by cross-reference as it does for the information included directly.",,mandatory,True,"[""connected_information""]",general,1.0,1.0
IFRS_S1_B47_C01,IFRS S1,B47,35,General Requirements,Information included by cross-reference (paragraph 63),Information included by cross-reference (paragraph 63),If information required by an IFRS Sustainability Disclosure Standard is included by cross-reference — (a) the sustainability-related financial disclosures shall clearly identify the report within which that information is located and explain how to access that report,If information required by an IFRS Sustainability Disclosure Standard is included by cross-reference: (a) the sustainability-related financial disclosures shall clearly identify the report within which that information is located and explain how to access that report; and (b) the cross-reference shall be to a precisely specified part of that report.,(a),mandatory,True,"[""connected_information""]",general,1.0,1.0
IFRS_S1_B47_C02,IFRS S1,B47,35,General Requirements,Information included by cross-reference (paragraph 63),Information included by cross-reference (paragraph 63),If information required by an IFRS Sustainability Disclosure Standard is included by cross-reference — (b) the cross-reference shall be to a precisely specified part of that report.,If information required by an IFRS Sustainability Disclosure Standard is included by cross-reference: (a) the sustainability-related financial disclosures shall clearly identify the report within which that information is located and explain how to access that report; and (b) the cross-reference shall be to a precisely specified part of that report.,(b),mandatory,True,"[""connected_information""]",general,1.0,1.0
IFRS_S1_B55_C01,IFRS S1,B55,37,General Requirements,Errors,Errors,Paragraph 83 requires an entity to correct material prior period errors.,Paragraph 83 requires an entity to correct material prior period errors.,,mandatory,True,"[""materiality""]",general,1.0,1.0
IFRS_S1_B58_C01,IFRS S1,B58,37,General Requirements,Errors,Errors,"If an entity identifies a material error in its prior period(s) sustainability-related financial disclosures, it shall disclose — (a) the nature of the prior period error","If an entity identifies a material error in its prior period(s) sustainability-related financial disclosures, it shall disclose: (a) the nature of the prior period error; (b) the correction, to the extent practicable, for each prior period disclosed; and (c) if correction of the error is impracticable, the circumstances that led to the existence of that condition and a description of how and from when the error has been corrected.",(a),mandatory,True,"[""materiality""]",general,1.0,1.0
IFRS_S1_B58_C02,IFRS S1,B58,37,General Requirements,Errors,Errors,"If an entity identifies a material error in its prior period(s) sustainability-related financial disclosures, it shall disclose — (b) the correction, to the extent practicable, for each prior period disclosed","If an entity identifies a material error in its prior period(s) sustainability-related financial disclosures, it shall disclose: (a) the nature of the prior period error; (b) the correction, to the extent practicable, for each prior period disclosed; and (c) if correction of the error is impracticable, the circumstances that led to the existence of that condition and a description of how and from when the error has been corrected.",(b),mandatory,True,"[""materiality""]",general,1.0,1.0
IFRS_S1_B58_C03,IFRS S1,B58,37,General Requirements,Errors,Errors,"If an entity identifies a material error in its prior period(s) sustainability-related financial disclosures, it shall disclose — (c) if correction of the error is impracticable, the circumstances that led to the existence of that condition and a description of how and from when the error has been corrected.","If an entity identifies a material error in its prior period(s) sustainability-related financial disclosures, it shall disclose: (a) the nature of the prior period error; (b) the correction, to the extent practicable, for each prior period disclosed; and (c) if correction of the error is impracticable, the circumstances that led to the existence of that condition and a description of how and from when the error has been corrected.",(c),mandatory,True,"[""materiality""]",general,1.0,1.0
IFRS_S1_B59_C01,IFRS S1,B59,37,General Requirements,Errors,Errors,"When it is impracticable to determine the effect of an error on all prior periods presented, the entity shall restate the comparative information to correct the error from the earliest date practicable.","When it is impracticable to determine the effect of an error on all prior periods presented, the entity shall restate the comparative information to correct the error from the earliest date practicable.",,mandatory,True,[],general,1.0,1.0
IFRS_S1_C1_C01,IFRS S1,C1,38,General Requirements,Sources of guidance,Sources of guidance,"This Standard requires (see paragraph 57) that in the absence of an IFRS Sustainability Disclosure Standard that specifically applies to a sustainability-related risk or opportunity, an entity shall apply judgement to identify information that — (a) is relevant to the decision-making of users of general purpose financial reports","This Standard requires (see paragraph 57) that in the absence of an IFRS Sustainability Disclosure Standard that specifically applies to a sustainability-related risk or opportunity, an entity shall apply judgement to identify information that: (a) is relevant to the decision-making of users of general purpose financial reports; and (b) faithfully represents that sustainability-related risk or opportunity.",(a),mandatory,True,"[""source_guidance""]",general,1.0,1.0
IFRS_S1_C1_C02,IFRS S1,C1,38,General Requirements,Sources of guidance,Sources of guidance,"This Standard requires (see paragraph 57) that in the absence of an IFRS Sustainability Disclosure Standard that specifically applies to a sustainability-related risk or opportunity, an entity shall apply judgement to identify information that — (b) faithfully represents that sustainability-related risk or opportunity.","This Standard requires (see paragraph 57) that in the absence of an IFRS Sustainability Disclosure Standard that specifically applies to a sustainability-related risk or opportunity, an entity shall apply judgement to identify information that: (a) is relevant to the decision-making of users of general purpose financial reports; and (b) faithfully represents that sustainability-related risk or opportunity.",(b),mandatory,True,"[""source_guidance""]",general,1.0,1.0
IFRS_S1_C3_C01,IFRS S1,C3,38,General Requirements,Sources of guidance,Sources of guidance,"In applying the sources of guidance specified in paragraph C2, an entity shall not obscure material information required by IFRS Sustainability Disclosure Standards (see paragraph B27). If an entity applies the sources of guidance specified in paragraph C2 without applying the requirements in IFRS Sustainability Disclosure Standards, the entity shall not make an explicit and unreserved statement of compliance with IFRS Sustainability Disclosure Standards.","In applying the sources of guidance specified in paragraph C2, an entity shall not obscure material information required by IFRS Sustainability Disclosure Standards (see paragraph B27). If an entity applies the sources of guidance specified in paragraph C2 without applying the requirements in IFRS Sustainability Disclosure Standards, the entity shall not make an explicit and unreserved statement of compliance with IFRS Sustainability Disclosure Standards.",,prohibition,True,"[""materiality"", ""source_guidance""]",general,1.0,1.0
IFRS_S1_D12_C01,IFRS S1,D12,40,General Requirements,Materiality,Materiality,"Sustainability-related financial information shall be neutral. A neutral depiction is one without bias in the selection or disclosure of information. Information is neutral if it is not slanted, weighted, emphasised, de-emphasised or otherwise manipulated to make it more likely that primary users will receive that information favourably or unfavourably. Neutral information is not information without purpose or without influence on behaviour. On the contrary, relevant information is, by definition, capable of making a difference in users’ decisions.","Sustainability-related financial information shall be neutral. A neutral depiction is one without bias in the selection or disclosure of information. Information is neutral if it is not slanted, weighted, emphasised, de-emphasised or otherwise manipulated to make it more likely that primary users will receive that information favourably or unfavourably. Neutral information is not information without purpose or without influence on behaviour. On the contrary, relevant information is, by definition, capable of making a difference in users’ decisions.",,mandatory,True,"[""materiality""]",general,1.0,1.0
IFRS_S1_D15_C01,IFRS S1,D15,41,General Requirements,Materiality,Materiality,"Sustainability-related financial information shall be accurate. Information can be accurate without being perfectly precise in all respects. The precision needed and attainable, and the factors that make information accurate, depend on the nature of the information and the nature of the matters to which it relates. For example, accuracy requires that — (a) factual information is free from material error","Sustainability-related financial information shall be accurate. Information can be accurate without being perfectly precise in all respects. The precision needed and attainable, and the factors that make information accurate, depend on the nature of the information and the nature of the matters to which it relates. For example, accuracy requires that: (a) factual information is free from material error; (b) descriptions are precise; (c) estimates, approximations and forecasts are clearly identified as such; (d) no material errors are made in selecting and applying an appropriate process for developing an estimate, approximation or forecast; (e) assertions and inputs used in developing estimates are reasonable and based on information of sufficient quality and quantity; and (f) information on judgements about the future faithfully reflects both those judgements and the information on which they are based. Enhancing qualitative characteristics of useful sustainability-",(a),mandatory,True,"[""materiality""]",general,1.0,1.0
IFRS_S1_D15_C02,IFRS S1,D15,41,General Requirements,Materiality,Materiality,"Sustainability-related financial information shall be accurate. Information can be accurate without being perfectly precise in all respects. The precision needed and attainable, and the factors that make information accurate, depend on the nature of the information and the nature of the matters to which it relates. For example, accuracy requires that — (b) descriptions are precise","Sustainability-related financial information shall be accurate. Information can be accurate without being perfectly precise in all respects. The precision needed and attainable, and the factors that make information accurate, depend on the nature of the information and the nature of the matters to which it relates. For example, accuracy requires that: (a) factual information is free from material error; (b) descriptions are precise; (c) estimates, approximations and forecasts are clearly identified as such; (d) no material errors are made in selecting and applying an appropriate process for developing an estimate, approximation or forecast; (e) assertions and inputs used in developing estimates are reasonable and based on information of sufficient quality and quantity; and (f) information on judgements about the future faithfully reflects both those judgements and the information on which they are based. Enhancing qualitative characteristics of useful sustainability-",(b),mandatory,True,"[""materiality""]",general,1.0,1.0
IFRS_S1_D15_C03,IFRS S1,D15,41,General Requirements,Materiality,Materiality,"Sustainability-related financial information shall be accurate. Information can be accurate without being perfectly precise in all respects. The precision needed and attainable, and the factors that make information accurate, depend on the nature of the information and the nature of the matters to which it relates. For example, accuracy requires that — (c) estimates, approximations and forecasts are clearly identified as such","Sustainability-related financial information shall be accurate. Information can be accurate without being perfectly precise in all respects. The precision needed and attainable, and the factors that make information accurate, depend on the nature of the information and the nature of the matters to which it relates. For example, accuracy requires that: (a) factual information is free from material error; (b) descriptions are precise; (c) estimates, approximations and forecasts are clearly identified as such; (d) no material errors are made in selecting and applying an appropriate process for developing an estimate, approximation or forecast; (e) assertions and inputs used in developing estimates are reasonable and based on information of sufficient quality and quantity; and (f) information on judgements about the future faithfully reflects both those judgements and the information on which they are based. Enhancing qualitative characteristics of useful sustainability-",(c),mandatory,True,"[""materiality""]",general,1.0,1.0
IFRS_S1_D15_C04,IFRS S1,D15,41,General Requirements,Materiality,Materiality,"Sustainability-related financial information shall be accurate. Information can be accurate without being perfectly precise in all respects. The precision needed and attainable, and the factors that make information accurate, depend on the nature of the information and the nature of the matters to which it relates. For example, accuracy requires that — (d) no material errors are made in selecting and applying an appropriate process for developing an estimate, approximation or forecast","Sustainability-related financial information shall be accurate. Information can be accurate without being perfectly precise in all respects. The precision needed and attainable, and the factors that make information accurate, depend on the nature of the information and the nature of the matters to which it relates. For example, accuracy requires that: (a) factual information is free from material error; (b) descriptions are precise; (c) estimates, approximations and forecasts are clearly identified as such; (d) no material errors are made in selecting and applying an appropriate process for developing an estimate, approximation or forecast; (e) assertions and inputs used in developing estimates are reasonable and based on information of sufficient quality and quantity; and (f) information on judgements about the future faithfully reflects both those judgements and the information on which they are based. Enhancing qualitative characteristics of useful sustainability-",(d),mandatory,True,"[""materiality""]",general,1.0,1.0
IFRS_S1_D15_C05,IFRS S1,D15,41,General Requirements,Materiality,Materiality,"Sustainability-related financial information shall be accurate. Information can be accurate without being perfectly precise in all respects. The precision needed and attainable, and the factors that make information accurate, depend on the nature of the information and the nature of the matters to which it relates. For example, accuracy requires that — (e) assertions and inputs used in developing estimates are reasonable and based on information of sufficient quality and quantity","Sustainability-related financial information shall be accurate. Information can be accurate without being perfectly precise in all respects. The precision needed and attainable, and the factors that make information accurate, depend on the nature of the information and the nature of the matters to which it relates. For example, accuracy requires that: (a) factual information is free from material error; (b) descriptions are precise; (c) estimates, approximations and forecasts are clearly identified as such; (d) no material errors are made in selecting and applying an appropriate process for developing an estimate, approximation or forecast; (e) assertions and inputs used in developing estimates are reasonable and based on information of sufficient quality and quantity; and (f) information on judgements about the future faithfully reflects both those judgements and the information on which they are based. Enhancing qualitative characteristics of useful sustainability-",(e),mandatory,True,"[""materiality""]",general,1.0,1.0
IFRS_S1_D15_C06,IFRS S1,D15,41,General Requirements,Materiality,Materiality,"Sustainability-related financial information shall be accurate. Information can be accurate without being perfectly precise in all respects. The precision needed and attainable, and the factors that make information accurate, depend on the nature of the information and the nature of the matters to which it relates. For example, accuracy requires that — (f) information on judgements about the future faithfully reflects both those judgements and the information on which they are based. Enhancing qualitative characteristics of useful sustainability-","Sustainability-related financial information shall be accurate. Information can be accurate without being perfectly precise in all respects. The precision needed and attainable, and the factors that make information accurate, depend on the nature of the information and the nature of the matters to which it relates. For example, accuracy requires that: (a) factual information is free from material error; (b) descriptions are precise; (c) estimates, approximations and forecasts are clearly identified as such; (d) no material errors are made in selecting and applying an appropriate process for developing an estimate, approximation or forecast; (e) assertions and inputs used in developing estimates are reasonable and based on information of sufficient quality and quantity; and (f) information on judgements about the future faithfully reflects both those judgements and the information on which they are based. Enhancing qualitative characteristics of useful sustainability-",(f),mandatory,True,"[""materiality""]",general,1.0,1.0
IFRS_S1_D18_C01,IFRS S1,D18,42,General Requirements,Materiality,Materiality,Sustainability-related financial disclosures shall be provided in a way that enhances comparability.,Sustainability-related financial disclosures shall be provided in a way that enhances comparability.,,mandatory,True,"[""materiality""]",general,1.0,1.0
IFRS_S1_D20_C01,IFRS S1,D20,42,General Requirements,Materiality,Materiality,"Comparability is not uniformity. For information to be comparable, like things shall look alike and different things shall look different. Comparability of sustainability-related financial information is not enhanced by making unlike things look alike any more than it is enhanced by making like things look different. Verifiability","Comparability is not uniformity. For information to be comparable, like things shall look alike and different things shall look different. Comparability of sustainability-related financial information is not enhanced by making unlike things look alike any more than it is enhanced by making like things look different. Verifiability",,mandatory,True,"[""materiality""]",general,1.0,1.0
IFRS_S1_D23_C01,IFRS S1,D23,42,General Requirements,Materiality,Materiality,"Sustainability-related financial information shall be provided in a way that enhances its verifiability. Verifiability can be enhanced by, for example — (a) including information that can be corroborated by comparing it with other information available to primary users about an entity’s business, about other businesses or about the external environment in which the entity operates","Sustainability-related financial information shall be provided in a way that enhances its verifiability. Verifiability can be enhanced by, for example: (a) including information that can be corroborated by comparing it with other information available to primary users about an entity’s business, about other businesses or about the external environment in which the entity operates; (b) providing information about inputs and methods of calculation used to produce estimates or approximations; and (c) providing information reviewed and agreed by the entity’s board, board committees or equivalent bodies.",(a),mandatory,True,"[""materiality""]",general,1.0,1.0
IFRS_S1_D23_C02,IFRS S1,D23,42,General Requirements,Materiality,Materiality,"Sustainability-related financial information shall be provided in a way that enhances its verifiability. Verifiability can be enhanced by, for example — (b) providing information about inputs and methods of calculation used to produce estimates or approximations","Sustainability-related financial information shall be provided in a way that enhances its verifiability. Verifiability can be enhanced by, for example: (a) including information that can be corroborated by comparing it with other information available to primary users about an entity’s business, about other businesses or about the external environment in which the entity operates; (b) providing information about inputs and methods of calculation used to produce estimates or approximations; and (c) providing information reviewed and agreed by the entity’s board, board committees or equivalent bodies.",(b),mandatory,True,"[""materiality""]",general,1.0,1.0
IFRS_S1_D23_C03,IFRS S1,D23,42,General Requirements,Materiality,Materiality,"Sustainability-related financial information shall be provided in a way that enhances its verifiability. Verifiability can be enhanced by, for example — (c) providing information reviewed and agreed by the entity’s board, board committees or equivalent bodies.","Sustainability-related financial information shall be provided in a way that enhances its verifiability. Verifiability can be enhanced by, for example: (a) including information that can be corroborated by comparing it with other information available to primary users about an entity’s business, about other businesses or about the external environment in which the entity operates; (b) providing information about inputs and methods of calculation used to produce estimates or approximations; and (c) providing information reviewed and agreed by the entity’s board, board committees or equivalent bodies.",(c),mandatory,True,"[""governance_body"", ""materiality""]",general,1.0,1.0
IFRS_S1_D24_C01,IFRS S1,D24,42,General Requirements,Materiality,Materiality,"Some sustainability-related financial information will be presented as explanations or forward-looking information. That information can be supportable, for example by faithfully representing fact-based strategies, plans and risk analyses. To help primary users decide whether to use such information, an entity shall describe the underlying assumptions and methods of producing the information, as well as other factors that provide evidence that the information reflects the actual plans or decisions made by the entity. Timeliness","Some sustainability-related financial information will be presented as explanations or forward-looking information. That information can be supportable, for example by faithfully representing fact-based strategies, plans and risk analyses. To help primary users decide whether to use such information, an entity shall describe the underlying assumptions and methods of producing the information, as well as other factors that provide evidence that the information reflects the actual plans or decisions made by the entity. Timeliness",,mandatory,True,"[""materiality""]",general,1.0,1.0
IFRS_S1_D26_C01,IFRS S1,D26,43,General Requirements,Materiality,Materiality,"Sustainability-related financial information shall be clear and concise. For sustainability-related financial disclosures to be concise, they need — (a) to avoid generic information, sometimes called ‘boilerplate’, that is not specific to the entity","Sustainability-related financial information shall be clear and concise. For sustainability-related financial disclosures to be concise, they need: (a) to avoid generic information, sometimes called ‘boilerplate’, that is not specific to the entity; (b) to avoid duplication of information in the general purpose financial reports, including unnecessary duplication of information also provided in the related financial statements; and (c) to use clear language and clearly structured sentences and paragraphs.",(a),mandatory,True,"[""materiality""]",general,1.0,1.0
IFRS_S1_D26_C02,IFRS S1,D26,43,General Requirements,Materiality,Materiality,"Sustainability-related financial information shall be clear and concise. For sustainability-related financial disclosures to be concise, they need — (b) to avoid duplication of information in the general purpose financial reports, including unnecessary duplication of information also provided in the related financial statements","Sustainability-related financial information shall be clear and concise. For sustainability-related financial disclosures to be concise, they need: (a) to avoid generic information, sometimes called ‘boilerplate’, that is not specific to the entity; (b) to avoid duplication of information in the general purpose financial reports, including unnecessary duplication of information also provided in the related financial statements; and (c) to use clear language and clearly structured sentences and paragraphs.",(b),mandatory,True,"[""materiality"", ""connected_information""]",general,1.0,1.0
IFRS_S1_D26_C03,IFRS S1,D26,43,General Requirements,Materiality,Materiality,"Sustainability-related financial information shall be clear and concise. For sustainability-related financial disclosures to be concise, they need — (c) to use clear language and clearly structured sentences and paragraphs.","Sustainability-related financial information shall be clear and concise. For sustainability-related financial disclosures to be concise, they need: (a) to avoid generic information, sometimes called ‘boilerplate’, that is not specific to the entity; (b) to avoid duplication of information in the general purpose financial reports, including unnecessary duplication of information also provided in the related financial statements; and (c) to use clear language and clearly structured sentences and paragraphs.",(c),mandatory,True,"[""materiality""]",general,1.0,1.0
IFRS_S1_D29_C01,IFRS S1,D29,43,General Requirements,Materiality,Materiality,Disclosures are concise if they include only material information. Any immaterial information included shall be provided in a way that avoids obscuring material information.,Disclosures are concise if they include only material information. Any immaterial information included shall be provided in a way that avoids obscuring material information.,,mandatory,True,"[""materiality""]",general,1.0,1.0
IFRS_S1_D30_C01,IFRS S1,D30,43,General Requirements,Materiality,Materiality,"Some sustainability-related risks and opportunities are inherently complex and might be difficult to present in a manner that is easy to understand. An entity shall present such information as clearly as possible. However, complex information about these risks and opportunities shall not be excluded from general purpose financial reports to make those reports easier to understand. Excluding such information would render those reports incomplete and, therefore, possibly misleading.","Some sustainability-related risks and opportunities are inherently complex and might be difficult to present in a manner that is easy to understand. An entity shall present such information as clearly as possible. However, complex information about these risks and opportunities shall not be excluded from general purpose financial reports to make those reports easier to understand. Excluding such information would render those reports incomplete and, therefore, possibly misleading.",,prohibition,True,"[""materiality""]",general,1.0,1.0
IFRS_S1_D31_C01,IFRS S1,D31,43,General Requirements,Materiality,Materiality,"The completeness, clarity and comparability of sustainability-related financial information all rely on information being presented as a coherent whole. For sustainability-related financial information to be coherent, it shall be presented in a way that explains the context and the connections between the related items of information.","The completeness, clarity and comparability of sustainability-related financial information all rely on information being presented as a coherent whole. For sustainability-related financial information to be coherent, it shall be presented in a way that explains the context and the connections between the related items of information.",,mandatory,True,"[""materiality"", ""connected_information""]",general,1.0,1.0
IFRS_S1_D32_C01,IFRS S1,D32,44,General Requirements,Materiality,Materiality,"If sustainability-related risks and opportunities located in one part of an entity’s general purpose financial reports have implications for information disclosed in other parts, the entity shall include the information necessary for users to assess those implications.","If sustainability-related risks and opportunities located in one part of an entity’s general purpose financial reports have implications for information disclosed in other parts, the entity shall include the information necessary for users to assess those implications.",,mandatory,True,"[""materiality""]",general,1.0,1.0
IFRS_S1_D33_C01,IFRS S1,D33,44,General Requirements,Materiality,Materiality,Coherence also requires an entity to provide information in a way that allows users to relate information about its sustainability-related risks and opportunities to information in the entity’s financial statements.,Coherence also requires an entity to provide information in a way that allows users to relate information about its sustainability-related risks and opportunities to information in the entity’s financial statements.,,mandatory,True,"[""materiality"", ""connected_information""]",general,1.0,1.0
IFRS_S2_2_C01,IFRS S2,2,6,General Requirements,OBJECTIVE,Objective,"This Standard requires an entity to disclose information about climate-related risks and opportunities that could reasonably be expected to affect the entity’s cash flows, its access to finance or cost of capital over the short, medium or long term. For the purposes of this Standard, these risks and opportunities are collectively referred to as ‘climate-related risks and opportunities that could reasonably be expected to affect the entity’s prospects’.","This Standard requires an entity to disclose information about climate-related risks and opportunities that could reasonably be expected to affect the entity’s cash flows, its access to finance or cost of capital over the short, medium or long term. For the purposes of this Standard, these risks and opportunities are collectively referred to as ‘climate-related risks and opportunities that could reasonably be expected to affect the entity’s prospects’.",,mandatory,True,"[""financial_effects""]",medium,1.0,1.0
