requirement_id,standard,paragraph_id,page,report_section,official_section_heading,nearest_pdf_heading,clean_requirement_text,source_paragraph_text,clause_path,obligation_type,mandatory,evidence_tags,banking_relevance,paragraph_quality_score,requirement_quality_score
IFRS_S1_46_C01,IFRS S1,46,16,Metrics and Targets,Metrics and targets,Metrics and targets,"An entity shall disclose, for each sustainability-related risk and opportunity that could reasonably be expected to affect the entity’s prospects — (a) metrics required by an applicable IFRS Sustainability Disclosure Standard","An entity shall disclose, for each sustainability-related risk and opportunity that could reasonably be expected to affect the entity’s prospects: (a) metrics required by an applicable IFRS Sustainability Disclosure Standard; and (b) metrics the entity uses to measure and monitor: (i) that sustainability-related risk or opportunity; and (ii) its performance in relation to that sustainability-related risk or opportunity, including progress towards any targets the entity has set, and any targets it is required to meet by law or regulation.",(a),mandatory,True,"[""metrics"", ""targets""]",general,1.0,1.0
IFRS_S1_46_C03,IFRS S1,46,16,Metrics and Targets,Metrics and targets,Metrics and targets,"An entity shall disclose, for each sustainability-related risk and opportunity that could reasonably be expected to affect the entity’s prospects — (b) metrics the entity uses to measure and monitor: — (i) that sustainability-related risk or opportunity","An entity shall disclose, for each sustainability-related risk and opportunity that could reasonably be expected to affect the entity’s prospects: (a) metrics required by an applicable IFRS Sustainability Disclosure Standard; and (b) metrics the entity uses to measure and monitor: (i) that sustainability-related risk or opportunity; and (ii) its performance in relation to that sustainability-related risk or opportunity, including progress towards any targets the entity has set, and any targets it is required to meet by law or regulation.",(b)>(i),mandatory,True,"[""metrics"", ""targets""]",general,1.0,1.0
IFRS_S1_46_C04,IFRS S1,46,16,Metrics and Targets,Metrics and targets,Metrics and targets,"An entity shall disclose, for each sustainability-related risk and opportunity that could reasonably be expected to affect the entity’s prospects — (b) metrics the entity uses to measure and monitor: — (ii) its performance in relation to that sustainability-related risk or opportunity, including progress towards any targets the entity has set, and any targets it is required to meet by law or regulation.","An entity shall disclose, for each sustainability-related risk and opportunity that could reasonably be expected to affect the entity’s prospects: (a) metrics required by an applicable IFRS Sustainability Disclosure Standard; and (b) metrics the entity uses to measure and monitor: (i) that sustainability-related risk or opportunity; and (ii) its performance in relation to that sustainability-related risk or opportunity, including progress towards any targets the entity has set, and any targets it is required to meet by law or regulation.",(b)>(ii),mandatory,True,"[""metrics"", ""targets""]",general,1.0,1.0
IFRS_S1_47_C01,IFRS S1,47,16,Metrics and Targets,Metrics and targets,Metrics and targets,"In the absence of an IFRS Sustainability Disclosure Standard that specifically applies to a sustainability-related risk or opportunity, an entity shall apply paragraphs 57–58 to identify applicable metrics.","In the absence of an IFRS Sustainability Disclosure Standard that specifically applies to a sustainability-related risk or opportunity, an entity shall apply paragraphs 57–58 to identify applicable metrics.",,mandatory,True,"[""metrics"", ""targets""]",general,1.0,1.0
IFRS_S1_48_C01,IFRS S1,48,16,Metrics and Targets,Metrics and targets,Metrics and targets,"Metrics disclosed by an entity applying paragraphs 45–46 shall include metrics associated with particular business models, activities or other common features that characterise participation in an industry.","Metrics disclosed by an entity applying paragraphs 45–46 shall include metrics associated with particular business models, activities or other common features that characterise participation in an industry.",,mandatory,True,"[""business_model_value_chain"", ""metrics"", ""targets""]",general,1.0,1.0
IFRS_S1_49_C01,IFRS S1,49,16,Metrics and Targets,Metrics and targets,Metrics and targets,"If an entity discloses a metric taken from a source other than IFRS Sustainability Disclosure Standards, the entity shall identify the source and the metric taken.","If an entity discloses a metric taken from a source other than IFRS Sustainability Disclosure Standards, the entity shall identify the source and the metric taken.",,mandatory,True,"[""metrics"", ""targets""]",general,1.0,1.0
IFRS_S1_50_C01,IFRS S1,50,16,Metrics and Targets,Metrics and targets,Metrics and targets,"If a metric has been developed by an entity, the entity shall disclose information about — (a) how the metric is defined, including whether it is derived by adjusting a metric taken from a source other than IFRS Sustainability Disclosure Standards and, if so, which source and how the metric disclosed by the entity differs from the metric specified in that source","If a metric has been developed by an entity, the entity shall disclose information about: (a) how the metric is defined, including whether it is derived by adjusting a metric taken from a source other than IFRS Sustainability Disclosure Standards and, if so, which source and how the metric disclosed by the entity differs from the metric specified in that source; (b) whether the metric is an absolute measure, a measure expressed in relation to another metric or a qualitative measure (such as a red, amber, green—or RAG—status); (c) whether the metric is validated by a third party and, if so, which party; and (d) the method used to calculate the metric and the inputs to the calculation, including the limitations of the method used and the significant assumptions made.",(a),mandatory,True,"[""metrics"", ""targets""]",general,1.0,1.0
IFRS_S1_50_C02,IFRS S1,50,16,Metrics and Targets,Metrics and targets,Metrics and targets,"If a metric has been developed by an entity, the entity shall disclose information about — (b) whether the metric is an absolute measure, a measure expressed in relation to another metric or a qualitative measure (such as a red, amber, green—or RAG—status)","If a metric has been developed by an entity, the entity shall disclose information about: (a) how the metric is defined, including whether it is derived by adjusting a metric taken from a source other than IFRS Sustainability Disclosure Standards and, if so, which source and how the metric disclosed by the entity differs from the metric specified in that source; (b) whether the metric is an absolute measure, a measure expressed in relation to another metric or a qualitative measure (such as a red, amber, green—or RAG—status); (c) whether the metric is validated by a third party and, if so, which party; and (d) the method used to calculate the metric and the inputs to the calculation, including the limitations of the method used and the significant assumptions made.",(b),mandatory,True,"[""metrics"", ""targets""]",general,1.0,1.0
IFRS_S1_50_C03,IFRS S1,50,16,Metrics and Targets,Metrics and targets,Metrics and targets,"If a metric has been developed by an entity, the entity shall disclose information about — (c) whether the metric is validated by a third party and, if so, which party","If a metric has been developed by an entity, the entity shall disclose information about: (a) how the metric is defined, including whether it is derived by adjusting a metric taken from a source other than IFRS Sustainability Disclosure Standards and, if so, which source and how the metric disclosed by the entity differs from the metric specified in that source; (b) whether the metric is an absolute measure, a measure expressed in relation to another metric or a qualitative measure (such as a red, amber, green—or RAG—status); (c) whether the metric is validated by a third party and, if so, which party; and (d) the method used to calculate the metric and the inputs to the calculation, including the limitations of the method used and the significant assumptions made.",(c),mandatory,True,"[""metrics"", ""targets""]",general,1.0,1.0
IFRS_S1_50_C04,IFRS S1,50,16,Metrics and Targets,Metrics and targets,Metrics and targets,"If a metric has been developed by an entity, the entity shall disclose information about — (d) the method used to calculate the metric and the inputs to the calculation, including the limitations of the method used and the significant assumptions made.","If a metric has been developed by an entity, the entity shall disclose information about: (a) how the metric is defined, including whether it is derived by adjusting a metric taken from a source other than IFRS Sustainability Disclosure Standards and, if so, which source and how the metric disclosed by the entity differs from the metric specified in that source; (b) whether the metric is an absolute measure, a measure expressed in relation to another metric or a qualitative measure (such as a red, amber, green—or RAG—status); (c) whether the metric is validated by a third party and, if so, which party; and (d) the method used to calculate the metric and the inputs to the calculation, including the limitations of the method used and the significant assumptions made.",(d),mandatory,True,"[""metrics"", ""targets""]",general,1.0,1.0
IFRS_S1_51_C01,IFRS S1,51,17,Metrics and Targets,Metrics and targets,Metrics and targets,"An entity shall disclose information about the targets it has set to monitor progress towards achieving its strategic goals, and any targets it is required to meet by law or regulation. For each target, the entity shall disclose — (a) the metric used to set the target and to monitor progress towards reaching the target","An entity shall disclose information about the targets it has set to monitor progress towards achieving its strategic goals, and any targets it is required to meet by law or regulation. For each target, the entity shall disclose: (a) the metric used to set the target and to monitor progress towards reaching the target; (b) the specific quantitative or qualitative target the entity has set or is required to meet; (c) the period over which the target applies; (d) the base period from which progress is measured; (e) any milestones and interim targets; (f) performance against each target and an analysis of trends or changes in the entity’s performance; and (g) any revisions to the target and an explanation for those revisions.",(a),mandatory,True,"[""metrics"", ""targets""]",general,1.0,1.0
IFRS_S1_51_C02,IFRS S1,51,17,Metrics and Targets,Metrics and targets,Metrics and targets,"An entity shall disclose information about the targets it has set to monitor progress towards achieving its strategic goals, and any targets it is required to meet by law or regulation. For each target, the entity shall disclose — (b) the specific quantitative or qualitative target the entity has set or is required to meet","An entity shall disclose information about the targets it has set to monitor progress towards achieving its strategic goals, and any targets it is required to meet by law or regulation. For each target, the entity shall disclose: (a) the metric used to set the target and to monitor progress towards reaching the target; (b) the specific quantitative or qualitative target the entity has set or is required to meet; (c) the period over which the target applies; (d) the base period from which progress is measured; (e) any milestones and interim targets; (f) performance against each target and an analysis of trends or changes in the entity’s performance; and (g) any revisions to the target and an explanation for those revisions.",(b),mandatory,True,"[""metrics"", ""targets""]",general,1.0,1.0
IFRS_S1_51_C03,IFRS S1,51,17,Metrics and Targets,Metrics and targets,Metrics and targets,"An entity shall disclose information about the targets it has set to monitor progress towards achieving its strategic goals, and any targets it is required to meet by law or regulation. For each target, the entity shall disclose — (c) the period over which the target applies","An entity shall disclose information about the targets it has set to monitor progress towards achieving its strategic goals, and any targets it is required to meet by law or regulation. For each target, the entity shall disclose: (a) the metric used to set the target and to monitor progress towards reaching the target; (b) the specific quantitative or qualitative target the entity has set or is required to meet; (c) the period over which the target applies; (d) the base period from which progress is measured; (e) any milestones and interim targets; (f) performance against each target and an analysis of trends or changes in the entity’s performance; and (g) any revisions to the target and an explanation for those revisions.",(c),mandatory,True,"[""metrics"", ""targets""]",general,1.0,1.0
IFRS_S1_51_C04,IFRS S1,51,17,Metrics and Targets,Metrics and targets,Metrics and targets,"An entity shall disclose information about the targets it has set to monitor progress towards achieving its strategic goals, and any targets it is required to meet by law or regulation. For each target, the entity shall disclose — (d) the base period from which progress is measured","An entity shall disclose information about the targets it has set to monitor progress towards achieving its strategic goals, and any targets it is required to meet by law or regulation. For each target, the entity shall disclose: (a) the metric used to set the target and to monitor progress towards reaching the target; (b) the specific quantitative or qualitative target the entity has set or is required to meet; (c) the period over which the target applies; (d) the base period from which progress is measured; (e) any milestones and interim targets; (f) performance against each target and an analysis of trends or changes in the entity’s performance; and (g) any revisions to the target and an explanation for those revisions.",(d),mandatory,True,"[""metrics"", ""targets""]",general,1.0,1.0
IFRS_S1_51_C05,IFRS S1,51,17,Metrics and Targets,Metrics and targets,Metrics and targets,"An entity shall disclose information about the targets it has set to monitor progress towards achieving its strategic goals, and any targets it is required to meet by law or regulation. For each target, the entity shall disclose — (e) any milestones and interim targets","An entity shall disclose information about the targets it has set to monitor progress towards achieving its strategic goals, and any targets it is required to meet by law or regulation. For each target, the entity shall disclose: (a) the metric used to set the target and to monitor progress towards reaching the target; (b) the specific quantitative or qualitative target the entity has set or is required to meet; (c) the period over which the target applies; (d) the base period from which progress is measured; (e) any milestones and interim targets; (f) performance against each target and an analysis of trends or changes in the entity’s performance; and (g) any revisions to the target and an explanation for those revisions.",(e),mandatory,True,"[""metrics"", ""targets""]",general,1.0,1.0
IFRS_S1_51_C06,IFRS S1,51,17,Metrics and Targets,Metrics and targets,Metrics and targets,"An entity shall disclose information about the targets it has set to monitor progress towards achieving its strategic goals, and any targets it is required to meet by law or regulation. For each target, the entity shall disclose — (f) performance against each target and an analysis of trends or changes in the entity’s performance","An entity shall disclose information about the targets it has set to monitor progress towards achieving its strategic goals, and any targets it is required to meet by law or regulation. For each target, the entity shall disclose: (a) the metric used to set the target and to monitor progress towards reaching the target; (b) the specific quantitative or qualitative target the entity has set or is required to meet; (c) the period over which the target applies; (d) the base period from which progress is measured; (e) any milestones and interim targets; (f) performance against each target and an analysis of trends or changes in the entity’s performance; and (g) any revisions to the target and an explanation for those revisions.",(f),mandatory,True,"[""metrics"", ""targets""]",general,1.0,1.0
IFRS_S1_51_C07,IFRS S1,51,17,Metrics and Targets,Metrics and targets,Metrics and targets,"An entity shall disclose information about the targets it has set to monitor progress towards achieving its strategic goals, and any targets it is required to meet by law or regulation. For each target, the entity shall disclose — (g) any revisions to the target and an explanation for those revisions.","An entity shall disclose information about the targets it has set to monitor progress towards achieving its strategic goals, and any targets it is required to meet by law or regulation. For each target, the entity shall disclose: (a) the metric used to set the target and to monitor progress towards reaching the target; (b) the specific quantitative or qualitative target the entity has set or is required to meet; (c) the period over which the target applies; (d) the base period from which progress is measured; (e) any milestones and interim targets; (f) performance against each target and an analysis of trends or changes in the entity’s performance; and (g) any revisions to the target and an explanation for those revisions.",(g),mandatory,True,"[""metrics"", ""targets""]",general,1.0,1.0
IFRS_S1_52_C01,IFRS S1,52,17,Metrics and Targets,Metrics and targets,Metrics and targets,"The definition and calculation of metrics, including metrics used to set the entity’s targets and monitor progress towards reaching them, shall be consistent over time. If a metric is redefined or replaced, an entity shall apply paragraph B52.","The definition and calculation of metrics, including metrics used to set the entity’s targets and monitor progress towards reaching them, shall be consistent over time. If a metric is redefined or replaced, an entity shall apply paragraph B52.",,mandatory,True,"[""metrics"", ""targets""]",general,1.0,1.0
IFRS_S1_53_C01,IFRS S1,53,17,Metrics and Targets,Metrics and targets,Metrics and targets,"An entity shall label and define metrics and targets using meaningful, clear and precise names and descriptions.","An entity shall label and define metrics and targets using meaningful, clear and precise names and descriptions.",,mandatory,True,"[""metrics"", ""targets""]",general,1.0,1.0
IFRS_S1_B49_C01,IFRS S1,B49,36,Metrics and Targets,"Comparative information (paragraphs 52, 70 and 83–86)","Comparative information (paragraphs 52, 70 and 83–86)",Paragraph 70 requires an entity to disclose comparative information in respect of the preceding period for all amounts disclosed in the reporting period.,Paragraph 70 requires an entity to disclose comparative information in respect of the preceding period for all amounts disclosed in the reporting period.,,mandatory,True,[],general,1.0,1.0
IFRS_S1_B50_C01,IFRS S1,B50,36,Metrics and Targets,Metrics,Metrics,"In some cases, the amount disclosed for a metric is an estimate. Except as specified in paragraph B51, if an entity identifies new information in relation to the estimated amount disclosed in the preceding period and the new information provides evidence of circumstances that existed in that period, the entity shall — (a) disclose a revised comparative amount that reflects that new information","In some cases, the amount disclosed for a metric is an estimate. Except as specified in paragraph B51, if an entity identifies new information in relation to the estimated amount disclosed in the preceding period and the new information provides evidence of circumstances that existed in that period, the entity shall: (a) disclose a revised comparative amount that reflects that new information; (b) disclose the difference between the amount disclosed in the preceding period and the revised comparative amount; and (c) explain the reasons for revising the comparative amount.",(a),mandatory,True,"[""metrics""]",general,1.0,1.0
IFRS_S1_B50_C02,IFRS S1,B50,36,Metrics and Targets,Metrics,Metrics,"In some cases, the amount disclosed for a metric is an estimate. Except as specified in paragraph B51, if an entity identifies new information in relation to the estimated amount disclosed in the preceding period and the new information provides evidence of circumstances that existed in that period, the entity shall — (b) disclose the difference between the amount disclosed in the preceding period and the revised comparative amount","In some cases, the amount disclosed for a metric is an estimate. Except as specified in paragraph B51, if an entity identifies new information in relation to the estimated amount disclosed in the preceding period and the new information provides evidence of circumstances that existed in that period, the entity shall: (a) disclose a revised comparative amount that reflects that new information; (b) disclose the difference between the amount disclosed in the preceding period and the revised comparative amount; and (c) explain the reasons for revising the comparative amount.",(b),mandatory,True,"[""metrics""]",general,1.0,1.0
IFRS_S1_B50_C03,IFRS S1,B50,36,Metrics and Targets,Metrics,Metrics,"In some cases, the amount disclosed for a metric is an estimate. Except as specified in paragraph B51, if an entity identifies new information in relation to the estimated amount disclosed in the preceding period and the new information provides evidence of circumstances that existed in that period, the entity shall — (c) explain the reasons for revising the comparative amount.","In some cases, the amount disclosed for a metric is an estimate. Except as specified in paragraph B51, if an entity identifies new information in relation to the estimated amount disclosed in the preceding period and the new information provides evidence of circumstances that existed in that period, the entity shall: (a) disclose a revised comparative amount that reflects that new information; (b) disclose the difference between the amount disclosed in the preceding period and the revised comparative amount; and (c) explain the reasons for revising the comparative amount.",(c),mandatory,True,"[""metrics""]",general,1.0,1.0
IFRS_S1_B52_C01,IFRS S1,B52,36,Metrics and Targets,Metrics,Metrics,"If an entity redefines or replaces a metric in the reporting period, the entity shall — (a) disclose a revised comparative amount, unless it is impracticable to do so","If an entity redefines or replaces a metric in the reporting period, the entity shall: (a) disclose a revised comparative amount, unless it is impracticable to do so; (b) explain the changes; and (c) explain the reasons for those changes, including why the redefined or replacement metric provides more useful information.",(a),mandatory,True,"[""metrics""]",general,1.0,1.0
IFRS_S1_B52_C02,IFRS S1,B52,36,Metrics and Targets,Metrics,Metrics,"If an entity redefines or replaces a metric in the reporting period, the entity shall — (b) explain the changes","If an entity redefines or replaces a metric in the reporting period, the entity shall: (a) disclose a revised comparative amount, unless it is impracticable to do so; (b) explain the changes; and (c) explain the reasons for those changes, including why the redefined or replacement metric provides more useful information.",(b),mandatory,True,"[""metrics""]",general,1.0,1.0
IFRS_S1_B52_C03,IFRS S1,B52,36,Metrics and Targets,Metrics,Metrics,"If an entity redefines or replaces a metric in the reporting period, the entity shall — (c) explain the reasons for those changes, including why the redefined or replacement metric provides more useful information.","If an entity redefines or replaces a metric in the reporting period, the entity shall: (a) disclose a revised comparative amount, unless it is impracticable to do so; (b) explain the changes; and (c) explain the reasons for those changes, including why the redefined or replacement metric provides more useful information.",(c),mandatory,True,"[""metrics""]",general,1.0,1.0
IFRS_S1_B53_C01,IFRS S1,B53,36,Metrics and Targets,Metrics,Metrics,"If an entity introduces a new metric in the reporting period, it shall disclose a comparative amount for that metric unless it is impracticable to do so.","If an entity introduces a new metric in the reporting period, it shall disclose a comparative amount for that metric unless it is impracticable to do so.",,mandatory,True,"[""metrics""]",general,1.0,1.0
IFRS_S1_B54_C01,IFRS S1,B54,36,Metrics and Targets,Metrics,Metrics,"Sometimes, it is impracticable to revise a comparative amount to achieve comparability with the reporting period. For example, data might not have been collected in the preceding period in a way that allows retrospective application of a new definition of a metric, and it might be impracticable to recreate the data. If it is impracticable to revise a comparative amount for the preceding period, an entity shall disclose that fact.","Sometimes, it is impracticable to revise a comparative amount to achieve comparability with the reporting period. For example, data might not have been collected in the preceding period in a way that allows retrospective application of a new definition of a metric, and it might be impracticable to recreate the data. If it is impracticable to revise a comparative amount for the preceding period, an entity shall disclose that fact.",,mandatory,True,"[""metrics""]",general,1.0,1.0
IFRS_S2_28_C01,IFRS S2,28,15,Metrics and Targets,Metrics and targets,Metrics and targets,"To achieve this objective, an entity shall disclose — (a) information relevant to the cross-industry metric categories (see paragraphs 29–31)","To achieve this objective, an entity shall disclose: (a) information relevant to the cross-industry metric categories (see paragraphs 29–31); (b) industry-based metrics that are associated with particular business models, activities or other common features that characterise participation in an industry (see paragraph 32); and (c) targets set by the entity, and any targets it is required to meet by law or regulation, to mitigate or adapt to climate-related risks or take advantage of climate-related opportunities, including metrics used by the governance body or management to measure progress towards these targets (see paragraphs 33–37).",(a),mandatory,True,"[""metrics"", ""targets""]",medium,1.0,1.0
IFRS_S2_28_C02,IFRS S2,28,15,Metrics and Targets,Metrics and targets,Metrics and targets,"To achieve this objective, an entity shall disclose — (b) industry-based metrics that are associated with particular business models, activities or other common features that characterise participation in an industry (see paragraph 32)","To achieve this objective, an entity shall disclose: (a) information relevant to the cross-industry metric categories (see paragraphs 29–31); (b) industry-based metrics that are associated with particular business models, activities or other common features that characterise participation in an industry (see paragraph 32); and (c) targets set by the entity, and any targets it is required to meet by law or regulation, to mitigate or adapt to climate-related risks or take advantage of climate-related opportunities, including metrics used by the governance body or management to measure progress towards these targets (see paragraphs 33–37).",(b),mandatory,True,"[""business_model_value_chain"", ""metrics"", ""targets""]",medium,1.0,1.0
IFRS_S2_28_C03,IFRS S2,28,15,Metrics and Targets,Metrics and targets,Metrics and targets,"To achieve this objective, an entity shall disclose — (c) targets set by the entity, and any targets it is required to meet by law or regulation, to mitigate or adapt to climate-related risks or take advantage of climate-related opportunities, including metrics used by the governance body or management to measure progress towards these targets (see paragraphs 33–37).","To achieve this objective, an entity shall disclose: (a) information relevant to the cross-industry metric categories (see paragraphs 29–31); (b) industry-based metrics that are associated with particular business models, activities or other common features that characterise participation in an industry (see paragraph 32); and (c) targets set by the entity, and any targets it is required to meet by law or regulation, to mitigate or adapt to climate-related risks or take advantage of climate-related opportunities, including metrics used by the governance body or management to measure progress towards these targets (see paragraphs 33–37).",(c),mandatory,True,"[""governance_body"", ""metrics"", ""targets""]",medium,1.0,1.0
IFRS_S2_29_C03,IFRS S2,29,15,Metrics and Targets,Metrics and targets,Climate-related metrics,"An entity shall disclose information relevant to the cross-industry metric categories of — (a) greenhouse gases—the entity shall: — (i) disclose its absolute gross greenhouse gas emissions generated during the reporting period, expressed as metric tonnes of CO2 equivalent (see paragraphs B19–B22), classified as: — (1) Scope 1 greenhouse gas emissions","An entity shall disclose information relevant to the cross-industry metric categories of: (a) greenhouse gases—the entity shall: (i) disclose its absolute gross greenhouse gas emissions generated during the reporting period, expressed as metric tonnes of CO2 equivalent (see paragraphs B19–B22), classified as: (1) Scope 1 greenhouse gas emissions; (2) Scope 2 greenhouse gas emissions; and (3) Scope 3 greenhouse gas emissions; (ii) measure its greenhouse gas emissions in accordance with the Greenhouse Gas Protocol: A Corporate Accounting and Reporting Standard (2004) unless the entity is required, in whole or in part, by a jurisdictional authority or an exchange on which it is listed to use a different method for measuring its greenhouse gas emissions (see paragraphs B23–B25); (iii) disclose the approach it uses to measure its greenhouse gas emissions (see paragraphs B26–B29) including: (1) the measurement approach, inputs and assumptions the entity uses to measure its greenhouse gas emissions; (2) the reason why the entity has chosen the measurement approach, inputs and assumptions it uses to measure its greenhouse gas emissions; and (3) any changes the entity made to the measurement approach, inputs and assumptions during the reporting period and the reasons for those changes; (iv) for Scope 1 and Scope 2 greenhouse gas emissions disclosed in accordance with paragraph 29(a)(i)(1)–(2), disaggregate emissions between: (1) the consolidated accounting group (for example, for an entity applying IFRS Accounting Standards, this group would comprise the parent and its consolidated subsidiaries); and (2) other investees excluded from paragraph 29(a)(iv)(1) (for example, for an entity applying IFRS Accounting Standards, these investees would include associates, joint ventures and unconsolidated subsidiaries); (v) for Scope 2 greenhouse gas emissions disclosed in accordance with paragraph 29(a)(i)(2), disclose its location-based Scope 2 greenhouse gas emissions, and provide information about any contractual instruments that is necessary to inform users’ understanding of the entity’s Scope 2 greenhouse gas emissions (see paragraphs B30–B31); and (vi) for Scope 3 greenhouse gas emissions disclosed in accordance with paragraph 29(a)(i)(3), and with reference to paragraphs B32–B57, disclose: (1) the categories included within the entity’s measure of Scope 3 greenhouse gas emissions, in accordance with the Scope 3 categories described in the Greenhouse Gas Protocol Corporate Value Chain (Scope 3) Accounting and Reporting Standard (2011); and (2) additional information about the entity’s financed emissions (which are part of Category 15 greenhouse gas emissions), if its activities include asset management, commercial banking or insurance (see paragraphs B58–B63A); (b) climate-related transition risks—the amount and percentage of assets or business activities vulnerable to climate-related transition risks; (c) climate-related physical risks—the amount and percentage of assets or business activities vulnerable to climate-related physical risks; (d) climate-related opportunities—the amount and percentage of assets or business activities aligned with climate-related opportunities; (e) capital deployment—the amount of capital expenditure, financing or investment deployed towards climate-related risks and opportunities; (f) internal carbon prices—the entity shall disclose: (i) an explanation of whether and how the entity is applying a carbon price in decision-making (for example, investment decisions, transfer pricing and scenario analysis); and (ii) the price for each metric tonne of greenhouse gas emissions the entity uses to assess the costs of its greenhouse gas emissions; (g) remuneration—the entity shall disclose: (i) a description of whether and how climate-related considerations are factored into executive remuneration (see also paragraph 6(a)(v)); and (ii) the percentage of executive management remuneration recognised in the current period that is linked to climate-related considerations.",(a)>(i)>(1),mandatory,True,"[""metrics"", ""targets"", ""ghg_emissions"", ""scope_1""]",medium,1.0,1.0
IFRS_S2_29_C04,IFRS S2,29,15,Metrics and Targets,Metrics and targets,Climate-related metrics,"An entity shall disclose information relevant to the cross-industry metric categories of — (a) greenhouse gases—the entity shall: — (i) disclose its absolute gross greenhouse gas emissions generated during the reporting period, expressed as metric tonnes of CO2 equivalent (see paragraphs B19–B22), classified as: — (2) Scope 2 greenhouse gas emissions","An entity shall disclose information relevant to the cross-industry metric categories of: (a) greenhouse gases—the entity shall: (i) disclose its absolute gross greenhouse gas emissions generated during the reporting period, expressed as metric tonnes of CO2 equivalent (see paragraphs B19–B22), classified as: (1) Scope 1 greenhouse gas emissions; (2) Scope 2 greenhouse gas emissions; and (3) Scope 3 greenhouse gas emissions; (ii) measure its greenhouse gas emissions in accordance with the Greenhouse Gas Protocol: A Corporate Accounting and Reporting Standard (2004) unless the entity is required, in whole or in part, by a jurisdictional authority or an exchange on which it is listed to use a different method for measuring its greenhouse gas emissions (see paragraphs B23–B25); (iii) disclose the approach it uses to measure its greenhouse gas emissions (see paragraphs B26–B29) including: (1) the measurement approach, inputs and assumptions the entity uses to measure its greenhouse gas emissions; (2) the reason why the entity has chosen the measurement approach, inputs and assumptions it uses to measure its greenhouse gas emissions; and (3) any changes the entity made to the measurement approach, inputs and assumptions during the reporting period and the reasons for those changes; (iv) for Scope 1 and Scope 2 greenhouse gas emissions disclosed in accordance with paragraph 29(a)(i)(1)–(2), disaggregate emissions between: (1) the consolidated accounting group (for example, for an entity applying IFRS Accounting Standards, this group would comprise the parent and its consolidated subsidiaries); and (2) other investees excluded from paragraph 29(a)(iv)(1) (for example, for an entity applying IFRS Accounting Standards, these investees would include associates, joint ventures and unconsolidated subsidiaries); (v) for Scope 2 greenhouse gas emissions disclosed in accordance with paragraph 29(a)(i)(2), disclose its location-based Scope 2 greenhouse gas emissions, and provide information about any contractual instruments that is necessary to inform users’ understanding of the entity’s Scope 2 greenhouse gas emissions (see paragraphs B30–B31); and (vi) for Scope 3 greenhouse gas emissions disclosed in accordance with paragraph 29(a)(i)(3), and with reference to paragraphs B32–B57, disclose: (1) the categories included within the entity’s measure of Scope 3 greenhouse gas emissions, in accordance with the Scope 3 categories described in the Greenhouse Gas Protocol Corporate Value Chain (Scope 3) Accounting and Reporting Standard (2011); and (2) additional information about the entity’s financed emissions (which are part of Category 15 greenhouse gas emissions), if its activities include asset management, commercial banking or insurance (see paragraphs B58–B63A); (b) climate-related transition risks—the amount and percentage of assets or business activities vulnerable to climate-related transition risks; (c) climate-related physical risks—the amount and percentage of assets or business activities vulnerable to climate-related physical risks; (d) climate-related opportunities—the amount and percentage of assets or business activities aligned with climate-related opportunities; (e) capital deployment—the amount of capital expenditure, financing or investment deployed towards climate-related risks and opportunities; (f) internal carbon prices—the entity shall disclose: (i) an explanation of whether and how the entity is applying a carbon price in decision-making (for example, investment decisions, transfer pricing and scenario analysis); and (ii) the price for each metric tonne of greenhouse gas emissions the entity uses to assess the costs of its greenhouse gas emissions; (g) remuneration—the entity shall disclose: (i) a description of whether and how climate-related considerations are factored into executive remuneration (see also paragraph 6(a)(v)); and (ii) the percentage of executive management remuneration recognised in the current period that is linked to climate-related considerations.",(a)>(i)>(2),mandatory,True,"[""metrics"", ""targets"", ""ghg_emissions"", ""scope_2""]",medium,1.0,1.0
IFRS_S2_29_C05,IFRS S2,29,15,Metrics and Targets,Metrics and targets,Climate-related metrics,"An entity shall disclose information relevant to the cross-industry metric categories of — (a) greenhouse gases—the entity shall: — (i) disclose its absolute gross greenhouse gas emissions generated during the reporting period, expressed as metric tonnes of CO2 equivalent (see paragraphs B19–B22), classified as: — (3) Scope 3 greenhouse gas emissions","An entity shall disclose information relevant to the cross-industry metric categories of: (a) greenhouse gases—the entity shall: (i) disclose its absolute gross greenhouse gas emissions generated during the reporting period, expressed as metric tonnes of CO2 equivalent (see paragraphs B19–B22), classified as: (1) Scope 1 greenhouse gas emissions; (2) Scope 2 greenhouse gas emissions; and (3) Scope 3 greenhouse gas emissions; (ii) measure its greenhouse gas emissions in accordance with the Greenhouse Gas Protocol: A Corporate Accounting and Reporting Standard (2004) unless the entity is required, in whole or in part, by a jurisdictional authority or an exchange on which it is listed to use a different method for measuring its greenhouse gas emissions (see paragraphs B23–B25); (iii) disclose the approach it uses to measure its greenhouse gas emissions (see paragraphs B26–B29) including: (1) the measurement approach, inputs and assumptions the entity uses to measure its greenhouse gas emissions; (2) the reason why the entity has chosen the measurement approach, inputs and assumptions it uses to measure its greenhouse gas emissions; and (3) any changes the entity made to the measurement approach, inputs and assumptions during the reporting period and the reasons for those changes; (iv) for Scope 1 and Scope 2 greenhouse gas emissions disclosed in accordance with paragraph 29(a)(i)(1)–(2), disaggregate emissions between: (1) the consolidated accounting group (for example, for an entity applying IFRS Accounting Standards, this group would comprise the parent and its consolidated subsidiaries); and (2) other investees excluded from paragraph 29(a)(iv)(1) (for example, for an entity applying IFRS Accounting Standards, these investees would include associates, joint ventures and unconsolidated subsidiaries); (v) for Scope 2 greenhouse gas emissions disclosed in accordance with paragraph 29(a)(i)(2), disclose its location-based Scope 2 greenhouse gas emissions, and provide information about any contractual instruments that is necessary to inform users’ understanding of the entity’s Scope 2 greenhouse gas emissions (see paragraphs B30–B31); and (vi) for Scope 3 greenhouse gas emissions disclosed in accordance with paragraph 29(a)(i)(3), and with reference to paragraphs B32–B57, disclose: (1) the categories included within the entity’s measure of Scope 3 greenhouse gas emissions, in accordance with the Scope 3 categories described in the Greenhouse Gas Protocol Corporate Value Chain (Scope 3) Accounting and Reporting Standard (2011); and (2) additional information about the entity’s financed emissions (which are part of Category 15 greenhouse gas emissions), if its activities include asset management, commercial banking or insurance (see paragraphs B58–B63A); (b) climate-related transition risks—the amount and percentage of assets or business activities vulnerable to climate-related transition risks; (c) climate-related physical risks—the amount and percentage of assets or business activities vulnerable to climate-related physical risks; (d) climate-related opportunities—the amount and percentage of assets or business activities aligned with climate-related opportunities; (e) capital deployment—the amount of capital expenditure, financing or investment deployed towards climate-related risks and opportunities; (f) internal carbon prices—the entity shall disclose: (i) an explanation of whether and how the entity is applying a carbon price in decision-making (for example, investment decisions, transfer pricing and scenario analysis); and (ii) the price for each metric tonne of greenhouse gas emissions the entity uses to assess the costs of its greenhouse gas emissions; (g) remuneration—the entity shall disclose: (i) a description of whether and how climate-related considerations are factored into executive remuneration (see also paragraph 6(a)(v)); and (ii) the percentage of executive management remuneration recognised in the current period that is linked to climate-related considerations.",(a)>(i)>(3),mandatory,True,"[""metrics"", ""targets"", ""ghg_emissions"", ""scope_3""]",medium,1.0,1.0
IFRS_S2_29_C07,IFRS S2,29,15,Metrics and Targets,Metrics and targets,Climate-related metrics,"An entity shall disclose information relevant to the cross-industry metric categories of — (a) greenhouse gases—the entity shall: — (ii) measure its greenhouse gas emissions in accordance with the Greenhouse Gas Protocol: A Corporate Accounting and Reporting Standard — (2004) unless the entity is required, in whole or in part, by a jurisdictional authority or an exchange on which it is listed to use a different method for measuring its greenhouse gas emissions (see paragraphs B23–B25)","An entity shall disclose information relevant to the cross-industry metric categories of: (a) greenhouse gases—the entity shall: (i) disclose its absolute gross greenhouse gas emissions generated during the reporting period, expressed as metric tonnes of CO2 equivalent (see paragraphs B19–B22), classified as: (1) Scope 1 greenhouse gas emissions; (2) Scope 2 greenhouse gas emissions; and (3) Scope 3 greenhouse gas emissions; (ii) measure its greenhouse gas emissions in accordance with the Greenhouse Gas Protocol: A Corporate Accounting and Reporting Standard (2004) unless the entity is required, in whole or in part, by a jurisdictional authority or an exchange on which it is listed to use a different method for measuring its greenhouse gas emissions (see paragraphs B23–B25); (iii) disclose the approach it uses to measure its greenhouse gas emissions (see paragraphs B26–B29) including: (1) the measurement approach, inputs and assumptions the entity uses to measure its greenhouse gas emissions; (2) the reason why the entity has chosen the measurement approach, inputs and assumptions it uses to measure its greenhouse gas emissions; and (3) any changes the entity made to the measurement approach, inputs and assumptions during the reporting period and the reasons for those changes; (iv) for Scope 1 and Scope 2 greenhouse gas emissions disclosed in accordance with paragraph 29(a)(i)(1)–(2), disaggregate emissions between: (1) the consolidated accounting group (for example, for an entity applying IFRS Accounting Standards, this group would comprise the parent and its consolidated subsidiaries); and (2) other investees excluded from paragraph 29(a)(iv)(1) (for example, for an entity applying IFRS Accounting Standards, these investees would include associates, joint ventures and unconsolidated subsidiaries); (v) for Scope 2 greenhouse gas emissions disclosed in accordance with paragraph 29(a)(i)(2), disclose its location-based Scope 2 greenhouse gas emissions, and provide information about any contractual instruments that is necessary to inform users’ understanding of the entity’s Scope 2 greenhouse gas emissions (see paragraphs B30–B31); and (vi) for Scope 3 greenhouse gas emissions disclosed in accordance with paragraph 29(a)(i)(3), and with reference to paragraphs B32–B57, disclose: (1) the categories included within the entity’s measure of Scope 3 greenhouse gas emissions, in accordance with the Scope 3 categories described in the Greenhouse Gas Protocol Corporate Value Chain (Scope 3) Accounting and Reporting Standard (2011); and (2) additional information about the entity’s financed emissions (which are part of Category 15 greenhouse gas emissions), if its activities include asset management, commercial banking or insurance (see paragraphs B58–B63A); (b) climate-related transition risks—the amount and percentage of assets or business activities vulnerable to climate-related transition risks; (c) climate-related physical risks—the amount and percentage of assets or business activities vulnerable to climate-related physical risks; (d) climate-related opportunities—the amount and percentage of assets or business activities aligned with climate-related opportunities; (e) capital deployment—the amount of capital expenditure, financing or investment deployed towards climate-related risks and opportunities; (f) internal carbon prices—the entity shall disclose: (i) an explanation of whether and how the entity is applying a carbon price in decision-making (for example, investment decisions, transfer pricing and scenario analysis); and (ii) the price for each metric tonne of greenhouse gas emissions the entity uses to assess the costs of its greenhouse gas emissions; (g) remuneration—the entity shall disclose: (i) a description of whether and how climate-related considerations are factored into executive remuneration (see also paragraph 6(a)(v)); and (ii) the percentage of executive management remuneration recognised in the current period that is linked to climate-related considerations.",(a)>(ii)>(2004),mandatory,True,"[""metrics"", ""targets"", ""ghg_emissions""]",medium,1.0,1.0
IFRS_S2_29_C09,IFRS S2,29,15,Metrics and Targets,Metrics and targets,Climate-related metrics,"An entity shall disclose information relevant to the cross-industry metric categories of — (a) greenhouse gases—the entity shall: — (iii) disclose the approach it uses to measure its greenhouse gas emissions (see paragraphs B26–B29) including: — (1) the measurement approach, inputs and assumptions the entity uses to measure its greenhouse gas emissions","An entity shall disclose information relevant to the cross-industry metric categories of: (a) greenhouse gases—the entity shall: (i) disclose its absolute gross greenhouse gas emissions generated during the reporting period, expressed as metric tonnes of CO2 equivalent (see paragraphs B19–B22), classified as: (1) Scope 1 greenhouse gas emissions; (2) Scope 2 greenhouse gas emissions; and (3) Scope 3 greenhouse gas emissions; (ii) measure its greenhouse gas emissions in accordance with the Greenhouse Gas Protocol: A Corporate Accounting and Reporting Standard (2004) unless the entity is required, in whole or in part, by a jurisdictional authority or an exchange on which it is listed to use a different method for measuring its greenhouse gas emissions (see paragraphs B23–B25); (iii) disclose the approach it uses to measure its greenhouse gas emissions (see paragraphs B26–B29) including: (1) the measurement approach, inputs and assumptions the entity uses to measure its greenhouse gas emissions; (2) the reason why the entity has chosen the measurement approach, inputs and assumptions it uses to measure its greenhouse gas emissions; and (3) any changes the entity made to the measurement approach, inputs and assumptions during the reporting period and the reasons for those changes; (iv) for Scope 1 and Scope 2 greenhouse gas emissions disclosed in accordance with paragraph 29(a)(i)(1)–(2), disaggregate emissions between: (1) the consolidated accounting group (for example, for an entity applying IFRS Accounting Standards, this group would comprise the parent and its consolidated subsidiaries); and (2) other investees excluded from paragraph 29(a)(iv)(1) (for example, for an entity applying IFRS Accounting Standards, these investees would include associates, joint ventures and unconsolidated subsidiaries); (v) for Scope 2 greenhouse gas emissions disclosed in accordance with paragraph 29(a)(i)(2), disclose its location-based Scope 2 greenhouse gas emissions, and provide information about any contractual instruments that is necessary to inform users’ understanding of the entity’s Scope 2 greenhouse gas emissions (see paragraphs B30–B31); and (vi) for Scope 3 greenhouse gas emissions disclosed in accordance with paragraph 29(a)(i)(3), and with reference to paragraphs B32–B57, disclose: (1) the categories included within the entity’s measure of Scope 3 greenhouse gas emissions, in accordance with the Scope 3 categories described in the Greenhouse Gas Protocol Corporate Value Chain (Scope 3) Accounting and Reporting Standard (2011); and (2) additional information about the entity’s financed emissions (which are part of Category 15 greenhouse gas emissions), if its activities include asset management, commercial banking or insurance (see paragraphs B58–B63A); (b) climate-related transition risks—the amount and percentage of assets or business activities vulnerable to climate-related transition risks; (c) climate-related physical risks—the amount and percentage of assets or business activities vulnerable to climate-related physical risks; (d) climate-related opportunities—the amount and percentage of assets or business activities aligned with climate-related opportunities; (e) capital deployment—the amount of capital expenditure, financing or investment deployed towards climate-related risks and opportunities; (f) internal carbon prices—the entity shall disclose: (i) an explanation of whether and how the entity is applying a carbon price in decision-making (for example, investment decisions, transfer pricing and scenario analysis); and (ii) the price for each metric tonne of greenhouse gas emissions the entity uses to assess the costs of its greenhouse gas emissions; (g) remuneration—the entity shall disclose: (i) a description of whether and how climate-related considerations are factored into executive remuneration (see also paragraph 6(a)(v)); and (ii) the percentage of executive management remuneration recognised in the current period that is linked to climate-related considerations.",(a)>(iii)>(1),mandatory,True,"[""metrics"", ""targets"", ""ghg_emissions""]",medium,1.0,1.0
IFRS_S2_29_C10,IFRS S2,29,15,Metrics and Targets,Metrics and targets,Climate-related metrics,"An entity shall disclose information relevant to the cross-industry metric categories of — (a) greenhouse gases—the entity shall: — (iii) disclose the approach it uses to measure its greenhouse gas emissions (see paragraphs B26–B29) including: — (2) the reason why the entity has chosen the measurement approach, inputs and assumptions it uses to measure its greenhouse gas emissions","An entity shall disclose information relevant to the cross-industry metric categories of: (a) greenhouse gases—the entity shall: (i) disclose its absolute gross greenhouse gas emissions generated during the reporting period, expressed as metric tonnes of CO2 equivalent (see paragraphs B19–B22), classified as: (1) Scope 1 greenhouse gas emissions; (2) Scope 2 greenhouse gas emissions; and (3) Scope 3 greenhouse gas emissions; (ii) measure its greenhouse gas emissions in accordance with the Greenhouse Gas Protocol: A Corporate Accounting and Reporting Standard (2004) unless the entity is required, in whole or in part, by a jurisdictional authority or an exchange on which it is listed to use a different method for measuring its greenhouse gas emissions (see paragraphs B23–B25); (iii) disclose the approach it uses to measure its greenhouse gas emissions (see paragraphs B26–B29) including: (1) the measurement approach, inputs and assumptions the entity uses to measure its greenhouse gas emissions; (2) the reason why the entity has chosen the measurement approach, inputs and assumptions it uses to measure its greenhouse gas emissions; and (3) any changes the entity made to the measurement approach, inputs and assumptions during the reporting period and the reasons for those changes; (iv) for Scope 1 and Scope 2 greenhouse gas emissions disclosed in accordance with paragraph 29(a)(i)(1)–(2), disaggregate emissions between: (1) the consolidated accounting group (for example, for an entity applying IFRS Accounting Standards, this group would comprise the parent and its consolidated subsidiaries); and (2) other investees excluded from paragraph 29(a)(iv)(1) (for example, for an entity applying IFRS Accounting Standards, these investees would include associates, joint ventures and unconsolidated subsidiaries); (v) for Scope 2 greenhouse gas emissions disclosed in accordance with paragraph 29(a)(i)(2), disclose its location-based Scope 2 greenhouse gas emissions, and provide information about any contractual instruments that is necessary to inform users’ understanding of the entity’s Scope 2 greenhouse gas emissions (see paragraphs B30–B31); and (vi) for Scope 3 greenhouse gas emissions disclosed in accordance with paragraph 29(a)(i)(3), and with reference to paragraphs B32–B57, disclose: (1) the categories included within the entity’s measure of Scope 3 greenhouse gas emissions, in accordance with the Scope 3 categories described in the Greenhouse Gas Protocol Corporate Value Chain (Scope 3) Accounting and Reporting Standard (2011); and (2) additional information about the entity’s financed emissions (which are part of Category 15 greenhouse gas emissions), if its activities include asset management, commercial banking or insurance (see paragraphs B58–B63A); (b) climate-related transition risks—the amount and percentage of assets or business activities vulnerable to climate-related transition risks; (c) climate-related physical risks—the amount and percentage of assets or business activities vulnerable to climate-related physical risks; (d) climate-related opportunities—the amount and percentage of assets or business activities aligned with climate-related opportunities; (e) capital deployment—the amount of capital expenditure, financing or investment deployed towards climate-related risks and opportunities; (f) internal carbon prices—the entity shall disclose: (i) an explanation of whether and how the entity is applying a carbon price in decision-making (for example, investment decisions, transfer pricing and scenario analysis); and (ii) the price for each metric tonne of greenhouse gas emissions the entity uses to assess the costs of its greenhouse gas emissions; (g) remuneration—the entity shall disclose: (i) a description of whether and how climate-related considerations are factored into executive remuneration (see also paragraph 6(a)(v)); and (ii) the percentage of executive management remuneration recognised in the current period that is linked to climate-related considerations.",(a)>(iii)>(2),mandatory,True,"[""metrics"", ""targets"", ""ghg_emissions""]",medium,1.0,1.0
IFRS_S2_29_C11,IFRS S2,29,15,Metrics and Targets,Metrics and targets,Climate-related metrics,"An entity shall disclose information relevant to the cross-industry metric categories of — (a) greenhouse gases—the entity shall: — (iii) disclose the approach it uses to measure its greenhouse gas emissions (see paragraphs B26–B29) including: — (3) any changes the entity made to the measurement approach, inputs and assumptions during the reporting period and the reasons for those changes","An entity shall disclose information relevant to the cross-industry metric categories of: (a) greenhouse gases—the entity shall: (i) disclose its absolute gross greenhouse gas emissions generated during the reporting period, expressed as metric tonnes of CO2 equivalent (see paragraphs B19–B22), classified as: (1) Scope 1 greenhouse gas emissions; (2) Scope 2 greenhouse gas emissions; and (3) Scope 3 greenhouse gas emissions; (ii) measure its greenhouse gas emissions in accordance with the Greenhouse Gas Protocol: A Corporate Accounting and Reporting Standard (2004) unless the entity is required, in whole or in part, by a jurisdictional authority or an exchange on which it is listed to use a different method for measuring its greenhouse gas emissions (see paragraphs B23–B25); (iii) disclose the approach it uses to measure its greenhouse gas emissions (see paragraphs B26–B29) including: (1) the measurement approach, inputs and assumptions the entity uses to measure its greenhouse gas emissions; (2) the reason why the entity has chosen the measurement approach, inputs and assumptions it uses to measure its greenhouse gas emissions; and (3) any changes the entity made to the measurement approach, inputs and assumptions during the reporting period and the reasons for those changes; (iv) for Scope 1 and Scope 2 greenhouse gas emissions disclosed in accordance with paragraph 29(a)(i)(1)–(2), disaggregate emissions between: (1) the consolidated accounting group (for example, for an entity applying IFRS Accounting Standards, this group would comprise the parent and its consolidated subsidiaries); and (2) other investees excluded from paragraph 29(a)(iv)(1) (for example, for an entity applying IFRS Accounting Standards, these investees would include associates, joint ventures and unconsolidated subsidiaries); (v) for Scope 2 greenhouse gas emissions disclosed in accordance with paragraph 29(a)(i)(2), disclose its location-based Scope 2 greenhouse gas emissions, and provide information about any contractual instruments that is necessary to inform users’ understanding of the entity’s Scope 2 greenhouse gas emissions (see paragraphs B30–B31); and (vi) for Scope 3 greenhouse gas emissions disclosed in accordance with paragraph 29(a)(i)(3), and with reference to paragraphs B32–B57, disclose: (1) the categories included within the entity’s measure of Scope 3 greenhouse gas emissions, in accordance with the Scope 3 categories described in the Greenhouse Gas Protocol Corporate Value Chain (Scope 3) Accounting and Reporting Standard (2011); and (2) additional information about the entity’s financed emissions (which are part of Category 15 greenhouse gas emissions), if its activities include asset management, commercial banking or insurance (see paragraphs B58–B63A); (b) climate-related transition risks—the amount and percentage of assets or business activities vulnerable to climate-related transition risks; (c) climate-related physical risks—the amount and percentage of assets or business activities vulnerable to climate-related physical risks; (d) climate-related opportunities—the amount and percentage of assets or business activities aligned with climate-related opportunities; (e) capital deployment—the amount of capital expenditure, financing or investment deployed towards climate-related risks and opportunities; (f) internal carbon prices—the entity shall disclose: (i) an explanation of whether and how the entity is applying a carbon price in decision-making (for example, investment decisions, transfer pricing and scenario analysis); and (ii) the price for each metric tonne of greenhouse gas emissions the entity uses to assess the costs of its greenhouse gas emissions; (g) remuneration—the entity shall disclose: (i) a description of whether and how climate-related considerations are factored into executive remuneration (see also paragraph 6(a)(v)); and (ii) the percentage of executive management remuneration recognised in the current period that is linked to climate-related considerations.",(a)>(iii)>(3),mandatory,True,"[""metrics"", ""targets"", ""ghg_emissions""]",medium,1.0,1.0
IFRS_S2_29_C13,IFRS S2,29,15,Metrics and Targets,Metrics and targets,Climate-related metrics,"An entity shall disclose information relevant to the cross-industry metric categories of — (a) greenhouse gases—the entity shall: — (iv) for Scope 1 and Scope 2 greenhouse gas emissions disclosed in accordance with paragraph 29(a)(i)(1)–(2), disaggregate emissions between: — (1) the consolidated accounting group (for example, for an entity applying IFRS Accounting Standards, this group would comprise the parent and its consolidated subsidiaries)","An entity shall disclose information relevant to the cross-industry metric categories of: (a) greenhouse gases—the entity shall: (i) disclose its absolute gross greenhouse gas emissions generated during the reporting period, expressed as metric tonnes of CO2 equivalent (see paragraphs B19–B22), classified as: (1) Scope 1 greenhouse gas emissions; (2) Scope 2 greenhouse gas emissions; and (3) Scope 3 greenhouse gas emissions; (ii) measure its greenhouse gas emissions in accordance with the Greenhouse Gas Protocol: A Corporate Accounting and Reporting Standard (2004) unless the entity is required, in whole or in part, by a jurisdictional authority or an exchange on which it is listed to use a different method for measuring its greenhouse gas emissions (see paragraphs B23–B25); (iii) disclose the approach it uses to measure its greenhouse gas emissions (see paragraphs B26–B29) including: (1) the measurement approach, inputs and assumptions the entity uses to measure its greenhouse gas emissions; (2) the reason why the entity has chosen the measurement approach, inputs and assumptions it uses to measure its greenhouse gas emissions; and (3) any changes the entity made to the measurement approach, inputs and assumptions during the reporting period and the reasons for those changes; (iv) for Scope 1 and Scope 2 greenhouse gas emissions disclosed in accordance with paragraph 29(a)(i)(1)–(2), disaggregate emissions between: (1) the consolidated accounting group (for example, for an entity applying IFRS Accounting Standards, this group would comprise the parent and its consolidated subsidiaries); and (2) other investees excluded from paragraph 29(a)(iv)(1) (for example, for an entity applying IFRS Accounting Standards, these investees would include associates, joint ventures and unconsolidated subsidiaries); (v) for Scope 2 greenhouse gas emissions disclosed in accordance with paragraph 29(a)(i)(2), disclose its location-based Scope 2 greenhouse gas emissions, and provide information about any contractual instruments that is necessary to inform users’ understanding of the entity’s Scope 2 greenhouse gas emissions (see paragraphs B30–B31); and (vi) for Scope 3 greenhouse gas emissions disclosed in accordance with paragraph 29(a)(i)(3), and with reference to paragraphs B32–B57, disclose: (1) the categories included within the entity’s measure of Scope 3 greenhouse gas emissions, in accordance with the Scope 3 categories described in the Greenhouse Gas Protocol Corporate Value Chain (Scope 3) Accounting and Reporting Standard (2011); and (2) additional information about the entity’s financed emissions (which are part of Category 15 greenhouse gas emissions), if its activities include asset management, commercial banking or insurance (see paragraphs B58–B63A); (b) climate-related transition risks—the amount and percentage of assets or business activities vulnerable to climate-related transition risks; (c) climate-related physical risks—the amount and percentage of assets or business activities vulnerable to climate-related physical risks; (d) climate-related opportunities—the amount and percentage of assets or business activities aligned with climate-related opportunities; (e) capital deployment—the amount of capital expenditure, financing or investment deployed towards climate-related risks and opportunities; (f) internal carbon prices—the entity shall disclose: (i) an explanation of whether and how the entity is applying a carbon price in decision-making (for example, investment decisions, transfer pricing and scenario analysis); and (ii) the price for each metric tonne of greenhouse gas emissions the entity uses to assess the costs of its greenhouse gas emissions; (g) remuneration—the entity shall disclose: (i) a description of whether and how climate-related considerations are factored into executive remuneration (see also paragraph 6(a)(v)); and (ii) the percentage of executive management remuneration recognised in the current period that is linked to climate-related considerations.",(a)>(iv)>(1),mandatory,True,"[""metrics"", ""targets"", ""ghg_emissions"", ""scope_1"", ""scope_2""]",medium,1.0,1.0
IFRS_S2_29_C14,IFRS S2,29,15,Metrics and Targets,Metrics and targets,Climate-related metrics,"An entity shall disclose information relevant to the cross-industry metric categories of — (a) greenhouse gases—the entity shall: — (iv) for Scope 1 and Scope 2 greenhouse gas emissions disclosed in accordance with paragraph 29(a)(i)(1)–(2), disaggregate emissions between: — (2) other investees excluded from paragraph 29(a)(iv)","An entity shall disclose information relevant to the cross-industry metric categories of: (a) greenhouse gases—the entity shall: (i) disclose its absolute gross greenhouse gas emissions generated during the reporting period, expressed as metric tonnes of CO2 equivalent (see paragraphs B19–B22), classified as: (1) Scope 1 greenhouse gas emissions; (2) Scope 2 greenhouse gas emissions; and (3) Scope 3 greenhouse gas emissions; (ii) measure its greenhouse gas emissions in accordance with the Greenhouse Gas Protocol: A Corporate Accounting and Reporting Standard (2004) unless the entity is required, in whole or in part, by a jurisdictional authority or an exchange on which it is listed to use a different method for measuring its greenhouse gas emissions (see paragraphs B23–B25); (iii) disclose the approach it uses to measure its greenhouse gas emissions (see paragraphs B26–B29) including: (1) the measurement approach, inputs and assumptions the entity uses to measure its greenhouse gas emissions; (2) the reason why the entity has chosen the measurement approach, inputs and assumptions it uses to measure its greenhouse gas emissions; and (3) any changes the entity made to the measurement approach, inputs and assumptions during the reporting period and the reasons for those changes; (iv) for Scope 1 and Scope 2 greenhouse gas emissions disclosed in accordance with paragraph 29(a)(i)(1)–(2), disaggregate emissions between: (1) the consolidated accounting group (for example, for an entity applying IFRS Accounting Standards, this group would comprise the parent and its consolidated subsidiaries); and (2) other investees excluded from paragraph 29(a)(iv)(1) (for example, for an entity applying IFRS Accounting Standards, these investees would include associates, joint ventures and unconsolidated subsidiaries); (v) for Scope 2 greenhouse gas emissions disclosed in accordance with paragraph 29(a)(i)(2), disclose its location-based Scope 2 greenhouse gas emissions, and provide information about any contractual instruments that is necessary to inform users’ understanding of the entity’s Scope 2 greenhouse gas emissions (see paragraphs B30–B31); and (vi) for Scope 3 greenhouse gas emissions disclosed in accordance with paragraph 29(a)(i)(3), and with reference to paragraphs B32–B57, disclose: (1) the categories included within the entity’s measure of Scope 3 greenhouse gas emissions, in accordance with the Scope 3 categories described in the Greenhouse Gas Protocol Corporate Value Chain (Scope 3) Accounting and Reporting Standard (2011); and (2) additional information about the entity’s financed emissions (which are part of Category 15 greenhouse gas emissions), if its activities include asset management, commercial banking or insurance (see paragraphs B58–B63A); (b) climate-related transition risks—the amount and percentage of assets or business activities vulnerable to climate-related transition risks; (c) climate-related physical risks—the amount and percentage of assets or business activities vulnerable to climate-related physical risks; (d) climate-related opportunities—the amount and percentage of assets or business activities aligned with climate-related opportunities; (e) capital deployment—the amount of capital expenditure, financing or investment deployed towards climate-related risks and opportunities; (f) internal carbon prices—the entity shall disclose: (i) an explanation of whether and how the entity is applying a carbon price in decision-making (for example, investment decisions, transfer pricing and scenario analysis); and (ii) the price for each metric tonne of greenhouse gas emissions the entity uses to assess the costs of its greenhouse gas emissions; (g) remuneration—the entity shall disclose: (i) a description of whether and how climate-related considerations are factored into executive remuneration (see also paragraph 6(a)(v)); and (ii) the percentage of executive management remuneration recognised in the current period that is linked to climate-related considerations.",(a)>(iv)>(2),mandatory,True,"[""metrics"", ""targets"", ""ghg_emissions"", ""scope_1"", ""scope_2""]",medium,1.0,1.0
IFRS_S2_29_C15,IFRS S2,29,15,Metrics and Targets,Metrics and targets,Climate-related metrics,"An entity shall disclose information relevant to the cross-industry metric categories of — (a) greenhouse gases—the entity shall: — (iv) for Scope 1 and Scope 2 greenhouse gas emissions disclosed in accordance with paragraph 29(a)(i)(1)–(2), disaggregate emissions between: — (1) (for example, for an entity applying IFRS Accounting Standards, these investees would include associates, joint ventures and unconsolidated subsidiaries)","An entity shall disclose information relevant to the cross-industry metric categories of: (a) greenhouse gases—the entity shall: (i) disclose its absolute gross greenhouse gas emissions generated during the reporting period, expressed as metric tonnes of CO2 equivalent (see paragraphs B19–B22), classified as: (1) Scope 1 greenhouse gas emissions; (2) Scope 2 greenhouse gas emissions; and (3) Scope 3 greenhouse gas emissions; (ii) measure its greenhouse gas emissions in accordance with the Greenhouse Gas Protocol: A Corporate Accounting and Reporting Standard (2004) unless the entity is required, in whole or in part, by a jurisdictional authority or an exchange on which it is listed to use a different method for measuring its greenhouse gas emissions (see paragraphs B23–B25); (iii) disclose the approach it uses to measure its greenhouse gas emissions (see paragraphs B26–B29) including: (1) the measurement approach, inputs and assumptions the entity uses to measure its greenhouse gas emissions; (2) the reason why the entity has chosen the measurement approach, inputs and assumptions it uses to measure its greenhouse gas emissions; and (3) any changes the entity made to the measurement approach, inputs and assumptions during the reporting period and the reasons for those changes; (iv) for Scope 1 and Scope 2 greenhouse gas emissions disclosed in accordance with paragraph 29(a)(i)(1)–(2), disaggregate emissions between: (1) the consolidated accounting group (for example, for an entity applying IFRS Accounting Standards, this group would comprise the parent and its consolidated subsidiaries); and (2) other investees excluded from paragraph 29(a)(iv)(1) (for example, for an entity applying IFRS Accounting Standards, these investees would include associates, joint ventures and unconsolidated subsidiaries); (v) for Scope 2 greenhouse gas emissions disclosed in accordance with paragraph 29(a)(i)(2), disclose its location-based Scope 2 greenhouse gas emissions, and provide information about any contractual instruments that is necessary to inform users’ understanding of the entity’s Scope 2 greenhouse gas emissions (see paragraphs B30–B31); and (vi) for Scope 3 greenhouse gas emissions disclosed in accordance with paragraph 29(a)(i)(3), and with reference to paragraphs B32–B57, disclose: (1) the categories included within the entity’s measure of Scope 3 greenhouse gas emissions, in accordance with the Scope 3 categories described in the Greenhouse Gas Protocol Corporate Value Chain (Scope 3) Accounting and Reporting Standard (2011); and (2) additional information about the entity’s financed emissions (which are part of Category 15 greenhouse gas emissions), if its activities include asset management, commercial banking or insurance (see paragraphs B58–B63A); (b) climate-related transition risks—the amount and percentage of assets or business activities vulnerable to climate-related transition risks; (c) climate-related physical risks—the amount and percentage of assets or business activities vulnerable to climate-related physical risks; (d) climate-related opportunities—the amount and percentage of assets or business activities aligned with climate-related opportunities; (e) capital deployment—the amount of capital expenditure, financing or investment deployed towards climate-related risks and opportunities; (f) internal carbon prices—the entity shall disclose: (i) an explanation of whether and how the entity is applying a carbon price in decision-making (for example, investment decisions, transfer pricing and scenario analysis); and (ii) the price for each metric tonne of greenhouse gas emissions the entity uses to assess the costs of its greenhouse gas emissions; (g) remuneration—the entity shall disclose: (i) a description of whether and how climate-related considerations are factored into executive remuneration (see also paragraph 6(a)(v)); and (ii) the percentage of executive management remuneration recognised in the current period that is linked to climate-related considerations.",(a)>(iv)>(1),mandatory,True,"[""metrics"", ""targets"", ""ghg_emissions"", ""scope_1"", ""scope_2""]",medium,1.0,1.0
IFRS_S2_29_C16,IFRS S2,29,15,Metrics and Targets,Metrics and targets,Climate-related metrics,"An entity shall disclose information relevant to the cross-industry metric categories of — (a) greenhouse gases—the entity shall: — (v) for Scope 2 greenhouse gas emissions disclosed in accordance with paragraph 29(a)(i)(2), disclose its location-based Scope 2 greenhouse gas emissions, and provide information about any contractual instruments that is necessary to inform users’ understanding of the entity’s Scope 2 greenhouse gas emissions (see paragraphs B30–B31)","An entity shall disclose information relevant to the cross-industry metric categories of: (a) greenhouse gases—the entity shall: (i) disclose its absolute gross greenhouse gas emissions generated during the reporting period, expressed as metric tonnes of CO2 equivalent (see paragraphs B19–B22), classified as: (1) Scope 1 greenhouse gas emissions; (2) Scope 2 greenhouse gas emissions; and (3) Scope 3 greenhouse gas emissions; (ii) measure its greenhouse gas emissions in accordance with the Greenhouse Gas Protocol: A Corporate Accounting and Reporting Standard (2004) unless the entity is required, in whole or in part, by a jurisdictional authority or an exchange on which it is listed to use a different method for measuring its greenhouse gas emissions (see paragraphs B23–B25); (iii) disclose the approach it uses to measure its greenhouse gas emissions (see paragraphs B26–B29) including: (1) the measurement approach, inputs and assumptions the entity uses to measure its greenhouse gas emissions; (2) the reason why the entity has chosen the measurement approach, inputs and assumptions it uses to measure its greenhouse gas emissions; and (3) any changes the entity made to the measurement approach, inputs and assumptions during the reporting period and the reasons for those changes; (iv) for Scope 1 and Scope 2 greenhouse gas emissions disclosed in accordance with paragraph 29(a)(i)(1)–(2), disaggregate emissions between: (1) the consolidated accounting group (for example, for an entity applying IFRS Accounting Standards, this group would comprise the parent and its consolidated subsidiaries); and (2) other investees excluded from paragraph 29(a)(iv)(1) (for example, for an entity applying IFRS Accounting Standards, these investees would include associates, joint ventures and unconsolidated subsidiaries); (v) for Scope 2 greenhouse gas emissions disclosed in accordance with paragraph 29(a)(i)(2), disclose its location-based Scope 2 greenhouse gas emissions, and provide information about any contractual instruments that is necessary to inform users’ understanding of the entity’s Scope 2 greenhouse gas emissions (see paragraphs B30–B31); and (vi) for Scope 3 greenhouse gas emissions disclosed in accordance with paragraph 29(a)(i)(3), and with reference to paragraphs B32–B57, disclose: (1) the categories included within the entity’s measure of Scope 3 greenhouse gas emissions, in accordance with the Scope 3 categories described in the Greenhouse Gas Protocol Corporate Value Chain (Scope 3) Accounting and Reporting Standard (2011); and (2) additional information about the entity’s financed emissions (which are part of Category 15 greenhouse gas emissions), if its activities include asset management, commercial banking or insurance (see paragraphs B58–B63A); (b) climate-related transition risks—the amount and percentage of assets or business activities vulnerable to climate-related transition risks; (c) climate-related physical risks—the amount and percentage of assets or business activities vulnerable to climate-related physical risks; (d) climate-related opportunities—the amount and percentage of assets or business activities aligned with climate-related opportunities; (e) capital deployment—the amount of capital expenditure, financing or investment deployed towards climate-related risks and opportunities; (f) internal carbon prices—the entity shall disclose: (i) an explanation of whether and how the entity is applying a carbon price in decision-making (for example, investment decisions, transfer pricing and scenario analysis); and (ii) the price for each metric tonne of greenhouse gas emissions the entity uses to assess the costs of its greenhouse gas emissions; (g) remuneration—the entity shall disclose: (i) a description of whether and how climate-related considerations are factored into executive remuneration (see also paragraph 6(a)(v)); and (ii) the percentage of executive management remuneration recognised in the current period that is linked to climate-related considerations.",(a)>(v),mandatory,True,"[""metrics"", ""targets"", ""ghg_emissions"", ""scope_2""]",medium,1.0,1.0
IFRS_S2_29_C18,IFRS S2,29,15,Metrics and Targets,Metrics and targets,Climate-related metrics,"An entity shall disclose information relevant to the cross-industry metric categories of — (a) greenhouse gases—the entity shall: — (vi) for Scope 3 greenhouse gas emissions disclosed in accordance with paragraph 29(a)(i)(3), and with reference to paragraphs B32–B57, disclose: — (1) the categories included within the entity’s measure of Scope 3 greenhouse gas emissions, in accordance with the Scope 3 categories described in the Greenhouse Gas Protocol Corporate Value Chain (Scope 3) Accounting and Reporting Standard (2011)","An entity shall disclose information relevant to the cross-industry metric categories of: (a) greenhouse gases—the entity shall: (i) disclose its absolute gross greenhouse gas emissions generated during the reporting period, expressed as metric tonnes of CO2 equivalent (see paragraphs B19–B22), classified as: (1) Scope 1 greenhouse gas emissions; (2) Scope 2 greenhouse gas emissions; and (3) Scope 3 greenhouse gas emissions; (ii) measure its greenhouse gas emissions in accordance with the Greenhouse Gas Protocol: A Corporate Accounting and Reporting Standard (2004) unless the entity is required, in whole or in part, by a jurisdictional authority or an exchange on which it is listed to use a different method for measuring its greenhouse gas emissions (see paragraphs B23–B25); (iii) disclose the approach it uses to measure its greenhouse gas emissions (see paragraphs B26–B29) including: (1) the measurement approach, inputs and assumptions the entity uses to measure its greenhouse gas emissions; (2) the reason why the entity has chosen the measurement approach, inputs and assumptions it uses to measure its greenhouse gas emissions; and (3) any changes the entity made to the measurement approach, inputs and assumptions during the reporting period and the reasons for those changes; (iv) for Scope 1 and Scope 2 greenhouse gas emissions disclosed in accordance with paragraph 29(a)(i)(1)–(2), disaggregate emissions between: (1) the consolidated accounting group (for example, for an entity applying IFRS Accounting Standards, this group would comprise the parent and its consolidated subsidiaries); and (2) other investees excluded from paragraph 29(a)(iv)(1) (for example, for an entity applying IFRS Accounting Standards, these investees would include associates, joint ventures and unconsolidated subsidiaries); (v) for Scope 2 greenhouse gas emissions disclosed in accordance with paragraph 29(a)(i)(2), disclose its location-based Scope 2 greenhouse gas emissions, and provide information about any contractual instruments that is necessary to inform users’ understanding of the entity’s Scope 2 greenhouse gas emissions (see paragraphs B30–B31); and (vi) for Scope 3 greenhouse gas emissions disclosed in accordance with paragraph 29(a)(i)(3), and with reference to paragraphs B32–B57, disclose: (1) the categories included within the entity’s measure of Scope 3 greenhouse gas emissions, in accordance with the Scope 3 categories described in the Greenhouse Gas Protocol Corporate Value Chain (Scope 3) Accounting and Reporting Standard (2011); and (2) additional information about the entity’s financed emissions (which are part of Category 15 greenhouse gas emissions), if its activities include asset management, commercial banking or insurance (see paragraphs B58–B63A); (b) climate-related transition risks—the amount and percentage of assets or business activities vulnerable to climate-related transition risks; (c) climate-related physical risks—the amount and percentage of assets or business activities vulnerable to climate-related physical risks; (d) climate-related opportunities—the amount and percentage of assets or business activities aligned with climate-related opportunities; (e) capital deployment—the amount of capital expenditure, financing or investment deployed towards climate-related risks and opportunities; (f) internal carbon prices—the entity shall disclose: (i) an explanation of whether and how the entity is applying a carbon price in decision-making (for example, investment decisions, transfer pricing and scenario analysis); and (ii) the price for each metric tonne of greenhouse gas emissions the entity uses to assess the costs of its greenhouse gas emissions; (g) remuneration—the entity shall disclose: (i) a description of whether and how climate-related considerations are factored into executive remuneration (see also paragraph 6(a)(v)); and (ii) the percentage of executive management remuneration recognised in the current period that is linked to climate-related considerations.",(a)>(vi)>(1),mandatory,True,"[""business_model_value_chain"", ""metrics"", ""targets"", ""ghg_emissions"", ""scope_3""]",medium,1.0,1.0
IFRS_S2_29_C19,IFRS S2,29,15,Metrics and Targets,Metrics and targets,Climate-related metrics,"An entity shall disclose information relevant to the cross-industry metric categories of — (a) greenhouse gases—the entity shall: — (vi) for Scope 3 greenhouse gas emissions disclosed in accordance with paragraph 29(a)(i)(3), and with reference to paragraphs B32–B57, disclose: — (2) additional information about the entity’s financed emissions (which are part of Category 15 greenhouse gas emissions), if its activities include asset management, commercial banking or insurance (see paragraphs B58–B63A)","An entity shall disclose information relevant to the cross-industry metric categories of: (a) greenhouse gases—the entity shall: (i) disclose its absolute gross greenhouse gas emissions generated during the reporting period, expressed as metric tonnes of CO2 equivalent (see paragraphs B19–B22), classified as: (1) Scope 1 greenhouse gas emissions; (2) Scope 2 greenhouse gas emissions; and (3) Scope 3 greenhouse gas emissions; (ii) measure its greenhouse gas emissions in accordance with the Greenhouse Gas Protocol: A Corporate Accounting and Reporting Standard (2004) unless the entity is required, in whole or in part, by a jurisdictional authority or an exchange on which it is listed to use a different method for measuring its greenhouse gas emissions (see paragraphs B23–B25); (iii) disclose the approach it uses to measure its greenhouse gas emissions (see paragraphs B26–B29) including: (1) the measurement approach, inputs and assumptions the entity uses to measure its greenhouse gas emissions; (2) the reason why the entity has chosen the measurement approach, inputs and assumptions it uses to measure its greenhouse gas emissions; and (3) any changes the entity made to the measurement approach, inputs and assumptions during the reporting period and the reasons for those changes; (iv) for Scope 1 and Scope 2 greenhouse gas emissions disclosed in accordance with paragraph 29(a)(i)(1)–(2), disaggregate emissions between: (1) the consolidated accounting group (for example, for an entity applying IFRS Accounting Standards, this group would comprise the parent and its consolidated subsidiaries); and (2) other investees excluded from paragraph 29(a)(iv)(1) (for example, for an entity applying IFRS Accounting Standards, these investees would include associates, joint ventures and unconsolidated subsidiaries); (v) for Scope 2 greenhouse gas emissions disclosed in accordance with paragraph 29(a)(i)(2), disclose its location-based Scope 2 greenhouse gas emissions, and provide information about any contractual instruments that is necessary to inform users’ understanding of the entity’s Scope 2 greenhouse gas emissions (see paragraphs B30–B31); and (vi) for Scope 3 greenhouse gas emissions disclosed in accordance with paragraph 29(a)(i)(3), and with reference to paragraphs B32–B57, disclose: (1) the categories included within the entity’s measure of Scope 3 greenhouse gas emissions, in accordance with the Scope 3 categories described in the Greenhouse Gas Protocol Corporate Value Chain (Scope 3) Accounting and Reporting Standard (2011); and (2) additional information about the entity’s financed emissions (which are part of Category 15 greenhouse gas emissions), if its activities include asset management, commercial banking or insurance (see paragraphs B58–B63A); (b) climate-related transition risks—the amount and percentage of assets or business activities vulnerable to climate-related transition risks; (c) climate-related physical risks—the amount and percentage of assets or business activities vulnerable to climate-related physical risks; (d) climate-related opportunities—the amount and percentage of assets or business activities aligned with climate-related opportunities; (e) capital deployment—the amount of capital expenditure, financing or investment deployed towards climate-related risks and opportunities; (f) internal carbon prices—the entity shall disclose: (i) an explanation of whether and how the entity is applying a carbon price in decision-making (for example, investment decisions, transfer pricing and scenario analysis); and (ii) the price for each metric tonne of greenhouse gas emissions the entity uses to assess the costs of its greenhouse gas emissions; (g) remuneration—the entity shall disclose: (i) a description of whether and how climate-related considerations are factored into executive remuneration (see also paragraph 6(a)(v)); and (ii) the percentage of executive management remuneration recognised in the current period that is linked to climate-related considerations.",(a)>(vi)>(2),mandatory,True,"[""metrics"", ""targets"", ""ghg_emissions"", ""scope_3"", ""financed_emissions"", ""commercial_banking"", ""asset_management"", ""insurance""]",high,1.0,1.0
IFRS_S2_29_C20,IFRS S2,29,15,Metrics and Targets,Metrics and targets,Climate-related metrics,An entity shall disclose information relevant to the cross-industry metric categories of — (b) climate-related transition risks—the amount and percentage of assets or business activities vulnerable to climate-related transition risks,"An entity shall disclose information relevant to the cross-industry metric categories of: (a) greenhouse gases—the entity shall: (i) disclose its absolute gross greenhouse gas emissions generated during the reporting period, expressed as metric tonnes of CO2 equivalent (see paragraphs B19–B22), classified as: (1) Scope 1 greenhouse gas emissions; (2) Scope 2 greenhouse gas emissions; and (3) Scope 3 greenhouse gas emissions; (ii) measure its greenhouse gas emissions in accordance with the Greenhouse Gas Protocol: A Corporate Accounting and Reporting Standard (2004) unless the entity is required, in whole or in part, by a jurisdictional authority or an exchange on which it is listed to use a different method for measuring its greenhouse gas emissions (see paragraphs B23–B25); (iii) disclose the approach it uses to measure its greenhouse gas emissions (see paragraphs B26–B29) including: (1) the measurement approach, inputs and assumptions the entity uses to measure its greenhouse gas emissions; (2) the reason why the entity has chosen the measurement approach, inputs and assumptions it uses to measure its greenhouse gas emissions; and (3) any changes the entity made to the measurement approach, inputs and assumptions during the reporting period and the reasons for those changes; (iv) for Scope 1 and Scope 2 greenhouse gas emissions disclosed in accordance with paragraph 29(a)(i)(1)–(2), disaggregate emissions between: (1) the consolidated accounting group (for example, for an entity applying IFRS Accounting Standards, this group would comprise the parent and its consolidated subsidiaries); and (2) other investees excluded from paragraph 29(a)(iv)(1) (for example, for an entity applying IFRS Accounting Standards, these investees would include associates, joint ventures and unconsolidated subsidiaries); (v) for Scope 2 greenhouse gas emissions disclosed in accordance with paragraph 29(a)(i)(2), disclose its location-based Scope 2 greenhouse gas emissions, and provide information about any contractual instruments that is necessary to inform users’ understanding of the entity’s Scope 2 greenhouse gas emissions (see paragraphs B30–B31); and (vi) for Scope 3 greenhouse gas emissions disclosed in accordance with paragraph 29(a)(i)(3), and with reference to paragraphs B32–B57, disclose: (1) the categories included within the entity’s measure of Scope 3 greenhouse gas emissions, in accordance with the Scope 3 categories described in the Greenhouse Gas Protocol Corporate Value Chain (Scope 3) Accounting and Reporting Standard (2011); and (2) additional information about the entity’s financed emissions (which are part of Category 15 greenhouse gas emissions), if its activities include asset management, commercial banking or insurance (see paragraphs B58–B63A); (b) climate-related transition risks—the amount and percentage of assets or business activities vulnerable to climate-related transition risks; (c) climate-related physical risks—the amount and percentage of assets or business activities vulnerable to climate-related physical risks; (d) climate-related opportunities—the amount and percentage of assets or business activities aligned with climate-related opportunities; (e) capital deployment—the amount of capital expenditure, financing or investment deployed towards climate-related risks and opportunities; (f) internal carbon prices—the entity shall disclose: (i) an explanation of whether and how the entity is applying a carbon price in decision-making (for example, investment decisions, transfer pricing and scenario analysis); and (ii) the price for each metric tonne of greenhouse gas emissions the entity uses to assess the costs of its greenhouse gas emissions; (g) remuneration—the entity shall disclose: (i) a description of whether and how climate-related considerations are factored into executive remuneration (see also paragraph 6(a)(v)); and (ii) the percentage of executive management remuneration recognised in the current period that is linked to climate-related considerations.",(b),mandatory,True,"[""metrics"", ""targets""]",medium,1.0,1.0
IFRS_S2_29_C21,IFRS S2,29,15,Metrics and Targets,Metrics and targets,Climate-related metrics,An entity shall disclose information relevant to the cross-industry metric categories of — (c) climate-related physical risks—the amount and percentage of assets or business activities vulnerable to climate-related physical risks,"An entity shall disclose information relevant to the cross-industry metric categories of: (a) greenhouse gases—the entity shall: (i) disclose its absolute gross greenhouse gas emissions generated during the reporting period, expressed as metric tonnes of CO2 equivalent (see paragraphs B19–B22), classified as: (1) Scope 1 greenhouse gas emissions; (2) Scope 2 greenhouse gas emissions; and (3) Scope 3 greenhouse gas emissions; (ii) measure its greenhouse gas emissions in accordance with the Greenhouse Gas Protocol: A Corporate Accounting and Reporting Standard (2004) unless the entity is required, in whole or in part, by a jurisdictional authority or an exchange on which it is listed to use a different method for measuring its greenhouse gas emissions (see paragraphs B23–B25); (iii) disclose the approach it uses to measure its greenhouse gas emissions (see paragraphs B26–B29) including: (1) the measurement approach, inputs and assumptions the entity uses to measure its greenhouse gas emissions; (2) the reason why the entity has chosen the measurement approach, inputs and assumptions it uses to measure its greenhouse gas emissions; and (3) any changes the entity made to the measurement approach, inputs and assumptions during the reporting period and the reasons for those changes; (iv) for Scope 1 and Scope 2 greenhouse gas emissions disclosed in accordance with paragraph 29(a)(i)(1)–(2), disaggregate emissions between: (1) the consolidated accounting group (for example, for an entity applying IFRS Accounting Standards, this group would comprise the parent and its consolidated subsidiaries); and (2) other investees excluded from paragraph 29(a)(iv)(1) (for example, for an entity applying IFRS Accounting Standards, these investees would include associates, joint ventures and unconsolidated subsidiaries); (v) for Scope 2 greenhouse gas emissions disclosed in accordance with paragraph 29(a)(i)(2), disclose its location-based Scope 2 greenhouse gas emissions, and provide information about any contractual instruments that is necessary to inform users’ understanding of the entity’s Scope 2 greenhouse gas emissions (see paragraphs B30–B31); and (vi) for Scope 3 greenhouse gas emissions disclosed in accordance with paragraph 29(a)(i)(3), and with reference to paragraphs B32–B57, disclose: (1) the categories included within the entity’s measure of Scope 3 greenhouse gas emissions, in accordance with the Scope 3 categories described in the Greenhouse Gas Protocol Corporate Value Chain (Scope 3) Accounting and Reporting Standard (2011); and (2) additional information about the entity’s financed emissions (which are part of Category 15 greenhouse gas emissions), if its activities include asset management, commercial banking or insurance (see paragraphs B58–B63A); (b) climate-related transition risks—the amount and percentage of assets or business activities vulnerable to climate-related transition risks; (c) climate-related physical risks—the amount and percentage of assets or business activities vulnerable to climate-related physical risks; (d) climate-related opportunities—the amount and percentage of assets or business activities aligned with climate-related opportunities; (e) capital deployment—the amount of capital expenditure, financing or investment deployed towards climate-related risks and opportunities; (f) internal carbon prices—the entity shall disclose: (i) an explanation of whether and how the entity is applying a carbon price in decision-making (for example, investment decisions, transfer pricing and scenario analysis); and (ii) the price for each metric tonne of greenhouse gas emissions the entity uses to assess the costs of its greenhouse gas emissions; (g) remuneration—the entity shall disclose: (i) a description of whether and how climate-related considerations are factored into executive remuneration (see also paragraph 6(a)(v)); and (ii) the percentage of executive management remuneration recognised in the current period that is linked to climate-related considerations.",(c),mandatory,True,"[""metrics"", ""targets""]",medium,1.0,1.0
IFRS_S2_29_C22,IFRS S2,29,15,Metrics and Targets,Metrics and targets,Climate-related metrics,An entity shall disclose information relevant to the cross-industry metric categories of — (d) climate-related opportunities—the amount and percentage of assets or business activities aligned with climate-related opportunities,"An entity shall disclose information relevant to the cross-industry metric categories of: (a) greenhouse gases—the entity shall: (i) disclose its absolute gross greenhouse gas emissions generated during the reporting period, expressed as metric tonnes of CO2 equivalent (see paragraphs B19–B22), classified as: (1) Scope 1 greenhouse gas emissions; (2) Scope 2 greenhouse gas emissions; and (3) Scope 3 greenhouse gas emissions; (ii) measure its greenhouse gas emissions in accordance with the Greenhouse Gas Protocol: A Corporate Accounting and Reporting Standard (2004) unless the entity is required, in whole or in part, by a jurisdictional authority or an exchange on which it is listed to use a different method for measuring its greenhouse gas emissions (see paragraphs B23–B25); (iii) disclose the approach it uses to measure its greenhouse gas emissions (see paragraphs B26–B29) including: (1) the measurement approach, inputs and assumptions the entity uses to measure its greenhouse gas emissions; (2) the reason why the entity has chosen the measurement approach, inputs and assumptions it uses to measure its greenhouse gas emissions; and (3) any changes the entity made to the measurement approach, inputs and assumptions during the reporting period and the reasons for those changes; (iv) for Scope 1 and Scope 2 greenhouse gas emissions disclosed in accordance with paragraph 29(a)(i)(1)–(2), disaggregate emissions between: (1) the consolidated accounting group (for example, for an entity applying IFRS Accounting Standards, this group would comprise the parent and its consolidated subsidiaries); and (2) other investees excluded from paragraph 29(a)(iv)(1) (for example, for an entity applying IFRS Accounting Standards, these investees would include associates, joint ventures and unconsolidated subsidiaries); (v) for Scope 2 greenhouse gas emissions disclosed in accordance with paragraph 29(a)(i)(2), disclose its location-based Scope 2 greenhouse gas emissions, and provide information about any contractual instruments that is necessary to inform users’ understanding of the entity’s Scope 2 greenhouse gas emissions (see paragraphs B30–B31); and (vi) for Scope 3 greenhouse gas emissions disclosed in accordance with paragraph 29(a)(i)(3), and with reference to paragraphs B32–B57, disclose: (1) the categories included within the entity’s measure of Scope 3 greenhouse gas emissions, in accordance with the Scope 3 categories described in the Greenhouse Gas Protocol Corporate Value Chain (Scope 3) Accounting and Reporting Standard (2011); and (2) additional information about the entity’s financed emissions (which are part of Category 15 greenhouse gas emissions), if its activities include asset management, commercial banking or insurance (see paragraphs B58–B63A); (b) climate-related transition risks—the amount and percentage of assets or business activities vulnerable to climate-related transition risks; (c) climate-related physical risks—the amount and percentage of assets or business activities vulnerable to climate-related physical risks; (d) climate-related opportunities—the amount and percentage of assets or business activities aligned with climate-related opportunities; (e) capital deployment—the amount of capital expenditure, financing or investment deployed towards climate-related risks and opportunities; (f) internal carbon prices—the entity shall disclose: (i) an explanation of whether and how the entity is applying a carbon price in decision-making (for example, investment decisions, transfer pricing and scenario analysis); and (ii) the price for each metric tonne of greenhouse gas emissions the entity uses to assess the costs of its greenhouse gas emissions; (g) remuneration—the entity shall disclose: (i) a description of whether and how climate-related considerations are factored into executive remuneration (see also paragraph 6(a)(v)); and (ii) the percentage of executive management remuneration recognised in the current period that is linked to climate-related considerations.",(d),mandatory,True,"[""metrics"", ""targets""]",medium,1.0,1.0
IFRS_S2_29_C23,IFRS S2,29,15,Metrics and Targets,Metrics and targets,Climate-related metrics,"An entity shall disclose information relevant to the cross-industry metric categories of — (e) capital deployment—the amount of capital expenditure, financing or investment deployed towards climate-related risks and opportunities","An entity shall disclose information relevant to the cross-industry metric categories of: (a) greenhouse gases—the entity shall: (i) disclose its absolute gross greenhouse gas emissions generated during the reporting period, expressed as metric tonnes of CO2 equivalent (see paragraphs B19–B22), classified as: (1) Scope 1 greenhouse gas emissions; (2) Scope 2 greenhouse gas emissions; and (3) Scope 3 greenhouse gas emissions; (ii) measure its greenhouse gas emissions in accordance with the Greenhouse Gas Protocol: A Corporate Accounting and Reporting Standard (2004) unless the entity is required, in whole or in part, by a jurisdictional authority or an exchange on which it is listed to use a different method for measuring its greenhouse gas emissions (see paragraphs B23–B25); (iii) disclose the approach it uses to measure its greenhouse gas emissions (see paragraphs B26–B29) including: (1) the measurement approach, inputs and assumptions the entity uses to measure its greenhouse gas emissions; (2) the reason why the entity has chosen the measurement approach, inputs and assumptions it uses to measure its greenhouse gas emissions; and (3) any changes the entity made to the measurement approach, inputs and assumptions during the reporting period and the reasons for those changes; (iv) for Scope 1 and Scope 2 greenhouse gas emissions disclosed in accordance with paragraph 29(a)(i)(1)–(2), disaggregate emissions between: (1) the consolidated accounting group (for example, for an entity applying IFRS Accounting Standards, this group would comprise the parent and its consolidated subsidiaries); and (2) other investees excluded from paragraph 29(a)(iv)(1) (for example, for an entity applying IFRS Accounting Standards, these investees would include associates, joint ventures and unconsolidated subsidiaries); (v) for Scope 2 greenhouse gas emissions disclosed in accordance with paragraph 29(a)(i)(2), disclose its location-based Scope 2 greenhouse gas emissions, and provide information about any contractual instruments that is necessary to inform users’ understanding of the entity’s Scope 2 greenhouse gas emissions (see paragraphs B30–B31); and (vi) for Scope 3 greenhouse gas emissions disclosed in accordance with paragraph 29(a)(i)(3), and with reference to paragraphs B32–B57, disclose: (1) the categories included within the entity’s measure of Scope 3 greenhouse gas emissions, in accordance with the Scope 3 categories described in the Greenhouse Gas Protocol Corporate Value Chain (Scope 3) Accounting and Reporting Standard (2011); and (2) additional information about the entity’s financed emissions (which are part of Category 15 greenhouse gas emissions), if its activities include asset management, commercial banking or insurance (see paragraphs B58–B63A); (b) climate-related transition risks—the amount and percentage of assets or business activities vulnerable to climate-related transition risks; (c) climate-related physical risks—the amount and percentage of assets or business activities vulnerable to climate-related physical risks; (d) climate-related opportunities—the amount and percentage of assets or business activities aligned with climate-related opportunities; (e) capital deployment—the amount of capital expenditure, financing or investment deployed towards climate-related risks and opportunities; (f) internal carbon prices—the entity shall disclose: (i) an explanation of whether and how the entity is applying a carbon price in decision-making (for example, investment decisions, transfer pricing and scenario analysis); and (ii) the price for each metric tonne of greenhouse gas emissions the entity uses to assess the costs of its greenhouse gas emissions; (g) remuneration—the entity shall disclose: (i) a description of whether and how climate-related considerations are factored into executive remuneration (see also paragraph 6(a)(v)); and (ii) the percentage of executive management remuneration recognised in the current period that is linked to climate-related considerations.",(e),mandatory,True,"[""metrics"", ""targets""]",medium,1.0,1.0
IFRS_S2_29_C25,IFRS S2,29,15,Metrics and Targets,Metrics and targets,Climate-related metrics,"An entity shall disclose information relevant to the cross-industry metric categories of — (f) internal carbon prices—the entity shall disclose: — (i) an explanation of whether and how the entity is applying a carbon price in decision-making (for example, investment decisions, transfer pricing and scenario analysis)","An entity shall disclose information relevant to the cross-industry metric categories of: (a) greenhouse gases—the entity shall: (i) disclose its absolute gross greenhouse gas emissions generated during the reporting period, expressed as metric tonnes of CO2 equivalent (see paragraphs B19–B22), classified as: (1) Scope 1 greenhouse gas emissions; (2) Scope 2 greenhouse gas emissions; and (3) Scope 3 greenhouse gas emissions; (ii) measure its greenhouse gas emissions in accordance with the Greenhouse Gas Protocol: A Corporate Accounting and Reporting Standard (2004) unless the entity is required, in whole or in part, by a jurisdictional authority or an exchange on which it is listed to use a different method for measuring its greenhouse gas emissions (see paragraphs B23–B25); (iii) disclose the approach it uses to measure its greenhouse gas emissions (see paragraphs B26–B29) including: (1) the measurement approach, inputs and assumptions the entity uses to measure its greenhouse gas emissions; (2) the reason why the entity has chosen the measurement approach, inputs and assumptions it uses to measure its greenhouse gas emissions; and (3) any changes the entity made to the measurement approach, inputs and assumptions during the reporting period and the reasons for those changes; (iv) for Scope 1 and Scope 2 greenhouse gas emissions disclosed in accordance with paragraph 29(a)(i)(1)–(2), disaggregate emissions between: (1) the consolidated accounting group (for example, for an entity applying IFRS Accounting Standards, this group would comprise the parent and its consolidated subsidiaries); and (2) other investees excluded from paragraph 29(a)(iv)(1) (for example, for an entity applying IFRS Accounting Standards, these investees would include associates, joint ventures and unconsolidated subsidiaries); (v) for Scope 2 greenhouse gas emissions disclosed in accordance with paragraph 29(a)(i)(2), disclose its location-based Scope 2 greenhouse gas emissions, and provide information about any contractual instruments that is necessary to inform users’ understanding of the entity’s Scope 2 greenhouse gas emissions (see paragraphs B30–B31); and (vi) for Scope 3 greenhouse gas emissions disclosed in accordance with paragraph 29(a)(i)(3), and with reference to paragraphs B32–B57, disclose: (1) the categories included within the entity’s measure of Scope 3 greenhouse gas emissions, in accordance with the Scope 3 categories described in the Greenhouse Gas Protocol Corporate Value Chain (Scope 3) Accounting and Reporting Standard (2011); and (2) additional information about the entity’s financed emissions (which are part of Category 15 greenhouse gas emissions), if its activities include asset management, commercial banking or insurance (see paragraphs B58–B63A); (b) climate-related transition risks—the amount and percentage of assets or business activities vulnerable to climate-related transition risks; (c) climate-related physical risks—the amount and percentage of assets or business activities vulnerable to climate-related physical risks; (d) climate-related opportunities—the amount and percentage of assets or business activities aligned with climate-related opportunities; (e) capital deployment—the amount of capital expenditure, financing or investment deployed towards climate-related risks and opportunities; (f) internal carbon prices—the entity shall disclose: (i) an explanation of whether and how the entity is applying a carbon price in decision-making (for example, investment decisions, transfer pricing and scenario analysis); and (ii) the price for each metric tonne of greenhouse gas emissions the entity uses to assess the costs of its greenhouse gas emissions; (g) remuneration—the entity shall disclose: (i) a description of whether and how climate-related considerations are factored into executive remuneration (see also paragraph 6(a)(v)); and (ii) the percentage of executive management remuneration recognised in the current period that is linked to climate-related considerations.",(f)>(i),mandatory,True,"[""scenario_analysis"", ""metrics"", ""targets""]",medium,1.0,1.0
IFRS_S2_29_C26,IFRS S2,29,15,Metrics and Targets,Metrics and targets,Climate-related metrics,An entity shall disclose information relevant to the cross-industry metric categories of — (f) internal carbon prices—the entity shall disclose: — (ii) the price for each metric tonne of greenhouse gas emissions the entity uses to assess the costs of its greenhouse gas emissions,"An entity shall disclose information relevant to the cross-industry metric categories of: (a) greenhouse gases—the entity shall: (i) disclose its absolute gross greenhouse gas emissions generated during the reporting period, expressed as metric tonnes of CO2 equivalent (see paragraphs B19–B22), classified as: (1) Scope 1 greenhouse gas emissions; (2) Scope 2 greenhouse gas emissions; and (3) Scope 3 greenhouse gas emissions; (ii) measure its greenhouse gas emissions in accordance with the Greenhouse Gas Protocol: A Corporate Accounting and Reporting Standard (2004) unless the entity is required, in whole or in part, by a jurisdictional authority or an exchange on which it is listed to use a different method for measuring its greenhouse gas emissions (see paragraphs B23–B25); (iii) disclose the approach it uses to measure its greenhouse gas emissions (see paragraphs B26–B29) including: (1) the measurement approach, inputs and assumptions the entity uses to measure its greenhouse gas emissions; (2) the reason why the entity has chosen the measurement approach, inputs and assumptions it uses to measure its greenhouse gas emissions; and (3) any changes the entity made to the measurement approach, inputs and assumptions during the reporting period and the reasons for those changes; (iv) for Scope 1 and Scope 2 greenhouse gas emissions disclosed in accordance with paragraph 29(a)(i)(1)–(2), disaggregate emissions between: (1) the consolidated accounting group (for example, for an entity applying IFRS Accounting Standards, this group would comprise the parent and its consolidated subsidiaries); and (2) other investees excluded from paragraph 29(a)(iv)(1) (for example, for an entity applying IFRS Accounting Standards, these investees would include associates, joint ventures and unconsolidated subsidiaries); (v) for Scope 2 greenhouse gas emissions disclosed in accordance with paragraph 29(a)(i)(2), disclose its location-based Scope 2 greenhouse gas emissions, and provide information about any contractual instruments that is necessary to inform users’ understanding of the entity’s Scope 2 greenhouse gas emissions (see paragraphs B30–B31); and (vi) for Scope 3 greenhouse gas emissions disclosed in accordance with paragraph 29(a)(i)(3), and with reference to paragraphs B32–B57, disclose: (1) the categories included within the entity’s measure of Scope 3 greenhouse gas emissions, in accordance with the Scope 3 categories described in the Greenhouse Gas Protocol Corporate Value Chain (Scope 3) Accounting and Reporting Standard (2011); and (2) additional information about the entity’s financed emissions (which are part of Category 15 greenhouse gas emissions), if its activities include asset management, commercial banking or insurance (see paragraphs B58–B63A); (b) climate-related transition risks—the amount and percentage of assets or business activities vulnerable to climate-related transition risks; (c) climate-related physical risks—the amount and percentage of assets or business activities vulnerable to climate-related physical risks; (d) climate-related opportunities—the amount and percentage of assets or business activities aligned with climate-related opportunities; (e) capital deployment—the amount of capital expenditure, financing or investment deployed towards climate-related risks and opportunities; (f) internal carbon prices—the entity shall disclose: (i) an explanation of whether and how the entity is applying a carbon price in decision-making (for example, investment decisions, transfer pricing and scenario analysis); and (ii) the price for each metric tonne of greenhouse gas emissions the entity uses to assess the costs of its greenhouse gas emissions; (g) remuneration—the entity shall disclose: (i) a description of whether and how climate-related considerations are factored into executive remuneration (see also paragraph 6(a)(v)); and (ii) the percentage of executive management remuneration recognised in the current period that is linked to climate-related considerations.",(f)>(ii),mandatory,True,"[""metrics"", ""targets"", ""ghg_emissions""]",medium,1.0,1.0
IFRS_S2_29_C28,IFRS S2,29,15,Metrics and Targets,Metrics and targets,Climate-related metrics,An entity shall disclose information relevant to the cross-industry metric categories of — (g) remuneration—the entity shall disclose: — (i) a description of whether and how climate-related considerations are factored into executive remuneration (see also paragraph 6(a)(v)),"An entity shall disclose information relevant to the cross-industry metric categories of: (a) greenhouse gases—the entity shall: (i) disclose its absolute gross greenhouse gas emissions generated during the reporting period, expressed as metric tonnes of CO2 equivalent (see paragraphs B19–B22), classified as: (1) Scope 1 greenhouse gas emissions; (2) Scope 2 greenhouse gas emissions; and (3) Scope 3 greenhouse gas emissions; (ii) measure its greenhouse gas emissions in accordance with the Greenhouse Gas Protocol: A Corporate Accounting and Reporting Standard (2004) unless the entity is required, in whole or in part, by a jurisdictional authority or an exchange on which it is listed to use a different method for measuring its greenhouse gas emissions (see paragraphs B23–B25); (iii) disclose the approach it uses to measure its greenhouse gas emissions (see paragraphs B26–B29) including: (1) the measurement approach, inputs and assumptions the entity uses to measure its greenhouse gas emissions; (2) the reason why the entity has chosen the measurement approach, inputs and assumptions it uses to measure its greenhouse gas emissions; and (3) any changes the entity made to the measurement approach, inputs and assumptions during the reporting period and the reasons for those changes; (iv) for Scope 1 and Scope 2 greenhouse gas emissions disclosed in accordance with paragraph 29(a)(i)(1)–(2), disaggregate emissions between: (1) the consolidated accounting group (for example, for an entity applying IFRS Accounting Standards, this group would comprise the parent and its consolidated subsidiaries); and (2) other investees excluded from paragraph 29(a)(iv)(1) (for example, for an entity applying IFRS Accounting Standards, these investees would include associates, joint ventures and unconsolidated subsidiaries); (v) for Scope 2 greenhouse gas emissions disclosed in accordance with paragraph 29(a)(i)(2), disclose its location-based Scope 2 greenhouse gas emissions, and provide information about any contractual instruments that is necessary to inform users’ understanding of the entity’s Scope 2 greenhouse gas emissions (see paragraphs B30–B31); and (vi) for Scope 3 greenhouse gas emissions disclosed in accordance with paragraph 29(a)(i)(3), and with reference to paragraphs B32–B57, disclose: (1) the categories included within the entity’s measure of Scope 3 greenhouse gas emissions, in accordance with the Scope 3 categories described in the Greenhouse Gas Protocol Corporate Value Chain (Scope 3) Accounting and Reporting Standard (2011); and (2) additional information about the entity’s financed emissions (which are part of Category 15 greenhouse gas emissions), if its activities include asset management, commercial banking or insurance (see paragraphs B58–B63A); (b) climate-related transition risks—the amount and percentage of assets or business activities vulnerable to climate-related transition risks; (c) climate-related physical risks—the amount and percentage of assets or business activities vulnerable to climate-related physical risks; (d) climate-related opportunities—the amount and percentage of assets or business activities aligned with climate-related opportunities; (e) capital deployment—the amount of capital expenditure, financing or investment deployed towards climate-related risks and opportunities; (f) internal carbon prices—the entity shall disclose: (i) an explanation of whether and how the entity is applying a carbon price in decision-making (for example, investment decisions, transfer pricing and scenario analysis); and (ii) the price for each metric tonne of greenhouse gas emissions the entity uses to assess the costs of its greenhouse gas emissions; (g) remuneration—the entity shall disclose: (i) a description of whether and how climate-related considerations are factored into executive remuneration (see also paragraph 6(a)(v)); and (ii) the percentage of executive management remuneration recognised in the current period that is linked to climate-related considerations.",(g)>(i),mandatory,True,"[""metrics"", ""targets"", ""remuneration""]",medium,1.0,1.0
IFRS_S2_29_C29,IFRS S2,29,15,Metrics and Targets,Metrics and targets,Climate-related metrics,An entity shall disclose information relevant to the cross-industry metric categories of — (g) remuneration—the entity shall disclose: — (ii) the percentage of executive management remuneration recognised in the current period that is linked to climate-related considerations.,"An entity shall disclose information relevant to the cross-industry metric categories of: (a) greenhouse gases—the entity shall: (i) disclose its absolute gross greenhouse gas emissions generated during the reporting period, expressed as metric tonnes of CO2 equivalent (see paragraphs B19–B22), classified as: (1) Scope 1 greenhouse gas emissions; (2) Scope 2 greenhouse gas emissions; and (3) Scope 3 greenhouse gas emissions; (ii) measure its greenhouse gas emissions in accordance with the Greenhouse Gas Protocol: A Corporate Accounting and Reporting Standard (2004) unless the entity is required, in whole or in part, by a jurisdictional authority or an exchange on which it is listed to use a different method for measuring its greenhouse gas emissions (see paragraphs B23–B25); (iii) disclose the approach it uses to measure its greenhouse gas emissions (see paragraphs B26–B29) including: (1) the measurement approach, inputs and assumptions the entity uses to measure its greenhouse gas emissions; (2) the reason why the entity has chosen the measurement approach, inputs and assumptions it uses to measure its greenhouse gas emissions; and (3) any changes the entity made to the measurement approach, inputs and assumptions during the reporting period and the reasons for those changes; (iv) for Scope 1 and Scope 2 greenhouse gas emissions disclosed in accordance with paragraph 29(a)(i)(1)–(2), disaggregate emissions between: (1) the consolidated accounting group (for example, for an entity applying IFRS Accounting Standards, this group would comprise the parent and its consolidated subsidiaries); and (2) other investees excluded from paragraph 29(a)(iv)(1) (for example, for an entity applying IFRS Accounting Standards, these investees would include associates, joint ventures and unconsolidated subsidiaries); (v) for Scope 2 greenhouse gas emissions disclosed in accordance with paragraph 29(a)(i)(2), disclose its location-based Scope 2 greenhouse gas emissions, and provide information about any contractual instruments that is necessary to inform users’ understanding of the entity’s Scope 2 greenhouse gas emissions (see paragraphs B30–B31); and (vi) for Scope 3 greenhouse gas emissions disclosed in accordance with paragraph 29(a)(i)(3), and with reference to paragraphs B32–B57, disclose: (1) the categories included within the entity’s measure of Scope 3 greenhouse gas emissions, in accordance with the Scope 3 categories described in the Greenhouse Gas Protocol Corporate Value Chain (Scope 3) Accounting and Reporting Standard (2011); and (2) additional information about the entity’s financed emissions (which are part of Category 15 greenhouse gas emissions), if its activities include asset management, commercial banking or insurance (see paragraphs B58–B63A); (b) climate-related transition risks—the amount and percentage of assets or business activities vulnerable to climate-related transition risks; (c) climate-related physical risks—the amount and percentage of assets or business activities vulnerable to climate-related physical risks; (d) climate-related opportunities—the amount and percentage of assets or business activities aligned with climate-related opportunities; (e) capital deployment—the amount of capital expenditure, financing or investment deployed towards climate-related risks and opportunities; (f) internal carbon prices—the entity shall disclose: (i) an explanation of whether and how the entity is applying a carbon price in decision-making (for example, investment decisions, transfer pricing and scenario analysis); and (ii) the price for each metric tonne of greenhouse gas emissions the entity uses to assess the costs of its greenhouse gas emissions; (g) remuneration—the entity shall disclose: (i) a description of whether and how climate-related considerations are factored into executive remuneration (see also paragraph 6(a)(v)); and (ii) the percentage of executive management remuneration recognised in the current period that is linked to climate-related considerations.",(g)>(ii),mandatory,True,"[""metrics"", ""targets"", ""remuneration""]",medium,1.0,1.0
IFRS_S2_29B_C01,IFRS S2,29B,17,Metrics and Targets,Metrics and targets,Climate-related metrics,"If an entity applies the limitation in paragraph 29A, the entity shall — (a) explain what it has treated as a derivative to enable users of general purpose financial reports to understand how it applied the limitation. For example, the entity could explain that, in applying the limitation, it treated as derivatives items that meet the definition of a derivative in accordance with the requirements of IFRS Accounting Standards or other applicable generally accepted accounting principles or practices (GAAP) used in preparing its related financial statements.","If an entity applies the limitation in paragraph 29A, the entity shall: (a) explain what it has treated as a derivative to enable users of general purpose financial reports to understand how it applied the limitation. For example, the entity could explain that, in applying the limitation, it treated as derivatives items that meet the definition of a derivative in accordance with the requirements of IFRS Accounting Standards or other applicable generally accepted accounting principles or practices (GAAP) used in preparing its related financial statements. (b) describe the financial activities it has excluded from its measure of Scope 3 Category 15 greenhouse gas emissions as a result of applying paragraph 29A, including activities associated with derivatives.",(a),mandatory,True,"[""metrics"", ""targets"", ""connected_information""]",medium,1.0,1.0
IFRS_S2_29B_C02,IFRS S2,29B,17,Metrics and Targets,Metrics and targets,Climate-related metrics,"If an entity applies the limitation in paragraph 29A, the entity shall — (b) describe the financial activities it has excluded from its measure of Scope 3 Category 15 greenhouse gas emissions as a result of applying paragraph 29A, including activities associated with derivatives.","If an entity applies the limitation in paragraph 29A, the entity shall: (a) explain what it has treated as a derivative to enable users of general purpose financial reports to understand how it applied the limitation. For example, the entity could explain that, in applying the limitation, it treated as derivatives items that meet the definition of a derivative in accordance with the requirements of IFRS Accounting Standards or other applicable generally accepted accounting principles or practices (GAAP) used in preparing its related financial statements. (b) describe the financial activities it has excluded from its measure of Scope 3 Category 15 greenhouse gas emissions as a result of applying paragraph 29A, including activities associated with derivatives.",(b),mandatory,True,"[""metrics"", ""targets"", ""ghg_emissions"", ""scope_3"", ""financed_emissions""]",high,1.0,1.0
IFRS_S2_29C_C01,IFRS S2,29C,17,Metrics and Targets,Metrics and targets,Climate-related metrics,"If an entity has included Category 15 greenhouse gas emissions in its measure of Scope 3 greenhouse gas emissions disclosed in accordance with paragraph 29(a)(i)(3), the entity shall disclose the total Category 15 greenhouse gas emissions and the subtotal of financed emissions included in that total.","If an entity has included Category 15 greenhouse gas emissions in its measure of Scope 3 greenhouse gas emissions disclosed in accordance with paragraph 29(a)(i)(3), the entity shall disclose the total Category 15 greenhouse gas emissions and the subtotal of financed emissions included in that total.",,mandatory,True,"[""metrics"", ""targets"", ""ghg_emissions"", ""scope_3"", ""financed_emissions""]",high,1.0,1.0
IFRS_S2_30_C01,IFRS S2,30,17,Metrics and Targets,Metrics and targets,Climate-related metrics,"In preparing disclosures to meet the requirements in paragraph 29(b)–(d), an entity shall use all reasonable and supportable information that is available to the entity at the reporting date without undue cost or effort.","In preparing disclosures to meet the requirements in paragraph 29(b)–(d), an entity shall use all reasonable and supportable information that is available to the entity at the reporting date without undue cost or effort.",,mandatory,True,"[""metrics"", ""targets""]",medium,1.0,1.0
IFRS_S2_31_C01,IFRS S2,31,17,Metrics and Targets,Metrics and targets,Climate-related metrics,"In preparing disclosures to meet the requirements in paragraph 29(b)–(g), an entity shall refer to paragraphs B64–B65.","In preparing disclosures to meet the requirements in paragraph 29(b)–(g), an entity shall refer to paragraphs B64–B65.",,mandatory,True,"[""metrics"", ""targets""]",medium,1.0,1.0
IFRS_S2_32_C01,IFRS S2,32,18,Metrics and Targets,Metrics and targets,Climate-related metrics,"An entity shall disclose industry-based metrics that are associated with one or more particular business models, activities or other common features that characterise participation in an industry. In determining the industry-based metrics that the entity discloses, the entity shall refer to and consider the applicability of the industry-based metrics associated with disclosure topics described in the Industry-based Guidance on Implementing IFRS S2.","An entity shall disclose industry-based metrics that are associated with one or more particular business models, activities or other common features that characterise participation in an industry. In determining the industry-based metrics that the entity discloses, the entity shall refer to and consider the applicability of the industry-based metrics associated with disclosure topics described in the Industry-based Guidance on Implementing IFRS S2.",,mandatory,True,"[""business_model_value_chain"", ""metrics"", ""targets"", ""source_guidance""]",medium,1.0,1.0
IFRS_S2_33_C01,IFRS S2,33,18,Metrics and Targets,Metrics and targets,Climate-related targets,"An entity shall disclose the quantitative and qualitative climate-related targets it has set to monitor progress towards achieving its strategic goals, and any targets it is required to meet by law or regulation, including any greenhouse gas emissions targets. For each target, the entity shall disclose — (a) the metric used to set the target (see paragraphs B66–B67)","An entity shall disclose the quantitative and qualitative climate-related targets it has set to monitor progress towards achieving its strategic goals, and any targets it is required to meet by law or regulation, including any greenhouse gas emissions targets. For each target, the entity shall disclose: (a) the metric used to set the target (see paragraphs B66–B67); (b) the objective of the target (for example, mitigation, adaptation or conformance with science-based initiatives); (c) the part of the entity to which the target applies (for example, whether the target applies to the entity in its entirety or only a part of the entity, such as a specific business unit or specific geographical region); (d) the period over which the target applies; (e) the base period from which progress is measured; (f) any milestones and interim targets; (g) if the target is quantitative, whether it is an absolute target or an intensity target; and (h) how the latest international agreement on climate change, including jurisdictional commitments that arise from that agreement, has informed the target.",(a),mandatory,True,"[""metrics"", ""targets"", ""ghg_emissions""]",medium,1.0,1.0
IFRS_S2_33_C02,IFRS S2,33,18,Metrics and Targets,Metrics and targets,Climate-related targets,"An entity shall disclose the quantitative and qualitative climate-related targets it has set to monitor progress towards achieving its strategic goals, and any targets it is required to meet by law or regulation, including any greenhouse gas emissions targets. For each target, the entity shall disclose — (b) the objective of the target (for example, mitigation, adaptation or conformance with science-based initiatives)","An entity shall disclose the quantitative and qualitative climate-related targets it has set to monitor progress towards achieving its strategic goals, and any targets it is required to meet by law or regulation, including any greenhouse gas emissions targets. For each target, the entity shall disclose: (a) the metric used to set the target (see paragraphs B66–B67); (b) the objective of the target (for example, mitigation, adaptation or conformance with science-based initiatives); (c) the part of the entity to which the target applies (for example, whether the target applies to the entity in its entirety or only a part of the entity, such as a specific business unit or specific geographical region); (d) the period over which the target applies; (e) the base period from which progress is measured; (f) any milestones and interim targets; (g) if the target is quantitative, whether it is an absolute target or an intensity target; and (h) how the latest international agreement on climate change, including jurisdictional commitments that arise from that agreement, has informed the target.",(b),mandatory,True,"[""metrics"", ""targets"", ""ghg_emissions""]",medium,1.0,1.0
IFRS_S2_33_C03,IFRS S2,33,18,Metrics and Targets,Metrics and targets,Climate-related targets,"An entity shall disclose the quantitative and qualitative climate-related targets it has set to monitor progress towards achieving its strategic goals, and any targets it is required to meet by law or regulation, including any greenhouse gas emissions targets. For each target, the entity shall disclose — (c) the part of the entity to which the target applies (for example, whether the target applies to the entity in its entirety or only a part of the entity, such as a specific business unit or specific geographical region)","An entity shall disclose the quantitative and qualitative climate-related targets it has set to monitor progress towards achieving its strategic goals, and any targets it is required to meet by law or regulation, including any greenhouse gas emissions targets. For each target, the entity shall disclose: (a) the metric used to set the target (see paragraphs B66–B67); (b) the objective of the target (for example, mitigation, adaptation or conformance with science-based initiatives); (c) the part of the entity to which the target applies (for example, whether the target applies to the entity in its entirety or only a part of the entity, such as a specific business unit or specific geographical region); (d) the period over which the target applies; (e) the base period from which progress is measured; (f) any milestones and interim targets; (g) if the target is quantitative, whether it is an absolute target or an intensity target; and (h) how the latest international agreement on climate change, including jurisdictional commitments that arise from that agreement, has informed the target.",(c),mandatory,True,"[""metrics"", ""targets"", ""ghg_emissions""]",medium,1.0,1.0
IFRS_S2_33_C04,IFRS S2,33,18,Metrics and Targets,Metrics and targets,Climate-related targets,"An entity shall disclose the quantitative and qualitative climate-related targets it has set to monitor progress towards achieving its strategic goals, and any targets it is required to meet by law or regulation, including any greenhouse gas emissions targets. For each target, the entity shall disclose — (d) the period over which the target applies","An entity shall disclose the quantitative and qualitative climate-related targets it has set to monitor progress towards achieving its strategic goals, and any targets it is required to meet by law or regulation, including any greenhouse gas emissions targets. For each target, the entity shall disclose: (a) the metric used to set the target (see paragraphs B66–B67); (b) the objective of the target (for example, mitigation, adaptation or conformance with science-based initiatives); (c) the part of the entity to which the target applies (for example, whether the target applies to the entity in its entirety or only a part of the entity, such as a specific business unit or specific geographical region); (d) the period over which the target applies; (e) the base period from which progress is measured; (f) any milestones and interim targets; (g) if the target is quantitative, whether it is an absolute target or an intensity target; and (h) how the latest international agreement on climate change, including jurisdictional commitments that arise from that agreement, has informed the target.",(d),mandatory,True,"[""metrics"", ""targets"", ""ghg_emissions""]",medium,1.0,1.0
IFRS_S2_33_C05,IFRS S2,33,18,Metrics and Targets,Metrics and targets,Climate-related targets,"An entity shall disclose the quantitative and qualitative climate-related targets it has set to monitor progress towards achieving its strategic goals, and any targets it is required to meet by law or regulation, including any greenhouse gas emissions targets. For each target, the entity shall disclose — (e) the base period from which progress is measured","An entity shall disclose the quantitative and qualitative climate-related targets it has set to monitor progress towards achieving its strategic goals, and any targets it is required to meet by law or regulation, including any greenhouse gas emissions targets. For each target, the entity shall disclose: (a) the metric used to set the target (see paragraphs B66–B67); (b) the objective of the target (for example, mitigation, adaptation or conformance with science-based initiatives); (c) the part of the entity to which the target applies (for example, whether the target applies to the entity in its entirety or only a part of the entity, such as a specific business unit or specific geographical region); (d) the period over which the target applies; (e) the base period from which progress is measured; (f) any milestones and interim targets; (g) if the target is quantitative, whether it is an absolute target or an intensity target; and (h) how the latest international agreement on climate change, including jurisdictional commitments that arise from that agreement, has informed the target.",(e),mandatory,True,"[""metrics"", ""targets"", ""ghg_emissions""]",medium,1.0,1.0
IFRS_S2_33_C06,IFRS S2,33,18,Metrics and Targets,Metrics and targets,Climate-related targets,"An entity shall disclose the quantitative and qualitative climate-related targets it has set to monitor progress towards achieving its strategic goals, and any targets it is required to meet by law or regulation, including any greenhouse gas emissions targets. For each target, the entity shall disclose — (f) any milestones and interim targets","An entity shall disclose the quantitative and qualitative climate-related targets it has set to monitor progress towards achieving its strategic goals, and any targets it is required to meet by law or regulation, including any greenhouse gas emissions targets. For each target, the entity shall disclose: (a) the metric used to set the target (see paragraphs B66–B67); (b) the objective of the target (for example, mitigation, adaptation or conformance with science-based initiatives); (c) the part of the entity to which the target applies (for example, whether the target applies to the entity in its entirety or only a part of the entity, such as a specific business unit or specific geographical region); (d) the period over which the target applies; (e) the base period from which progress is measured; (f) any milestones and interim targets; (g) if the target is quantitative, whether it is an absolute target or an intensity target; and (h) how the latest international agreement on climate change, including jurisdictional commitments that arise from that agreement, has informed the target.",(f),mandatory,True,"[""metrics"", ""targets"", ""ghg_emissions""]",medium,1.0,1.0
IFRS_S2_33_C07,IFRS S2,33,18,Metrics and Targets,Metrics and targets,Climate-related targets,"An entity shall disclose the quantitative and qualitative climate-related targets it has set to monitor progress towards achieving its strategic goals, and any targets it is required to meet by law or regulation, including any greenhouse gas emissions targets. For each target, the entity shall disclose — (g) if the target is quantitative, whether it is an absolute target or an intensity target","An entity shall disclose the quantitative and qualitative climate-related targets it has set to monitor progress towards achieving its strategic goals, and any targets it is required to meet by law or regulation, including any greenhouse gas emissions targets. For each target, the entity shall disclose: (a) the metric used to set the target (see paragraphs B66–B67); (b) the objective of the target (for example, mitigation, adaptation or conformance with science-based initiatives); (c) the part of the entity to which the target applies (for example, whether the target applies to the entity in its entirety or only a part of the entity, such as a specific business unit or specific geographical region); (d) the period over which the target applies; (e) the base period from which progress is measured; (f) any milestones and interim targets; (g) if the target is quantitative, whether it is an absolute target or an intensity target; and (h) how the latest international agreement on climate change, including jurisdictional commitments that arise from that agreement, has informed the target.",(g),mandatory,True,"[""metrics"", ""targets"", ""ghg_emissions""]",medium,1.0,1.0
IFRS_S2_33_C08,IFRS S2,33,18,Metrics and Targets,Metrics and targets,Climate-related targets,"An entity shall disclose the quantitative and qualitative climate-related targets it has set to monitor progress towards achieving its strategic goals, and any targets it is required to meet by law or regulation, including any greenhouse gas emissions targets. For each target, the entity shall disclose — (h) how the latest international agreement on climate change, including jurisdictional commitments that arise from that agreement, has informed the target.","An entity shall disclose the quantitative and qualitative climate-related targets it has set to monitor progress towards achieving its strategic goals, and any targets it is required to meet by law or regulation, including any greenhouse gas emissions targets. For each target, the entity shall disclose: (a) the metric used to set the target (see paragraphs B66–B67); (b) the objective of the target (for example, mitigation, adaptation or conformance with science-based initiatives); (c) the part of the entity to which the target applies (for example, whether the target applies to the entity in its entirety or only a part of the entity, such as a specific business unit or specific geographical region); (d) the period over which the target applies; (e) the base period from which progress is measured; (f) any milestones and interim targets; (g) if the target is quantitative, whether it is an absolute target or an intensity target; and (h) how the latest international agreement on climate change, including jurisdictional commitments that arise from that agreement, has informed the target.",(h),mandatory,True,"[""metrics"", ""targets"", ""ghg_emissions""]",medium,1.0,1.0
IFRS_S2_34_C01,IFRS S2,34,18,Metrics and Targets,Metrics and targets,Climate-related targets,"An entity shall disclose information about its approach to setting and reviewing each target, and how it monitors progress against each target, including — (a) whether the target and the methodology for setting the target has been validated by a third party","An entity shall disclose information about its approach to setting and reviewing each target, and how it monitors progress against each target, including: (a) whether the target and the methodology for setting the target has been validated by a third party; (b) the entity’s processes for reviewing the target; (c) the metrics used to monitor progress towards reaching the target; and (d) any revisions to the target and an explanation for those revisions.",(a),mandatory,True,"[""metrics"", ""targets""]",medium,1.0,1.0
IFRS_S2_34_C02,IFRS S2,34,18,Metrics and Targets,Metrics and targets,Climate-related targets,"An entity shall disclose information about its approach to setting and reviewing each target, and how it monitors progress against each target, including — (b) the entity’s processes for reviewing the target","An entity shall disclose information about its approach to setting and reviewing each target, and how it monitors progress against each target, including: (a) whether the target and the methodology for setting the target has been validated by a third party; (b) the entity’s processes for reviewing the target; (c) the metrics used to monitor progress towards reaching the target; and (d) any revisions to the target and an explanation for those revisions.",(b),mandatory,True,"[""metrics"", ""targets""]",medium,1.0,1.0
IFRS_S2_34_C03,IFRS S2,34,18,Metrics and Targets,Metrics and targets,Climate-related targets,"An entity shall disclose information about its approach to setting and reviewing each target, and how it monitors progress against each target, including — (c) the metrics used to monitor progress towards reaching the target","An entity shall disclose information about its approach to setting and reviewing each target, and how it monitors progress against each target, including: (a) whether the target and the methodology for setting the target has been validated by a third party; (b) the entity’s processes for reviewing the target; (c) the metrics used to monitor progress towards reaching the target; and (d) any revisions to the target and an explanation for those revisions.",(c),mandatory,True,"[""metrics"", ""targets""]",medium,1.0,1.0
IFRS_S2_34_C04,IFRS S2,34,18,Metrics and Targets,Metrics and targets,Climate-related targets,"An entity shall disclose information about its approach to setting and reviewing each target, and how it monitors progress against each target, including — (d) any revisions to the target and an explanation for those revisions.","An entity shall disclose information about its approach to setting and reviewing each target, and how it monitors progress against each target, including: (a) whether the target and the methodology for setting the target has been validated by a third party; (b) the entity’s processes for reviewing the target; (c) the metrics used to monitor progress towards reaching the target; and (d) any revisions to the target and an explanation for those revisions.",(d),mandatory,True,"[""metrics"", ""targets""]",medium,1.0,1.0
IFRS_S2_35_C01,IFRS S2,35,18,Metrics and Targets,Metrics and targets,Climate-related targets,An entity shall disclose information about its performance against each climate-related target and an analysis of trends or changes in the entity’s performance.,An entity shall disclose information about its performance against each climate-related target and an analysis of trends or changes in the entity’s performance.,,mandatory,True,"[""metrics"", ""targets""]",medium,1.0,1.0
IFRS_S2_36_C01,IFRS S2,36,18,Metrics and Targets,Metrics and targets,Climate-related targets,"For each greenhouse gas emissions target disclosed in accordance with paragraphs 33–35, an entity shall disclose — (a) which greenhouse gases are covered by the target.","For each greenhouse gas emissions target disclosed in accordance with paragraphs 33–35, an entity shall disclose: (a) which greenhouse gases are covered by the target. (b) whether Scope 1, Scope 2 or Scope 3 greenhouse gas emissions are covered by the target. (c) whether the target is a gross greenhouse gas emissions target or net greenhouse gas emissions target. If the entity discloses a net greenhouse gas emissions target, the entity is also required to separately disclose its associated gross greenhouse gas emissions target (see paragraphs B68–B69). (d) whether the target was derived using a sectoral decarbonisation approach. (e) the entity’s planned use of carbon credits to offset greenhouse gas emissions to achieve any net greenhouse gas emissions target. In explaining its planned use of carbon credits the entity shall disclose information including, and with reference to paragraphs B70–B71: (i) the extent to which, and how, achieving any net greenhouse gas emissions target relies on the use of carbon credits; (ii) which third-party scheme(s) will verify or certify the carbon credits; (iii) the type of carbon credit, including whether the underlying offset will be nature-based or based on technological carbon removals, and whether the underlying offset is achieved through carbon reduction or removal; and (iv) any other factors necessary for users of general purpose financial reports to understand the credibility and integrity of the carbon credits the entity plans to use (for example, assumptions regarding the permanence of the carbon offset).",(a),mandatory,True,"[""metrics"", ""targets"", ""ghg_emissions""]",medium,1.0,1.0
IFRS_S2_36_C02,IFRS S2,36,18,Metrics and Targets,Metrics and targets,Climate-related targets,"For each greenhouse gas emissions target disclosed in accordance with paragraphs 33–35, an entity shall disclose — (b) whether Scope 1, Scope 2 or Scope 3 greenhouse gas emissions are covered by the target.","For each greenhouse gas emissions target disclosed in accordance with paragraphs 33–35, an entity shall disclose: (a) which greenhouse gases are covered by the target. (b) whether Scope 1, Scope 2 or Scope 3 greenhouse gas emissions are covered by the target. (c) whether the target is a gross greenhouse gas emissions target or net greenhouse gas emissions target. If the entity discloses a net greenhouse gas emissions target, the entity is also required to separately disclose its associated gross greenhouse gas emissions target (see paragraphs B68–B69). (d) whether the target was derived using a sectoral decarbonisation approach. (e) the entity’s planned use of carbon credits to offset greenhouse gas emissions to achieve any net greenhouse gas emissions target. In explaining its planned use of carbon credits the entity shall disclose information including, and with reference to paragraphs B70–B71: (i) the extent to which, and how, achieving any net greenhouse gas emissions target relies on the use of carbon credits; (ii) which third-party scheme(s) will verify or certify the carbon credits; (iii) the type of carbon credit, including whether the underlying offset will be nature-based or based on technological carbon removals, and whether the underlying offset is achieved through carbon reduction or removal; and (iv) any other factors necessary for users of general purpose financial reports to understand the credibility and integrity of the carbon credits the entity plans to use (for example, assumptions regarding the permanence of the carbon offset).",(b),mandatory,True,"[""metrics"", ""targets"", ""ghg_emissions"", ""scope_1"", ""scope_2"", ""scope_3""]",medium,1.0,1.0
IFRS_S2_36_C03,IFRS S2,36,18,Metrics and Targets,Metrics and targets,Climate-related targets,"For each greenhouse gas emissions target disclosed in accordance with paragraphs 33–35, an entity shall disclose — (c) whether the target is a gross greenhouse gas emissions target or net greenhouse gas emissions target. If the entity discloses a net greenhouse gas emissions target, the entity is also required to separately disclose its associated gross greenhouse gas emissions target (see paragraphs B68–B69).","For each greenhouse gas emissions target disclosed in accordance with paragraphs 33–35, an entity shall disclose: (a) which greenhouse gases are covered by the target. (b) whether Scope 1, Scope 2 or Scope 3 greenhouse gas emissions are covered by the target. (c) whether the target is a gross greenhouse gas emissions target or net greenhouse gas emissions target. If the entity discloses a net greenhouse gas emissions target, the entity is also required to separately disclose its associated gross greenhouse gas emissions target (see paragraphs B68–B69). (d) whether the target was derived using a sectoral decarbonisation approach. (e) the entity’s planned use of carbon credits to offset greenhouse gas emissions to achieve any net greenhouse gas emissions target. In explaining its planned use of carbon credits the entity shall disclose information including, and with reference to paragraphs B70–B71: (i) the extent to which, and how, achieving any net greenhouse gas emissions target relies on the use of carbon credits; (ii) which third-party scheme(s) will verify or certify the carbon credits; (iii) the type of carbon credit, including whether the underlying offset will be nature-based or based on technological carbon removals, and whether the underlying offset is achieved through carbon reduction or removal; and (iv) any other factors necessary for users of general purpose financial reports to understand the credibility and integrity of the carbon credits the entity plans to use (for example, assumptions regarding the permanence of the carbon offset).",(c),mandatory,True,"[""metrics"", ""targets"", ""ghg_emissions""]",medium,1.0,1.0
IFRS_S2_36_C04,IFRS S2,36,18,Metrics and Targets,Metrics and targets,Climate-related targets,"For each greenhouse gas emissions target disclosed in accordance with paragraphs 33–35, an entity shall disclose — (d) whether the target was derived using a sectoral decarbonisation approach.","For each greenhouse gas emissions target disclosed in accordance with paragraphs 33–35, an entity shall disclose: (a) which greenhouse gases are covered by the target. (b) whether Scope 1, Scope 2 or Scope 3 greenhouse gas emissions are covered by the target. (c) whether the target is a gross greenhouse gas emissions target or net greenhouse gas emissions target. If the entity discloses a net greenhouse gas emissions target, the entity is also required to separately disclose its associated gross greenhouse gas emissions target (see paragraphs B68–B69). (d) whether the target was derived using a sectoral decarbonisation approach. (e) the entity’s planned use of carbon credits to offset greenhouse gas emissions to achieve any net greenhouse gas emissions target. In explaining its planned use of carbon credits the entity shall disclose information including, and with reference to paragraphs B70–B71: (i) the extent to which, and how, achieving any net greenhouse gas emissions target relies on the use of carbon credits; (ii) which third-party scheme(s) will verify or certify the carbon credits; (iii) the type of carbon credit, including whether the underlying offset will be nature-based or based on technological carbon removals, and whether the underlying offset is achieved through carbon reduction or removal; and (iv) any other factors necessary for users of general purpose financial reports to understand the credibility and integrity of the carbon credits the entity plans to use (for example, assumptions regarding the permanence of the carbon offset).",(d),mandatory,True,"[""metrics"", ""targets"", ""ghg_emissions""]",medium,1.0,1.0
IFRS_S2_36_C06,IFRS S2,36,18,Metrics and Targets,Metrics and targets,Climate-related targets,"For each greenhouse gas emissions target disclosed in accordance with paragraphs 33–35, an entity shall disclose — (e) the entity’s planned use of carbon credits to offset greenhouse gas emissions to achieve any net greenhouse gas emissions target. In explaining its planned use of carbon credits the entity shall disclose information including, and with reference to paragraphs B70–B71: — (i) the extent to which, and how, achieving any net greenhouse gas emissions target relies on the use of carbon credits","For each greenhouse gas emissions target disclosed in accordance with paragraphs 33–35, an entity shall disclose: (a) which greenhouse gases are covered by the target. (b) whether Scope 1, Scope 2 or Scope 3 greenhouse gas emissions are covered by the target. (c) whether the target is a gross greenhouse gas emissions target or net greenhouse gas emissions target. If the entity discloses a net greenhouse gas emissions target, the entity is also required to separately disclose its associated gross greenhouse gas emissions target (see paragraphs B68–B69). (d) whether the target was derived using a sectoral decarbonisation approach. (e) the entity’s planned use of carbon credits to offset greenhouse gas emissions to achieve any net greenhouse gas emissions target. In explaining its planned use of carbon credits the entity shall disclose information including, and with reference to paragraphs B70–B71: (i) the extent to which, and how, achieving any net greenhouse gas emissions target relies on the use of carbon credits; (ii) which third-party scheme(s) will verify or certify the carbon credits; (iii) the type of carbon credit, including whether the underlying offset will be nature-based or based on technological carbon removals, and whether the underlying offset is achieved through carbon reduction or removal; and (iv) any other factors necessary for users of general purpose financial reports to understand the credibility and integrity of the carbon credits the entity plans to use (for example, assumptions regarding the permanence of the carbon offset).",(e)>(i),mandatory,True,"[""metrics"", ""targets"", ""ghg_emissions"", ""carbon_credits""]",medium,1.0,1.0
IFRS_S2_36_C07,IFRS S2,36,18,Metrics and Targets,Metrics and targets,Climate-related targets,"For each greenhouse gas emissions target disclosed in accordance with paragraphs 33–35, an entity shall disclose — (e) the entity’s planned use of carbon credits to offset greenhouse gas emissions to achieve any net greenhouse gas emissions target. In explaining its planned use of carbon credits the entity shall disclose information including, and with reference to paragraphs B70–B71: — (ii) which third-party scheme(s) will verify or certify the carbon credits","For each greenhouse gas emissions target disclosed in accordance with paragraphs 33–35, an entity shall disclose: (a) which greenhouse gases are covered by the target. (b) whether Scope 1, Scope 2 or Scope 3 greenhouse gas emissions are covered by the target. (c) whether the target is a gross greenhouse gas emissions target or net greenhouse gas emissions target. If the entity discloses a net greenhouse gas emissions target, the entity is also required to separately disclose its associated gross greenhouse gas emissions target (see paragraphs B68–B69). (d) whether the target was derived using a sectoral decarbonisation approach. (e) the entity’s planned use of carbon credits to offset greenhouse gas emissions to achieve any net greenhouse gas emissions target. In explaining its planned use of carbon credits the entity shall disclose information including, and with reference to paragraphs B70–B71: (i) the extent to which, and how, achieving any net greenhouse gas emissions target relies on the use of carbon credits; (ii) which third-party scheme(s) will verify or certify the carbon credits; (iii) the type of carbon credit, including whether the underlying offset will be nature-based or based on technological carbon removals, and whether the underlying offset is achieved through carbon reduction or removal; and (iv) any other factors necessary for users of general purpose financial reports to understand the credibility and integrity of the carbon credits the entity plans to use (for example, assumptions regarding the permanence of the carbon offset).",(e)>(ii),mandatory,True,"[""metrics"", ""targets"", ""ghg_emissions"", ""carbon_credits""]",medium,1.0,1.0
IFRS_S2_36_C08,IFRS S2,36,18,Metrics and Targets,Metrics and targets,Climate-related targets,"For each greenhouse gas emissions target disclosed in accordance with paragraphs 33–35, an entity shall disclose — (e) the entity’s planned use of carbon credits to offset greenhouse gas emissions to achieve any net greenhouse gas emissions target. In explaining its planned use of carbon credits the entity shall disclose information including, and with reference to paragraphs B70–B71: — (iii) the type of carbon credit, including whether the underlying offset will be nature-based or based on technological carbon removals, and whether the underlying offset is achieved through carbon reduction or removal","For each greenhouse gas emissions target disclosed in accordance with paragraphs 33–35, an entity shall disclose: (a) which greenhouse gases are covered by the target. (b) whether Scope 1, Scope 2 or Scope 3 greenhouse gas emissions are covered by the target. (c) whether the target is a gross greenhouse gas emissions target or net greenhouse gas emissions target. If the entity discloses a net greenhouse gas emissions target, the entity is also required to separately disclose its associated gross greenhouse gas emissions target (see paragraphs B68–B69). (d) whether the target was derived using a sectoral decarbonisation approach. (e) the entity’s planned use of carbon credits to offset greenhouse gas emissions to achieve any net greenhouse gas emissions target. In explaining its planned use of carbon credits the entity shall disclose information including, and with reference to paragraphs B70–B71: (i) the extent to which, and how, achieving any net greenhouse gas emissions target relies on the use of carbon credits; (ii) which third-party scheme(s) will verify or certify the carbon credits; (iii) the type of carbon credit, including whether the underlying offset will be nature-based or based on technological carbon removals, and whether the underlying offset is achieved through carbon reduction or removal; and (iv) any other factors necessary for users of general purpose financial reports to understand the credibility and integrity of the carbon credits the entity plans to use (for example, assumptions regarding the permanence of the carbon offset).",(e)>(iii),mandatory,True,"[""metrics"", ""targets"", ""ghg_emissions"", ""carbon_credits""]",medium,1.0,1.0
IFRS_S2_36_C09,IFRS S2,36,18,Metrics and Targets,Metrics and targets,Climate-related targets,"For each greenhouse gas emissions target disclosed in accordance with paragraphs 33–35, an entity shall disclose — (e) the entity’s planned use of carbon credits to offset greenhouse gas emissions to achieve any net greenhouse gas emissions target. In explaining its planned use of carbon credits the entity shall disclose information including, and with reference to paragraphs B70–B71: — (iv) any other factors necessary for users of general purpose financial reports to understand the credibility and integrity of the carbon credits the entity plans to use (for example, assumptions regarding the permanence of the carbon offset).","For each greenhouse gas emissions target disclosed in accordance with paragraphs 33–35, an entity shall disclose: (a) which greenhouse gases are covered by the target. (b) whether Scope 1, Scope 2 or Scope 3 greenhouse gas emissions are covered by the target. (c) whether the target is a gross greenhouse gas emissions target or net greenhouse gas emissions target. If the entity discloses a net greenhouse gas emissions target, the entity is also required to separately disclose its associated gross greenhouse gas emissions target (see paragraphs B68–B69). (d) whether the target was derived using a sectoral decarbonisation approach. (e) the entity’s planned use of carbon credits to offset greenhouse gas emissions to achieve any net greenhouse gas emissions target. In explaining its planned use of carbon credits the entity shall disclose information including, and with reference to paragraphs B70–B71: (i) the extent to which, and how, achieving any net greenhouse gas emissions target relies on the use of carbon credits; (ii) which third-party scheme(s) will verify or certify the carbon credits; (iii) the type of carbon credit, including whether the underlying offset will be nature-based or based on technological carbon removals, and whether the underlying offset is achieved through carbon reduction or removal; and (iv) any other factors necessary for users of general purpose financial reports to understand the credibility and integrity of the carbon credits the entity plans to use (for example, assumptions regarding the permanence of the carbon offset).",(e)>(iv),mandatory,True,"[""metrics"", ""targets"", ""ghg_emissions"", ""carbon_credits""]",medium,1.0,1.0
IFRS_S2_37_C01,IFRS S2,37,19,Metrics and Targets,Metrics and targets,Climate-related targets,"In identifying and disclosing the metrics used to set and monitor progress towards reaching a target described in paragraphs 33–34, an entity shall refer to and consider the applicability of cross-industry metrics (see paragraph 29) and industry-based metrics (see paragraph 32), including those described in an applicable IFRS Sustainability Disclosure Standard, or metrics that otherwise satisfy the requirements in IFRS S1.","In identifying and disclosing the metrics used to set and monitor progress towards reaching a target described in paragraphs 33–34, an entity shall refer to and consider the applicability of cross-industry metrics (see paragraph 29) and industry-based metrics (see paragraph 32), including those described in an applicable IFRS Sustainability Disclosure Standard, or metrics that otherwise satisfy the requirements in IFRS S1.",,mandatory,True,"[""metrics"", ""targets""]",medium,1.0,1.0
IFRS_S2_B20_C01,IFRS S2,B20,30,Metrics and Targets,Greenhouse gas emissions,Greenhouse gas emissions,"Paragraph 29(a) requires an entity to disclose its absolute gross greenhouse gas emissions generated during the reporting period, expressed as metric tonnes of CO2 equivalent. To meet this requirement, the entity shall aggregate the seven constituent greenhouse gases into CO2 equivalent values.","Paragraph 29(a) requires an entity to disclose its absolute gross greenhouse gas emissions generated during the reporting period, expressed as metric tonnes of CO2 equivalent. To meet this requirement, the entity shall aggregate the seven constituent greenhouse gases into CO2 equivalent values.",,mandatory,True,"[""metrics"", ""ghg_emissions""]",medium,1.0,1.0
IFRS_S2_B21_C01,IFRS S2,B21,30,Metrics and Targets,Greenhouse gas emissions,Greenhouse gas emissions,"If an entity uses direct measurement to measure its greenhouse gas emissions, the entity is required to convert the seven constituent greenhouse gases into a CO2 equivalent value using global warming potential values based on a 100-year time horizon, from the latest Intergovernmental Panel on Climate Change assessment available at the reporting date. The requirement to use such global warming potential values applies unless the entity is required, in whole or in part, by a jurisdictional authority or an exchange on which it is listed to use different global warming potential values for converting the seven constituent greenhouse gases into a CO2 equivalent value. In such a case, the entity is instead permitted to use the global warming potential values required by such a jurisdictional authority or exchange for the part of the entity to which that requirement applies, for as long as that requirement applies to that part of the entity.","If an entity uses direct measurement to measure its greenhouse gas emissions, the entity is required to convert the seven constituent greenhouse gases into a CO2 equivalent value using global warming potential values based on a 100-year time horizon, from the latest Intergovernmental Panel on Climate Change assessment available at the reporting date. The requirement to use such global warming potential values applies unless the entity is required, in whole or in part, by a jurisdictional authority or an exchange on which it is listed to use different global warming potential values for converting the seven constituent greenhouse gases into a CO2 equivalent value. In such a case, the entity is instead permitted to use the global warming potential values required by such a jurisdictional authority or exchange for the part of the entity to which that requirement applies, for as long as that requirement applies to that part of the entity.",,mandatory,True,"[""ghg_emissions""]",medium,1.0,1.0
IFRS_S2_B23_C02,IFRS S2,B23,31,Metrics and Targets,Greenhouse gas emissions,Greenhouse gas emissions,"Paragraph 29(a) — (ii) requires an entity to disclose its greenhouse gas emissions measured in accordance with the Greenhouse Gas Protocol: A Corporate Accounting and Reporting Standard (2004). For the avoidance of doubt, an entity shall apply the requirements in the Greenhouse Gas Protocol: A Corporate Accounting and Reporting Standard — (2004) only to the extent that they do not conflict with the requirements in this Standard. For example, the Greenhouse Gas Protocol: A Corporate Accounting and Reporting Standard","Paragraph 29(a)(ii) requires an entity to disclose its greenhouse gas emissions measured in accordance with the Greenhouse Gas Protocol: A Corporate Accounting and Reporting Standard (2004). For the avoidance of doubt, an entity shall apply the requirements in the Greenhouse Gas Protocol: A Corporate Accounting and Reporting Standard (2004) only to the extent that they do not conflict with the requirements in this Standard. For example, the Greenhouse Gas Protocol: A Corporate Accounting and Reporting Standard (2004) does not require an entity to disclose its Scope 3 greenhouse gas emissions, however, the entity is required to disclose Scope 3 greenhouse gas emissions in accordance with paragraph 29(a).",(ii)>(2004),mandatory,True,"[""ghg_emissions""]",medium,1.0,1.0
IFRS_S2_B23_C03,IFRS S2,B23,31,Metrics and Targets,Greenhouse gas emissions,Greenhouse gas emissions,"Paragraph 29(a) — (ii) requires an entity to disclose its greenhouse gas emissions measured in accordance with the Greenhouse Gas Protocol: A Corporate Accounting and Reporting Standard (2004). For the avoidance of doubt, an entity shall apply the requirements in the Greenhouse Gas Protocol: A Corporate Accounting and Reporting Standard — (2004) does not require an entity to disclose its Scope 3 greenhouse gas emissions, however, the entity is required to disclose Scope 3 greenhouse gas emissions in accordance with paragraph 29(a).","Paragraph 29(a)(ii) requires an entity to disclose its greenhouse gas emissions measured in accordance with the Greenhouse Gas Protocol: A Corporate Accounting and Reporting Standard (2004). For the avoidance of doubt, an entity shall apply the requirements in the Greenhouse Gas Protocol: A Corporate Accounting and Reporting Standard (2004) only to the extent that they do not conflict with the requirements in this Standard. For example, the Greenhouse Gas Protocol: A Corporate Accounting and Reporting Standard (2004) does not require an entity to disclose its Scope 3 greenhouse gas emissions, however, the entity is required to disclose Scope 3 greenhouse gas emissions in accordance with paragraph 29(a).",(ii)>(2004),mandatory,True,"[""ghg_emissions"", ""scope_3""]",medium,1.0,1.0
IFRS_S2_B26_C01,IFRS S2,B26,32,Metrics and Targets,"Measurement approach, inputs and assumptions","Measurement approach, inputs and assumptions","Paragraph 29(a) — (iii) requires an entity to disclose the measurement approach, inputs and assumptions it uses to measure its greenhouse gas emissions. As part of this requirement, the entity shall include information about:","Paragraph 29(a)(iii) requires an entity to disclose the measurement approach, inputs and assumptions it uses to measure its greenhouse gas emissions. As part of this requirement, the entity shall include information about: (a) the measurement approach the entity uses in accordance with the Greenhouse Gas Protocol: A Corporate Accounting and Reporting Standard (2004) (see paragraph B27); (b) the applicable method if the entity is not using the Greenhouse Gas Protocol: A Corporate Accounting and Reporting Standard (2004) and the measurement approach the entity uses (see paragraph B28); and (c) the emission factors the entity uses (see paragraph B29). The measurement approach set out in the Greenhouse Gas Protocol",(iii),mandatory,True,"[""ghg_emissions""]",medium,0.8,1.0
IFRS_S2_B27_C01,IFRS S2,B27,32,Metrics and Targets,"Measurement approach, inputs and assumptions","Measurement approach, inputs and assumptions","The Greenhouse Gas Protocol: A Corporate Accounting and Reporting Standard — (2004) includes different measurement approaches that an entity might use when measuring its greenhouse gas emissions. In disclosing information in accordance with paragraph 29(a)(iii), the entity is required to disclose information about the measurement approach it uses. For example, when the entity discloses its greenhouse gas emissions measured in accordance with the Greenhouse Gas Protocol: A Corporate Accounting and Reporting Standard (2004), the entity is required to use the equity share or control approach. Specifically, the entity shall disclose:","The Greenhouse Gas Protocol: A Corporate Accounting and Reporting Standard (2004) includes different measurement approaches that an entity might use when measuring its greenhouse gas emissions. In disclosing information in accordance with paragraph 29(a)(iii), the entity is required to disclose information about the measurement approach it uses. For example, when the entity discloses its greenhouse gas emissions measured in accordance with the Greenhouse Gas Protocol: A Corporate Accounting and Reporting Standard (2004), the entity is required to use the equity share or control approach. Specifically, the entity shall disclose: (a) the approach it uses to determine its greenhouse gas emissions (for example, the equity share or control approach in the Greenhouse Gas Protocol: A Corporate Accounting and Reporting Standard (2004)); and (b) the reason, or reasons, for the entity’s choice of measurement approach and how that approach relates to the disclosure objective in paragraph 27. Other methods and measurement approaches",(2004),mandatory,True,"[""ghg_emissions""]",medium,1.0,1.0
IFRS_S2_B28_C01,IFRS S2,B28,32,Metrics and Targets,"Measurement approach, inputs and assumptions","Measurement approach, inputs and assumptions","When an entity discloses its greenhouse gas emissions measured in accordance with another method, applying paragraphs 29(a)(ii), B24–B25 or C4(a), the entity shall disclose for each alternative method — (a) the applicable method and measurement approach the entity uses to determine its greenhouse gas emissions","When an entity discloses its greenhouse gas emissions measured in accordance with another method, applying paragraphs 29(a)(ii), B24–B25 or C4(a), the entity shall disclose for each alternative method: (a) the applicable method and measurement approach the entity uses to determine its greenhouse gas emissions; and (b) the reason, or reasons, for the entity’s choice of method and measurement approach and how that approach relates to the disclosure objective in paragraph 27. Emission factors",(a),mandatory,True,"[""ghg_emissions""]",medium,1.0,1.0
IFRS_S2_B28_C02,IFRS S2,B28,32,Metrics and Targets,"Measurement approach, inputs and assumptions","Measurement approach, inputs and assumptions","When an entity discloses its greenhouse gas emissions measured in accordance with another method, applying paragraphs 29(a)(ii), B24–B25 or C4(a), the entity shall disclose for each alternative method — (b) the reason, or reasons, for the entity’s choice of method and measurement approach and how that approach relates to the disclosure objective in paragraph 27. Emission factors","When an entity discloses its greenhouse gas emissions measured in accordance with another method, applying paragraphs 29(a)(ii), B24–B25 or C4(a), the entity shall disclose for each alternative method: (a) the applicable method and measurement approach the entity uses to determine its greenhouse gas emissions; and (b) the reason, or reasons, for the entity’s choice of method and measurement approach and how that approach relates to the disclosure objective in paragraph 27. Emission factors",(b),mandatory,True,"[""ghg_emissions""]",medium,1.0,1.0
IFRS_S2_B29_C01,IFRS S2,B29,33,Metrics and Targets,"Measurement approach, inputs and assumptions","Measurement approach, inputs and assumptions","As part of an entity’s disclosure of the measurement approach, inputs and assumptions, the entity shall disclose information to enable users of general purpose financial reports to understand which emission factors the entity uses in its measurement of its greenhouse gas emissions. This Standard does not specify emission factors an entity is required to use in its measurement of its greenhouse gas emissions. Instead, this Standard requires an entity to use emission factors that best represent the entity’s activity as its basis for measuring its greenhouse gas emissions.","As part of an entity’s disclosure of the measurement approach, inputs and assumptions, the entity shall disclose information to enable users of general purpose financial reports to understand which emission factors the entity uses in its measurement of its greenhouse gas emissions. This Standard does not specify emission factors an entity is required to use in its measurement of its greenhouse gas emissions. Instead, this Standard requires an entity to use emission factors that best represent the entity’s activity as its basis for measuring its greenhouse gas emissions.",,mandatory,True,"[""ghg_emissions""]",medium,1.0,1.0
IFRS_S2_B30_C01,IFRS S2,B30,33,Metrics and Targets,Scope 2 greenhouse gas emissions,Scope 2 greenhouse gas emissions,"Paragraph 29(a) — (v) requires an entity to disclose its location-based Scope 2 greenhouse gas emissions and provide information about any contractual instruments the entity has entered into that could inform users’ understanding of the entity’s Scope 2 greenhouse gas emissions. For the avoidance of doubt, an entity is required to disclose its Scope 2 greenhouse gas emissions using a location-based approach and is required to provide information about contractual instruments only if such instruments exist and information about them informs users’ understanding of an entity’s Scope 2 greenhouse gas emissions.","Paragraph 29(a)(v) requires an entity to disclose its location-based Scope 2 greenhouse gas emissions and provide information about any contractual instruments the entity has entered into that could inform users’ understanding of the entity’s Scope 2 greenhouse gas emissions. For the avoidance of doubt, an entity is required to disclose its Scope 2 greenhouse gas emissions using a location-based approach and is required to provide information about contractual instruments only if such instruments exist and information about them informs users’ understanding of an entity’s Scope 2 greenhouse gas emissions.",(v),mandatory,True,"[""ghg_emissions"", ""scope_2""]",medium,0.8,1.0
IFRS_S2_B32_C01,IFRS S2,B32,33,Metrics and Targets,Scope 3 greenhouse gas emissions,Scope 3 greenhouse gas emissions,"In accordance with paragraph 29(a)(vi), an entity shall disclose information about its Scope 3 greenhouse gas emissions to enable users of general purpose financial reports to understand the source of these emissions. The entity shall consider its entire value chain (upstream and downstream) and shall consider all 15 categories of Scope 3 greenhouse gas emissions, as described in the Greenhouse Gas Protocol Corporate Value Chain (Scope 3) Accounting and Reporting Standard (2011). In accordance with paragraph 29(a)(vi), the entity shall disclose which of these categories are included in its Scope 3 greenhouse gas emissions disclosures.","In accordance with paragraph 29(a)(vi), an entity shall disclose information about its Scope 3 greenhouse gas emissions to enable users of general purpose financial reports to understand the source of these emissions. The entity shall consider its entire value chain (upstream and downstream) and shall consider all 15 categories of Scope 3 greenhouse gas emissions, as described in the Greenhouse Gas Protocol Corporate Value Chain (Scope 3) Accounting and Reporting Standard (2011). In accordance with paragraph 29(a)(vi), the entity shall disclose which of these categories are included in its Scope 3 greenhouse gas emissions disclosures.",,mandatory,True,"[""business_model_value_chain"", ""ghg_emissions"", ""scope_3""]",medium,1.0,1.0
IFRS_S2_B33_C01,IFRS S2,B33,33,Metrics and Targets,Scope 3 greenhouse gas emissions,Scope 3 greenhouse gas emissions,"For the avoidance of doubt, regardless of the method an entity uses to measure its greenhouse gas emissions, the entity is required to disclose the categories included within its measure of Scope 3 greenhouse gas emissions as described in paragraph 29(a)(vi)(1).","For the avoidance of doubt, regardless of the method an entity uses to measure its greenhouse gas emissions, the entity is required to disclose the categories included within its measure of Scope 3 greenhouse gas emissions as described in paragraph 29(a)(vi)(1).",,mandatory,True,"[""ghg_emissions"", ""scope_3""]",medium,1.0,1.0
IFRS_S2_B34_C01,IFRS S2,B34,34,Metrics and Targets,Scope 3 greenhouse gas emissions,Scope 3 greenhouse gas emissions,"In accordance with paragraph B11 in IFRS S1, on the occurrence of a significant event or a significant change in circumstances, an entity shall reassess the scope of all affected climate-related risks and opportunities throughout its value chain, including reassessing which Scope 3 categories and entities throughout its value chain to include in the measurement of its Scope 3 greenhouse gas emissions. A significant event or significant change in circumstances can occur without the entity being involved in that event or change in circumstances or as a result of a change in what the entity assesses to be important to users of general purpose financial reports. For example, such significant events or significant changes in circumstances might include — (a) a significant change in the entity’s value chain (for example, a supplier in the entity’s value chain makes a change that significantly alters the supplier’s greenhouse gas emissions)","In accordance with paragraph B11 in IFRS S1, on the occurrence of a significant event or a significant change in circumstances, an entity shall reassess the scope of all affected climate-related risks and opportunities throughout its value chain, including reassessing which Scope 3 categories and entities throughout its value chain to include in the measurement of its Scope 3 greenhouse gas emissions. A significant event or significant change in circumstances can occur without the entity being involved in that event or change in circumstances or as a result of a change in what the entity assesses to be important to users of general purpose financial reports. For example, such significant events or significant changes in circumstances might include: (a) a significant change in the entity’s value chain (for example, a supplier in the entity’s value chain makes a change that significantly alters the supplier’s greenhouse gas emissions); (b) a significant change in the entity’s business model, activities or corporate structure (for example, a merger or acquisition that expands the entity’s value chain); and (c) a significant change in the entity’s exposure to climate-related risks and opportunities (for example, a supplier in the entity’s value chain is affected by the introduction of an emissions regulation that the entity had not anticipated).",(a),mandatory,True,"[""business_model_value_chain"", ""ghg_emissions"", ""scope_3""]",medium,1.0,1.0
IFRS_S2_B34_C02,IFRS S2,B34,34,Metrics and Targets,Scope 3 greenhouse gas emissions,Scope 3 greenhouse gas emissions,"In accordance with paragraph B11 in IFRS S1, on the occurrence of a significant event or a significant change in circumstances, an entity shall reassess the scope of all affected climate-related risks and opportunities throughout its value chain, including reassessing which Scope 3 categories and entities throughout its value chain to include in the measurement of its Scope 3 greenhouse gas emissions. A significant event or significant change in circumstances can occur without the entity being involved in that event or change in circumstances or as a result of a change in what the entity assesses to be important to users of general purpose financial reports. For example, such significant events or significant changes in circumstances might include — (b) a significant change in the entity’s business model, activities or corporate structure (for example, a merger or acquisition that expands the entity’s value chain)","In accordance with paragraph B11 in IFRS S1, on the occurrence of a significant event or a significant change in circumstances, an entity shall reassess the scope of all affected climate-related risks and opportunities throughout its value chain, including reassessing which Scope 3 categories and entities throughout its value chain to include in the measurement of its Scope 3 greenhouse gas emissions. A significant event or significant change in circumstances can occur without the entity being involved in that event or change in circumstances or as a result of a change in what the entity assesses to be important to users of general purpose financial reports. For example, such significant events or significant changes in circumstances might include: (a) a significant change in the entity’s value chain (for example, a supplier in the entity’s value chain makes a change that significantly alters the supplier’s greenhouse gas emissions); (b) a significant change in the entity’s business model, activities or corporate structure (for example, a merger or acquisition that expands the entity’s value chain); and (c) a significant change in the entity’s exposure to climate-related risks and opportunities (for example, a supplier in the entity’s value chain is affected by the introduction of an emissions regulation that the entity had not anticipated).",(b),mandatory,True,"[""business_model_value_chain"", ""ghg_emissions"", ""scope_3""]",medium,1.0,1.0
IFRS_S2_B34_C03,IFRS S2,B34,34,Metrics and Targets,Scope 3 greenhouse gas emissions,Scope 3 greenhouse gas emissions,"In accordance with paragraph B11 in IFRS S1, on the occurrence of a significant event or a significant change in circumstances, an entity shall reassess the scope of all affected climate-related risks and opportunities throughout its value chain, including reassessing which Scope 3 categories and entities throughout its value chain to include in the measurement of its Scope 3 greenhouse gas emissions. A significant event or significant change in circumstances can occur without the entity being involved in that event or change in circumstances or as a result of a change in what the entity assesses to be important to users of general purpose financial reports. For example, such significant events or significant changes in circumstances might include — (c) a significant change in the entity’s exposure to climate-related risks and opportunities (for example, a supplier in the entity’s value chain is affected by the introduction of an emissions regulation that the entity had not anticipated).","In accordance with paragraph B11 in IFRS S1, on the occurrence of a significant event or a significant change in circumstances, an entity shall reassess the scope of all affected climate-related risks and opportunities throughout its value chain, including reassessing which Scope 3 categories and entities throughout its value chain to include in the measurement of its Scope 3 greenhouse gas emissions. A significant event or significant change in circumstances can occur without the entity being involved in that event or change in circumstances or as a result of a change in what the entity assesses to be important to users of general purpose financial reports. For example, such significant events or significant changes in circumstances might include: (a) a significant change in the entity’s value chain (for example, a supplier in the entity’s value chain makes a change that significantly alters the supplier’s greenhouse gas emissions); (b) a significant change in the entity’s business model, activities or corporate structure (for example, a merger or acquisition that expands the entity’s value chain); and (c) a significant change in the entity’s exposure to climate-related risks and opportunities (for example, a supplier in the entity’s value chain is affected by the introduction of an emissions regulation that the entity had not anticipated).",(c),mandatory,True,"[""business_model_value_chain"", ""ghg_emissions"", ""scope_3""]",medium,1.0,1.0
IFRS_S2_B36_C01,IFRS S2,B36,34,Metrics and Targets,Scope 3 greenhouse gas emissions,Scope 3 greenhouse gas emissions,"In accordance with paragraph B6(b) in IFRS S1, to determine the scope of the value chain, which includes its breadth and composition, an entity shall use all reasonable and supportable information that is available to the entity at the reporting date without undue cost or effort.","In accordance with paragraph B6(b) in IFRS S1, to determine the scope of the value chain, which includes its breadth and composition, an entity shall use all reasonable and supportable information that is available to the entity at the reporting date without undue cost or effort.",,mandatory,True,"[""business_model_value_chain"", ""ghg_emissions"", ""scope_3""]",medium,1.0,1.0
IFRS_S2_B37_C01,IFRS S2,B37,34,Metrics and Targets,Scope 3 greenhouse gas emissions,Scope 3 greenhouse gas emissions,"An entity that participates in one or more financial activities associated with asset management, commercial banking and insurance shall disclose additional information about the financed emissions associated with those activities as part of the entity’s disclosure of its Scope 3 greenhouse gas emissions (see paragraphs B58–B63A).","An entity that participates in one or more financial activities associated with asset management, commercial banking and insurance shall disclose additional information about the financed emissions associated with those activities as part of the entity’s disclosure of its Scope 3 greenhouse gas emissions (see paragraphs B58–B63A).",,mandatory,True,"[""ghg_emissions"", ""scope_3"", ""financed_emissions"", ""commercial_banking"", ""asset_management"", ""insurance""]",high,1.0,1.0
IFRS_S2_B38_C01,IFRS S2,B38,34,Metrics and Targets,Scope 3 measurement framework,Scope 3 measurement framework,"An entity’s measurement of Scope 3 greenhouse gas emissions is likely to include the use of estimation rather than solely comprising direct measurement. In measuring Scope 3 greenhouse gas emissions an entity shall use a measurement approach, inputs and assumptions that result in a faithful representation of this measurement. The measurement framework described in paragraphs B40–B54 provides guidance for an entity to use in preparing its Scope 3 greenhouse gas emissions disclosures.","An entity’s measurement of Scope 3 greenhouse gas emissions is likely to include the use of estimation rather than solely comprising direct measurement. In measuring Scope 3 greenhouse gas emissions an entity shall use a measurement approach, inputs and assumptions that result in a faithful representation of this measurement. The measurement framework described in paragraphs B40–B54 provides guidance for an entity to use in preparing its Scope 3 greenhouse gas emissions disclosures.",,mandatory,True,"[""ghg_emissions"", ""scope_3""]",medium,1.0,1.0
IFRS_S2_B39_C01,IFRS S2,B39,34,Metrics and Targets,Scope 3 measurement framework,Scope 3 measurement framework,"An entity is required to use all reasonable and supportable information that is available to the entity at the reporting date without undue cost or effort when the entity selects the measurement approach, inputs and assumptions it uses in measuring Scope 3 greenhouse gas emissions.","An entity is required to use all reasonable and supportable information that is available to the entity at the reporting date without undue cost or effort when the entity selects the measurement approach, inputs and assumptions it uses in measuring Scope 3 greenhouse gas emissions.",,mandatory,True,"[""ghg_emissions"", ""scope_3""]",medium,1.0,1.0
IFRS_S2_B40_C01,IFRS S2,B40,35,Metrics and Targets,Scope 3 measurement framework,Scope 3 measurement framework,"An entity’s measurement of Scope 3 greenhouse gas emissions relies upon a range of inputs. This Standard does not specify the inputs the entity is required to use to measure its Scope 3 greenhouse gas emissions, but does require the entity to prioritise inputs and assumptions using these identifying characteristics (which are listed in no particular order) — (a) data based on direct measurement (paragraphs B43–B45)","An entity’s measurement of Scope 3 greenhouse gas emissions relies upon a range of inputs. This Standard does not specify the inputs the entity is required to use to measure its Scope 3 greenhouse gas emissions, but does require the entity to prioritise inputs and assumptions using these identifying characteristics (which are listed in no particular order): (a) data based on direct measurement (paragraphs B43–B45); (b) data from specific activities within the entity’s value chain (paragraphs B46–B49); (c) timely data that faithfully represents the jurisdiction of, and the technology used for, the value chain activity and its greenhouse gas (d) data that has been verified (paragraphs B53–B54).",(a),mandatory,True,"[""ghg_emissions"", ""scope_3""]",medium,1.0,1.0
IFRS_S2_B40_C02,IFRS S2,B40,35,Metrics and Targets,Scope 3 measurement framework,Scope 3 measurement framework,"An entity’s measurement of Scope 3 greenhouse gas emissions relies upon a range of inputs. This Standard does not specify the inputs the entity is required to use to measure its Scope 3 greenhouse gas emissions, but does require the entity to prioritise inputs and assumptions using these identifying characteristics (which are listed in no particular order) — (b) data from specific activities within the entity’s value chain (paragraphs B46–B49)","An entity’s measurement of Scope 3 greenhouse gas emissions relies upon a range of inputs. This Standard does not specify the inputs the entity is required to use to measure its Scope 3 greenhouse gas emissions, but does require the entity to prioritise inputs and assumptions using these identifying characteristics (which are listed in no particular order): (a) data based on direct measurement (paragraphs B43–B45); (b) data from specific activities within the entity’s value chain (paragraphs B46–B49); (c) timely data that faithfully represents the jurisdiction of, and the technology used for, the value chain activity and its greenhouse gas (d) data that has been verified (paragraphs B53–B54).",(b),mandatory,True,"[""business_model_value_chain"", ""ghg_emissions"", ""scope_3""]",medium,1.0,1.0
IFRS_S2_B40_C03,IFRS S2,B40,35,Metrics and Targets,Scope 3 measurement framework,Scope 3 measurement framework,"An entity’s measurement of Scope 3 greenhouse gas emissions relies upon a range of inputs. This Standard does not specify the inputs the entity is required to use to measure its Scope 3 greenhouse gas emissions, but does require the entity to prioritise inputs and assumptions using these identifying characteristics (which are listed in no particular order) — (c) timely data that faithfully represents the jurisdiction of, and the technology used for, the value chain activity and its greenhouse gas","An entity’s measurement of Scope 3 greenhouse gas emissions relies upon a range of inputs. This Standard does not specify the inputs the entity is required to use to measure its Scope 3 greenhouse gas emissions, but does require the entity to prioritise inputs and assumptions using these identifying characteristics (which are listed in no particular order): (a) data based on direct measurement (paragraphs B43–B45); (b) data from specific activities within the entity’s value chain (paragraphs B46–B49); (c) timely data that faithfully represents the jurisdiction of, and the technology used for, the value chain activity and its greenhouse gas (d) data that has been verified (paragraphs B53–B54).",(c),mandatory,True,"[""business_model_value_chain"", ""ghg_emissions"", ""scope_3""]",medium,1.0,1.0
IFRS_S2_B40_C04,IFRS S2,B40,35,Metrics and Targets,Scope 3 measurement framework,Scope 3 measurement framework,"An entity’s measurement of Scope 3 greenhouse gas emissions relies upon a range of inputs. This Standard does not specify the inputs the entity is required to use to measure its Scope 3 greenhouse gas emissions, but does require the entity to prioritise inputs and assumptions using these identifying characteristics (which are listed in no particular order) — (d) data that has been verified (paragraphs B53–B54).","An entity’s measurement of Scope 3 greenhouse gas emissions relies upon a range of inputs. This Standard does not specify the inputs the entity is required to use to measure its Scope 3 greenhouse gas emissions, but does require the entity to prioritise inputs and assumptions using these identifying characteristics (which are listed in no particular order): (a) data based on direct measurement (paragraphs B43–B45); (b) data from specific activities within the entity’s value chain (paragraphs B46–B49); (c) timely data that faithfully represents the jurisdiction of, and the technology used for, the value chain activity and its greenhouse gas (d) data that has been verified (paragraphs B53–B54).",(d),mandatory,True,"[""ghg_emissions"", ""scope_3""]",medium,1.0,1.0
IFRS_S2_B43_C01,IFRS S2,B43,35,Metrics and Targets,emissions (paragraphs B50–B52); and,emissions (paragraphs B50–B52); and,Two methods are used to quantify Scope 3 greenhouse gas emissions: direct measurement and estimation. Of these two methods—and with all else being equal—an entity shall prioritise direct measurement.,Two methods are used to quantify Scope 3 greenhouse gas emissions: direct measurement and estimation. Of these two methods—and with all else being equal—an entity shall prioritise direct measurement.,,mandatory,True,"[""ghg_emissions"", ""scope_3""]",medium,1.0,1.0
IFRS_S2_B47_C01,IFRS S2,B47,36,Metrics and Targets,emissions (paragraphs B50–B52); and,emissions (paragraphs B50–B52); and,"In measuring an entity’s Scope 3 greenhouse gas emissions, primary data is more likely to be representative of the entity’s value chain activity and its greenhouse gas emissions than secondary data. Therefore, the entity shall prioritise—with all else being equal—the use of primary data.","In measuring an entity’s Scope 3 greenhouse gas emissions, primary data is more likely to be representative of the entity’s value chain activity and its greenhouse gas emissions than secondary data. Therefore, the entity shall prioritise—with all else being equal—the use of primary data.",,mandatory,True,"[""business_model_value_chain"", ""ghg_emissions"", ""scope_3""]",medium,1.0,1.0
IFRS_S2_B49_C01,IFRS S2,B49,36,Metrics and Targets,emissions (paragraphs B50–B52); and,emissions (paragraphs B50–B52); and,"Secondary data for Scope 3 greenhouse gas emissions is data that is not obtained directly from specific activities within an entity’s value chain. Secondary data is often supplied by third-party data providers and includes industry-average data (for example, from published databases, government statistics, literature studies and industry associations). Secondary data includes data used to approximate the activity or emission factors. Additionally, secondary data includes primary data from a specific activity (proxy data) used to estimate greenhouse gas emissions for another activity. If an entity uses secondary data to measure its Scope 3 greenhouse gas emissions, it shall consider the extent to which the data faithfully represents the entity’s activities. Timely data that faithfully represents the jurisdiction of, and the technology used for, the value chain activity and its greenhouse gas emissions","Secondary data for Scope 3 greenhouse gas emissions is data that is not obtained directly from specific activities within an entity’s value chain. Secondary data is often supplied by third-party data providers and includes industry-average data (for example, from published databases, government statistics, literature studies and industry associations). Secondary data includes data used to approximate the activity or emission factors. Additionally, secondary data includes primary data from a specific activity (proxy data) used to estimate greenhouse gas emissions for another activity. If an entity uses secondary data to measure its Scope 3 greenhouse gas emissions, it shall consider the extent to which the data faithfully represents the entity’s activities. Timely data that faithfully represents the jurisdiction of, and the technology used for, the value chain activity and its greenhouse gas emissions",,mandatory,True,"[""business_model_value_chain"", ""ghg_emissions"", ""scope_3""]",medium,0.8,1.0
IFRS_S2_B53_C01,IFRS S2,B53,37,Metrics and Targets,emissions (paragraphs B50–B52); and,emissions (paragraphs B50–B52); and,"An entity shall prioritise Scope 3 greenhouse gas emissions data that is verified. Verification can provide users of general purpose financial reports with confidence that the information is complete, neutral and accurate.","An entity shall prioritise Scope 3 greenhouse gas emissions data that is verified. Verification can provide users of general purpose financial reports with confidence that the information is complete, neutral and accurate.",,mandatory,True,"[""ghg_emissions"", ""scope_3""]",medium,1.0,1.0
IFRS_S2_B55_C01,IFRS S2,B55,37,Metrics and Targets,emissions (paragraphs B50–B52); and,emissions (paragraphs B50–B52); and,"An entity shall disclose information about the measurement approach, inputs and assumptions it uses to measure its Scope 3 greenhouse gas emissions in accordance with paragraph 29(a)(iii). This disclosure shall include information about the characteristics of the data inputs as described in paragraph B40. The purpose of this disclosure is to provide users of general purpose financial reports with information about how the entity has prioritised the highest quality data available, which faithfully represents the value chain activity and its Scope 3 greenhouse gas emissions. This disclosure also helps users of general purpose financial reports to understand why the measurement approach, inputs and assumptions the entity uses to estimate its Scope 3 greenhouse gas emissions are relevant.","An entity shall disclose information about the measurement approach, inputs and assumptions it uses to measure its Scope 3 greenhouse gas emissions in accordance with paragraph 29(a)(iii). This disclosure shall include information about the characteristics of the data inputs as described in paragraph B40. The purpose of this disclosure is to provide users of general purpose financial reports with information about how the entity has prioritised the highest quality data available, which faithfully represents the value chain activity and its Scope 3 greenhouse gas emissions. This disclosure also helps users of general purpose financial reports to understand why the measurement approach, inputs and assumptions the entity uses to estimate its Scope 3 greenhouse gas emissions are relevant.",,mandatory,True,"[""business_model_value_chain"", ""ghg_emissions"", ""scope_3""]",medium,1.0,1.0
IFRS_S2_B56_C01,IFRS S2,B56,38,Metrics and Targets,emissions (paragraphs B50–B52); and,emissions (paragraphs B50–B52); and,"As part of the requirement in paragraph 29(a)(iii), and to reflect how an entity prioritises Scope 3 data in accordance with the measurement framework set out in paragraphs B40–B54, the entity shall disclose information that enables users of general purpose financial reports to understand — (a) the extent to which the entity’s Scope 3 greenhouse gas emissions are measured using inputs from specific activities within the entity’s value chain","As part of the requirement in paragraph 29(a)(iii), and to reflect how an entity prioritises Scope 3 data in accordance with the measurement framework set out in paragraphs B40–B54, the entity shall disclose information that enables users of general purpose financial reports to understand: (a) the extent to which the entity’s Scope 3 greenhouse gas emissions are measured using inputs from specific activities within the entity’s value chain; and (b) the extent to which the entity’s Scope 3 greenhouse gas emissions are measured using inputs that are verified.",(a),mandatory,True,"[""business_model_value_chain"", ""ghg_emissions"", ""scope_3""]",medium,1.0,1.0
IFRS_S2_B56_C02,IFRS S2,B56,38,Metrics and Targets,emissions (paragraphs B50–B52); and,emissions (paragraphs B50–B52); and,"As part of the requirement in paragraph 29(a)(iii), and to reflect how an entity prioritises Scope 3 data in accordance with the measurement framework set out in paragraphs B40–B54, the entity shall disclose information that enables users of general purpose financial reports to understand — (b) the extent to which the entity’s Scope 3 greenhouse gas emissions are measured using inputs that are verified.","As part of the requirement in paragraph 29(a)(iii), and to reflect how an entity prioritises Scope 3 data in accordance with the measurement framework set out in paragraphs B40–B54, the entity shall disclose information that enables users of general purpose financial reports to understand: (a) the extent to which the entity’s Scope 3 greenhouse gas emissions are measured using inputs from specific activities within the entity’s value chain; and (b) the extent to which the entity’s Scope 3 greenhouse gas emissions are measured using inputs that are verified.",(b),mandatory,True,"[""ghg_emissions"", ""scope_3""]",medium,1.0,1.0
IFRS_S2_B57_C01,IFRS S2,B57,38,Metrics and Targets,emissions (paragraphs B50–B52); and,emissions (paragraphs B50–B52); and,"This Standard includes the presumption that Scope 3 greenhouse gas emissions can be estimated reliably using secondary data and industry averages. In those rare cases when an entity determines it is impracticable to estimate its Scope 3 greenhouse gas emissions, the entity shall disclose how it is managing its Scope 3 greenhouse gas emissions. Applying a requirement is impracticable when the entity cannot apply it after making every reasonable effort to do so.","This Standard includes the presumption that Scope 3 greenhouse gas emissions can be estimated reliably using secondary data and industry averages. In those rare cases when an entity determines it is impracticable to estimate its Scope 3 greenhouse gas emissions, the entity shall disclose how it is managing its Scope 3 greenhouse gas emissions. Applying a requirement is impracticable when the entity cannot apply it after making every reasonable effort to do so.",,mandatory,True,"[""ghg_emissions"", ""scope_3""]",medium,1.0,1.0
IFRS_S2_B59_C01,IFRS S2,B59,38,Metrics and Targets,Financed emissions,Financed emissions,"Paragraph 29(a)(i) — (3) requires an entity to disclose its absolute gross Scope 3 greenhouse gas emissions generated during the reporting period, including upstream and downstream emissions. An entity that participates in one or more of the following financial activities is required to disclose additional and specific information about its financed emissions (which are part of Category 15 greenhouse gas emissions):","Paragraph 29(a)(i)(3) requires an entity to disclose its absolute gross Scope 3 greenhouse gas emissions generated during the reporting period, including upstream and downstream emissions. An entity that participates in one or more of the following financial activities is required to disclose additional and specific information about its financed emissions (which are part of Category 15 greenhouse gas emissions): (a) asset management (see paragraph B61); (b) commercial banking (see paragraphs B62–B62A); and (c) insurance (see paragraphs B63–B63A).",(3),mandatory,True,"[""ghg_emissions"", ""scope_3"", ""financed_emissions""]",high,1.0,1.0
IFRS_S2_B60_C01,IFRS S2,B60,39,Metrics and Targets,Financed emissions,Financed emissions,An entity shall apply the requirements for disclosing greenhouse gas emissions in accordance with paragraph 29(a) when disclosing information about its financed emissions.,An entity shall apply the requirements for disclosing greenhouse gas emissions in accordance with paragraph 29(a) when disclosing information about its financed emissions.,,mandatory,True,"[""ghg_emissions"", ""financed_emissions""]",high,1.0,1.0
IFRS_S2_B61_C01,IFRS S2,B61,39,Metrics and Targets,Asset management,Asset management,"An entity that participates in asset management activities shall disclose — (a) its absolute gross financed emissions, disaggregated by Scope 1, Scope 2 and Scope 3 greenhouse gas emissions.","An entity that participates in asset management activities shall disclose: (a) its absolute gross financed emissions, disaggregated by Scope 1, Scope 2 and Scope 3 greenhouse gas emissions. (b) for each of the disaggregated items in paragraph B61(a), the total amount of assets under management (AUM) that is included in the financed emissions disclosure, expressed in the presentation currency of the entity’s financial statements. (c) the percentage of the entity’s total AUM included in the financed emissions calculation. If the percentage is less than 100%, the entity shall disclose information that explains the exclusions, including types of assets and associated amount of AUM. (d) the methodology used to calculate the financed emissions, including the method of allocation the entity used to attribute its share of emissions in relation to the size of investments.",(a),mandatory,True,"[""ghg_emissions"", ""scope_1"", ""scope_2"", ""scope_3"", ""financed_emissions"", ""asset_management""]",high,1.0,1.0
IFRS_S2_B61_C02,IFRS S2,B61,39,Metrics and Targets,Asset management,Asset management,"An entity that participates in asset management activities shall disclose — (b) for each of the disaggregated items in paragraph B61(a), the total amount of assets under management (AUM) that is included in the financed emissions disclosure, expressed in the presentation currency of the entity’s financial statements.","An entity that participates in asset management activities shall disclose: (a) its absolute gross financed emissions, disaggregated by Scope 1, Scope 2 and Scope 3 greenhouse gas emissions. (b) for each of the disaggregated items in paragraph B61(a), the total amount of assets under management (AUM) that is included in the financed emissions disclosure, expressed in the presentation currency of the entity’s financial statements. (c) the percentage of the entity’s total AUM included in the financed emissions calculation. If the percentage is less than 100%, the entity shall disclose information that explains the exclusions, including types of assets and associated amount of AUM. (d) the methodology used to calculate the financed emissions, including the method of allocation the entity used to attribute its share of emissions in relation to the size of investments.",(b),mandatory,True,"[""financed_emissions"", ""asset_management"", ""connected_information""]",high,1.0,1.0
IFRS_S2_B61_C03,IFRS S2,B61,39,Metrics and Targets,Asset management,Asset management,"An entity that participates in asset management activities shall disclose — (c) the percentage of the entity’s total AUM included in the financed emissions calculation. If the percentage is less than 100%, the entity shall disclose information that explains the exclusions, including types of assets and associated amount of AUM.","An entity that participates in asset management activities shall disclose: (a) its absolute gross financed emissions, disaggregated by Scope 1, Scope 2 and Scope 3 greenhouse gas emissions. (b) for each of the disaggregated items in paragraph B61(a), the total amount of assets under management (AUM) that is included in the financed emissions disclosure, expressed in the presentation currency of the entity’s financial statements. (c) the percentage of the entity’s total AUM included in the financed emissions calculation. If the percentage is less than 100%, the entity shall disclose information that explains the exclusions, including types of assets and associated amount of AUM. (d) the methodology used to calculate the financed emissions, including the method of allocation the entity used to attribute its share of emissions in relation to the size of investments.",(c),mandatory,True,"[""financed_emissions"", ""asset_management""]",high,1.0,1.0
IFRS_S2_B61_C04,IFRS S2,B61,39,Metrics and Targets,Asset management,Asset management,"An entity that participates in asset management activities shall disclose — (d) the methodology used to calculate the financed emissions, including the method of allocation the entity used to attribute its share of emissions in relation to the size of investments.","An entity that participates in asset management activities shall disclose: (a) its absolute gross financed emissions, disaggregated by Scope 1, Scope 2 and Scope 3 greenhouse gas emissions. (b) for each of the disaggregated items in paragraph B61(a), the total amount of assets under management (AUM) that is included in the financed emissions disclosure, expressed in the presentation currency of the entity’s financial statements. (c) the percentage of the entity’s total AUM included in the financed emissions calculation. If the percentage is less than 100%, the entity shall disclose information that explains the exclusions, including types of assets and associated amount of AUM. (d) the methodology used to calculate the financed emissions, including the method of allocation the entity used to attribute its share of emissions in relation to the size of investments.",(d),mandatory,True,"[""financed_emissions"", ""asset_management""]",high,1.0,1.0
IFRS_S2_B62_C01,IFRS S2,B62,39,Metrics and Targets,Commercial banking,Commercial banking,"An entity that participates in commercial banking activities shall disclose — (a) its absolute gross financed emissions, disaggregated by Scope 1, Scope 2 and Scope 3 greenhouse gas emissions for each industry by asset class.","An entity that participates in commercial banking activities shall disclose: (a) its absolute gross financed emissions, disaggregated by Scope 1, Scope 2 and Scope 3 greenhouse gas emissions for each industry by asset class. (b) its gross exposure to each industry by asset class, expressed in the presentation currency of the entity’s financial statements. For: (i) funded amounts—gross exposure shall be calculated as the funded carrying amounts (before subtracting the loss allowance, when applicable), whether prepared in accordance with IFRS Accounting Standards or other GAAP. (ii) undrawn loan commitments—the entity shall disclose the full amount of the commitment separately from the drawn portion of loan commitments. (c) the percentage of the entity’s gross exposure included in the financed emissions calculation. The entity shall: (i) if the percentage of the entity’s gross exposure included in the financed emissions calculation is less than 100%, disclose information that explains the exclusions, including the type of assets excluded. (ii) for funded amounts, exclude from gross exposure all impacts of risk mitigants, if applicable. (iii) disclose separately the percentage of its undrawn loan commitments included in the financed emissions calculation. (d) the methodology the entity used to calculate its financed emissions, including the method of allocation the entity used to attribute its share of emissions in relation to the size of its gross exposure.",(a),mandatory,True,"[""ghg_emissions"", ""scope_1"", ""scope_2"", ""scope_3"", ""financed_emissions"", ""commercial_banking""]",high,1.0,1.0
IFRS_S2_B62_C03,IFRS S2,B62,39,Metrics and Targets,Commercial banking,Commercial banking,"An entity that participates in commercial banking activities shall disclose — (b) its gross exposure to each industry by asset class, expressed in the presentation currency of the entity’s financial statements. For: — (i) funded amounts—gross exposure shall be calculated as the funded carrying amounts (before subtracting the loss allowance, when applicable), whether prepared in accordance with IFRS Accounting Standards or other GAAP.","An entity that participates in commercial banking activities shall disclose: (a) its absolute gross financed emissions, disaggregated by Scope 1, Scope 2 and Scope 3 greenhouse gas emissions for each industry by asset class. (b) its gross exposure to each industry by asset class, expressed in the presentation currency of the entity’s financial statements. For: (i) funded amounts—gross exposure shall be calculated as the funded carrying amounts (before subtracting the loss allowance, when applicable), whether prepared in accordance with IFRS Accounting Standards or other GAAP. (ii) undrawn loan commitments—the entity shall disclose the full amount of the commitment separately from the drawn portion of loan commitments. (c) the percentage of the entity’s gross exposure included in the financed emissions calculation. The entity shall: (i) if the percentage of the entity’s gross exposure included in the financed emissions calculation is less than 100%, disclose information that explains the exclusions, including the type of assets excluded. (ii) for funded amounts, exclude from gross exposure all impacts of risk mitigants, if applicable. (iii) disclose separately the percentage of its undrawn loan commitments included in the financed emissions calculation. (d) the methodology the entity used to calculate its financed emissions, including the method of allocation the entity used to attribute its share of emissions in relation to the size of its gross exposure.",(b)>(i),mandatory,True,"[""financial_effects"", ""commercial_banking"", ""connected_information""]",high,1.0,1.0
IFRS_S2_B62_C04,IFRS S2,B62,39,Metrics and Targets,Commercial banking,Commercial banking,"An entity that participates in commercial banking activities shall disclose — (b) its gross exposure to each industry by asset class, expressed in the presentation currency of the entity’s financial statements. For: — (ii) undrawn loan commitments—the entity shall disclose the full amount of the commitment separately from the drawn portion of loan commitments.","An entity that participates in commercial banking activities shall disclose: (a) its absolute gross financed emissions, disaggregated by Scope 1, Scope 2 and Scope 3 greenhouse gas emissions for each industry by asset class. (b) its gross exposure to each industry by asset class, expressed in the presentation currency of the entity’s financial statements. For: (i) funded amounts—gross exposure shall be calculated as the funded carrying amounts (before subtracting the loss allowance, when applicable), whether prepared in accordance with IFRS Accounting Standards or other GAAP. (ii) undrawn loan commitments—the entity shall disclose the full amount of the commitment separately from the drawn portion of loan commitments. (c) the percentage of the entity’s gross exposure included in the financed emissions calculation. The entity shall: (i) if the percentage of the entity’s gross exposure included in the financed emissions calculation is less than 100%, disclose information that explains the exclusions, including the type of assets excluded. (ii) for funded amounts, exclude from gross exposure all impacts of risk mitigants, if applicable. (iii) disclose separately the percentage of its undrawn loan commitments included in the financed emissions calculation. (d) the methodology the entity used to calculate its financed emissions, including the method of allocation the entity used to attribute its share of emissions in relation to the size of its gross exposure.",(b)>(ii),mandatory,True,"[""commercial_banking"", ""connected_information""]",high,1.0,1.0
IFRS_S2_B62_C06,IFRS S2,B62,39,Metrics and Targets,Commercial banking,Commercial banking,"An entity that participates in commercial banking activities shall disclose — (c) the percentage of the entity’s gross exposure included in the financed emissions calculation. The entity shall: — (i) if the percentage of the entity’s gross exposure included in the financed emissions calculation is less than 100%, disclose information that explains the exclusions, including the type of assets excluded.","An entity that participates in commercial banking activities shall disclose: (a) its absolute gross financed emissions, disaggregated by Scope 1, Scope 2 and Scope 3 greenhouse gas emissions for each industry by asset class. (b) its gross exposure to each industry by asset class, expressed in the presentation currency of the entity’s financial statements. For: (i) funded amounts—gross exposure shall be calculated as the funded carrying amounts (before subtracting the loss allowance, when applicable), whether prepared in accordance with IFRS Accounting Standards or other GAAP. (ii) undrawn loan commitments—the entity shall disclose the full amount of the commitment separately from the drawn portion of loan commitments. (c) the percentage of the entity’s gross exposure included in the financed emissions calculation. The entity shall: (i) if the percentage of the entity’s gross exposure included in the financed emissions calculation is less than 100%, disclose information that explains the exclusions, including the type of assets excluded. (ii) for funded amounts, exclude from gross exposure all impacts of risk mitigants, if applicable. (iii) disclose separately the percentage of its undrawn loan commitments included in the financed emissions calculation. (d) the methodology the entity used to calculate its financed emissions, including the method of allocation the entity used to attribute its share of emissions in relation to the size of its gross exposure.",(c)>(i),mandatory,True,"[""financed_emissions"", ""commercial_banking""]",high,1.0,1.0
IFRS_S2_B62_C07,IFRS S2,B62,39,Metrics and Targets,Commercial banking,Commercial banking,"An entity that participates in commercial banking activities shall disclose — (c) the percentage of the entity’s gross exposure included in the financed emissions calculation. The entity shall: — (ii) for funded amounts, exclude from gross exposure all impacts of risk mitigants, if applicable.","An entity that participates in commercial banking activities shall disclose: (a) its absolute gross financed emissions, disaggregated by Scope 1, Scope 2 and Scope 3 greenhouse gas emissions for each industry by asset class. (b) its gross exposure to each industry by asset class, expressed in the presentation currency of the entity’s financial statements. For: (i) funded amounts—gross exposure shall be calculated as the funded carrying amounts (before subtracting the loss allowance, when applicable), whether prepared in accordance with IFRS Accounting Standards or other GAAP. (ii) undrawn loan commitments—the entity shall disclose the full amount of the commitment separately from the drawn portion of loan commitments. (c) the percentage of the entity’s gross exposure included in the financed emissions calculation. The entity shall: (i) if the percentage of the entity’s gross exposure included in the financed emissions calculation is less than 100%, disclose information that explains the exclusions, including the type of assets excluded. (ii) for funded amounts, exclude from gross exposure all impacts of risk mitigants, if applicable. (iii) disclose separately the percentage of its undrawn loan commitments included in the financed emissions calculation. (d) the methodology the entity used to calculate its financed emissions, including the method of allocation the entity used to attribute its share of emissions in relation to the size of its gross exposure.",(c)>(ii),mandatory,True,"[""financed_emissions"", ""commercial_banking""]",high,1.0,1.0
IFRS_S2_B62_C08,IFRS S2,B62,39,Metrics and Targets,Commercial banking,Commercial banking,An entity that participates in commercial banking activities shall disclose — (c) the percentage of the entity’s gross exposure included in the financed emissions calculation. The entity shall: — (iii) disclose separately the percentage of its undrawn loan commitments included in the financed emissions calculation.,"An entity that participates in commercial banking activities shall disclose: (a) its absolute gross financed emissions, disaggregated by Scope 1, Scope 2 and Scope 3 greenhouse gas emissions for each industry by asset class. (b) its gross exposure to each industry by asset class, expressed in the presentation currency of the entity’s financial statements. For: (i) funded amounts—gross exposure shall be calculated as the funded carrying amounts (before subtracting the loss allowance, when applicable), whether prepared in accordance with IFRS Accounting Standards or other GAAP. (ii) undrawn loan commitments—the entity shall disclose the full amount of the commitment separately from the drawn portion of loan commitments. (c) the percentage of the entity’s gross exposure included in the financed emissions calculation. The entity shall: (i) if the percentage of the entity’s gross exposure included in the financed emissions calculation is less than 100%, disclose information that explains the exclusions, including the type of assets excluded. (ii) for funded amounts, exclude from gross exposure all impacts of risk mitigants, if applicable. (iii) disclose separately the percentage of its undrawn loan commitments included in the financed emissions calculation. (d) the methodology the entity used to calculate its financed emissions, including the method of allocation the entity used to attribute its share of emissions in relation to the size of its gross exposure.",(c)>(iii),mandatory,True,"[""financed_emissions"", ""commercial_banking""]",high,1.0,1.0
IFRS_S2_B62_C09,IFRS S2,B62,39,Metrics and Targets,Commercial banking,Commercial banking,"An entity that participates in commercial banking activities shall disclose — (d) the methodology the entity used to calculate its financed emissions, including the method of allocation the entity used to attribute its share of emissions in relation to the size of its gross exposure.","An entity that participates in commercial banking activities shall disclose: (a) its absolute gross financed emissions, disaggregated by Scope 1, Scope 2 and Scope 3 greenhouse gas emissions for each industry by asset class. (b) its gross exposure to each industry by asset class, expressed in the presentation currency of the entity’s financial statements. For: (i) funded amounts—gross exposure shall be calculated as the funded carrying amounts (before subtracting the loss allowance, when applicable), whether prepared in accordance with IFRS Accounting Standards or other GAAP. (ii) undrawn loan commitments—the entity shall disclose the full amount of the commitment separately from the drawn portion of loan commitments. (c) the percentage of the entity’s gross exposure included in the financed emissions calculation. The entity shall: (i) if the percentage of the entity’s gross exposure included in the financed emissions calculation is less than 100%, disclose information that explains the exclusions, including the type of assets excluded. (ii) for funded amounts, exclude from gross exposure all impacts of risk mitigants, if applicable. (iii) disclose separately the percentage of its undrawn loan commitments included in the financed emissions calculation. (d) the methodology the entity used to calculate its financed emissions, including the method of allocation the entity used to attribute its share of emissions in relation to the size of its gross exposure.",(d),mandatory,True,"[""financed_emissions"", ""commercial_banking""]",high,1.0,1.0
IFRS_S2_B62A_C05,IFRS S2,B62A,40,Metrics and Targets,Commercial banking,Commercial banking,When disaggregating information disclosed in accordance with paragraph B62(a)– — (a) industry—an entity shall: — (ii) disclose: — (1) the industry-classification system it used to classify investees or counterparties,"When disaggregating information disclosed in accordance with paragraph B62(a)–(b) by: (a) industry—an entity shall: (i) select an industry-classification system that enables it to classify investees or counterparties in a manner that results in information that enables users of general purpose financial reports to understand the entity’s exposure to climate-related transition risks. A system that is commonly used by other entities such as those operating in the same industry or jurisdiction (commonly used system) is more likely to support the comparability of information than a system used only by the entity (entity-specific system). If a commonly used system enables the entity to provide useful information about its exposure to climate-related transition risks—with all else being equal—the entity shall prioritise that system. An entity that participates in both commercial banking and insurance activities need not use the same system to classify investees or counterparties for its commercial banking and insurance activities (see paragraph B63A(a)(i)). (ii) disclose: (1) the industry-classification system it used to classify investees or counterparties; and (2) information that enables users of general purpose financial reports to understand how the entity’s selection of that system fulfils the requirements in paragraph B62A(a)(i). (b) asset class—the disclosure shall include loans, project finance, bonds, equity investments and undrawn loan commitments. If the entity calculates and discloses financed emissions for other asset classes, it shall include an explanation of why the inclusion of those additional asset classes provides relevant information to users of general purpose financial reports.",(a)>(ii)>(1),mandatory,True,"[""commercial_banking""]",high,1.0,1.0
IFRS_S2_B62A_C06,IFRS S2,B62A,40,Metrics and Targets,Commercial banking,Commercial banking,When disaggregating information disclosed in accordance with paragraph B62(a)– — (a) industry—an entity shall: — (ii) disclose: — (2) information that enables users of general purpose financial reports to understand how the entity’s selection of that system fulfils the requirements in paragraph B62A(a)(i).,"When disaggregating information disclosed in accordance with paragraph B62(a)–(b) by: (a) industry—an entity shall: (i) select an industry-classification system that enables it to classify investees or counterparties in a manner that results in information that enables users of general purpose financial reports to understand the entity’s exposure to climate-related transition risks. A system that is commonly used by other entities such as those operating in the same industry or jurisdiction (commonly used system) is more likely to support the comparability of information than a system used only by the entity (entity-specific system). If a commonly used system enables the entity to provide useful information about its exposure to climate-related transition risks—with all else being equal—the entity shall prioritise that system. An entity that participates in both commercial banking and insurance activities need not use the same system to classify investees or counterparties for its commercial banking and insurance activities (see paragraph B63A(a)(i)). (ii) disclose: (1) the industry-classification system it used to classify investees or counterparties; and (2) information that enables users of general purpose financial reports to understand how the entity’s selection of that system fulfils the requirements in paragraph B62A(a)(i). (b) asset class—the disclosure shall include loans, project finance, bonds, equity investments and undrawn loan commitments. If the entity calculates and discloses financed emissions for other asset classes, it shall include an explanation of why the inclusion of those additional asset classes provides relevant information to users of general purpose financial reports.",(a)>(ii)>(2),mandatory,True,"[""commercial_banking""]",high,1.0,1.0
IFRS_S2_B62A_C07,IFRS S2,B62A,40,Metrics and Targets,Commercial banking,Commercial banking,"When disaggregating information disclosed in accordance with paragraph B62(a)– — (b) asset class—the disclosure shall include loans, project finance, bonds, equity investments and undrawn loan commitments. If the entity calculates and discloses financed emissions for other asset classes, it shall include an explanation of why the inclusion of those additional asset classes provides relevant information to users of general purpose financial reports.","When disaggregating information disclosed in accordance with paragraph B62(a)–(b) by: (a) industry—an entity shall: (i) select an industry-classification system that enables it to classify investees or counterparties in a manner that results in information that enables users of general purpose financial reports to understand the entity’s exposure to climate-related transition risks. A system that is commonly used by other entities such as those operating in the same industry or jurisdiction (commonly used system) is more likely to support the comparability of information than a system used only by the entity (entity-specific system). If a commonly used system enables the entity to provide useful information about its exposure to climate-related transition risks—with all else being equal—the entity shall prioritise that system. An entity that participates in both commercial banking and insurance activities need not use the same system to classify investees or counterparties for its commercial banking and insurance activities (see paragraph B63A(a)(i)). (ii) disclose: (1) the industry-classification system it used to classify investees or counterparties; and (2) information that enables users of general purpose financial reports to understand how the entity’s selection of that system fulfils the requirements in paragraph B62A(a)(i). (b) asset class—the disclosure shall include loans, project finance, bonds, equity investments and undrawn loan commitments. If the entity calculates and discloses financed emissions for other asset classes, it shall include an explanation of why the inclusion of those additional asset classes provides relevant information to users of general purpose financial reports.",(b),mandatory,True,"[""financed_emissions"", ""commercial_banking""]",high,1.0,1.0
IFRS_S2_B63_C01,IFRS S2,B63,41,Metrics and Targets,Insurance,Insurance,"An entity that participates in financial activities associated with the insurance industry shall disclose — (a) its absolute gross financed emissions, disaggregated by Scope 1, Scope 2 and Scope 3 greenhouse gas emissions for each industry by asset class.","An entity that participates in financial activities associated with the insurance industry shall disclose: (a) its absolute gross financed emissions, disaggregated by Scope 1, Scope 2 and Scope 3 greenhouse gas emissions for each industry by asset class. (b) the gross exposure for each industry by asset class, expressed in the presentation currency of the entity’s financial statements. For: (i) funded amounts—gross exposure shall be calculated as the funded carrying amounts (before subtracting the loss allowance, when applicable), whether prepared in accordance with IFRS Accounting Standards or other GAAP. (ii) undrawn loan commitments—the entity shall disclose the full amount of the commitment separately from the drawn portion of loan commitments. (c) the percentage of the entity’s gross exposure included in the financed emissions calculation. The entity shall: (i) if the percentage of the entity’s gross exposure included in the financed emissions calculation is less than 100%, disclose information that explains the exclusions, including type of assets excluded. (ii) disclose separately the percentage of its undrawn loan commitments included in the financed emissions calculation. (d) the methodology the entity used to calculate its financed emissions, including the method of allocation the entity used to attribute its share of emissions in relation to the size of its gross exposure.",(a),mandatory,True,"[""ghg_emissions"", ""scope_1"", ""scope_2"", ""scope_3"", ""financed_emissions"", ""insurance""]",high,1.0,1.0
IFRS_S2_B63_C03,IFRS S2,B63,41,Metrics and Targets,Insurance,Insurance,"An entity that participates in financial activities associated with the insurance industry shall disclose — (b) the gross exposure for each industry by asset class, expressed in the presentation currency of the entity’s financial statements. For: — (i) funded amounts—gross exposure shall be calculated as the funded carrying amounts (before subtracting the loss allowance, when applicable), whether prepared in accordance with IFRS Accounting Standards or other GAAP.","An entity that participates in financial activities associated with the insurance industry shall disclose: (a) its absolute gross financed emissions, disaggregated by Scope 1, Scope 2 and Scope 3 greenhouse gas emissions for each industry by asset class. (b) the gross exposure for each industry by asset class, expressed in the presentation currency of the entity’s financial statements. For: (i) funded amounts—gross exposure shall be calculated as the funded carrying amounts (before subtracting the loss allowance, when applicable), whether prepared in accordance with IFRS Accounting Standards or other GAAP. (ii) undrawn loan commitments—the entity shall disclose the full amount of the commitment separately from the drawn portion of loan commitments. (c) the percentage of the entity’s gross exposure included in the financed emissions calculation. The entity shall: (i) if the percentage of the entity’s gross exposure included in the financed emissions calculation is less than 100%, disclose information that explains the exclusions, including type of assets excluded. (ii) disclose separately the percentage of its undrawn loan commitments included in the financed emissions calculation. (d) the methodology the entity used to calculate its financed emissions, including the method of allocation the entity used to attribute its share of emissions in relation to the size of its gross exposure.",(b)>(i),mandatory,True,"[""financial_effects"", ""commercial_banking"", ""insurance"", ""connected_information""]",high,1.0,1.0
IFRS_S2_B63_C04,IFRS S2,B63,41,Metrics and Targets,Insurance,Insurance,"An entity that participates in financial activities associated with the insurance industry shall disclose — (b) the gross exposure for each industry by asset class, expressed in the presentation currency of the entity’s financial statements. For: — (ii) undrawn loan commitments—the entity shall disclose the full amount of the commitment separately from the drawn portion of loan commitments.","An entity that participates in financial activities associated with the insurance industry shall disclose: (a) its absolute gross financed emissions, disaggregated by Scope 1, Scope 2 and Scope 3 greenhouse gas emissions for each industry by asset class. (b) the gross exposure for each industry by asset class, expressed in the presentation currency of the entity’s financial statements. For: (i) funded amounts—gross exposure shall be calculated as the funded carrying amounts (before subtracting the loss allowance, when applicable), whether prepared in accordance with IFRS Accounting Standards or other GAAP. (ii) undrawn loan commitments—the entity shall disclose the full amount of the commitment separately from the drawn portion of loan commitments. (c) the percentage of the entity’s gross exposure included in the financed emissions calculation. The entity shall: (i) if the percentage of the entity’s gross exposure included in the financed emissions calculation is less than 100%, disclose information that explains the exclusions, including type of assets excluded. (ii) disclose separately the percentage of its undrawn loan commitments included in the financed emissions calculation. (d) the methodology the entity used to calculate its financed emissions, including the method of allocation the entity used to attribute its share of emissions in relation to the size of its gross exposure.",(b)>(ii),mandatory,True,"[""commercial_banking"", ""insurance"", ""connected_information""]",high,1.0,1.0
IFRS_S2_B63_C06,IFRS S2,B63,41,Metrics and Targets,Insurance,Insurance,"An entity that participates in financial activities associated with the insurance industry shall disclose — (c) the percentage of the entity’s gross exposure included in the financed emissions calculation. The entity shall: — (i) if the percentage of the entity’s gross exposure included in the financed emissions calculation is less than 100%, disclose information that explains the exclusions, including type of assets excluded.","An entity that participates in financial activities associated with the insurance industry shall disclose: (a) its absolute gross financed emissions, disaggregated by Scope 1, Scope 2 and Scope 3 greenhouse gas emissions for each industry by asset class. (b) the gross exposure for each industry by asset class, expressed in the presentation currency of the entity’s financial statements. For: (i) funded amounts—gross exposure shall be calculated as the funded carrying amounts (before subtracting the loss allowance, when applicable), whether prepared in accordance with IFRS Accounting Standards or other GAAP. (ii) undrawn loan commitments—the entity shall disclose the full amount of the commitment separately from the drawn portion of loan commitments. (c) the percentage of the entity’s gross exposure included in the financed emissions calculation. The entity shall: (i) if the percentage of the entity’s gross exposure included in the financed emissions calculation is less than 100%, disclose information that explains the exclusions, including type of assets excluded. (ii) disclose separately the percentage of its undrawn loan commitments included in the financed emissions calculation. (d) the methodology the entity used to calculate its financed emissions, including the method of allocation the entity used to attribute its share of emissions in relation to the size of its gross exposure.",(c)>(i),mandatory,True,"[""financed_emissions"", ""commercial_banking"", ""insurance""]",high,1.0,1.0
IFRS_S2_B63_C07,IFRS S2,B63,41,Metrics and Targets,Insurance,Insurance,An entity that participates in financial activities associated with the insurance industry shall disclose — (c) the percentage of the entity’s gross exposure included in the financed emissions calculation. The entity shall: — (ii) disclose separately the percentage of its undrawn loan commitments included in the financed emissions calculation.,"An entity that participates in financial activities associated with the insurance industry shall disclose: (a) its absolute gross financed emissions, disaggregated by Scope 1, Scope 2 and Scope 3 greenhouse gas emissions for each industry by asset class. (b) the gross exposure for each industry by asset class, expressed in the presentation currency of the entity’s financial statements. For: (i) funded amounts—gross exposure shall be calculated as the funded carrying amounts (before subtracting the loss allowance, when applicable), whether prepared in accordance with IFRS Accounting Standards or other GAAP. (ii) undrawn loan commitments—the entity shall disclose the full amount of the commitment separately from the drawn portion of loan commitments. (c) the percentage of the entity’s gross exposure included in the financed emissions calculation. The entity shall: (i) if the percentage of the entity’s gross exposure included in the financed emissions calculation is less than 100%, disclose information that explains the exclusions, including type of assets excluded. (ii) disclose separately the percentage of its undrawn loan commitments included in the financed emissions calculation. (d) the methodology the entity used to calculate its financed emissions, including the method of allocation the entity used to attribute its share of emissions in relation to the size of its gross exposure.",(c)>(ii),mandatory,True,"[""financed_emissions"", ""commercial_banking"", ""insurance""]",high,1.0,1.0
IFRS_S2_B63_C08,IFRS S2,B63,41,Metrics and Targets,Insurance,Insurance,"An entity that participates in financial activities associated with the insurance industry shall disclose — (d) the methodology the entity used to calculate its financed emissions, including the method of allocation the entity used to attribute its share of emissions in relation to the size of its gross exposure.","An entity that participates in financial activities associated with the insurance industry shall disclose: (a) its absolute gross financed emissions, disaggregated by Scope 1, Scope 2 and Scope 3 greenhouse gas emissions for each industry by asset class. (b) the gross exposure for each industry by asset class, expressed in the presentation currency of the entity’s financial statements. For: (i) funded amounts—gross exposure shall be calculated as the funded carrying amounts (before subtracting the loss allowance, when applicable), whether prepared in accordance with IFRS Accounting Standards or other GAAP. (ii) undrawn loan commitments—the entity shall disclose the full amount of the commitment separately from the drawn portion of loan commitments. (c) the percentage of the entity’s gross exposure included in the financed emissions calculation. The entity shall: (i) if the percentage of the entity’s gross exposure included in the financed emissions calculation is less than 100%, disclose information that explains the exclusions, including type of assets excluded. (ii) disclose separately the percentage of its undrawn loan commitments included in the financed emissions calculation. (d) the methodology the entity used to calculate its financed emissions, including the method of allocation the entity used to attribute its share of emissions in relation to the size of its gross exposure.",(d),mandatory,True,"[""financed_emissions"", ""commercial_banking"", ""insurance""]",high,1.0,1.0
IFRS_S2_B63A_C05,IFRS S2,B63A,41,Metrics and Targets,Insurance,Insurance,When disaggregating information disclosed in accordance with paragraph B63(a)– — (a) industry—an entity shall: — (ii) disclose: — (1) the industry-classification system it used to classify investees or counterparties,"When disaggregating information disclosed in accordance with paragraph B63(a)–(b) by: (a) industry—an entity shall: (i) select an industry-classification system that enables it to classify investees or counterparties in a manner that results in information that enables users of general purpose financial reports to understand the entity’s exposure to climate-related transition risks. A system that is commonly used by other entities such as those operating in the same industry or jurisdiction (commonly used system) is more likely to support the comparability of information than a system used only by the entity (entity-specific system). If a commonly used system enables the entity to provide useful information about its exposure to climate-related transition risks—with all else being equal—the entity shall prioritise that system. An entity that participates in both commercial banking and insurance activities need not use the same system to classify investees or counterparties for its commercial banking and insurance activities (see paragraph B62A(a)(i)). (ii) disclose: (1) the industry-classification system it used to classify investees or counterparties; and (2) information that enables users of general purpose financial reports to understand how the entity’s selection of that system fulfils the requirements in paragraph B63A(a)(i). (b) asset class—the disclosure shall include loans, bonds, equity investments and undrawn loan commitments. If the entity calculates and discloses financed emissions for other asset classes, it shall include an explanation of why the inclusion of those additional asset classes provides relevant information to users of general purpose financial reports.",(a)>(ii)>(1),mandatory,True,"[""insurance""]",high,1.0,1.0
IFRS_S2_B63A_C06,IFRS S2,B63A,41,Metrics and Targets,Insurance,Insurance,When disaggregating information disclosed in accordance with paragraph B63(a)– — (a) industry—an entity shall: — (ii) disclose: — (2) information that enables users of general purpose financial reports to understand how the entity’s selection of that system fulfils the requirements in paragraph B63A(a)(i).,"When disaggregating information disclosed in accordance with paragraph B63(a)–(b) by: (a) industry—an entity shall: (i) select an industry-classification system that enables it to classify investees or counterparties in a manner that results in information that enables users of general purpose financial reports to understand the entity’s exposure to climate-related transition risks. A system that is commonly used by other entities such as those operating in the same industry or jurisdiction (commonly used system) is more likely to support the comparability of information than a system used only by the entity (entity-specific system). If a commonly used system enables the entity to provide useful information about its exposure to climate-related transition risks—with all else being equal—the entity shall prioritise that system. An entity that participates in both commercial banking and insurance activities need not use the same system to classify investees or counterparties for its commercial banking and insurance activities (see paragraph B62A(a)(i)). (ii) disclose: (1) the industry-classification system it used to classify investees or counterparties; and (2) information that enables users of general purpose financial reports to understand how the entity’s selection of that system fulfils the requirements in paragraph B63A(a)(i). (b) asset class—the disclosure shall include loans, bonds, equity investments and undrawn loan commitments. If the entity calculates and discloses financed emissions for other asset classes, it shall include an explanation of why the inclusion of those additional asset classes provides relevant information to users of general purpose financial reports.",(a)>(ii)>(2),mandatory,True,"[""insurance""]",high,1.0,1.0
IFRS_S2_B63A_C07,IFRS S2,B63A,41,Metrics and Targets,Insurance,Insurance,"When disaggregating information disclosed in accordance with paragraph B63(a)– — (b) asset class—the disclosure shall include loans, bonds, equity investments and undrawn loan commitments. If the entity calculates and discloses financed emissions for other asset classes, it shall include an explanation of why the inclusion of those additional asset classes provides relevant information to users of general purpose financial reports.","When disaggregating information disclosed in accordance with paragraph B63(a)–(b) by: (a) industry—an entity shall: (i) select an industry-classification system that enables it to classify investees or counterparties in a manner that results in information that enables users of general purpose financial reports to understand the entity’s exposure to climate-related transition risks. A system that is commonly used by other entities such as those operating in the same industry or jurisdiction (commonly used system) is more likely to support the comparability of information than a system used only by the entity (entity-specific system). If a commonly used system enables the entity to provide useful information about its exposure to climate-related transition risks—with all else being equal—the entity shall prioritise that system. An entity that participates in both commercial banking and insurance activities need not use the same system to classify investees or counterparties for its commercial banking and insurance activities (see paragraph B62A(a)(i)). (ii) disclose: (1) the industry-classification system it used to classify investees or counterparties; and (2) information that enables users of general purpose financial reports to understand how the entity’s selection of that system fulfils the requirements in paragraph B63A(a)(i). (b) asset class—the disclosure shall include loans, bonds, equity investments and undrawn loan commitments. If the entity calculates and discloses financed emissions for other asset classes, it shall include an explanation of why the inclusion of those additional asset classes provides relevant information to users of general purpose financial reports.",(b),mandatory,True,"[""financed_emissions"", ""commercial_banking"", ""insurance""]",high,1.0,1.0
IFRS_S2_B64_C01,IFRS S2,B64,42,Metrics and Targets,Cross-industry metric categories (paragraph 29(b)–(g)),Cross-industry metric categories (paragraph 29(b)–(g)),"In addition to information about an entity’s greenhouse gas emissions, the entity is required to disclose information relevant to the cross-industry metric categories set out in paragraph 29(b)–(g).","In addition to information about an entity’s greenhouse gas emissions, the entity is required to disclose information relevant to the cross-industry metric categories set out in paragraph 29(b)–(g).",,mandatory,True,"[""metrics"", ""ghg_emissions""]",medium,1.0,1.0
IFRS_S2_B65_C01,IFRS S2,B65,42,Metrics and Targets,Cross-industry metric categories (paragraph 29(b)–(g)),Cross-industry metric categories (paragraph 29(b)–(g)),"In preparing disclosures to fulfil the requirements in paragraph 29(b)–(g), an entity shall — (a) consider the time horizons over which the effects of climate-related risks and opportunities could reasonably be expected to occur, described in accordance with paragraph 10.","In preparing disclosures to fulfil the requirements in paragraph 29(b)–(g), an entity shall: (a) consider the time horizons over which the effects of climate-related risks and opportunities could reasonably be expected to occur, described in accordance with paragraph 10. (b) consider where in the entity’s business model and value chain climate-related risks and opportunities are concentrated (for example, geographical areas, facilities or types of assets) (see paragraph 13). (c) consider the information disclosed in accordance with paragraph 16(a)–(b) in relation to the effects of climate-related risks and opportunities on the entity’s financial position, financial performance and cash flows for the reporting period. (d) consider whether industry-based metrics, as described in paragraph 32 —including those defined in an applicable IFRS Sustainability Disclosure Standard or those that otherwise satisfy the requirements in IFRS S1—could be used to satisfy the requirements in whole or in part. (e) consider the connections between the information disclosed to fulfil the requirements in paragraph 29(b)–(g) with the information disclosed in the related financial statements, in accordance with paragraph 21(b)(ii) of IFRS S1. These connections include consistency in the data and assumptions used—to the extent possible—and linkages between the amounts disclosed in accordance with paragraph 29(b)–(g) and the amounts recognised and disclosed in the financial statements. For example, an entity would consider whether the carrying amount of assets used is consistent with amounts included in the financial statements and would explain the connections between information in these disclosures and amounts in the financial statements.",(a),mandatory,True,"[""metrics""]",medium,1.0,1.0
IFRS_S2_B65_C02,IFRS S2,B65,42,Metrics and Targets,Cross-industry metric categories (paragraph 29(b)–(g)),Cross-industry metric categories (paragraph 29(b)–(g)),"In preparing disclosures to fulfil the requirements in paragraph 29(b)–(g), an entity shall — (b) consider where in the entity’s business model and value chain climate-related risks and opportunities are concentrated (for example, geographical areas, facilities or types of assets) (see paragraph 13).","In preparing disclosures to fulfil the requirements in paragraph 29(b)–(g), an entity shall: (a) consider the time horizons over which the effects of climate-related risks and opportunities could reasonably be expected to occur, described in accordance with paragraph 10. (b) consider where in the entity’s business model and value chain climate-related risks and opportunities are concentrated (for example, geographical areas, facilities or types of assets) (see paragraph 13). (c) consider the information disclosed in accordance with paragraph 16(a)–(b) in relation to the effects of climate-related risks and opportunities on the entity’s financial position, financial performance and cash flows for the reporting period. (d) consider whether industry-based metrics, as described in paragraph 32 —including those defined in an applicable IFRS Sustainability Disclosure Standard or those that otherwise satisfy the requirements in IFRS S1—could be used to satisfy the requirements in whole or in part. (e) consider the connections between the information disclosed to fulfil the requirements in paragraph 29(b)–(g) with the information disclosed in the related financial statements, in accordance with paragraph 21(b)(ii) of IFRS S1. These connections include consistency in the data and assumptions used—to the extent possible—and linkages between the amounts disclosed in accordance with paragraph 29(b)–(g) and the amounts recognised and disclosed in the financial statements. For example, an entity would consider whether the carrying amount of assets used is consistent with amounts included in the financial statements and would explain the connections between information in these disclosures and amounts in the financial statements.",(b),mandatory,True,"[""business_model_value_chain"", ""metrics""]",medium,1.0,1.0
IFRS_S2_B65_C03,IFRS S2,B65,42,Metrics and Targets,Cross-industry metric categories (paragraph 29(b)–(g)),Cross-industry metric categories (paragraph 29(b)–(g)),"In preparing disclosures to fulfil the requirements in paragraph 29(b)–(g), an entity shall — (c) consider the information disclosed in accordance with paragraph 16(a)–","In preparing disclosures to fulfil the requirements in paragraph 29(b)–(g), an entity shall: (a) consider the time horizons over which the effects of climate-related risks and opportunities could reasonably be expected to occur, described in accordance with paragraph 10. (b) consider where in the entity’s business model and value chain climate-related risks and opportunities are concentrated (for example, geographical areas, facilities or types of assets) (see paragraph 13). (c) consider the information disclosed in accordance with paragraph 16(a)–(b) in relation to the effects of climate-related risks and opportunities on the entity’s financial position, financial performance and cash flows for the reporting period. (d) consider whether industry-based metrics, as described in paragraph 32 —including those defined in an applicable IFRS Sustainability Disclosure Standard or those that otherwise satisfy the requirements in IFRS S1—could be used to satisfy the requirements in whole or in part. (e) consider the connections between the information disclosed to fulfil the requirements in paragraph 29(b)–(g) with the information disclosed in the related financial statements, in accordance with paragraph 21(b)(ii) of IFRS S1. These connections include consistency in the data and assumptions used—to the extent possible—and linkages between the amounts disclosed in accordance with paragraph 29(b)–(g) and the amounts recognised and disclosed in the financial statements. For example, an entity would consider whether the carrying amount of assets used is consistent with amounts included in the financial statements and would explain the connections between information in these disclosures and amounts in the financial statements.",(c),mandatory,True,"[""metrics""]",medium,1.0,1.0
IFRS_S2_B65_C04,IFRS S2,B65,42,Metrics and Targets,Cross-industry metric categories (paragraph 29(b)–(g)),Cross-industry metric categories (paragraph 29(b)–(g)),"In preparing disclosures to fulfil the requirements in paragraph 29(b)–(g), an entity shall — (b) in relation to the effects of climate-related risks and opportunities on the entity’s financial position, financial performance and cash flows for the reporting period.","In preparing disclosures to fulfil the requirements in paragraph 29(b)–(g), an entity shall: (a) consider the time horizons over which the effects of climate-related risks and opportunities could reasonably be expected to occur, described in accordance with paragraph 10. (b) consider where in the entity’s business model and value chain climate-related risks and opportunities are concentrated (for example, geographical areas, facilities or types of assets) (see paragraph 13). (c) consider the information disclosed in accordance with paragraph 16(a)–(b) in relation to the effects of climate-related risks and opportunities on the entity’s financial position, financial performance and cash flows for the reporting period. (d) consider whether industry-based metrics, as described in paragraph 32 —including those defined in an applicable IFRS Sustainability Disclosure Standard or those that otherwise satisfy the requirements in IFRS S1—could be used to satisfy the requirements in whole or in part. (e) consider the connections between the information disclosed to fulfil the requirements in paragraph 29(b)–(g) with the information disclosed in the related financial statements, in accordance with paragraph 21(b)(ii) of IFRS S1. These connections include consistency in the data and assumptions used—to the extent possible—and linkages between the amounts disclosed in accordance with paragraph 29(b)–(g) and the amounts recognised and disclosed in the financial statements. For example, an entity would consider whether the carrying amount of assets used is consistent with amounts included in the financial statements and would explain the connections between information in these disclosures and amounts in the financial statements.",(b),mandatory,True,"[""financial_effects"", ""metrics""]",medium,1.0,1.0
IFRS_S2_B65_C05,IFRS S2,B65,42,Metrics and Targets,Cross-industry metric categories (paragraph 29(b)–(g)),Cross-industry metric categories (paragraph 29(b)–(g)),"In preparing disclosures to fulfil the requirements in paragraph 29(b)–(g), an entity shall — (d) consider whether industry-based metrics, as described in paragraph 32 —including those defined in an applicable IFRS Sustainability Disclosure Standard or those that otherwise satisfy the requirements in IFRS S1—could be used to satisfy the requirements in whole or in part.","In preparing disclosures to fulfil the requirements in paragraph 29(b)–(g), an entity shall: (a) consider the time horizons over which the effects of climate-related risks and opportunities could reasonably be expected to occur, described in accordance with paragraph 10. (b) consider where in the entity’s business model and value chain climate-related risks and opportunities are concentrated (for example, geographical areas, facilities or types of assets) (see paragraph 13). (c) consider the information disclosed in accordance with paragraph 16(a)–(b) in relation to the effects of climate-related risks and opportunities on the entity’s financial position, financial performance and cash flows for the reporting period. (d) consider whether industry-based metrics, as described in paragraph 32 —including those defined in an applicable IFRS Sustainability Disclosure Standard or those that otherwise satisfy the requirements in IFRS S1—could be used to satisfy the requirements in whole or in part. (e) consider the connections between the information disclosed to fulfil the requirements in paragraph 29(b)–(g) with the information disclosed in the related financial statements, in accordance with paragraph 21(b)(ii) of IFRS S1. These connections include consistency in the data and assumptions used—to the extent possible—and linkages between the amounts disclosed in accordance with paragraph 29(b)–(g) and the amounts recognised and disclosed in the financial statements. For example, an entity would consider whether the carrying amount of assets used is consistent with amounts included in the financial statements and would explain the connections between information in these disclosures and amounts in the financial statements.",(d),mandatory,True,"[""metrics""]",medium,1.0,1.0
IFRS_S2_B65_C06,IFRS S2,B65,42,Metrics and Targets,Cross-industry metric categories (paragraph 29(b)–(g)),Cross-industry metric categories (paragraph 29(b)–(g)),"In preparing disclosures to fulfil the requirements in paragraph 29(b)–(g), an entity shall — (e) consider the connections between the information disclosed to fulfil the requirements in paragraph 29(b)–","In preparing disclosures to fulfil the requirements in paragraph 29(b)–(g), an entity shall: (a) consider the time horizons over which the effects of climate-related risks and opportunities could reasonably be expected to occur, described in accordance with paragraph 10. (b) consider where in the entity’s business model and value chain climate-related risks and opportunities are concentrated (for example, geographical areas, facilities or types of assets) (see paragraph 13). (c) consider the information disclosed in accordance with paragraph 16(a)–(b) in relation to the effects of climate-related risks and opportunities on the entity’s financial position, financial performance and cash flows for the reporting period. (d) consider whether industry-based metrics, as described in paragraph 32 —including those defined in an applicable IFRS Sustainability Disclosure Standard or those that otherwise satisfy the requirements in IFRS S1—could be used to satisfy the requirements in whole or in part. (e) consider the connections between the information disclosed to fulfil the requirements in paragraph 29(b)–(g) with the information disclosed in the related financial statements, in accordance with paragraph 21(b)(ii) of IFRS S1. These connections include consistency in the data and assumptions used—to the extent possible—and linkages between the amounts disclosed in accordance with paragraph 29(b)–(g) and the amounts recognised and disclosed in the financial statements. For example, an entity would consider whether the carrying amount of assets used is consistent with amounts included in the financial statements and would explain the connections between information in these disclosures and amounts in the financial statements.",(e),mandatory,True,"[""metrics"", ""connected_information""]",medium,1.0,1.0
IFRS_S2_B65_C08,IFRS S2,B65,42,Metrics and Targets,Cross-industry metric categories (paragraph 29(b)–(g)),Cross-industry metric categories (paragraph 29(b)–(g)),"In preparing disclosures to fulfil the requirements in paragraph 29(b)–(g), an entity shall — (g) with the information disclosed in the related financial statements, in accordance with paragraph 21(b) — (ii) of IFRS S1. These connections include consistency in the data and assumptions used—to the extent possible—and linkages between the amounts disclosed in accordance with paragraph 29(b)–","In preparing disclosures to fulfil the requirements in paragraph 29(b)–(g), an entity shall: (a) consider the time horizons over which the effects of climate-related risks and opportunities could reasonably be expected to occur, described in accordance with paragraph 10. (b) consider where in the entity’s business model and value chain climate-related risks and opportunities are concentrated (for example, geographical areas, facilities or types of assets) (see paragraph 13). (c) consider the information disclosed in accordance with paragraph 16(a)–(b) in relation to the effects of climate-related risks and opportunities on the entity’s financial position, financial performance and cash flows for the reporting period. (d) consider whether industry-based metrics, as described in paragraph 32 —including those defined in an applicable IFRS Sustainability Disclosure Standard or those that otherwise satisfy the requirements in IFRS S1—could be used to satisfy the requirements in whole or in part. (e) consider the connections between the information disclosed to fulfil the requirements in paragraph 29(b)–(g) with the information disclosed in the related financial statements, in accordance with paragraph 21(b)(ii) of IFRS S1. These connections include consistency in the data and assumptions used—to the extent possible—and linkages between the amounts disclosed in accordance with paragraph 29(b)–(g) and the amounts recognised and disclosed in the financial statements. For example, an entity would consider whether the carrying amount of assets used is consistent with amounts included in the financial statements and would explain the connections between information in these disclosures and amounts in the financial statements.",(g)>(ii),mandatory,True,"[""metrics"", ""connected_information""]",medium,1.0,1.0
IFRS_S2_B65_C09,IFRS S2,B65,42,Metrics and Targets,Cross-industry metric categories (paragraph 29(b)–(g)),Cross-industry metric categories (paragraph 29(b)–(g)),"In preparing disclosures to fulfil the requirements in paragraph 29(b)–(g), an entity shall — (g) and the amounts recognised and disclosed in the financial statements. For example, an entity would consider whether the carrying amount of assets used is consistent with amounts included in the financial statements and would explain the connections between information in these disclosures and amounts in the financial statements.","In preparing disclosures to fulfil the requirements in paragraph 29(b)–(g), an entity shall: (a) consider the time horizons over which the effects of climate-related risks and opportunities could reasonably be expected to occur, described in accordance with paragraph 10. (b) consider where in the entity’s business model and value chain climate-related risks and opportunities are concentrated (for example, geographical areas, facilities or types of assets) (see paragraph 13). (c) consider the information disclosed in accordance with paragraph 16(a)–(b) in relation to the effects of climate-related risks and opportunities on the entity’s financial position, financial performance and cash flows for the reporting period. (d) consider whether industry-based metrics, as described in paragraph 32 —including those defined in an applicable IFRS Sustainability Disclosure Standard or those that otherwise satisfy the requirements in IFRS S1—could be used to satisfy the requirements in whole or in part. (e) consider the connections between the information disclosed to fulfil the requirements in paragraph 29(b)–(g) with the information disclosed in the related financial statements, in accordance with paragraph 21(b)(ii) of IFRS S1. These connections include consistency in the data and assumptions used—to the extent possible—and linkages between the amounts disclosed in accordance with paragraph 29(b)–(g) and the amounts recognised and disclosed in the financial statements. For example, an entity would consider whether the carrying amount of assets used is consistent with amounts included in the financial statements and would explain the connections between information in these disclosures and amounts in the financial statements.",(g),mandatory,True,"[""metrics"", ""connected_information""]",medium,1.0,1.0
IFRS_S2_B66_C01,IFRS S2,B66,43,Metrics and Targets,Characteristics of a climate-related target,Characteristics of a climate-related target,"Paragraph 33 requires an entity to disclose the quantitative or qualitative climate-related targets it has set, and any it is required to meet by law or regulation, including any greenhouse gas emissions targets. In disclosing these climate-related targets, the entity is required to disclose information about the characteristics of these targets as described in paragraph 33(a)–(h). If the climate-related target is quantitative, an entity is required to describe whether the target is an absolute target or an intensity target. An absolute target is defined as a total amount of a measure or a change in the total amount of a measure, whereas an intensity target is defined as a ratio of a measure, or a change in the ratio of a measure, to a business metric.","Paragraph 33 requires an entity to disclose the quantitative or qualitative climate-related targets it has set, and any it is required to meet by law or regulation, including any greenhouse gas emissions targets. In disclosing these climate-related targets, the entity is required to disclose information about the characteristics of these targets as described in paragraph 33(a)–(h). If the climate-related target is quantitative, an entity is required to describe whether the target is an absolute target or an intensity target. An absolute target is defined as a total amount of a measure or a change in the total amount of a measure, whereas an intensity target is defined as a ratio of a measure, or a change in the ratio of a measure, to a business metric.",,mandatory,True,"[""metrics"", ""targets"", ""ghg_emissions""]",medium,1.0,1.0
IFRS_S2_B67_C01,IFRS S2,B67,43,Metrics and Targets,Characteristics of a climate-related target,Characteristics of a climate-related target,"In identifying and disclosing the metric used to set a climate-related target and measure progress, an entity shall consider the cross-industry metrics and industry-based metrics. If the metric has been developed by the entity to measure progress towards a target, the entity shall disclose information about that metric in accordance with paragraph 50 of IFRS S1.","In identifying and disclosing the metric used to set a climate-related target and measure progress, an entity shall consider the cross-industry metrics and industry-based metrics. If the metric has been developed by the entity to measure progress towards a target, the entity shall disclose information about that metric in accordance with paragraph 50 of IFRS S1.",,mandatory,True,"[""metrics"", ""targets""]",medium,1.0,1.0
IFRS_S2_B68_C01,IFRS S2,B68,43,Metrics and Targets,Gross and net greenhouse gas emissions targets,Gross and net greenhouse gas emissions targets,"If an entity has a greenhouse gas emissions target, the entity is required to specify whether the target is a gross greenhouse gas emissions target or a net greenhouse gas emissions target. Gross greenhouse gas emissions targets reflect the total changes in greenhouse gas emissions planned within the entity’s value chain. Net greenhouse gas emissions targets are the entity’s targeted gross greenhouse gas emissions minus any planned offsetting efforts (for example, the entity’s planned use of carbon credits to offset its greenhouse gas emissions).","If an entity has a greenhouse gas emissions target, the entity is required to specify whether the target is a gross greenhouse gas emissions target or a net greenhouse gas emissions target. Gross greenhouse gas emissions targets reflect the total changes in greenhouse gas emissions planned within the entity’s value chain. Net greenhouse gas emissions targets are the entity’s targeted gross greenhouse gas emissions minus any planned offsetting efforts (for example, the entity’s planned use of carbon credits to offset its greenhouse gas emissions).",,mandatory,True,"[""business_model_value_chain"", ""targets"", ""ghg_emissions"", ""carbon_credits""]",medium,1.0,1.0
IFRS_S2_B69_C01,IFRS S2,B69,43,Metrics and Targets,Gross and net greenhouse gas emissions targets,Gross and net greenhouse gas emissions targets,"Paragraph 36(c) specifies that if an entity has a net greenhouse gas emissions target it is required to also disclose a gross greenhouse gas emissions target. For the avoidance of doubt, if the entity discloses a net greenhouse gas emissions target, this target cannot obscure information about its gross greenhouse gas emissions targets.","Paragraph 36(c) specifies that if an entity has a net greenhouse gas emissions target it is required to also disclose a gross greenhouse gas emissions target. For the avoidance of doubt, if the entity discloses a net greenhouse gas emissions target, this target cannot obscure information about its gross greenhouse gas emissions targets.",,mandatory,True,"[""targets"", ""ghg_emissions"", ""materiality""]",medium,1.0,1.0
IFRS_S2_B70_C01,IFRS S2,B70,44,Metrics and Targets,Carbon credits,Carbon credits,"Paragraph 36(e) requires an entity to describe its planned use of carbon credits —which are transferable or tradeable instruments—to offset emissions to achieve any net greenhouse gas emissions targets the entity has set, or any it is required to meet by law or regulation. Any information about the planned use of carbon credits shall clearly demonstrate the extent to which these carbon credits are relied on to achieve the net greenhouse gas emissions targets.","Paragraph 36(e) requires an entity to describe its planned use of carbon credits —which are transferable or tradeable instruments—to offset emissions to achieve any net greenhouse gas emissions targets the entity has set, or any it is required to meet by law or regulation. Any information about the planned use of carbon credits shall clearly demonstrate the extent to which these carbon credits are relied on to achieve the net greenhouse gas emissions targets.",,mandatory,True,"[""targets"", ""ghg_emissions"", ""carbon_credits""]",medium,1.0,1.0
IFRS_S2_B71_C01,IFRS S2,B71,44,Metrics and Targets,Carbon credits,Carbon credits,"In accordance with paragraph 36(e), an entity is required to disclose only its planned use of carbon credits. However, as part of this disclosure, the entity might also include information about carbon credits it has already purchased that the entity is planning to use to meet its net greenhouse gas emissions target, if the information enables users of general purpose financial reports to understand the entity’s greenhouse gas emissions target.","In accordance with paragraph 36(e), an entity is required to disclose only its planned use of carbon credits. However, as part of this disclosure, the entity might also include information about carbon credits it has already purchased that the entity is planning to use to meet its net greenhouse gas emissions target, if the information enables users of general purpose financial reports to understand the entity’s greenhouse gas emissions target.",,mandatory,True,"[""targets"", ""ghg_emissions"", ""carbon_credits""]",medium,1.0,1.0
